site_id,i_ref,latitude,longitude,pop,priority_category,priority_weight,slope,dist_to_road_m,in_water
J_00000,I_00705,16.472609832575312,107.60858790234785,64499.62528562546,residential,5.2,0.0,14.313132549282564,False
J_00001,I_00270,16.46980680962281,107.61764328771164,62266.75831413269,residential,2.2,0.0,14.882824449020584,False
J_00002,I_00705,16.475703259508364,107.59005091790091,52436.14224290848,residential,5.2,0.0,13.589490442298839,False
J_00003,I_00705,16.45252667288845,107.60972139823507,48600.36414480209,residential,5.2,0.0,27.206523459642206,False
J_00004,I_00705,16.468591582880887,107.58276255464705,47927.262018203735,residential,5.2,0.0,3.787850618193969,False
J_00005,I_00705,16.473478605254293,107.58352680088903,45303.64779663086,residential,5.2,0.0,0.4367698937257205,False
J_00006,I_00705,16.45678407626593,107.58523379802978,39083.382678985596,residential,5.2,0.0,5.637872681487289,False
J_00007,I_00705,16.481135798854854,107.58897787942544,38544.27503299713,residential,5.2,0.0,5.071241500819623,False
J_00008,I_00270,16.487985002551024,107.61049328540372,37456.41184473038,residential,2.2,0.0,3.814493019062197,False
J_00009,I_00705,16.471276823200913,107.58012811693249,37051.55246067047,residential,5.2,0.0,0.18859841724349172,False
J_00010,I_00766,16.456635744400934,107.58327226072133,34168.78803730011,residential,5.2,0.0,14.549017704990021,False
J_00011,I_00705,16.474165459976323,107.57966477984655,31033.907187461853,residential,5.2,0.0,24.998349112624005,False
J_00012,I_00705,16.47652820547121,107.57952057973552,29204.839435100555,residential,5.2,0.0,11.566641923701424,False
J_00013,I_00766,16.46592536074708,107.56120262730437,26909.18659734726,residential,5.2,0.0,6.434000054814164,False
J_00014,I_00469,16.471712006822827,107.55665694987398,26854.51254749298,residential,5.2,0.0,5.0168556804197815,False
J_00015,I_00705,16.492974756892693,107.59274999704445,25963.587409973145,residential,5.2,0.0,157.52977851955663,False
J_00016,I_00469,16.46885672315719,107.53911158801473,24411.557869434357,residential,5.2,0.0,9.489886599652722,False
J_00017,I_00469,16.46009980595768,107.5570425240073,22138.06427383423,residential,5.2,0.0,6.801113005935614,False
J_00018,I_00766,16.45409334153607,107.57703492623227,19785.581073760986,residential,5.2,0.0,2.4449201037477923,False
J_00019,I_00912,16.553557282021924,107.65985309230221,19121.479918956757,residential,2.2,0.0,6.704464559909075,False
J_00020,I_00066,16.538020061114004,107.44584382197,16498.62604379654,residential,2.2,0.0,6.2977438191055635,False
J_00021,I_00557,16.564340978834924,107.6394803245361,15297.42612695694,residential,2.2,0.0,0.35287389137638675,False
J_00022,I_00912,16.525938690527706,107.69758769215643,13037.670966148376,residential,2.2,0.0,0.42596618859210184,False
J_00023,I_00066,16.51628162431237,107.46105839939754,12638.594477176666,residential,2.2,0.0,5.386480345363746,False
J_00024,I_00397,16.272560195849156,107.87400252042158,12396.800563812256,hospitals,6.0,0.0,55.916491189125274,False
J_00025,I_00321,16.568065017487378,107.59287032787856,12043.284326553345,residential,2.2,0.0,323.1888410132544,False
J_00026,I_00376,16.51170187877377,107.69684964101533,11823.277743816376,residential,2.2,0.0,1298.7399187410497,False
J_00027,I_00407,16.552904653723875,107.46573910612464,11785.528768062592,residential,2.2,0.0,6.485974268619719,False
J_00028,I_00557,16.552258215612706,107.60280108775338,11129.204123020172,residential,2.2,0.0,3.144069535439228,False
J_00029,I_01003,16.277548440490698,107.8656740242398,10969.47902059555,hospitals,6.0,0.0,100.25641928163952,False
J_00030,I_00407,16.561592130150512,107.45435585628445,10443.892164707184,residential,2.2,0.0,3.1474412070354383,False
J_00031,I_00270,16.492973102585747,107.63029797418099,10310.095643997192,residential,2.2,0.0,1.1977531599625995,False
J_00032,I_00066,16.49968751268411,107.44317965353308,10036.523579597473,residential,2.2,0.0,0.15043188969518334,False
J_00033,I_00321,16.576078658103107,107.59371881681328,9439.18028974533,residential,2.2,0.0,434.8806091445536,False
J_00034,I_00988,16.516423536886652,107.71063959752863,9234.628396511078,residential,3.7,0.0,17.765754959594513,False
J_00035,I_00726,16.5363822924705,107.54551384351761,8954.120222091675,residential,5.2,0.0,5.635289559614006,False
J_00036,I_00372,16.247844609179193,107.24789865333645,8793.652800559998,residential,2.2,0.0,86.7244894748684,False
J_00037,I_00274,16.675993732351685,107.35045463395898,8119.823686122894,residential,2.2,0.0,8.585080288845855,False
J_00038,I_01173,16.249974224659887,107.24079531551476,7647.001185894012,residential,2.2,0.0,9.78929944838205,False
J_00039,I_00689,16.450644154447158,107.72234299140996,7579.7499127388,residential,5.7,0.0,217.64883659680223,False
J_00040,I_00337,16.66274420677453,107.34637104763965,7465.675533771515,normal,1.0,0.0,43.63409406423594,False
J_00041,I_00469,16.475903894699115,107.51862759301045,7443.856803417206,residential,5.2,0.0,31.711294339397025,False
J_00042,I_00988,16.471998715697744,107.7382562685788,7348.497270107269,residential,3.7,0.0,912.141353621045,False
J_00043,I_00521,16.240449163766304,107.25557598016927,7338.984003067017,residential,2.2,0.0,61.72737086526778,False
J_00044,I_00679,16.655827264117164,107.46290831721964,7327.507527828217,residential,2.2,0.0,101.43206659305211,False
J_00045,I_00977,16.647726696070507,107.43107934797688,7275.6314878463745,residential,2.2,0.0,36.73865520086521,False
J_00046,I_00151,16.233609479373953,108.06950928908644,7237.252297401428,hospitals,6.0,0.0,951.8050253900388,False
J_00047,I_00259,16.58436429706316,107.36582253436055,6781.1673793792725,residential,3.7,0.0,31.47002852360699,False
J_00048,I_00270,16.469285094084654,107.64168473128949,6768.573749065399,residential,2.2,0.0,2.571784946908544,False
J_00049,I_00679,16.66771572766735,107.47628203734503,6669.33567905426,residential,2.2,0.0,1.340056192817735,False
J_00050,I_00337,16.652727412324854,107.32390401831869,6499.959975242615,normal,1.0,0.0,17.86345690446088,False
J_00051,I_01173,16.268908118366692,107.2307684129905,6395.269382476807,residential,2.2,0.0,8.900587920585352,False
J_00052,I_00900,16.16160967048883,107.727244242961,6381.785392284393,residential,5.2,0.0,5.543213552656,False
J_00053,I_00550,16.600427426307323,107.50993364971525,6049.305759906769,residential,2.2,0.0,20.19072158232196,False
J_00054,I_00270,16.506804446837332,107.6452117773617,6023.350018024445,residential,2.2,0.0,85.65701459223952,False
J_00055,I_00469,16.50561933814936,107.51954072694993,5810.687378406525,residential,5.2,0.0,2.8257896795199655,False
J_00056,I_01077,16.26999452084024,107.21886597088238,5735.240458488464,residential,2.2,0.0,0.746991947663148,False
J_00057,I_00988,16.4692766494348,107.70498870440318,5604.59361076355,residential,3.7,0.0,5.9504875162422755,False
J_00058,I_00274,16.66663443467454,107.36248416322007,5483.652701377869,residential,2.2,0.0,48.29679317786321,False
J_00059,I_00977,16.649164825162927,107.4094131406906,5333.732293128967,residential,2.2,0.0,2.0878165981024885,False
J_00060,I_00550,16.58369363708293,107.52114609201263,5314.793842315674,residential,2.2,0.0,1.221890572470915,False
J_00061,I_00274,16.682526745341278,107.37785928820084,5295.7757115364075,residential,2.2,0.0,3.4795941010994804,False
J_00062,I_00337,16.597908379983828,107.35265729266699,5286.1816992759705,normal,1.0,0.0,8.92093650075196,False
J_00063,I_00066,16.490470839218542,107.41960677889345,5186.7586460113525,residential,2.2,0.0,2.329224680081821,False
J_00064,I_00988,16.503995178790056,107.72867137002872,5093.687531471252,residential,3.7,0.0,30.805112740766386,False
J_00065,I_00550,16.62884345229546,107.51007329442245,5064.078856945038,residential,2.2,0.0,44.44002763188607,False
J_00066,I_00818,16.57673543017093,107.38907408750462,4824.6301193237305,residential,2.2,0.0,52.577670792598106,False
J_00067,I_00087,16.696085834458273,107.35595521765447,4777.908055782318,residential,2.2,0.0,0.3427907087741681,False
J_00068,I_01165,16.34115193066525,107.9177039488222,4316.549719333649,residential,3.7,0.0,178.71010832190504,False
J_00069,I_00407,16.59806371978573,107.49350014936009,4158.446234226227,residential,2.2,0.0,0.07388905226610133,False
J_00070,I_00564,16.27252702360816,107.97977801631814,3893.8065757751465,residential,2.2,0.0,84.69965955066172,False
J_00071,I_00178,16.296365055034762,107.98284246442132,3858.9532113075256,residential,2.2,0.0,19.498727355109125,False
J_00072,I_00887,16.429514060609186,107.63746397337707,3503.2733063697815,normal,1.0,0.0,6.934222848747346,False
J_00073,I_01003,16.287113234048114,107.836655768182,3126.0322465896606,hospitals,6.0,0.0,15.104379381727885,False
J_00074,I_00765,16.37126698329496,107.86172390856423,3064.044310092926,normal,1.0,0.0,31.40919557413429,False
J_00075,I_01017,16.407169289938594,107.7265793206545,2953.9458389282227,residential,2.2,0.0,468.5546440917911,False
J_00076,I_00898,16.430977325968527,107.65131515416573,2915.3283472061157,normal,1.0,0.0,65.92207151153808,False
J_00077,I_00679,16.671241428351472,107.4368371397085,2802.6704239845276,residential,2.2,0.0,117.41742898641266,False
J_00078,I_01008,16.418901471221698,107.82390431449525,2768.73779296875,normal,1.0,0.0,1.9196738346718307,False
J_00079,I_01165,16.330362783495712,107.9201500493698,2708.465156555176,residential,3.7,0.0,259.9786988992677,False
J_00080,I_00207,16.270995242542075,108.00408047511124,2653.458857536316,residential,2.2,0.0,1.3471747583301237,False
J_00081,I_00476,16.630346398066933,107.46047550012644,2638.1674966812134,residential,2.2,0.0,2.6307820700425206,False
J_00082,I_00738,16.58352587638535,107.33291612988246,2431.841724395752,normal,1.0,0.0,31.42883868958228,False
J_00083,I_00818,16.57983072696893,107.39942862826724,2340.1785984039307,residential,2.2,0.0,302.2772536468004,False
J_00084,I_00245,16.391744996376797,107.72057719381672,2292.1694116592407,residential,2.2,0.0,1.3544107316609326,False
J_00085,I_00153,16.31334364512426,107.99252970897747,2257.467447280884,residential,2.2,0.0,94.871863372903,False
J_00086,I_01034,16.315313632192893,108.00169049441179,2204.5906767845154,residential,2.2,0.0,348.9269882339122,False
J_00087,I_00706,16.222122006457056,108.05925335626908,2038.0915331840515,normal,1.0,0.0,488.33618502307013,False
J_00088,I_01066,16.12396357127837,107.33903925078377,2021.4136776924133,residential,4.2,0.0,88.79065078939713,False
J_00089,I_00550,16.59108372565784,107.57262975832496,1950.788908958435,residential,2.2,0.0,538.7527498277063,False
J_00090,I_00668,16.320364360316066,107.97924925778983,1902.2079935073853,residential,2.2,0.0,417.97998970022,False
J_00091,I_00085,16.302236377352106,107.2036571305241,1674.629798412323,residential,2.2,0.0,0.5568795318435378,False
J_00092,I_01138,16.513871528857674,107.60449586678726,1620.7960658073425,residential,2.2,0.0,34.20938944383987,False
J_00093,I_00421,16.457581386392178,107.76873655015095,1491.0165700912476,residential,3.7,0.0,1.8210330042726046,False
J_00094,I_00328,16.40214737577298,107.47517738868855,1446.2968888282776,normal,1.0,0.0,4.816953464940133,False
J_00095,I_00992,16.517945931793474,107.3125880263535,1370.0316247940063,residential,2.2,0.0,1.7823466111724613,False
J_00096,I_00905,16.38255663168616,107.05335290964682,1109.451988697052,residential,2.2,0.0,59.853458255376744,False
J_00097,I_00611,16.381194901752345,107.04464259039104,1055.1694421768188,residential,2.2,0.0,286.50989612706184,False
J_00098,I_00608,16.58159880548986,107.4056957449593,1038.934558391571,residential,2.2,0.0,146.00784376105116,False
J_00099,I_00381,16.499525686528926,107.36849677099899,981.7683787345886,residential,2.2,0.0,154.87813053024126,False
J_00100,I_00606,16.52012687241377,107.28912086553002,938.0480418205261,residential,2.2,0.0,218.99723056154482,False
J_00101,I_00371,16.312193705633838,108.01453799730125,929.4383354187012,industrial,2.5,0.0,5.905777588317765,False
J_00102,I_00920,16.324043905656936,107.1738845776706,923.128427028656,residential,2.2,0.0,19.462381212864372,False
J_00103,I_00371,16.305089234236963,108.03045224429621,923.0209021568298,industrial,2.5,0.0,270.27335903544673,False
J_00104,I_00337,16.591990009799183,107.32239559692866,893.4547672271729,normal,1.0,0.0,1.9218077092966241,False
J_00105,I_01116,16.066515875947562,107.37305213481258,890.8192615509033,residential,2.2,0.0,26.953976354596243,False
J_00106,I_00995,16.116831046899662,107.39761402619581,842.7238416671753,residential,2.2,0.0,189.5530803817179,False
J_00107,I_01061,16.420562537989237,107.77077603955262,802.6201882362366,normal,1.0,0.0,8.74808533959186,False
J_00108,I_00312,16.313104871909513,107.8210695237057,753.6410341262817,normal,1.0,0.0,2207.4139428013514,False
J_00109,I_00407,16.581175301659112,107.41358696021508,733.0318741798401,residential,2.2,0.0,2.4867419001418116,False
J_00110,I_00981,16.276793443771826,108.02027823515907,661.1578130722046,normal,1.0,0.0,223.20973512897234,False
J_00111,I_00516,16.332163630768733,107.95821670895637,656.6415066719055,residential,2.2,0.0,0.08935556956692864,False
J_00112,I_00337,16.610385280872897,107.31795799613136,596.5964674949646,normal,1.0,0.0,2.9729530097742067,False
J_00113,I_00752,16.26200021835512,107.92268365130921,348.54358863830566,hospitals,6.0,0.0,19.07478140816004,False
J_00114,I_00326,16.55965262312586,107.32107121339826,314.6647024154663,residential,2.2,0.0,0.020945317326104863,False
J_00115,I_00077,16.37590438596282,107.59112697184429,309.2390866279602,normal,1.0,0.0,17.62362569186401,False
J_00116,I_01142,16.266507206664276,107.7739427877599,278.46861028671265,normal,1.0,0.0,117.29742153641372,False
J_00117,I_01134,16.261399937597197,107.78015705759528,277.4612121582031,normal,1.0,0.0,114.14662535577244,False
J_00118,I_00741,16.253704749859395,107.7000520777659,266.25654315948486,normal,1.0,0.0,31.761269020691508,False
J_00119,I_01157,16.630762374736268,107.57262975832496,252.89148139953613,residential,2.2,0.0,2724.83498686824,False
J_00120,I_00799,16.726660415052137,107.40409015721129,230.58313608169556,residential,2.2,0.0,20.003030049933788,False
J_00121,I_00881,16.110984160092567,107.65095903617326,186.10096788406372,normal,1.0,0.0,107.5178640106921,False
J_00122,I_01099,16.363857499928027,107.7574401175557,156.5417037010193,normal,1.0,0.0,141.49339577498822,False
J_00123,I_00556,16.34858978471839,107.74196771410024,132.7654004096985,normal,1.0,0.0,3.772695917758584,False
J_00124,I_00129,16.372266671306342,107.67095478034058,102.48791551589966,normal,1.0,0.0,0.4348117617684575,False
J_00125,I_00118,16.329729803353143,107.41282756381294,99.7864499092102,residential,2.2,0.0,80.92853305901865,False
J_00126,I_00194,16.322025764088632,107.73949906782394,92.25036334991455,residential,3.7,0.0,1.1961081595080447,False
J_00127,I_00194,16.31544272799069,107.74393425655175,91.95888233184814,residential,3.7,0.0,30.680726492176987,False
J_00128,I_00579,16.31267269479756,107.7520635937237,86.11992740631104,residential,3.7,0.0,120.95983248736619,False
J_00129,I_00368,16.381485825660604,107.62073327471856,72.80615901947021,normal,1.0,0.0,75.22434952516706,False
J_00130,I_01164,16.370686051322647,107.62881929724692,67.20613288879395,normal,1.0,0.0,22.674699327331687,False
J_00131,I_00930,16.35345772178377,107.52700727952275,56.055601596832275,normal,1.0,0.0,70.74852289333157,False
J_00132,I_00942,16.184082297534285,107.14279662766488,5.301504135131836,residential,2.2,0.0,13.995607590236881,False
J_00133,I_00705,16.46916115230329,107.60473060157126,60988.710648059845,residential,5.2,0.0,2.463083782468114,False
J_00134,I_00705,16.46968778005104,107.6006288205976,60801.516139507294,residential,5.2,0.0,16.19212257532875,False
J_00135,I_00705,16.468759319589747,107.60059346527048,60707.731754779816,residential,5.2,0.0,11.95725942353386,False
J_00136,I_00705,16.468982583156546,107.58876043018608,56969.14888763428,residential,5.2,0.0,16.66077093377241,False
J_00137,I_00705,16.475853959931257,107.59005730370781,52207.06346178055,residential,5.2,0.0,10.799546755808759,False
J_00138,I_00705,16.456585627051968,107.60047163102985,50322.766699790955,residential,5.2,0.0,6.605239173663503,False
J_00139,I_00705,16.45624952147491,107.60222391000086,49468.6177406311,residential,5.2,0.0,2.95757601498373,False
J_00140,I_00705,16.456180533290606,107.60244129509465,49337.33782577515,residential,5.2,0.0,25.25351094919456,False
J_00141,I_00705,16.46772082217214,107.58336288517742,49330.452620983124,residential,5.2,0.0,9.91829860248302,False
J_00142,I_00705,16.467738430556324,107.58334783303945,49289.041778087616,residential,5.2,0.0,7.275276031265859,False
J_00143,I_00705,16.46771574673365,107.58336722380355,49265.28617811203,residential,5.2,0.0,10.680123057795788,False
J_00144,I_00705,16.46770839445829,107.58337350873303,49265.28617811203,residential,5.2,0.0,10.446141391405565,False
J_00145,I_00705,16.467687627095923,107.58339126125075,49210.242715358734,residential,5.2,0.0,7.3289559674281675,False
J_00146,I_00705,16.46768297290869,107.58339523977891,49210.242715358734,residential,5.2,0.0,6.630361538273815,False
J_00147,I_00705,16.467651492820906,107.58342214982736,49210.242715358734,residential,5.2,0.0,1.9051945471027913,False
J_00148,I_00705,16.467662202503185,107.58341299489567,49210.242715358734,residential,5.2,0.0,3.5127197487487765,False
J_00149,I_00705,16.467673762684953,107.58340311293298,49210.242715358734,residential,5.2,0.0,5.247905174416808,False
J_00150,I_00705,16.467645229085853,107.58342750424056,49210.242715358734,residential,5.2,0.0,0.9650068492152827,False
J_00151,I_00705,16.467644368502736,107.58342823989068,49210.242715358734,residential,5.2,0.0,0.8358331803434431,False
J_00152,I_00705,16.467734848521438,107.5833508950629,49201.387313365936,residential,5.2,0.0,7.812940322349206,False
J_00153,I_00705,16.46772753881608,107.583357143603,49201.387313365936,residential,5.2,0.0,8.910128810556369,False
J_00154,I_00705,16.46770485565192,107.58337653380306,49193.170001506805,residential,5.2,0.0,9.914965793391596,False
J_00155,I_00705,16.467781472352407,107.58331103970585,49184.22806882858,residential,5.2,0.0,0.8146913981386628,False
J_00156,I_00705,16.467770626308884,107.5833203112086,49184.22806882858,residential,5.2,0.0,2.4426854477280946,False
J_00157,I_00705,16.4677621653208,107.58332754389859,49148.2022395134,residential,5.2,0.0,3.7126819719291078,False
J_00158,I_00705,16.467746632287575,107.58334082197034,49148.2022395134,residential,5.2,0.0,6.04419417623054,False
J_00159,I_00705,16.45296126810492,107.60504546589256,48047.18194389343,residential,5.2,0.0,26.551087007664137,False
J_00160,I_00705,16.468721082414007,107.58272171780068,47917.431381225586,residential,5.2,0.0,5.529206768415332,False
J_00161,I_00705,16.468707999087076,107.58273247022093,47917.431381225586,residential,5.2,0.0,4.537325213465668,False
J_00162,I_00705,16.46870224449028,107.58273719958682,47917.431381225586,residential,5.2,0.0,3.6867957259151076,False
J_00163,I_00705,16.468694178325737,107.58274382869453,47892.47448158264,residential,5.2,0.0,2.4946165338783346,False
J_00164,I_00705,16.468691843942846,107.5827457471869,47892.47448158264,residential,5.2,0.0,2.149594732042023,False
J_00165,I_00705,16.468738646300125,107.58270728307009,47800.030327796936,residential,5.2,0.0,7.249496464654029,False
J_00166,I_00705,16.468529713847442,107.58271612832543,47672.774072647095,residential,5.2,0.0,6.358657637323328,False
J_00167,I_00705,16.453988043702168,107.6192000267633,46686.84300708771,residential,5.2,0.0,20.602494288482784,False
J_00168,I_00705,16.459777780331844,107.58635960454758,46067.81883811951,residential,5.2,0.0,3.0629235295591806,False
J_00169,I_00705,16.459755352727754,107.58637781465814,46067.81883811951,residential,5.2,0.0,2.008545585893412,False
J_00170,I_00705,16.459784866012228,107.58635385132348,46049.862033843994,residential,5.2,0.0,2.0205007485918127,False
J_00171,I_00705,16.459787009284057,107.58635211109208,46031.721004486084,residential,5.2,0.0,1.7051894004443342,False
J_00172,I_00705,16.45560034557687,107.59297612193951,45394.13117647171,residential,5.2,0.0,6.975347251488434,False
J_00173,I_00705,16.476394903326536,107.58608139976268,44788.477757930756,residential,5.2,0.0,41.43688306039405,False
J_00174,I_00705,16.476293627570396,107.58616160930784,44589.790622234344,residential,5.2,0.0,31.98441872176289,False
J_00175,I_00705,16.455090397830975,107.59221168569101,44090.82569026947,residential,5.2,0.0,3.6257012884434507,False
J_00176,I_00705,16.454971786376067,107.59220243794552,43940.91656589508,residential,5.2,0.0,10.218206848890825,False
J_00177,I_00645,16.44659996849574,107.61647499265955,40970.22141313553,normal,1.0,0.0,6.397131236434789,False
J_00178,I_00705,16.465065474574967,107.58122106209424,39624.30849647522,residential,5.2,0.0,5.617492200837646,False
J_00179,I_00705,16.456773321537522,107.58523556939632,38925.4609413147,residential,5.2,0.0,4.374043699672454,False
J_00180,I_00705,16.45672123796331,107.58524594249513,38803.41924715042,residential,5.2,0.0,1.7885828949107017,False
J_00181,I_00705,16.45672175849676,107.5851619065998,38753.69812440872,residential,5.2,0.0,9.037204118736836,False
J_00182,I_00705,16.464903101659342,107.58108594955392,38414.72520637512,residential,5.2,0.0,9.26792785380394,False
J_00183,I_00705,16.450560989404003,107.59118358313833,37946.00272035599,residential,5.2,0.0,17.161164862416253,False
J_00184,I_00705,16.48181630579137,107.58704435980867,36570.92805194855,residential,5.2,0.0,27.4051433449474,False
J_00185,I_00705,16.483072241083207,107.58951760939152,36331.67613077164,residential,5.2,0.0,5.868983199630387,False
J_00186,I_00705,16.483064633236044,107.5893216774033,36281.65898323059,residential,5.2,0.0,18.878582605456458,False
J_00187,I_00705,16.483044813399562,107.58931404004332,36281.65898323059,residential,5.2,0.0,19.002556158011874,False
J_00188,I_00705,16.483024727875378,107.58930630030424,36261.52902984619,residential,5.2,0.0,16.637048655631396,False
J_00189,I_00705,16.48315218292294,107.58935541373917,36091.02305793762,residential,5.2,0.0,17.563950545727643,False
J_00190,I_00705,16.483183190005654,107.58936736199065,36091.02305793762,residential,5.2,0.0,13.726451051883192,False
J_00191,I_00705,16.483142954811225,107.58935185778425,36091.02305793762,residential,5.2,0.0,18.70604026409641,False
J_00192,I_00705,16.483160121180006,107.5893584726624,36091.02305793762,residential,5.2,0.0,16.581495797075682,False
J_00193,I_00705,16.483126664360398,107.58934558043232,36091.02305793762,residential,5.2,0.0,20.481016017603498,False
J_00194,I_00705,16.483086115437697,107.58932995533864,36091.02305793762,residential,5.2,0.0,19.102379213900907,False
J_00195,I_00705,16.483146926985505,107.58935338841943,36091.02305793762,residential,5.2,0.0,18.214435969907484,False
J_00196,I_00705,16.48310518877139,107.58933730504336,36091.02305793762,residential,5.2,0.0,19.603467520187472,False
J_00197,I_00705,16.48319255812037,107.58937097189498,36091.02305793762,residential,5.2,0.0,12.567034038327122,False
J_00198,I_00705,16.480976384968407,107.5852678088843,35847.94294786453,residential,5.2,0.0,4.423224831004263,False
J_00199,I_00645,16.441713581541855,107.60860660303037,35842.395520210266,normal,1.0,0.0,3.10163457321144,False
J_00200,I_00705,16.48376151453711,107.58984826044129,35542.627073287964,residential,5.2,0.0,0.5578981290380672,False
J_00201,I_00705,16.48376405130903,107.58984339859758,35542.627073287964,residential,5.2,0.0,0.21520003064194124,False
J_00202,I_00705,16.491703037214815,107.60301096863995,34518.20791864395,residential,5.2,0.0,22.93245742529166,False
J_00203,I_00645,16.440270049219386,107.60705193379422,34002.416024684906,normal,1.0,0.0,0.529229063338566,False
J_00204,I_00645,16.439905684978946,107.60645387044462,33886.94605255127,normal,1.0,0.0,34.9549398857352,False
J_00205,I_00705,16.484326234200577,107.58697508716583,33263.5557847023,residential,5.2,0.0,20.003980682892035,False
J_00206,I_00705,16.484978957647602,107.58698521774579,33077.43836450577,residential,5.2,0.0,3.998202919646492,False
J_00207,I_00705,16.49328066764703,107.60589684631756,32980.835119724274,residential,5.2,0.0,0.3710718435785027,False
J_00208,I_00270,16.493496973186836,107.61295466094253,32237.001910686493,residential,2.2,0.0,4.962123187708031,False
J_00209,I_00270,16.493423464550936,107.61417418932197,31744.564925193787,residential,2.2,0.0,0.04428136007663938,False
J_00210,I_00705,16.492730949214973,107.59965028752002,31229.575860977173,residential,5.2,0.0,9.123674932280682,False
J_00211,I_00270,16.495987439075936,107.60968788540833,29735.29397726059,residential,2.2,0.0,36.05582615574536,False
J_00212,I_00705,16.479884563613968,107.57988938539383,28963.709885120392,residential,5.2,0.0,17.21451856100178,False
J_00213,I_00705,16.4784576451434,107.57958294922032,28767.39089536667,residential,5.2,0.0,2.8533632672230103,False
J_00214,I_00705,16.478428005372095,107.57953569519515,28710.754680156708,residential,5.2,0.0,9.139050864385146,False
J_00215,I_00705,16.4800961470425,107.57992958277573,28706.671753406525,residential,5.2,0.0,17.098737682186876,False
J_00216,I_00705,16.485809565190806,107.58304416562486,28598.850130558014,residential,5.2,0.0,1.9285430577748963,False
J_00217,I_00705,16.478410471127575,107.57950774074429,28555.151297092438,residential,5.2,0.0,12.857526580937979,False
J_00218,I_00705,16.478405511178128,107.57949983320913,28555.151297092438,residential,5.2,0.0,13.909379740125564,False
J_00219,I_00705,16.478419785677563,107.57952259072111,28555.151297092438,residential,5.2,0.0,10.882196123877138,False
J_00220,I_00705,16.478400666624857,107.57949210964767,28555.151297092438,residential,5.2,0.0,13.968288150902884,False
J_00221,I_00705,16.47834156886355,107.5793978914421,28460.62389612198,residential,5.2,0.0,1.4354678455227032,False
J_00222,I_00705,16.47833867622902,107.57939327978194,28460.62389612198,residential,5.2,0.0,0.8220289915674736,False
J_00223,I_00705,16.478388678378934,107.5794729970598,28428.90267419815,residential,5.2,0.0,11.425949036018705,False
J_00224,I_00705,16.47836074405158,107.57942846200149,28390.372698307037,residential,5.2,0.0,5.501935946506372,False
J_00225,I_00705,16.47836913510561,107.57944183966606,28390.372698307037,residential,5.2,0.0,7.281420761033908,False
J_00226,I_00705,16.478379516967887,107.57945839123128,28390.372698307037,residential,5.2,0.0,9.483094965983122,False
J_00227,I_00705,16.478348510367777,107.57940895812162,28390.372698307037,residential,5.2,0.0,2.90754752402027,False
J_00228,I_00705,16.47837542818779,107.57945187258272,28390.372698307037,residential,5.2,0.0,8.615990242740693,False
J_00229,I_00705,16.47837263432553,107.57944741839212,28390.372698307037,residential,5.2,0.0,8.023497847480309,False
J_00230,I_00705,16.493577741194144,107.59806775352003,28385.289453029633,residential,5.2,0.0,14.932416713988141,False
J_00231,I_00705,16.4862468192633,107.58346587915933,28353.14657831192,residential,5.2,0.0,4.5538942998048135,False
J_00232,I_00705,16.48624849183297,107.5834639247307,28353.14657831192,residential,5.2,0.0,4.569395322828081,False
J_00233,I_00270,16.485070871570542,107.6252329602267,27555.120958328247,residential,2.2,0.0,8.858104677271772,False
J_00234,I_00766,16.465869505606044,107.56120944687477,26867.384056568146,residential,5.2,0.0,0.9351960227182782,False
J_00235,I_00469,16.46972585825344,107.55930912178351,26652.03515291214,residential,5.2,0.0,10.990230304188733,False
J_00236,I_00469,16.469914944537244,107.55953783997272,26511.921448230743,residential,5.2,0.0,3.487639236637655,False
J_00237,I_00469,16.470204702817764,107.55907645038891,26488.497313976288,residential,5.2,0.0,0.8957362213730986,False
J_00238,I_00469,16.46983974223961,107.55948089809333,26487.29192018509,residential,5.2,0.0,10.024610923654034,False
J_00239,I_00705,16.483471811427794,107.57918132196177,26361.16076517105,residential,5.2,0.0,20.253956599479483,False
J_00240,I_00705,16.48346685802802,107.57917338734875,26361.16076517105,residential,5.2,0.0,21.30792679477047,False
J_00241,I_00705,16.483446192621255,107.57914028442906,26227.701994419098,residential,5.2,0.0,20.25480550497157,False
J_00242,I_00705,16.48341774981725,107.57909472327717,26135.513769626617,residential,5.2,0.0,14.202828422372376,False
J_00243,I_00705,16.483441424942225,107.5791326473142,26135.513769626617,residential,5.2,0.0,19.24035257314462,False
J_00244,I_00705,16.48341379118459,107.57908838213551,26135.513769626617,residential,5.2,0.0,13.360522150027306,False
J_00245,I_00705,16.48342512095726,107.57910653074916,26135.513769626617,residential,5.2,0.0,15.771238063798567,False
J_00246,I_00705,16.483406834429637,107.57907723844752,26081.77458047867,residential,5.2,0.0,11.880284238232047,False
J_00247,I_00705,16.48339680343284,107.57906117028148,26081.77458047867,residential,5.2,0.0,9.745918257728594,False
J_00248,I_00705,16.48338826577707,107.57904749422647,26081.77458047867,residential,5.2,0.0,7.929301073348627,False
J_00249,I_00705,16.483393591543173,107.57905602531177,26081.77458047867,residential,5.2,0.0,9.062501849527205,False
J_00250,I_00705,16.483400776800153,107.57906753502529,26081.77458047867,residential,5.2,0.0,10.591359649606018,False
J_00251,I_00705,16.487444005562285,107.58055918194516,25948.562154769897,residential,5.2,0.0,8.921634068442142,False
J_00252,I_00270,16.486923600153723,107.62458434425004,25831.916004657745,residential,2.2,0.0,6.309293639582209,False
J_00253,I_00705,16.48360659773622,107.57862753650095,25709.107169628143,residential,5.2,0.0,7.604560226009,False
J_00254,I_00469,16.471869704584112,107.5595644595856,25681.114689350128,residential,5.2,0.0,10.174345952021607,False
J_00255,I_00469,16.47189193841454,107.55954276910963,25681.114689350128,residential,5.2,0.0,13.708697999287708,False
J_00256,I_00469,16.471895942702623,107.55953886267882,25681.114689350128,residential,5.2,0.0,14.345230905710295,False
J_00257,I_00469,16.47186567463255,107.55956839105221,25681.114689350128,residential,5.2,0.0,9.533733590640406,False
J_00258,I_00469,16.47185265464096,107.55958109285743,25681.114689350128,residential,5.2,0.0,7.464039439040797,False
J_00259,I_00469,16.47194067956026,107.55949521910031,25670.482673168182,residential,5.2,0.0,21.45672865429684,False
J_00260,I_00469,16.471942145280554,107.55949378919912,25670.482673168182,residential,5.2,0.0,21.689723734896276,False
J_00261,I_00469,16.471946883836754,107.55948916644313,25670.482673168182,residential,5.2,0.0,22.442978165848725,False
J_00262,I_00469,16.47195708787775,107.5594792117667,25661.580502986908,residential,5.2,0.0,24.06504174107383,False
J_00263,I_00469,16.471993720048978,107.55944347480178,25661.580502986908,residential,5.2,0.0,27.354339757143947,False
J_00264,I_00469,16.472005624593976,107.55943186117511,25655.86391019821,residential,5.2,0.0,25.46195873282269,False
J_00265,I_00469,16.47419741334365,107.55766987012753,25642.535361766815,residential,5.2,0.0,7.257833494218101,False
J_00266,I_00705,16.483738173998976,107.57858088221488,25639.497748851776,residential,5.2,0.0,8.741735677149359,False
J_00267,I_00705,16.487883651213867,107.58064804102831,25635.467824935913,residential,5.2,0.0,6.749277667791065,False
J_00268,I_00705,16.487869349188003,107.58065487633968,25635.467824935913,residential,5.2,0.0,4.922860707346507,False
J_00269,I_00705,16.487887916242208,107.58064600265988,25635.467824935913,residential,5.2,0.0,7.293936204152535,False
J_00270,I_00705,16.487986639067366,107.58059882043085,25628.757215499878,residential,5.2,0.0,11.628797703889907,False
J_00271,I_00705,16.4879772605554,107.58060330266888,25628.757215499878,residential,5.2,0.0,12.826465978042672,False
J_00272,I_00705,16.487946067384268,107.58061821070586,25603.077724456787,residential,5.2,0.0,14.72003481097858,False
J_00273,I_00705,16.48791799092665,107.58063162918145,25603.077724456787,residential,5.2,0.0,11.134575409737801,False
J_00274,I_00705,16.487927856769055,107.5806269140368,25603.077724456787,residential,5.2,0.0,12.394477075238711,False
J_00275,I_00705,16.487936050411417,107.58062299808017,25603.077724456787,residential,5.2,0.0,13.440833151851528,False
J_00276,I_00469,16.474287685674632,107.55778385209179,25594.651458263397,residential,5.2,0.0,22.774656036558273,False
J_00277,I_00469,16.474248450919795,107.55773431249352,25594.651458263397,residential,5.2,0.0,16.561807550336358,False
J_00278,I_00469,16.4742633840679,107.55775316776902,25594.651458263397,residential,5.2,0.0,19.284069395220865,False
J_00279,I_00705,16.48799575120571,107.58059446549957,25575.01802635193,residential,5.2,0.0,10.465146202000096,False
J_00280,I_00705,16.488011123973973,107.58058711844768,25575.01802635193,residential,5.2,0.0,8.501990537635288,False
J_00281,I_00705,16.48789376309802,107.5806432082947,25565.624601364136,residential,5.2,0.0,8.040599475491979,False
J_00282,I_00705,16.48789655596959,107.58064187350838,25565.624601364136,residential,5.2,0.0,8.397258633319705,False
J_00283,I_00705,16.487908515653494,107.5806361576626,25538.482137680054,residential,5.2,0.0,9.924550826469222,False
J_00284,I_00705,16.488076076102836,107.58055607610362,25503.168867111206,residential,5.2,0.0,0.2073773610618814,False
J_00285,I_00705,16.488027649297766,107.58057922055839,25503.168867111206,residential,5.2,0.0,6.391649371469305,False
J_00286,I_00705,16.48803524058204,107.58057559248265,25503.168867111206,residential,5.2,0.0,5.422215980183943,False
J_00287,I_00705,16.490111691236763,107.58161657134926,25191.84715127945,residential,5.2,0.0,0.23404893537415808,False
J_00288,I_00766,16.471617036675045,107.56249298286804,23891.13393306732,residential,5.2,0.0,22.405080500075254,False
J_00289,I_00469,16.47851620515511,107.55710042035405,23345.719005584717,residential,5.2,0.0,2.006588345311028,False
J_00290,I_00469,16.47345442564969,107.56224714617962,23153.4774851799,residential,5.2,0.0,1.1316861033012067,False
J_00291,I_00469,16.47345582767541,107.56224932873135,23153.4774851799,residential,5.2,0.0,1.42412168801477,False
J_00292,I_00469,16.473472198505902,107.56227481341826,23153.4774851799,residential,5.2,0.0,4.838762070200953,False
J_00293,I_00766,16.467510562503715,107.56492733341175,22769.81511449814,residential,5.2,0.0,15.688286304991285,False
J_00294,I_00766,16.46750870390858,107.56492355927597,22769.81511449814,residential,5.2,0.0,16.160578989689498,False
J_00295,I_00766,16.467526555805016,107.56495981003458,22763.41760826111,residential,5.2,0.0,11.624184661113514,False
J_00296,I_00766,16.46754361143547,107.56499444386749,22763.41760826111,residential,5.2,0.0,7.290131275559453,False
J_00297,I_00705,16.47439913974559,107.57670244772684,22659.41409444809,residential,5.2,0.0,43.383951969854714,False
J_00298,I_00705,16.47446380680831,107.57679405213699,22611.308217525482,residential,5.2,0.0,30.721429916834428,False
J_00299,I_00469,16.469607738565156,107.53715283336739,22267.0636510849,residential,5.2,0.0,23.38861851339086,False
J_00300,I_00766,16.47508740077954,107.57614987361683,21995.229730129242,residential,5.2,0.0,14.130076374511564,False
J_00301,I_00766,16.47240237489466,107.57650427032904,21493.789342403412,residential,5.2,0.0,34.349188404729496,False
J_00302,I_00766,16.47125539584172,107.5654636782692,21118.01139163971,residential,5.2,0.0,21.70490957467672,False
J_00303,I_00766,16.4713385492095,107.56592395576449,20801.657995224,residential,5.2,0.0,0.6854441543990918,False
J_00304,I_00469,16.458944107323777,107.55792046449058,20696.512978076935,residential,5.2,0.0,17.86653776012487,False
J_00305,I_00766,16.472044987069925,107.5658185617325,20592.83243083954,residential,5.2,0.0,8.008401656311568,False
J_00306,I_00766,16.472001163201806,107.56585055880385,20584.28046321869,residential,5.2,0.0,14.218644989578237,False
J_00307,I_00766,16.47202415591405,107.56583377116173,20584.28046321869,residential,5.2,0.0,10.96036733617224,False
J_00308,I_00766,16.471962296823232,107.56587893626289,20575.103651046753,residential,5.2,0.0,19.726365491424072,False
J_00309,I_00766,16.471950667840915,107.5658874269157,20575.103651046753,residential,5.2,0.0,21.37429818582295,False
J_00310,I_00766,16.471940993658315,107.56589449031291,20549.448806762695,residential,5.2,0.0,22.745217884759736,False
J_00311,I_00766,16.47192974832643,107.56590270085066,20549.448806762695,residential,5.2,0.0,24.338783645990578,False
J_00312,I_00469,16.481659511402974,107.55785274307841,20524.027606487274,residential,5.2,0.0,25.044599957929282,False
J_00313,I_00766,16.480230974024266,107.57322622250864,20104.226189613342,residential,5.2,0.0,1.3059509801430562,False
J_00314,I_00469,16.45762401230095,107.554104309664,20075.836396217346,residential,5.2,0.0,7.116506275755412,False
J_00315,I_00766,16.474296744575014,107.56566093968941,19954.059803962708,residential,5.2,0.0,18.403948214671914,False
J_00316,I_00766,16.47427475595966,107.56567700387586,19954.059803962708,residential,5.2,0.0,15.287318576165635,False
J_00317,I_00766,16.47972363200717,107.57278135444801,19671.43719291687,residential,5.2,0.0,5.050212737348208,False
J_00318,I_00766,16.468574411044756,107.56824059507484,19644.593483924866,residential,5.2,0.0,10.79858204835719,False
J_00319,I_00469,16.463605286083965,107.53613990018933,19553.93770122528,residential,5.2,0.0,36.457840149087495,False
J_00320,I_00469,16.48743228256075,107.5503353179813,19212.185665607452,residential,5.2,0.0,4.918840648443519,False
J_00321,I_00766,16.454210088040647,107.57687699067309,19203.6961479187,residential,5.2,0.0,2.9181219691391806,False
J_00322,I_00766,16.454271626814727,107.57688113774753,19195.32483100891,residential,5.2,0.0,4.940282012270158,False
J_00323,I_00766,16.454279037241342,107.57688163713344,19195.32483100891,residential,5.2,0.0,4.078335968919337,False
J_00324,I_00705,16.49153176606074,107.57292014612308,19165.94546842575,residential,5.2,0.0,17.79137841555045,False
J_00325,I_00766,16.47387542941375,107.56784982594486,19026.640162944794,residential,5.2,0.0,11.3374871538018,False
J_00326,I_00912,16.553664235516912,107.66075230068593,19010.26239824295,residential,2.2,0.0,52.39772652299277,False
J_00327,I_00766,16.454171964573753,107.5768155298434,19001.856475830078,residential,5.2,0.0,6.823454325662783,False
J_00328,I_00912,16.55611209010445,107.65892619586553,19001.38348388672,residential,2.2,0.0,11.52895157182282,False
J_00329,I_00912,16.551396887885282,107.65544301345187,18968.025802612305,residential,2.2,0.0,218.4647079322705,False
J_00330,I_00766,16.473016459040867,107.5684615977499,18919.840780735016,residential,5.2,0.0,7.757895042676434,False
J_00331,I_00766,16.481642466545818,107.57170860494344,18876.95928621292,residential,5.2,0.0,18.168811928566114,False
J_00332,I_00766,16.481717423357953,107.57166029504191,18876.95928621292,residential,5.2,0.0,7.939406957177392,False
J_00333,I_00912,16.556508555511833,107.65798272610084,18875.034706115723,residential,2.2,0.0,0.560285407593303,False
J_00334,I_00705,16.500124274855164,107.59445441150952,18858.865958213806,residential,5.2,0.0,19.938929907232726,False
J_00335,I_00766,16.481561344208174,107.57176088852447,18850.74036836624,residential,5.2,0.0,12.220146100787842,False
J_00336,I_00766,16.481580228231703,107.57174871771869,18850.74036836624,residential,5.2,0.0,14.797259636829374,False
J_00337,I_00766,16.473021944331958,107.56846947767015,18842.199095249176,residential,5.2,0.0,8.84183180058959,False
J_00338,I_00912,16.552736532435347,107.66220495405571,18727.0167593956,residential,2.2,0.0,4.1439548256958,False
J_00339,I_00766,16.474403140644604,107.5682622601241,18632.767848968506,residential,5.2,0.0,22.367214948621598,False
J_00340,I_00766,16.479138854854217,107.57194789540054,18631.132786750793,residential,5.2,0.0,38.16638064624111,False
J_00341,I_00469,16.481153185446527,107.5605790522952,18597.061665534973,residential,5.2,0.0,15.128474756179708,False
J_00342,I_00766,16.47541349340351,107.568140197932,18461.078438282013,residential,5.2,0.0,7.691787884627433,False
J_00343,I_00705,16.495567782513447,107.57591581746189,18350.877243995667,residential,5.2,0.0,2.0716710551056834,False
J_00344,I_00705,16.495558732411258,107.57547821669189,18196.73654317856,residential,5.2,0.0,2.4525065340062504,False
J_00345,I_00766,16.48069286096999,107.56600376154313,17903.16929578781,residential,5.2,0.0,3.1608118804821017,False
J_00346,I_00766,16.480683229105402,107.56598845629324,17903.16929578781,residential,5.2,0.0,5.198729337016609,False
J_00347,I_00766,16.48068412542293,107.56604008984972,17875.14312505722,residential,5.2,0.0,3.085069985227705,False
J_00348,I_00705,16.49387502337139,107.57176582530286,17753.41445207596,residential,5.2,0.0,27.932245169422497,False
J_00349,I_00705,16.493862927008898,107.57177403194318,17753.41445207596,residential,5.2,0.0,29.60759237657098,False
J_00350,I_00726,16.49661398124078,107.56597273240794,17605.13113117218,residential,5.2,0.0,19.70993218272181,False
J_00351,I_00618,16.492512503568435,107.57068235852154,17447.903998851776,residential,5.2,0.0,63.462212791688145,False
J_00352,I_00217,16.48947248506115,107.57040372786612,17359.82346391678,residential,5.2,0.0,19.686951365819628,False
J_00353,I_00705,16.4950334307786,107.57185969957992,17357.333604335785,residential,5.2,0.0,34.38139231891801,False
J_00354,I_00217,16.48930747721819,107.57016299340357,17287.69245004654,residential,5.2,0.0,49.684410628273405,False
J_00355,I_00705,16.495030020703815,107.57193394547963,17285.083825588226,residential,5.2,0.0,42.65588464321449,False
J_00356,I_01050,16.495116399520942,107.57132603500175,17247.114615917206,residential,5.2,0.0,8.943356245536538,False
J_00357,I_01050,16.495069976202714,107.5714966446895,17247.114615917206,residential,5.2,0.0,5.792867211566048,False
J_00358,I_01050,16.495112724184608,107.57134287122382,17247.114615917206,residential,5.2,0.0,10.865515286094297,False
J_00359,I_01050,16.495104761443983,107.57137934746791,17247.114615917206,residential,5.2,0.0,7.929261796496956,False
J_00360,I_01050,16.49509429063563,107.57142731283076,17247.114615917206,residential,5.2,0.0,2.4531487198416486,False
J_00361,I_01050,16.49507309869533,107.571489031755,17247.114615917206,residential,5.2,0.0,4.87111980094559,False
J_00362,I_01050,16.49506170777283,107.57151680390872,17247.114615917206,residential,5.2,0.0,4.1645581060639865,False
J_00363,I_01050,16.495102301900165,107.5713906143071,17247.114615917206,residential,5.2,0.0,6.642948470131601,False
J_00364,I_00912,16.55263687230633,107.64690600680524,17227.40190935135,residential,2.2,0.0,146.4874206550031,False
J_00365,I_00618,16.49238613217152,107.57030224851702,17160.983318805695,residential,5.2,0.0,64.24766477908331,False
J_00366,I_00766,16.473036519200093,107.57046394726075,17080.612429618835,residential,5.2,0.0,0.7394314000028599,False
J_00367,I_00766,16.473076226969667,107.57043328729938,17080.612429618835,residential,5.2,0.0,6.474931970567566,False
J_00368,I_00766,16.47308693913032,107.57042501600948,17080.612429618835,residential,5.2,0.0,7.6353731435115595,False
J_00369,I_00766,16.473094956416368,107.57041882554027,17080.612429618835,residential,5.2,0.0,6.477333861797829,False
J_00370,I_00766,16.473045642221845,107.57045690301034,17080.612429618835,residential,5.2,0.0,2.057185908245835,False
J_00371,I_00766,16.473054899583314,107.5704497550305,17080.612429618835,residential,5.2,0.0,3.3943448789088233,False
J_00372,I_00766,16.47306586305984,107.57044128969042,17080.612429618835,residential,5.2,0.0,4.977939924398993,False
J_00373,I_00766,16.473063050839954,107.57044346111826,17080.612429618835,residential,5.2,0.0,4.571735052923513,False
J_00374,I_00726,16.496213476869972,107.56934683120602,16870.962792873383,residential,5.2,0.0,16.825937416589955,False
J_00375,I_00766,16.488451440935165,107.56886433565563,16831.16611814499,residential,5.2,0.0,0.6854937813302497,False
J_00376,I_00766,16.488463156635344,107.56884941488585,16831.16611814499,residential,5.2,0.0,2.8322938669781137,False
J_00377,I_00469,16.487228279844857,107.55676142971814,16820.229227542877,residential,5.2,0.0,17.976229824647955,False
J_00378,I_00766,16.487267785637023,107.56917009547493,16676.027156352997,residential,5.2,0.0,14.989377668857168,False
J_00379,I_00469,16.451062695474416,107.52998126585923,16583.067322731018,residential,5.2,0.0,0.8734507772257539,False
J_00380,I_00726,16.500182098667835,107.56866577329161,16534.074906349182,residential,5.2,0.0,17.256206695162778,False
J_00381,I_00766,16.472849677764803,107.5733163944762,16309.321288585663,residential,5.2,0.0,6.422073813507301,False
J_00382,I_00726,16.49754319098544,107.5639798411403,16234.771233558655,residential,5.2,0.0,15.440015705796354,False
J_00383,I_00912,16.540408235220696,107.64217874555584,16227.25867319107,residential,2.2,0.0,58.08065426254321,False
J_00384,I_00726,16.497475621351228,107.56384861209166,16103.677045345306,residential,5.2,0.0,9.133104994615286,False
J_00385,I_00726,16.497437893620575,107.563851987376,16103.677045345306,residential,5.2,0.0,13.529343348424236,False
J_00386,I_00469,16.48633794728243,107.56089616500162,15763.010570526123,residential,5.2,0.0,15.557446601892183,False
J_00387,I_00766,16.4766768203218,107.57045906309915,15555.571590900421,residential,5.2,0.0,33.02393729460121,False
J_00388,I_00766,16.476686074948585,107.57045158941811,15555.571590900421,residential,5.2,0.0,34.38274914755015,False
J_00389,I_00766,16.47658347446391,107.57053444560775,15505.507282733917,residential,5.2,0.0,19.318422471017204,False
J_00390,I_00766,16.476538555977527,107.57057072002905,15505.507282733917,residential,5.2,0.0,12.723263615822791,False
J_00391,I_00766,16.476592970786026,107.57052677674652,15505.507282733917,residential,5.2,0.0,20.712720605183165,False
J_00392,I_00766,16.47656191890871,107.5705518530362,15505.507282733917,residential,5.2,0.0,16.153526883529032,False
J_00393,I_00469,16.493382732380375,107.55610290347003,15411.907176494598,residential,5.2,0.0,18.5234788500764,False
J_00394,I_00066,16.543895617328076,107.45142582377805,15183.313999652863,residential,2.2,0.0,4.790965117685601,False
J_00395,I_00469,16.497260981990948,107.56052827992775,15078.449436664581,residential,5.2,0.0,22.197488855203186,False
J_00396,I_00766,16.456810325721047,107.57392322035707,14849.197317123413,residential,5.2,0.0,17.23458385740055,False
J_00397,I_00912,16.54853797453413,107.63499636944243,14606.169627189636,residential,2.2,0.0,1.79918157850189,False
J_00398,I_00912,16.548304046483597,107.63503305671846,14606.169627189636,residential,2.2,0.0,2.011352738735862,False
J_00399,I_00726,16.50521575746302,107.56344882153545,13674.673028945923,residential,5.2,0.0,179.38341607861364,False
J_00400,I_00766,16.46816994076355,107.57352287769626,12735.97643327713,residential,5.2,0.0,18.286241358261513,False
J_00401,I_00766,16.468007666304782,107.57422028036054,12451.151553630829,residential,5.2,0.0,25.25753069416235,False
J_00402,I_00397,16.27260283909161,107.873926132562,12396.800563812256,hospitals,6.0,0.0,65.46266449087865,False
J_00403,I_00766,16.467949214822486,107.57369689441776,12344.508223056793,residential,5.2,0.0,2.082433629313818,False
J_00404,I_00766,16.46799537810144,107.57372513682871,12344.508223056793,residential,5.2,0.0,3.1387667340770826,False
J_00405,I_00916,16.277712970362785,107.87524644440737,12271.12843799591,hospitals,6.0,0.0,127.28548064305147,False
J_00406,I_00916,16.277853214123173,107.87571049515019,12265.058814048767,hospitals,6.0,0.0,158.0064654570859,False
J_00407,I_00068,16.278568598592024,107.87596976920786,12234.53714799881,hospitals,6.0,0.0,245.81156682309341,False
J_00408,I_00916,16.27687231203112,107.88214018969008,12173.857439517975,hospitals,6.0,0.0,3.8914219490821513,False
J_00409,I_00068,16.27764439323788,107.87355153074049,12149.452865123749,hospitals,6.0,0.0,90.49679812154363,False
J_00410,I_00068,16.277460476497758,107.87307792491264,12128.430062770844,hospitals,6.0,0.0,55.95312175936589,False
J_00411,I_00778,16.270683279617252,107.86895650906472,12121.707757472992,hospitals,6.0,0.0,23.71324180591262,False
J_00412,I_00778,16.270643434285375,107.86885137890033,12121.707757472992,hospitals,6.0,0.0,34.27930003136823,False
J_00413,I_00778,16.270693580984886,107.8689250823884,12121.707757472992,hospitals,6.0,0.0,27.409977343179115,False
J_00414,I_00778,16.270667907362427,107.86900340563824,12121.707757472992,hospitals,6.0,0.0,18.196774577843108,False
J_00415,I_00778,16.270688697522207,107.86893998050762,12121.707757472992,hospitals,6.0,0.0,25.657504183196906,False
J_00416,I_00778,16.27066089864227,107.86902478733823,12111.082459926605,hospitals,6.0,0.0,15.681634593208733,False
J_00417,I_00661,16.27385546371074,107.86945593329189,12086.961060523987,hospitals,6.0,0.0,23.422565155826963,False
J_00418,I_00916,16.276626642429587,107.88255861127962,12080.322461605072,hospitals,6.0,0.0,12.223308369259522,False
J_00419,I_00752,16.266458894379,107.8701333998411,12076.730245113373,hospitals,6.0,0.0,1.919756065924776,False
J_00420,I_00752,16.266470559390598,107.87012085893016,12076.730245113373,hospitals,6.0,0.0,0.024253613649581264,False
J_00421,I_00171,16.27428037328719,107.86954426186975,12065.684983253479,hospitals,6.0,0.0,65.68504934172991,False
J_00422,I_00068,16.279744623894953,107.87548970954684,12046.729370117188,hospitals,6.0,0.0,359.614623823391,False
J_00423,I_00171,16.27453859117568,107.86959628861474,12016.476595401764,hospitals,6.0,0.0,95.16245353323819,False
J_00424,I_00171,16.27451178769203,107.86959154487879,12016.476595401764,hospitals,6.0,0.0,92.1010496835737,False
J_00425,I_00068,16.2780017225934,107.87270562610593,11975.729592323303,hospitals,6.0,0.0,118.54552276823841,False
J_00426,I_00321,16.56949420528647,107.59204398388741,11950.066184043884,residential,2.2,0.0,296.0112648852817,False
J_00427,I_00594,16.273230722181086,107.86667583164791,11914.85770368576,hospitals,6.0,0.0,105.06720797174722,False
J_00428,I_00321,16.56997252456181,107.59693770101316,11896.525544166565,residential,2.2,0.0,458.4644428761923,False
J_00429,I_00068,16.27957925516562,107.87329506611555,11834.774600028992,hospitals,6.0,0.0,301.81471976070895,False
J_00430,I_01003,16.274382613421302,107.8671339922402,11828.744371414185,hospitals,6.0,0.0,51.466031003435916,False
J_00431,I_00321,16.566725320431917,107.594028400207,11823.652594566345,residential,2.2,0.0,166.44786919107156,False
J_00432,I_00916,16.277189203292398,107.88383831965182,11811.98621225357,hospitals,6.0,0.0,116.09722225105723,False
J_00433,I_00557,16.571599449579487,107.59845342357958,11784.342237472534,residential,2.2,0.0,381.3167513897312,False
J_00434,I_00321,16.57095709228777,107.59288396897605,11723.430891036987,residential,2.2,0.0,384.359074529398,False
J_00435,I_00068,16.28086986928656,107.87374179625029,11702.870180606842,hospitals,6.0,0.0,457.7905744876874,False
J_00436,I_00557,16.568171484872213,107.59783808325778,11667.486379623413,residential,2.2,0.0,259.267637002582,False
J_00437,I_00916,16.27615815046955,107.88475199136163,11662.186298847198,hospitals,6.0,0.0,21.129301657241278,False
J_00438,I_00321,16.564284361867927,107.5937513711963,11642.901611328125,residential,2.2,0.0,5.166745981145769,False
J_00439,I_00321,16.564556661947748,107.59424261046188,11642.901611328125,residential,2.2,0.0,4.2196175418362,False
J_00440,I_00557,16.57071059062302,107.5999289110949,11636.098074913025,residential,2.2,0.0,339.3394513894708,False
J_00441,I_01003,16.278532031239504,107.87052437708913,11629.457021713257,hospitals,6.0,0.0,173.91473300828036,False
J_00442,I_01003,16.279445541561163,107.87158299806646,11596.192385673523,hospitals,6.0,0.0,250.0817891635617,False
J_00443,I_01003,16.278322174768817,107.8693825862637,11524.921940803528,hospitals,6.0,0.0,169.40813363876669,False
J_00444,I_01003,16.27817578589379,107.86909150699287,11487.41977930069,hospitals,6.0,0.0,153.94621315789348,False
J_00445,I_00557,16.568469287399488,107.60014142394,11334.85354232788,residential,2.2,0.0,409.43266849560484,False
J_00446,I_00557,16.56934015916658,107.60099690893699,11291.001500606537,residential,2.2,0.0,367.9155635101382,False
J_00447,I_00557,16.57272125437239,107.59784802174133,11156.33226966858,residential,2.2,0.0,341.93327412551497,False
J_00448,I_00557,16.56768780671297,107.6036440637291,11136.754454612732,residential,2.2,0.0,228.90626918165586,False
J_00449,I_00557,16.57277104920702,107.59913558599133,11003.08822965622,residential,2.2,0.0,233.44674677703358,False
J_00450,I_00321,16.57123528169429,107.59020257963633,10988.73890209198,residential,2.2,0.0,102.57049277112324,False
J_00451,I_00557,16.56908151870626,107.61788168726517,10745.549294948578,residential,2.2,0.0,0.6241261187552846,False
J_00452,I_00557,16.551201870029814,107.60696902322351,10741.015749454498,residential,2.2,0.0,23.557716462103166,False
J_00453,I_00557,16.56936702141468,107.61775488642317,10612.572502613068,residential,2.2,0.0,15.513633187480053,False
J_00454,I_00912,16.551396887885282,107.69684964101533,10467.931943893433,residential,2.2,0.0,1707.5811549976497,False
J_00455,I_00407,16.563829850154747,107.45704885149517,10140.973198890686,residential,2.2,0.0,3.4052039495836794,False
J_00456,I_00321,16.574384785176626,107.59676511991712,10139.676413059235,residential,2.2,0.0,314.2177455254435,False
J_00457,I_00321,16.57449333962832,107.59723912061236,10117.429339408875,residential,2.2,0.0,260.6785860331288,False
J_00458,I_00726,16.505855789470093,107.57837352227618,10060.170456886292,residential,5.2,0.0,0.9124339087620402,False
J_00459,I_00066,16.534397740661372,107.47548953974938,10029.405074596405,residential,2.2,0.0,12.065224203115152,False
J_00460,I_00407,16.54940748182555,107.47082634365282,10026.908246040344,residential,2.2,0.0,0.9516575073117598,False
J_00461,I_00321,16.574906858307777,107.59764972071292,9991.57059955597,residential,2.2,0.0,201.18744179114023,False
J_00462,I_00557,16.575164034474774,107.598669331153,9979.488565444946,residential,2.2,0.0,83.92681973968567,False
J_00463,I_00321,16.57613379488221,107.59751536903366,9716.353930473328,residential,2.2,0.0,151.3078112163277,False
J_00464,I_00321,16.57584434663535,107.59632827544893,9673.505254268646,residential,2.2,0.0,228.9126139219913,False
J_00465,I_00321,16.576323493082068,107.59718888983224,9609.463744163513,residential,2.2,0.0,135.04884966664343,False
J_00466,I_00321,16.576677112458494,107.59664622146448,9505.1182513237,residential,2.2,0.0,132.99541184513208,False
J_00467,I_01003,16.282828141124472,107.8648186506003,9431.355027675629,hospitals,6.0,0.0,412.775149172358,False
J_00468,I_00321,16.577066556217254,107.59561971248162,9410.962696552277,residential,2.2,0.0,195.5422991974227,False
J_00469,I_00321,16.577168777703207,107.5960480387842,9400.162026882172,residential,2.2,0.0,151.8108277639026,False
J_00470,I_00321,16.577155987815,107.5951910112033,9367.407620429993,residential,2.2,0.0,230.05649767785383,False
J_00471,I_00066,16.50423416337684,107.4389475021102,9307.152965068817,residential,2.2,0.0,4.704924970610753,False
J_00472,I_00407,16.563504707201655,107.46513819337903,9299.149919986725,residential,2.2,0.0,1.900546680341148,False
J_00473,I_00321,16.577565700052684,107.59569019468722,9270.913305282593,residential,2.2,0.0,159.340767800086,False
J_00474,I_00321,16.57724402569093,107.59739103724536,9265.208371162415,residential,2.2,0.0,27.855345177393946,False
J_00475,I_00349,16.575371290729393,107.58973472271029,9253.75553035736,residential,2.2,0.0,193.4654849650809,False
J_00476,I_00321,16.57737299484532,107.59657886022339,9233.9545211792,residential,2.2,0.0,89.61556677199388,False
J_00477,I_00321,16.57731935225378,107.59756426188974,9228.833565711975,residential,2.2,0.0,13.836180137122827,False
J_00478,I_00349,16.577740289982515,107.59493470439828,9178.719554901123,residential,2.2,0.0,212.37732632349375,False
J_00479,I_00988,16.515885929781522,107.71088205623664,9173.151223659515,residential,3.7,0.0,0.6970437229304415,False
J_00480,I_00349,16.57633334455165,107.59163185128794,9167.657888412476,residential,2.2,0.0,418.0173536258688,False
J_00481,I_00349,16.575377848798055,107.58963897854962,9150.445330619812,residential,2.2,0.0,188.64622406187382,False
J_00482,I_00349,16.577992360735255,107.5957171379357,9109.551020145416,residential,2.2,0.0,124.84107714448365,False
J_00483,I_00557,16.573258037121963,107.60460427206243,9103.768378257751,residential,2.2,0.0,6.606905175607689,False
J_00484,I_00557,16.573345451241778,107.6044393629964,9083.39487361908,residential,2.2,0.0,14.372272669846252,False
J_00485,I_00349,16.578216367902254,107.59461381118614,9079.110363006592,residential,2.2,0.0,221.65795774901324,False
J_00486,I_00557,16.57340231094408,107.60452506013658,9068.925200462341,residential,2.2,0.0,9.17439342182966,False
J_00487,I_00557,16.573222374109264,107.60467406071602,9057.643794059753,residential,2.2,0.0,15.41096969462979,False
J_00488,I_00349,16.57849036718086,107.59476245533628,9022.002489566803,residential,2.2,0.0,197.86761324873547,False
J_00489,I_00550,16.57744683281693,107.59167602101101,9017.589405059814,residential,2.2,0.0,429.6388386581076,False
J_00490,I_00550,16.578283846817474,107.59236683785997,9017.589405059814,residential,2.2,0.0,465.08022928497513,False
J_00491,I_00550,16.57614280297982,107.58996929745526,9002.865863800049,residential,2.2,0.0,284.3296709456453,False
J_00492,I_00349,16.578642401869907,107.59435014361793,8982.989684581757,residential,2.2,0.0,240.81017509607017,False
J_00493,I_00557,16.573313660461512,107.60469461444944,8982.90906047821,residential,2.2,0.0,12.327325484295335,False
J_00494,I_00349,16.57854381718038,107.59561796516155,8976.706786632538,residential,2.2,0.0,103.63343397505032,False
J_00495,I_00321,16.578267551026496,107.59639798767785,8960.288051128387,residential,2.2,0.0,54.14397108639612,False
J_00496,I_00321,16.578255779796205,107.59631119491556,8960.288051128387,residential,2.2,0.0,59.15516000398003,False
J_00497,I_00550,16.579589313912315,107.59267991829444,8933.983877658844,residential,2.2,0.0,410.53007190350655,False
J_00498,I_00550,16.580071051710455,107.59236655073664,8928.861493587494,residential,2.2,0.0,396.97118276527095,False
J_00499,I_00550,16.58006710856431,107.59211062257648,8928.861493587494,residential,2.2,0.0,417.5318683702099,False
J_00500,I_00465,17.06668211657919,107.69684964101533,0.0,residential,2.2,0.0,50995.336811223504,False
J_00501,I_00872,16.35284047671515,108.44216893715756,0.0,hospitals,6.0,0.0,32492.690138916638,False
J_00502,I_01145,16.710095037486536,108.06950928908644,0.0,normal,1.0,0.0,42317.2381615197,False
J_00503,I_00286,16.829032183637533,107.8210695237057,0.0,residential,2.2,0.0,36440.79465917501,False
J_00504,I_00390,16.51170187877377,108.23513579934028,0.0,normal,1.0,0.0,30368.640499962396,False
J_00505,I_00465,16.90828218107404,107.5312231307615,0.0,residential,2.2,0.0,25075.39368611105,False
J_00506,I_00902,16.51170187877377,108.02810266152298,0.0,residential,3.7,0.0,19891.7886167559,False
J_00507,I_00872,16.27336120029933,108.27654242690373,0.0,hospitals,6.0,0.0,12040.163634891156,False
J_00508,I_00950,16.630762374736268,107.86247615126915,0.0,normal,1.0,0.0,20259.649533566233,False
J_00509,I_01157,16.78939473768107,107.65544301345187,0.0,residential,2.2,0.0,22988.160072278424,False
J_00510,I_00390,16.39256799724599,108.15232254421336,0.0,normal,1.0,0.0,14771.686289883257,False
J_00511,I_01145,16.74974901654461,107.94528940639606,0.0,normal,1.0,0.0,36835.60417452389,False
J_00512,I_00845,16.947894698134625,107.7382562685788,0.0,residential,2.2,0.0,43160.840200647566,False
J_00513,I_00872,16.39256799724599,108.31794905446719,0.0,hospitals,6.0,0.0,25517.62860416451,False
J_00514,I_00286,16.670432817784686,107.7382562685788,0.0,residential,2.2,0.0,15861.037341098952,False
J_00515,I_00845,16.78939473768107,107.5312231307615,0.0,residential,2.2,0.0,14306.24685986145,False
J_00516,I_01145,16.51170187877377,107.90388277883261,0.0,normal,1.0,0.0,12878.833543485149,False
J_00517,I_00773,16.59108372565784,108.1109159166499,0.0,normal,1.0,0.0,30695.222128791498,False
J_00518,I_00465,16.987498871176324,107.61403638588841,0.0,residential,2.2,0.0,38025.35544287636,False
J_00519,I_01145,16.630762374736268,107.98669603395953,0.0,normal,1.0,0.0,29286.585618388937,False
J_00520,I_00845,16.90828218107404,107.65544301345187,0.0,residential,2.2,0.0,33693.93092797749,False
J_00521,I_00773,16.471998715697744,108.1109159166499,0.0,normal,1.0,0.0,18056.936443788723,False
J_00522,I_00872,16.27336120029933,108.15232254421336,0.0,hospitals,6.0,0.0,7018.855051744779,False
J_00523,I_00286,16.74974901654461,107.77966289614224,0.0,residential,2.2,0.0,26147.27139373983,False
J_00524,I_00286,16.868661337175016,107.90388277883261,0.0,residential,2.2,0.0,45188.32803547245,False
J_00525,I_00872,16.35284047671515,108.23513579934028,0.0,hospitals,6.0,0.0,17377.453726643034,False
J_00526,I_01157,16.710095037486536,107.61403638588841,0.0,residential,2.2,0.0,12889.522287607335,False
J_00527,I_00988,16.59108372565784,107.77966289614224,0.0,residential,3.7,0.0,11008.790408673258,False
J_00528,I_00902,16.432287416050865,107.94528940639606,0.0,residential,3.7,0.0,8909.425261985269,False
J_00529,I_00872,16.313104871909513,108.35935568203064,0.0,hospitals,6.0,0.0,22229.237771758297,False
J_00530,I_00895,16.145110696083965,108.09764451859377,0.0,hospitals,6.0,0.0,0.10558355915015034,False
J_00531,I_00668,16.39256799724599,108.02810266152298,0.0,residential,2.2,0.0,6080.280983415747,False
J_00532,I_00390,16.471998715697744,108.31794905446719,0.0,normal,1.0,0.0,33598.95047956889,False
J_00533,I_00286,16.710095037486536,107.86247615126915,0.0,residential,2.2,0.0,27521.905663836256,False
J_00534,I_00390,16.432287416050865,108.23513579934028,0.0,normal,1.0,0.0,25078.41454274947,False
J_00535,I_01157,16.868661337175016,107.7382562685788,0.0,residential,2.2,0.0,35921.79346288116,False
J_00536,I_00954,16.90828218107404,107.8210695237057,0.0,residential,2.2,0.0,44649.247280967385,False
J_00537,I_00773,16.59108372565784,108.19372917177681,0.0,normal,1.0,0.0,34639.8655289462,False
J_00538,I_00465,16.78939473768107,107.44840987563458,0.0,residential,2.2,0.0,8529.337922070998,False
J_00539,I_00950,16.51170187877377,107.8210695237057,0.0,normal,1.0,0.0,7216.445790399379,False
J_00540,I_00286,16.630762374736268,107.65544301345187,0.0,residential,2.2,0.0,7646.086732860682,False
J_00541,I_00679,16.710095037486536,107.5312231307615,0.0,residential,2.2,0.0,7160.810528413973,False
J_00542,I_00895,16.189828173321942,108.13503537363779,0.0,hospitals,6.0,0.0,7.183220082585855,False
J_00543,I_00845,16.829032183637533,107.61403638588841,0.0,residential,2.2,0.0,23680.950749173422,False
J_00544,I_01145,16.710095037486536,107.98669603395953,0.0,normal,1.0,0.0,36324.52301227639,False
J_00545,I_01145,16.59108372565784,107.94528940639606,0.0,normal,1.0,0.0,22768.93981038377,False
J_00546,I_01145,16.670432817784686,107.94528940639606,0.0,normal,1.0,0.0,29806.723662174005,False
J_00547,I_00390,16.471998715697744,108.19372917177681,0.0,normal,1.0,0.0,23857.88199198838,False
J_00548,I_01145,16.78939473768107,107.98669603395953,0.0,normal,1.0,0.0,43296.98382264815,False
J_00549,I_00845,17.027094683038275,107.7382562685788,0.0,residential,2.2,0.0,50257.76133569501,False
J_00550,I_00390,16.313104871909513,108.1109159166499,0.0,normal,1.0,0.0,7429.280022912803,False
J_00551,I_00954,16.710095037486536,107.69684964101533,0.0,residential,2.2,0.0,17917.257152724585,False
J_00552,I_00845,16.987498871176324,107.69684964101533,0.0,residential,2.2,0.0,43802.79011144402,False
J_00553,I_00465,16.829032183637533,107.48981650319804,0.0,residential,2.2,0.0,15044.7048055823,False
J_00554,I_01157,16.829032183637533,107.69684964101533,0.0,residential,2.2,0.0,29443.554281895584,False
J_00555,I_00773,16.432287416050865,108.06950928908644,0.0,normal,1.0,0.0,11841.909700023098,False
J_00556,I_00465,17.027094683038275,107.65544301345187,0.0,residential,2.2,0.0,44519.44808703404,False
J_00557,I_00773,16.35284047671515,108.06950928908644,0.0,normal,1.0,0.0,4465.532970118997,False
J_00558,I_01145,16.630762374736268,108.06950928908644,0.0,normal,1.0,0.0,34103.33069416778,False
J_00559,I_01145,16.670432817784686,108.1109159166499,0.0,normal,1.0,0.0,39544.54861813271,False
J_00560,I_00872,16.39256799724599,108.40076230959411,0.0,hospitals,6.0,0.0,31546.179818723933,False
J_00561,I_00371,16.551396887885282,108.06950928908644,0.0,industrial,2.5,0.0,25028.932701105146,False
J_00562,I_00845,16.74974901654461,107.48981650319804,0.0,residential,2.2,0.0,7882.19019025094,False
J_00563,I_00286,16.78939473768107,107.86247615126915,0.0,residential,2.2,0.0,34943.322317695434,False
J_00564,I_00440,16.74974901654461,107.57262975832496,0.0,residential,2.2,0.0,13662.385138593143,False
J_00565,I_00872,16.313104871909513,108.19372917177681,0.0,hospitals,6.0,0.0,12085.270404715138,False
J_00566,I_00950,16.551396887885282,107.86247615126915,0.0,normal,1.0,0.0,13465.963111229612,False
J_00567,I_01145,16.551396887885282,107.98669603395953,0.0,normal,1.0,0.0,22535.822326991973,False
J_00568,I_00390,16.432287416050865,108.35935568203064,0.0,normal,1.0,0.0,31930.126549129924,False
J_00569,I_00845,16.868661337175016,107.57262975832496,0.0,residential,2.2,0.0,24377.120566513768,False
J_00570,I_00465,16.947894698134625,107.57262975832496,0.0,residential,2.2,0.0,31541.385935577047,False
J_00571,I_01157,16.987498871176324,107.77966289614224,0.0,residential,2.2,0.0,49655.40283653779,False
J_00572,I_00286,16.670432817784686,107.8210695237057,0.0,residential,2.2,0.0,21048.93192768603,False
J_00573,I_00286,16.829032183637533,107.94528940639606,0.0,residential,2.2,0.0,44095.529552189044,False
J_00574,I_01145,16.670432817784686,108.02810266152298,0.0,normal,1.0,0.0,35804.58833549181,False
J_00575,I_00773,16.630762374736268,108.15232254421336,0.0,normal,1.0,0.0,36646.02055492508,False
J_00576,I_01145,16.471998715697744,107.86247615126915,0.0,normal,1.0,0.0,6362.721051192769,False
J_00577,I_00902,16.471998715697744,107.98669603395953,0.0,residential,3.7,0.0,15272.869442073297,False
J_00578,I_01145,16.59108372565784,108.02810266152298,0.0,normal,1.0,0.0,29054.12885091801,False
J_00579,I_00773,16.51170187877377,108.15232254421336,0.0,normal,1.0,0.0,24376.008725703163,False
J_00580,I_00954,16.78939473768107,107.7382562685788,0.0,residential,2.2,0.0,28199.05694244078,False
J_00581,I_01145,16.74974901654461,108.02810266152298,0.0,normal,1.0,0.0,42842.57392200008,False
J_00582,I_00872,16.233609479373953,108.19372917177681,0.0,hospitals,6.0,0.0,2873.0641810150246,False
J_00583,I_00250,16.73490190975516,107.31913341611019,0.0,residential,2.2,0.0,22.687861802105054,False
J_00584,I_00709,16.39256799724599,107.90388277883261,0.0,normal,1.0,0.0,2685.6632142572453,False
J_00585,I_00679,16.710095037486536,107.44840987563458,0.0,residential,2.2,0.0,1402.5097779197833,False
J_00586,I_00845,16.90828218107404,107.61403638588841,0.0,residential,2.2,0.0,30856.766992320798,False
J_00587,I_00872,16.233609479373953,108.23513579934028,0.0,hospitals,6.0,0.0,5615.76738136647,False
J_00588,I_00872,16.313104871909513,108.40076230959411,0.0,hospitals,6.0,0.0,26218.148306092105,False
J_00589,I_00988,16.551396887885282,107.7382562685788,0.0,residential,3.7,0.0,4552.3483886181075,False
J_00590,I_00988,16.51170187877377,107.77966289614224,0.0,residential,3.7,0.0,3759.062498004613,False
J_00591,I_00954,16.829032183637533,107.77966289614224,0.0,residential,2.2,0.0,34343.21894936657,False
J_00592,I_01157,16.90828218107404,107.77966289614224,0.0,residential,2.2,0.0,42375.424442382115,False
J_00593,I_00988,16.59108372565784,107.8210695237057,0.0,residential,3.7,0.0,13788.898671577992,False
J_00594,I_00286,16.74974901654461,107.8210695237057,0.0,residential,2.2,0.0,28577.471209320498,False
J_00595,I_00286,16.868661337175016,107.86247615126915,0.0,residential,2.2,0.0,42738.02031210193,False
J_00596,I_01145,16.630762374736268,107.90388277883261,0.0,normal,1.0,0.0,23289.387078107786,False
J_00597,I_00950,16.710095037486536,107.90388277883261,0.0,normal,1.0,0.0,30394.561341987057,False
J_00598,I_00286,16.78939473768107,107.90388277883261,0.0,residential,2.2,0.0,37650.43879456801,False
J_00599,I_00757,16.39256799724599,108.1109159166499,0.0,normal,1.0,0.0,10864.707202191106,False
J_00600,I_00390,16.39256799724599,108.27654242690373,0.0,normal,1.0,0.0,23299.829451950656,False
J_00601,I_00390,16.471998715697744,108.27654242690373,0.0,normal,1.0,0.0,31336.60269796447,False
J_00602,I_00872,16.27336120029933,108.31794905446719,0.0,hospitals,6.0,0.0,15913.291848170287,False
J_00603,I_00845,16.78939473768107,107.61403638588841,0.0,residential,2.2,0.0,20174.96715048731,False
J_00604,I_00954,16.74974901654461,107.69684964101533,0.0,residential,2.2,0.0,21980.27337593927,False
J_00605,I_00286,16.710095037486536,107.77966289614224,0.0,residential,2.2,0.0,22239.70113601544,False
J_00606,I_00668,16.432287416050865,108.02810266152298,0.0,residential,2.2,0.0,10679.348148853565,False
J_00607,I_00390,16.432287416050865,108.15232254421336,0.0,normal,1.0,0.0,17353.031783184346,False
J_00608,I_00845,16.947894698134625,107.65544301345187,0.0,residential,2.2,0.0,37349.981297443526,False
J_00609,I_00954,16.947894698134625,107.8210695237057,0.0,residential,2.2,0.0,48794.37996891042,False
J_00610,I_00872,16.27336120029933,108.1109159166499,0.0,hospitals,6.0,0.0,4853.769948930726,False
J_00611,I_00872,16.313104871909513,108.27654242690373,0.0,hospitals,6.0,0.0,15333.35879495952,False
J_00612,I_01145,16.551396887885282,107.90388277883261,0.0,normal,1.0,0.0,16251.071306026888,False
J_00613,I_01145,16.471998715697744,107.94528940639606,0.0,normal,1.0,0.0,12690.2546240828,False
J_00614,I_00371,16.51170187877377,108.06950928908644,0.0,industrial,2.5,0.0,20539.994029071386,False
J_00615,I_00773,16.551396887885282,108.15232254421336,0.0,normal,1.0,0.0,28360.28876453888,False
J_00616,I_00773,16.551396887885282,108.23513579934028,0.0,normal,1.0,0.0,33654.96663840962,False
J_00617,I_00550,16.670432817784686,107.5312231307615,0.0,residential,2.2,0.0,3599.006018441094,False
J_00618,I_01157,16.670432817784686,107.57262975832496,0.0,residential,2.2,0.0,6415.512058046761,False
J_00619,I_00954,16.670432817784686,107.65544301345187,0.0,residential,2.2,0.0,11674.4596260696,False
J_00620,I_01157,16.868661337175016,107.69684964101533,0.0,residential,2.2,0.0,33107.504566056494,False
J_00621,I_00286,16.630762374736268,107.7382562685788,0.0,residential,2.2,0.0,11990.039456817727,False
J_00622,I_00093,16.35284047671515,107.8210695237057,487.33614110946655,normal,1.0,0.0,1236.468533418475,False
J_00623,I_00371,16.35284047671515,108.02810266152298,59.025132179260254,industrial,2.5,0.0,1543.9049804015453,False
J_00624,I_00390,16.35284047671515,108.15232254421336,0.0,normal,1.0,0.0,13106.342540949021,False
J_00625,I_00872,16.35284047671515,108.31794905446719,0.0,hospitals,6.0,0.0,21817.837803123195,False
J_00626,I_00912,16.59108372565784,107.69684964101533,0.0,residential,2.2,0.0,5637.859480349285,False
J_00627,I_00845,16.74974901654461,107.44840987563458,0.0,residential,2.2,0.0,4990.875485424687,False
J_00628,I_00679,16.710095037486536,107.48981650319804,0.0,residential,2.2,0.0,4200.010162873249,False
J_00629,I_00845,16.78939473768107,107.48981650319804,0.0,residential,2.2,0.0,11430.380903312076,False
J_00630,I_00440,16.74974901654461,107.5312231307615,0.0,residential,2.2,0.0,10680.683986485366,False
J_00631,I_00845,16.829032183637533,107.5312231307615,0.0,residential,2.2,0.0,17900.33236672465,False
J_00632,I_01157,16.710095037486536,107.65544301345187,0.0,residential,2.2,0.0,15657.98741458899,False
J_00633,I_01157,16.74974901654461,107.65544301345187,0.0,residential,2.2,0.0,19329.641848973686,False
J_00634,I_01157,16.829032183637533,107.65544301345187,0.0,residential,2.2,0.0,26632.784982460704,False
J_00635,I_01131,16.987498871176324,107.65544301345187,0.0,residential,2.2,0.0,40937.266214919044,False
J_00636,I_00465,17.06668211657919,107.65544301345187,0.0,residential,2.2,0.0,48122.21325713171,False
J_00637,I_00286,16.630762374736268,107.69684964101533,0.0,residential,2.2,0.0,9603.879924785262,False
J_00638,I_00286,16.670432817784686,107.69684964101533,0.0,residential,2.2,0.0,13733.633283976387,False
J_00639,I_01157,16.78939473768107,107.69684964101533,0.0,residential,2.2,0.0,25769.25168850666,False
J_00640,I_00845,16.947894698134625,107.69684964101533,0.0,residential,2.2,0.0,40186.58578322716,False
J_00641,I_01131,17.027094683038275,107.69684964101533,0.0,residential,2.2,0.0,47413.71561669274,False
J_00642,I_00503,16.27336120029933,108.06950928908644,263.51525497436523,normal,1.0,0.0,1104.8902623554236,False
J_00643,I_00773,16.39256799724599,108.06950928908644,0.0,normal,1.0,0.0,7762.883333772089,False
J_00644,I_00773,16.471998715697744,108.06950928908644,0.0,normal,1.0,0.0,16119.172530576303,False
J_00645,I_00902,16.59108372565784,108.06950928908644,0.0,residential,3.7,0.0,29554.96701735483,False
J_00646,I_01145,16.670432817784686,108.06950928908644,0.0,normal,1.0,0.0,38666.14461351095,False
J_00647,I_00872,16.233609479373953,108.1109159166499,4252.701090335846,hospitals,6.0,0.0,1880.2634603217266,False
J_00648,I_00390,16.35284047671515,108.1109159166499,0.0,normal,1.0,0.0,8803.156256229866,False
J_00649,I_00773,16.432287416050865,108.1109159166499,0.0,normal,1.0,0.0,14174.686871999655,False
J_00650,I_00773,16.51170187877377,108.1109159166499,0.0,normal,1.0,0.0,22147.73421666255,False
J_00651,I_00773,16.551396887885282,108.1109159166499,0.0,normal,1.0,0.0,26365.660589019386,False
J_00652,I_00773,16.630762374736268,108.1109159166499,0.0,normal,1.0,0.0,35096.12158878365,False
J_00653,I_00872,16.35284047671515,108.40076230959411,0.0,hospitals,6.0,0.0,28636.168353649933,False
J_00654,I_00465,16.868661337175016,107.5312231307615,0.0,residential,2.2,0.0,21485.933843764422,False
J_00655,I_00845,16.868661337175016,107.65544301345187,0.0,residential,2.2,0.0,30176.620684456822,False
J_00656,I_00845,16.90828218107404,107.69684964101533,0.0,residential,2.2,0.0,36674.81689646544,False
J_00657,I_01157,16.710095037486536,107.57262975832496,0.0,residential,2.2,0.0,10075.780311598934,False
J_00658,I_00845,16.78939473768107,107.57262975832496,0.0,residential,2.2,0.0,17182.84322176311,False
J_00659,I_00845,16.829032183637533,107.57262975832496,0.0,residential,2.2,0.0,20757.51683373211,False
J_00660,I_00465,16.90828218107404,107.57262975832496,0.0,residential,2.2,0.0,27956.40418260645,False
J_00661,I_01157,16.630762374736268,107.61403638588841,0.0,residential,2.2,0.0,5512.769200872101,False
J_00662,I_01157,16.670432817784686,107.61403638588841,0.0,residential,2.2,0.0,9195.117826988693,False
J_00663,I_01157,16.74974901654461,107.61403638588841,0.0,residential,2.2,0.0,16532.698490392937,False
J_00664,I_00845,16.868661337175016,107.61403638588841,0.0,residential,2.2,0.0,27213.696137103092,False
J_00665,I_01131,16.947894698134625,107.61403638588841,0.0,residential,2.2,0.0,34445.03865726514,False
J_00666,I_00912,16.59108372565784,107.7382562685788,0.0,residential,2.2,0.0,8159.978828259321,False
J_00667,I_00286,16.710095037486536,107.7382562685788,0.0,residential,2.2,0.0,19902.89243280036,False
J_00668,I_00286,16.74974901654461,107.7382562685788,0.0,residential,2.2,0.0,24037.89761695086,False
J_00669,I_01157,16.829032183637533,107.7382562685788,0.0,residential,2.2,0.0,32232.027219761036,False
J_00670,I_01157,16.90828218107404,107.7382562685788,0.0,residential,2.2,0.0,39574.03535021419,False
J_00671,I_00845,16.987498871176324,107.7382562685788,0.0,residential,2.2,0.0,46680.972264292366,False
J_00672,I_00988,16.551396887885282,107.77966289614224,0.0,residential,3.7,0.0,7352.655974816739,False
J_00673,I_00912,16.630762374736268,107.77966289614224,0.0,residential,2.2,0.0,14607.262954155396,False
J_00674,I_00286,16.670432817784686,107.77966289614224,0.0,residential,2.2,0.0,18324.63123644655,False
J_00675,I_00286,16.78939473768107,107.77966289614224,0.0,residential,2.2,0.0,30207.25366141702,False
J_00676,I_00954,16.868661337175016,107.77966289614224,0.0,residential,2.2,0.0,38494.258662829816,False
J_00677,I_01157,16.947894698134625,107.77966289614224,0.0,residential,2.2,0.0,46033.513244838854,False
J_00678,I_00950,16.471998715697744,107.8210695237057,0.0,normal,1.0,0.0,3224.474121982425,False
J_00679,I_00950,16.551396887885282,107.8210695237057,0.0,normal,1.0,0.0,10259.630366892705,False
J_00680,I_00988,16.630762374736268,107.8210695237057,0.0,residential,3.7,0.0,17485.317517623345,False
J_00681,I_00286,16.710095037486536,107.8210695237057,0.0,residential,2.2,0.0,24737.17608870428,False
J_00682,I_00286,16.78939473768107,107.8210695237057,0.0,residential,2.2,0.0,32471.308418968885,False
J_00683,I_00286,16.868661337175016,107.8210695237057,0.0,residential,2.2,0.0,40512.882510759766,False
J_00684,I_01145,16.51170187877377,107.86247615126915,0.0,normal,1.0,0.0,9734.207218879561,False
J_00685,I_00950,16.59108372565784,107.86247615126915,0.0,normal,1.0,0.0,16773.05270579028,False
J_00686,I_00950,16.670432817784686,107.86247615126915,0.0,normal,1.0,0.0,23934.015294667388,False
J_00687,I_00286,16.74974901654461,107.86247615126915,0.0,residential,2.2,0.0,31192.637275312976,False
J_00688,I_00286,16.829032183637533,107.86247615126915,0.0,residential,2.2,0.0,38852.34439022015,False
J_00689,I_00286,16.90828218107404,107.86247615126915,0.0,residential,2.2,0.0,46739.50904491028,False
J_00690,I_00709,16.432287416050865,107.90388277883261,0.0,normal,1.0,0.0,6176.758117686906,False
J_00691,I_01145,16.471998715697744,107.90388277883261,0.0,normal,1.0,0.0,9500.524831796514,False
J_00692,I_01145,16.59108372565784,107.90388277883261,0.0,normal,1.0,0.0,19828.443628404395,False
J_00693,I_01145,16.670432817784686,107.90388277883261,0.0,normal,1.0,0.0,26753.654768415952,False
J_00694,I_00950,16.74974901654461,107.90388277883261,0.0,normal,1.0,0.0,34012.32157672693,False
J_00695,I_00286,16.829032183637533,107.90388277883261,0.0,residential,2.2,0.0,41348.19007632583,False
J_00696,I_00902,16.39256799724599,107.94528940639606,0.0,residential,3.7,0.0,5174.8959488128185,False
J_00697,I_01145,16.51170187877377,107.94528940639606,0.0,normal,1.0,0.0,16017.775882383008,False
J_00698,I_01145,16.551396887885282,107.94528940639606,0.0,normal,1.0,0.0,19391.596697453264,False
J_00699,I_01145,16.630762374736268,107.94528940639606,0.0,normal,1.0,0.0,26267.606714986825,False
J_00700,I_01145,16.710095037486536,107.94528940639606,0.0,normal,1.0,0.0,33257.29482848515,False
J_00701,I_01145,16.78939473768107,107.94528940639606,0.0,normal,1.0,0.0,40511.79727319832,False
J_00702,I_00668,16.39256799724599,107.98669603395953,0.0,residential,2.2,0.0,6677.0669687603295,False
J_00703,I_00902,16.432287416050865,107.98669603395953,0.0,residential,3.7,0.0,10858.691274131457,False
J_00704,I_01145,16.51170187877377,107.98669603395953,0.0,normal,1.0,0.0,19188.03165048435,False
J_00705,I_01145,16.59108372565784,107.98669603395953,0.0,normal,1.0,0.0,25902.10291108198,False
J_00706,I_01145,16.670432817784686,107.98669603395953,0.0,normal,1.0,0.0,32738.23635962237,False
J_00707,I_01145,16.74974901654461,107.98669603395953,0.0,normal,1.0,0.0,39759.350715847235,False
J_00708,I_00668,16.471998715697744,108.02810266152298,0.0,residential,2.2,0.0,15284.620464044803,False
J_00709,I_01145,16.551396887885282,108.02810266152298,0.0,normal,1.0,0.0,24499.783097322765,False
J_00710,I_01145,16.630762374736268,108.02810266152298,0.0,normal,1.0,0.0,32415.872956815245,False
J_00711,I_01145,16.710095037486536,108.02810266152298,0.0,normal,1.0,0.0,39224.763210760655,False
J_00712,I_00872,16.233609479373953,108.15232254421336,0.0,hospitals,6.0,0.0,2571.5794293192307,False
J_00713,I_00390,16.313104871909513,108.15232254421336,0.0,normal,1.0,0.0,11329.964034653005,False
J_00714,I_00773,16.471998715697744,108.15232254421336,0.0,normal,1.0,0.0,20652.97058749726,False
J_00715,I_00773,16.59108372565784,108.15232254421336,0.0,normal,1.0,0.0,32454.21183008611,False
J_00716,I_00872,16.27336120029933,108.19372917177681,0.0,hospitals,6.0,0.0,7477.189550217588,False
J_00717,I_00390,16.35284047671515,108.19372917177681,0.0,normal,1.0,0.0,16694.053508899513,False
J_00718,I_00390,16.39256799724599,108.19372917177681,0.0,normal,1.0,0.0,18996.211593429398,False
J_00719,I_00390,16.432287416050865,108.19372917177681,0.0,normal,1.0,0.0,21066.111438132633,False
J_00720,I_00773,16.51170187877377,108.19372917177681,0.0,normal,1.0,0.0,27149.742189600827,False
J_00721,I_00773,16.551396887885282,108.19372917177681,0.0,normal,1.0,0.0,30778.42784569549,False
J_00722,I_00872,16.27336120029933,108.23513579934028,0.0,hospitals,6.0,0.0,8898.916173516367,False
J_00723,I_00872,16.313104871909513,108.23513579934028,0.0,hospitals,6.0,0.0,13012.957413412149,False
J_00724,I_00390,16.39256799724599,108.23513579934028,0.0,normal,1.0,0.0,21842.784190626957,False
J_00725,I_00390,16.471998715697744,108.23513579934028,0.0,normal,1.0,0.0,27465.330109026705,False
J_00726,I_00872,16.35284047671515,108.27654242690373,0.0,hospitals,6.0,0.0,19176.82792625788,False
J_00727,I_00390,16.432287416050865,108.27654242690373,0.0,normal,1.0,0.0,27577.270739959895,False
J_00728,I_00390,16.51170187877377,108.27654242690373,0.0,normal,1.0,0.0,33910.06688976331,False
J_00729,I_00872,16.313104871909513,108.31794905446719,0.0,hospitals,6.0,0.0,18530.494030787468,False
J_00730,I_00390,16.432287416050865,108.31794905446719,0.0,normal,1.0,0.0,29474.958499633816,False
J_00731,I_00872,16.35284047671515,108.35935568203064,0.0,hospitals,6.0,0.0,25035.531735749242,False
J_00732,I_00872,16.39256799724599,108.35935568203064,0.0,hospitals,6.0,0.0,28318.000855787657,False
J_00733,I_00850,16.432287416050865,107.86247615126915,0.0,normal,1.0,0.0,2989.2760892113447,False
J_00734,I_00390,16.313104871909513,108.06950928908644,0.0,normal,1.0,0.0,3144.8290136221385,False
J_00735,I_00645,16.410713047136454,107.57679433074979,243.47189855575562,normal,1.0,0.0,2.2335406996307787,False
J_00736,I_00417,16.421323757560533,107.6913272966531,51.3889856338501,residential,2.2,0.0,2.2324021086225816,False
J_00737,I_00840,16.323966793058,107.78604985282348,0.0,normal,1.0,0.0,18.013868135611297,False
J_00738,I_00668,16.35284047671515,107.98669603395953,0.0,residential,2.2,0.0,3707.79668025065,False
J_00739,I_00726,16.537253138210957,107.50933906563222,3301.015055179596,residential,5.2,0.0,0.3832616085250624,False
J_00740,I_00715,16.442233553443675,107.79677078582043,78.0644268989563,normal,1.0,0.0,6.112599367220031,False
J_00741,I_00286,16.59108372565784,107.65544301345187,0.0,residential,2.2,0.0,3427.445991036178,False
J_00742,I_01003,16.313104871909513,107.86247615126915,102.6979603767395,hospitals,6.0,0.0,1860.4234577450638,False
J_00743,I_00550,16.56295792870507,107.55815356543759,2999.7463216781616,residential,2.2,0.0,3.0029789037385264,False
J_00744,I_00138,16.44848038355512,107.68013499400611,514.727532863617,residential,8.7,0.0,0.1369359054769387,False
J_00745,I_00728,16.400903271664017,107.67110768398716,73.17016887664795,normal,1.0,0.0,4.368709583520348,False
J_00746,I_00245,16.36343390208985,107.71715273367352,0.0,residential,2.2,0.0,7.527053004103725,False
J_00747,I_01061,16.39355842389459,107.7679157704402,159.3914556503296,normal,1.0,0.0,1.921797882156679,False
J_00748,I_00115,16.241012916246508,108.03908917422575,233.56895542144775,normal,1.0,0.0,231.84694570199585,False
J_00749,I_00977,16.643208848549946,107.37588911018733,2423.7500891685486,residential,2.2,0.0,3.110876922583917,False
J_00750,I_00250,16.740370781187277,107.38045528303039,53.678550243377686,residential,2.2,0.0,406.56175253867264,False
J_00751,I_00138,16.474714878452662,107.67667910114736,1574.0236892700195,residential,8.7,0.0,3.9506235900198576,False
J_00752,I_00964,16.359720355418432,107.02871193307186,615.4609756469727,residential,2.2,0.0,1.3308993291023856,False
J_00753,I_00469,16.516206751640333,107.49451837335384,881.9791693687439,residential,5.2,0.0,0.9027954007489966,False
J_00754,I_01065,16.350934667778514,107.78002718591985,156.5417037010193,normal,1.0,0.0,249.79129728285835,False
J_00755,I_00087,16.71806389767035,107.34430604074315,1727.61003780365,residential,2.2,0.0,11.29656425801594,False
J_00756,I_00390,16.291368855880414,108.05189624006267,297.824866771698,normal,1.0,0.0,465.27931951753135,False
J_00757,I_00573,16.35284047671515,107.94528940639606,528.1633291244507,residential,3.7,0.0,1056.2488756640942,False
J_00758,I_00690,16.345840905014736,107.89357433433564,3883.0353775024414,residential,3.7,0.0,9.155588434141157,False
J_00759,I_00726,16.529003871726214,107.58273971759003,3833.258123397827,residential,5.2,0.0,13.444458714508505,False
J_00760,I_00465,16.74974901654461,107.40700324807113,53.678550243377686,residential,2.2,0.0,2028.6629145332167,False
J_00761,I_01108,16.313104871909513,107.90388277883261,460.72876024246216,residential,3.7,0.0,1879.2656239636556,False
J_00762,I_00726,16.55164872793028,107.52849687264207,5897.24659204483,residential,5.2,0.0,14.957276848585687,False
J_00763,I_01168,16.30358913301278,107.77692431414518,61.78640270233154,industrial,2.5,0.0,41.5978411068069,False
J_00764,I_00895,16.224259230200005,108.09014532622214,6813.3052587509155,hospitals,6.0,0.0,163.7323493250366,False
J_00765,I_00506,16.372491638606355,107.77936478210532,156.5417037010193,normal,1.0,0.0,499.9245626791555,False
J_00766,I_00407,16.5530832678585,107.49259969020383,1848.793818473816,residential,2.2,0.0,12.642170972469083,False
J_00767,I_00679,16.68955302096437,107.45284126742244,2209.5241808891296,residential,2.2,0.0,1.973217177099769,False
J_00768,I_00371,16.33282744024066,108.01836749847163,676.9064221382141,industrial,2.5,0.0,4.723329845081451,False
J_00769,I_01183,16.3947281406194,107.7438908971193,1711.0224108695984,normal,1.0,0.0,0.2058908104311916,False
J_00770,I_01138,16.51818833027445,107.62737575835334,2406.820692062378,residential,2.2,0.0,24.187182493609544,False
J_00771,I_00895,16.163187678443922,108.10758325798336,0.0,hospitals,6.0,0.0,20.240938815215483,False
J_00772,I_00286,16.59108372565784,107.61403638588841,4606.417639255524,residential,2.2,0.0,1384.2060656410097,False
J_00773,I_00321,16.550522886859348,107.57909672370593,6605.829146385193,residential,2.2,0.0,8.651224586387405,False
J_00774,I_00476,16.630762374736268,107.48981650319804,2648.547465801239,residential,2.2,0.0,957.353465711099,False
J_00775,I_00132,16.660921920327247,107.3840746292688,5152.198896884918,residential,2.2,0.0,1.2377635031230054,False
J_00776,I_01129,16.390791455958418,107.57820646510741,298.5736255645752,normal,1.0,0.0,4.103305340185872,False
J_00777,I_00693,16.681226091198933,107.42023098247554,1348.8897519111633,residential,2.2,0.0,6.2366009433163185,False
J_00778,I_00408,16.220872539847942,108.03972677840821,199.72286415100098,normal,1.0,0.0,11.769716316621,False
J_00779,I_00093,16.35284047671515,107.86247615126915,1310.8462691307068,normal,1.0,0.0,268.61534704488946,False
J_00780,I_00421,16.471998715697744,107.77966289614224,735.5408477783203,residential,3.7,0.0,812.8545755129542,False
J_00781,I_00550,16.646501272743283,107.50814527612025,4413.397016525269,residential,2.2,0.0,9.204333583901947,False
J_00782,I_00931,16.258542266849187,108.03715683153592,566.2040686607361,normal,1.0,0.0,232.92580331224525,False
J_00783,I_00550,16.573531908228635,107.50620513606385,5079.393608093262,residential,2.2,0.0,50.30744805438255,False
J_00784,I_00887,16.420736067362917,107.62217520337333,2981.6874322891235,normal,1.0,0.0,6.5213394595618155,False
J_00785,I_00728,16.417695615944666,107.67319640846601,0.0,normal,1.0,0.0,0.8347593879768922,False
J_00786,I_00104,16.271028240602078,107.93738913025,199.4159426689148,residential,2.2,0.0,2.7296036131282464,False
J_00787,I_00270,16.493922595779196,107.6560348344544,4146.888622760773,residential,2.2,0.0,3.555956384252315,False
J_00788,I_00773,16.316258808634913,108.04260553726152,541.8719358444214,normal,1.0,0.0,177.86408334550066,False
J_00789,I_00550,16.563868831666845,107.53937300494455,4495.4475746154785,residential,2.2,0.0,4.573000433670676,False
J_00790,I_00872,16.243419201582807,108.08249407073977,7006.172823429108,hospitals,6.0,0.0,395.7779388581066,False
J_00791,I_00912,16.521960658775264,107.64954434512613,1673.4435148239136,residential,2.2,0.0,429.0891753335759,False
J_00792,I_00183,16.58288567377308,107.30912006103077,66.277907371521,normal,1.0,0.0,131.3217716242935,False
J_00793,I_00950,16.434226507494852,107.8237259733782,2768.73779296875,normal,1.0,0.0,365.775946677745,False
J_00794,I_00709,16.37744278733477,107.87600069140653,2083.9923644065857,normal,1.0,0.0,6.249724108607167,False
J_00795,I_00421,16.475204352626285,107.75340779851639,5538.509859085083,residential,3.7,0.0,11.683213841962838,False
J_00796,I_00119,16.394557073935875,107.59296171017881,298.5736255645752,normal,1.0,0.0,80.32856626178742,False
J_00797,I_00726,16.518448961743204,107.55728435101508,5584.612576961517,residential,5.2,0.0,3.306971624072403,False
J_00798,I_00465,16.739742260223164,107.39547725577616,207.3673858642578,residential,2.2,0.0,346.92259290220613,False
J_00799,I_00840,16.351393239839744,107.76484530098179,156.5417037010193,normal,1.0,0.0,159.00393742148205,False
J_00800,I_00834,16.382043221600014,107.85192934573885,3064.044310092926,normal,1.0,0.0,37.7449597032369,False
J_00801,I_00794,16.436899807119016,107.52808493581921,5694.527744293213,normal,1.0,0.0,0.7376529965689822,False
J_00802,I_00690,16.355296486111765,107.9158040327918,3969.478783607483,residential,3.7,0.0,116.58899156782465,False
J_00803,I_01110,16.25148920280058,107.79081869557007,239.6394748687744,normal,1.0,0.0,480.1202578184964,False
J_00804,I_00715,16.425711083411446,107.81119829778855,2768.73779296875,normal,1.0,0.0,15.553346406543637,False
J_00805,I_00679,16.72285481955532,107.41800575666561,222.61540603637695,residential,2.2,0.0,392.6885430554065,False
J_00806,I_00992,16.510927964865015,107.30010453677775,899.1762309074402,residential,2.2,0.0,47.6204483516385,False
J_00807,I_00469,16.49187121079011,107.51874473941714,4103.920809745789,residential,5.2,0.0,19.0992323064149,False
J_00808,I_00715,16.44552191129255,107.77515977757145,572.3789100646973,normal,1.0,0.0,1.176384202851393,False
J_00809,I_00550,16.549471680001506,107.54834740100988,5807.670691490173,residential,2.2,0.0,17.254674078626678,False
J_00810,I_00679,16.670432817784686,107.48981650319804,5223.892856121063,residential,2.2,0.0,804.940203736974,False
J_00811,I_00469,16.532395089527235,107.49699348981437,487.5649118423462,residential,5.2,0.0,1.5977521654076232,False
J_00812,I_00757,16.30098493497312,108.04320348291299,339.51750898361206,normal,1.0,0.0,435.20933789728895,False
J_00813,I_01112,16.38473877018582,107.73597774823018,1917.122214794159,residential,2.2,0.0,11.56159782915414,False
J_00814,I_00550,16.573724443831097,107.57670548310995,4871.4018568992615,residential,2.2,0.0,9.154415973089886,False
J_00815,I_00469,16.52501629544012,107.48384794646574,5494.637779712677,residential,5.2,0.0,104.42006195605252,False
J_00816,I_00270,16.505294649788034,107.62988002241605,8296.239524364471,residential,2.2,0.0,15.986650974470164,False
J_00817,I_00270,16.48110226036392,107.64521036788051,6666.252007961273,residential,2.2,0.0,1.5239029624687115,False
J_00818,I_00087,16.706758970592723,107.3499255468352,2774.2500171661377,residential,2.2,0.0,9.625490808276705,False
J_00819,I_00988,16.51170187877377,107.7382562685788,4806.5076723098755,residential,3.7,0.0,970.4407331391712,False
J_00820,I_00690,16.345690161768392,107.90561472090748,3984.5515246391296,residential,3.7,0.0,150.60554850231645,False
J_00821,I_00245,16.37200544481553,107.70909877913597,610.8123984336853,residential,2.2,0.0,14.870055183802643,False
J_00822,I_00006,16.23186030257531,108.08118549821486,7222.82569694519,hospitals,6.0,0.0,45.85017121170382,False
J_00823,I_00922,16.267996659486634,108.02773769567077,610.7373266220093,normal,1.0,0.0,5.783490452103599,False
J_00824,I_00846,16.51170187877377,107.65544301345187,2327.1371779441833,residential,2.2,0.0,505.58765940779404,False
J_00825,I_00557,16.54602791099728,107.61700960084148,5353.185718536377,residential,2.2,0.0,269.5442077648991,False
J_00826,I_01138,16.516150095402196,107.63935080012583,2453.2554502487183,residential,2.2,0.0,151.49314118363313,False
J_00827,I_00321,16.543509957386835,107.57046605190422,5113.258017539978,residential,2.2,0.0,11.060342148218094,False
J_00828,I_01165,16.323341587556236,107.92871272023922,745.213098526001,residential,3.7,0.0,1.929935836248401,False
J_00829,I_00503,16.276845714842676,108.05892622478162,87.93789100646973,normal,1.0,0.0,416.9489015216393,False
J_00830,I_00979,16.23090616294104,108.04367929361494,222.48326015472412,normal,1.0,0.0,357.727014458734,False
J_00831,I_00407,16.601678150088983,107.48304345891697,3994.1204385757446,residential,2.2,0.0,65.18511725154113,False
J_00832,I_01145,16.42540667370183,107.83268763798318,2754.087989807129,normal,1.0,0.0,208.43127701508004,False
J_00833,I_00557,16.54558155830782,107.5942908154096,6921.112184047699,residential,2.2,0.0,0.02446318848607955,False
J_00834,I_00550,16.573696334893075,107.52408915599922,5041.044919013977,residential,2.2,0.0,0.850156441863386,False
J_00835,I_00506,16.3611889781581,107.77852372242224,156.5417037010193,normal,1.0,0.0,254.90683394234688,False
J_00836,I_00516,16.30638918544048,107.98157798075727,2017.178481578827,residential,2.2,0.0,9.299669037354226,False
J_00837,I_00895,16.18059611998162,108.13105269570613,0.0,hospitals,6.0,0.0,0.837371921105596,False
J_00838,I_01061,16.429653503269584,107.77477970312034,743.8022227287292,normal,1.0,0.0,326.48466570426547,False
J_00839,I_00132,16.65324957739356,107.38972553480554,4087.369504928589,residential,2.2,0.0,14.752071854595805,False
J_00840,I_01173,16.259075995599744,107.23846769679488,6900.4947600364685,residential,2.2,0.0,5.838965005497886,False
J_00841,I_00954,16.58571100106054,107.60212945520763,7008.695297241211,residential,2.2,0.0,437.16862224643614,False
J_00842,I_01138,16.517107360627563,107.61321902057335,648.8164472579956,residential,2.2,0.0,10.20184723313743,False
J_00843,I_00321,16.55920230866119,107.57920208550287,6273.046067714691,residential,2.2,0.0,6.936248849268707,False
J_00844,I_00809,16.31615349785207,107.78222468467543,0.0,residential,3.7,0.0,24.756676706490346,False
J_00845,I_00872,16.236286100710643,108.08875328150046,7076.493785381317,hospitals,6.0,0.0,413.5996130419438,False
J_00846,I_00356,16.115863131172816,107.33632172097165,2006.9379515647888,residential,4.2,0.0,274.8653466318678,False
J_00847,I_00199,16.249900728328175,107.78231562372405,251.80607271194458,normal,1.0,0.0,488.1009854389198,False
J_00848,I_00355,16.30389317041371,108.01459572664142,870.4132032394409,normal,1.0,0.0,10.371189460912332,False
J_00849,I_00249,16.229021861836838,108.09708014001143,6538.925703525543,hospitals,6.0,0.0,435.9388308193873,False
J_00850,I_00905,16.390209157535434,107.05615688876274,850.2024078369141,residential,2.2,0.0,370.9923629620834,False
J_00851,I_00706,16.22744993810187,108.05122261830853,374.5341606140137,normal,1.0,0.0,410.82247632676325,False
J_00852,I_00550,16.575625781120763,107.51608908897344,4754.971722602844,residential,2.2,0.0,2.928154447234709,False
J_00853,I_01059,16.734287517694327,107.40133299807898,222.61540603637695,residential,2.2,0.0,452.5892756376332,False
J_00854,I_00690,16.347784575528152,107.91345612983673,4036.928731918335,residential,3.7,0.0,318.4144834666375,False
J_00855,I_00331,16.165853217117185,107.72044619874812,6381.785392284393,residential,5.2,0.0,29.24680759591035,False
J_00856,I_00286,16.581440136007043,107.6087849325311,6320.054637432098,residential,2.2,0.0,269.4719163098335,False
J_00857,I_00757,16.309082583140825,108.03990943130106,814.4867148399353,normal,1.0,0.0,421.44388904364905,False
J_00858,I_00337,16.59958697189887,107.3221861022937,744.9954619407654,normal,1.0,0.0,8.994923891053432,False
J_00859,I_00593,16.23801669064092,108.07679830431971,7208.239405155182,hospitals,6.0,0.0,68.69085789634595,False
J_00860,I_00407,16.545778905858743,107.4915272849319,2338.5041456222534,residential,2.2,0.0,0.8970234121722153,False
J_00861,I_00465,16.743695445781672,107.38905053453182,60.151413440704346,residential,2.2,0.0,486.0492399994899,False
J_00862,I_00999,16.241183497780973,107.24488685992083,8136.788149833679,residential,2.2,0.0,5.105995321280592,False
J_00863,I_00895,16.223510695052614,108.08268445371569,7029.2864990234375,hospitals,6.0,0.0,1.657761844312137,False
J_00864,I_01138,16.51256652347858,107.63289933911516,6984.170741558075,residential,2.2,0.0,261.85563570417287,False
J_00865,I_00351,16.396634505109386,107.72596982379241,2166.1586966514587,residential,2.2,0.0,15.821404486003905,False
J_00866,I_00421,16.457526035711254,107.72376262535298,6926.840836048126,residential,3.7,0.0,2.4214123209606915,False
J_00867,I_00308,16.306459571224327,107.98880417437218,1920.4566326141357,residential,2.2,0.0,8.563372357150195,False
J_00868,I_00376,16.51368307966616,107.64608885096685,2497.9587392807007,residential,2.2,0.0,233.64840992715207,False
J_00869,I_00066,16.492801122380683,107.44275424931197,7556.603565216064,residential,2.2,0.0,19.078694676740085,False
J_00870,I_00850,16.41870586489592,107.83120615098889,2747.7751688957214,normal,1.0,0.0,49.46371889633809,False
J_00871,I_00813,16.57676804103246,107.33179463332048,1405.7841029167175,residential,2.2,0.0,225.80148281255418,False
J_00872,I_00845,16.72712604455703,107.41243760909899,222.61540603637695,residential,2.2,0.0,459.272463610252,False
J_00873,I_00314,16.39767306554438,107.71712385854366,2222.9774889945984,residential,2.2,0.0,183.27910938785774,False
J_00874,I_00751,16.221992945039016,108.04670223352112,374.5341606140137,normal,1.0,0.0,32.86424527053966,False
J_00875,I_01066,16.13004160378884,107.33588093671416,1972.826446056366,residential,4.2,0.0,0.7477378288130221,False
J_00876,I_00516,16.312682515603765,107.98396579930711,1784.698447227478,residential,2.2,0.0,1.8935315598738092,False
J_00877,I_01017,16.401547556530723,107.73039761851366,2211.292993068695,residential,2.2,0.0,391.23398052262144,False
J_00878,I_01138,16.50924130666783,107.62465149765355,8199.17422580719,residential,2.2,0.0,12.56789860202093,False
J_00879,I_00569,16.295286711425874,108.0467727050837,304.55838680267334,normal,1.0,0.0,387.3861375544039,False
J_00880,I_00726,16.545507755280347,107.52982998233121,8198.751641750336,residential,5.2,0.0,18.880486437250635,False
J_00881,I_00992,16.5150406570904,107.2951632433611,918.3855056762695,residential,2.2,0.0,3.809732918668635,False
J_00882,I_00447,16.227433188481367,108.07660853133082,7222.82569694519,hospitals,6.0,0.0,280.292517904819,False
J_00883,I_01112,16.38903343981542,107.74058426089111,1696.443009853363,residential,2.2,0.0,17.803410453593838,False
J_00884,I_00503,16.285282352856076,108.05276471529216,197.77478885650635,normal,1.0,0.0,422.54045696465477,False
J_00885,I_01017,16.40150118521337,107.72209805820928,2276.3999166488647,residential,2.2,0.0,13.907426386900315,False
J_00886,I_00720,16.73374523854114,107.39447109819889,230.58313608169556,residential,2.2,0.0,15.395338779617514,False
J_00887,I_00751,16.219082733179977,108.05377355146884,472.76377058029175,normal,1.0,0.0,14.526677281714697,False
J_00888,I_00186,16.267153305215814,107.97689576651453,3851.530373096466,residential,2.2,0.0,6.881666285952531,False
J_00889,I_00270,16.500895560703214,107.64638128690214,7286.425124645233,residential,2.2,0.0,263.7122190758071,False
J_00890,I_00550,16.578722450686058,107.58014789138043,5521.45231962204,residential,2.2,0.0,69.54549697198472,False
J_00891,I_00037,16.721862268137563,107.40776455018926,230.58313608169556,residential,2.2,0.0,51.55893206057322,False
J_00892,I_00270,16.47366509462243,107.64574775046951,5506.779460906982,residential,2.2,0.0,5.704398241009679,False
J_00893,I_00611,16.37674031753278,107.04070747595033,1047.1153049468994,residential,2.2,0.0,396.5257652737767,False
J_00894,I_00979,16.236854076445578,108.04332276475957,199.29427814483643,normal,1.0,0.0,474.2558572993796,False
J_00895,I_01034,16.311150858308224,108.00589337494503,1640.3142185211182,residential,2.2,0.0,16.91514526552099,False
J_00896,I_00337,16.593455834920423,107.31655769326701,455.3329801559448,normal,1.0,0.0,461.2349025699547,False
J_00897,I_00337,16.586254575107255,107.3220394679145,831.9119734764099,normal,1.0,0.0,5.61414349732404,False
J_00898,I_00101,16.517324491110074,107.28389343830759,922.4557418823242,residential,2.2,0.0,0.312496434741924,False
J_00899,I_00249,16.23077286779423,108.09010360933394,7203.0958523750305,hospitals,6.0,0.0,252.75725868230566,False
J_00900,I_00321,16.554930528620158,107.58305358342515,7212.3638215065,residential,2.2,0.0,50.09462184379623,False
J_00901,I_00638,16.397569102214845,107.73880801851303,2120.968601703644,residential,2.2,0.0,7.474532691203251,False
J_00902,I_00996,16.356906099108095,107.764395469019,156.5417037010193,normal,1.0,0.0,311.27829458811664,False
J_00903,I_00550,16.58355070362987,107.58765459534358,7285.301059246063,residential,2.2,0.0,234.5173930859651,False
J_00904,I_00679,16.72000864969167,107.41312385743507,222.61540603637695,residential,2.2,0.0,4.011830073464193,False
J_00905,I_00850,16.41440717927013,107.82795091220963,2747.7751688957214,normal,1.0,0.0,4.9324933722692474,False
J_00906,I_00593,16.243460762143343,108.07695821471395,6904.441389083862,hospitals,6.0,0.0,14.02523096550529,False
J_00907,I_00846,16.508182894797965,107.65132217803973,3087.332615375519,residential,2.2,0.0,288.18102214539687,False
J_00908,I_00704,16.73856314065669,107.38813323542479,207.3673858642578,residential,2.2,0.0,8.133949921478687,False
J_00909,I_00612,16.406992735531556,107.7212113625993,2830.139479637146,residential,2.2,0.0,108.58092422548806,False
J_00910,I_01110,16.2538284857094,107.7861033075678,251.80607271194458,normal,1.0,0.0,99.91603882443664,False
J_00911,I_00066,16.529751263462124,107.47763437548424,8222.50661277771,residential,2.2,0.0,0.042443332693318986,False
J_00912,I_00912,16.516740896666906,107.65491656481774,1966.3797464370728,residential,2.2,0.0,232.4046676615426,False
J_00913,I_00556,16.343870421590687,107.74382466114596,132.7654004096985,normal,1.0,0.0,1.1134386545316473,False
J_00914,I_00469,16.486947323041534,107.51961311752204,4390.903371334076,residential,5.2,0.0,4.713896875582684,False
J_00915,I_01059,16.729942778643878,107.39880030948989,230.58313608169556,residential,2.2,0.0,91.64502143161641,False
J_00916,I_00715,16.422067400083424,107.81989748240335,2768.73779296875,normal,1.0,0.0,43.604115446779936,False
J_00917,I_00550,16.573589166449384,107.51137139648641,4546.995970726013,residential,2.2,0.0,0.6466169615740689,False
J_00918,I_00371,16.329563085054694,108.02225278112701,718.5952377319336,industrial,2.5,0.0,0.21411669096902702,False
J_00919,I_00245,16.37093753787206,107.71413676892219,551.8487887382507,residential,2.2,0.0,4.176691242969434,False
J_00920,I_00270,16.50854894500137,107.63564848848215,7772.38520860672,residential,2.2,0.0,21.96557922313412,False
J_00921,I_00895,16.227666727745763,108.08513456644012,7217.540714740753,hospitals,6.0,0.0,8.510059007002589,False
J_00922,I_00902,16.346350542835072,107.9181595244683,4211.95242357254,residential,3.7,0.0,158.34002787066032,False
J_00923,I_00178,16.30020461571526,107.98572631265604,2603.482319831848,residential,2.2,0.0,93.70627185614126,False
J_00924,I_01099,16.36193627003699,107.76192515437508,156.5417037010193,normal,1.0,0.0,189.37756804139207,False
J_00925,I_00370,16.42279305090168,107.82664135485345,2768.73779296875,normal,1.0,0.0,4.206527158694398,False
J_00926,I_00905,16.385125283054943,107.05742202109236,999.7450284957886,residential,2.2,0.0,10.815003904721484,False
J_00927,I_00668,16.31569700021156,107.98832411556134,1902.7381620407104,residential,2.2,0.0,328.43974243747994,False
J_00928,I_00706,16.22607307185119,108.04432938074817,304.16075134277344,normal,1.0,0.0,46.81855805016134,False
J_00929,I_00912,16.518478195713513,107.64633423520317,1489.9414949417114,residential,2.2,0.0,185.10498021791236,False
J_00930,I_00066,16.496493435248453,107.43968682656757,7470.561979293823,residential,2.2,0.0,3.4381217968700697,False
J_00931,I_00506,16.367933578599434,107.77855885033439,156.5417037010193,normal,1.0,0.0,349.6588464199271,False
J_00932,I_01165,16.334855797123687,107.91904735570377,3819.0606274604797,residential,3.7,0.0,200.97960660686732,False
J_00933,I_00183,16.580667196800647,107.31327808061707,188.6696367263794,normal,1.0,0.0,147.85827577473427,False
J_00934,I_00151,16.23356108116796,108.07623578597097,7213.524387359619,hospitals,6.0,0.0,394.7977320365254,False
J_00935,I_00469,16.50148979685411,107.51775830584481,5069.629125118256,residential,5.2,0.0,25.341916416451234,False
J_00936,I_00690,16.352419226404063,107.91232105002385,3975.286859512329,residential,3.7,0.0,85.1103800644301,False
J_00937,I_00827,16.372273912054972,107.58857784381769,260.625696182251,normal,1.0,0.0,40.320294000307136,False
J_00938,I_00521,16.237360487810122,107.25248652020052,7243.9014348983765,residential,2.2,0.0,6.367796132872139,False
J_00939,I_01138,16.517872596856403,107.63181698761366,2321.7703223228455,residential,2.2,0.0,420.94306397386146,False
J_00940,I_00668,16.31654457144915,107.98230755782531,1769.297547340393,residential,2.2,0.0,101.22973294970926,False
J_00941,I_00690,16.34463218817818,107.90980348380829,4052.5396757125854,residential,3.7,0.0,432.0304052257607,False
J_00942,I_00799,16.73067966243819,107.40514781181406,222.61540603637695,residential,2.2,0.0,380.62093563245094,False
J_00943,I_00690,16.343447799001403,107.89703633566343,3940.417499065399,residential,3.7,0.0,4.877448179666991,False
J_00944,I_00550,16.576584828305645,107.52017088398425,4816.548290729523,residential,2.2,0.0,3.2452356171537105,False
J_00945,I_01034,16.313300183923715,107.99805512762762,2204.180618286133,residential,2.2,0.0,122.16703695740881,False
J_00946,I_00845,16.727845977928098,107.40810330924674,222.61540603637695,residential,2.2,0.0,323.9872106557078,False
J_00947,I_00351,16.397565144406297,107.72130082908583,2284.099057197571,residential,2.2,0.0,75.2580454638015,False
J_00948,I_00912,16.51908159684951,107.6421830448009,1409.9080114364624,residential,2.2,0.0,372.99390328996225,False
J_00949,I_00726,16.548319826851635,107.54438261824286,6435.651569366455,residential,5.2,0.0,14.2145504244562,False
J_00950,I_00706,16.22321235123692,108.05527697088341,566.0840926170349,normal,1.0,0.0,464.60833203724866,False
J_00951,I_00645,16.407711963961475,107.57947055708418,170.60256814956665,normal,1.0,0.0,5.912527472872864,False
J_00952,I_00337,16.58867321646917,107.32528919999999,1394.4056820869446,normal,1.0,0.0,13.71587033988908,False
J_00953,I_01100,16.311608366923945,107.74482020701632,71.57078552246094,residential,3.7,0.0,71.93231074358884,False
J_00954,I_00905,16.38319763876426,107.04933844577761,999.2770009040833,residential,2.2,0.0,163.98725324610479,False
J_00955,I_00999,16.245576351935025,107.24459867549707,8611.562849998474,residential,2.2,0.0,11.215413819099998,False
J_00956,I_00931,16.266267273222454,108.03136597364242,610.7373266220093,normal,1.0,0.0,45.32130030131996,False
J_00957,I_00704,16.742404163344705,107.38390459060923,53.678550243377686,residential,2.2,0.0,42.36393275639346,False
J_00958,I_00550,16.57967730777063,107.58762000687031,8205.98851108551,residential,2.2,0.0,8.15838316257248,False
J_00959,I_01131,16.73614935423601,107.39755457991895,222.61540603637695,residential,2.2,0.0,142.45371142990265,False
J_00960,I_01017,16.40312794784283,107.72680481691923,2482.919801712036,residential,2.2,0.0,112.69192049233864,False
J_00961,I_00337,16.5957428373948,107.32221603662605,805.6965718269348,normal,1.0,0.0,7.294229012895916,False
J_00962,I_01065,16.35771355719381,107.77710963115845,156.5417037010193,normal,1.0,0.0,159.35021755268718,False
J_00963,I_00503,16.286989296835028,108.04931561354505,436.9099373817444,normal,1.0,0.0,176.35451474148255,False
J_00964,I_00846,16.511986803943124,107.65158530984986,2395.5070929527283,residential,2.2,0.0,223.89988903347893,False
J_00965,I_01034,16.309500351597528,107.99086402544451,2084.9317016601562,residential,2.2,0.0,80.56125123699695,False
J_00966,I_00465,16.74070831840995,107.39183873414997,207.3673858642578,residential,2.2,0.0,254.99475773842966,False
J_00967,I_00557,16.549280973719977,107.61553032570622,7622.973407268524,residential,2.2,0.0,8.544010655988409,False
J_00968,I_00365,16.269123189819098,107.98083556898246,3869.423910140991,residential,2.2,0.0,0.4141796946093769,False
J_00969,I_00905,16.387184164385314,107.05425206694854,974.5111694335938,residential,2.2,0.0,335.088111231285,False
J_00970,I_00872,16.237457426672893,108.08529277170925,7151.3442668914795,hospitals,6.0,0.0,159.1272417294323,False
J_00971,I_00447,16.224895763463557,108.07932836029802,7222.82569694519,hospitals,6.0,0.0,144.85122678938637,False
J_00972,I_00646,16.580409330711422,107.59925948625065,8197.68463230133,residential,2.2,0.0,67.42905511706361,False
J_00973,I_00780,16.51652304373576,107.2918909336005,930.2058339118958,residential,2.2,0.0,24.504657360498157,False
J_00974,I_00440,16.72401037811148,107.41459406327716,222.61540603637695,residential,2.2,0.0,331.25140516238355,False
J_00975,I_00550,16.58204813557347,107.59532953424498,8134.54970741272,residential,2.2,0.0,11.227655232832287,False
J_00976,I_00616,16.250422934113317,107.78675689164307,245.03417873382568,normal,1.0,0.0,494.1201816620072,False
J_00977,I_00846,16.51131946101292,107.64346817509049,3982.5827207565308,residential,2.2,0.0,264.33516289951353,False
J_00978,I_00407,16.552299199786635,107.47278476353179,8846.184898853302,residential,2.2,0.0,11.853218682680394,False
J_00979,I_01138,16.516916077911613,107.63588903543229,2493.0979256629944,residential,2.2,0.0,400.70224178885866,False
J_00980,I_00153,16.31562407448614,107.99546128304061,2222.785280227661,residential,2.2,0.0,482.2238150729312,False
J_00981,I_00690,16.348029214409863,107.90962712050877,4020.4489707946777,residential,3.7,0.0,82.50577414220871,False
J_00982,I_00232,16.292305626990892,108.04847050756752,304.55838680267334,normal,1.0,0.0,195.1162900122855,False
J_00983,I_00726,16.539172789647868,107.54354337037263,8792.988879203796,residential,5.2,0.0,4.199722237819083,False
J_00984,I_00850,16.41947458594764,107.82735573574445,2747.7751688957214,normal,1.0,0.0,27.540341375816503,False
J_00985,I_00115,16.231441211735653,108.04023587272793,193.39600229263306,normal,1.0,0.0,165.12556216740433,False
J_00986,I_00575,16.350282345534442,107.91576661071599,4038.978790283203,residential,3.7,0.0,130.90110039133592,False
J_00987,I_01138,16.512815299901078,107.63634401825595,5873.120339393616,residential,2.2,0.0,104.63028323700945,False
J_00988,I_00895,16.224522452131065,108.0867373569196,6961.3257756233215,hospitals,6.0,0.0,165.2331843748239,False
J_00989,I_01129,16.393311911665354,107.57605004013327,298.5736255645752,normal,1.0,0.0,51.87463605128837,False
J_00990,I_00178,16.309253187842224,107.98707269551304,1841.4326739311218,residential,2.2,0.0,181.3409491893558,False
J_00991,I_00557,16.574087751767596,107.60797150708436,7984.624499320984,residential,2.2,0.0,20.04965111036991,False
J_00992,I_00447,16.228819336922786,108.0800597191763,7222.82569694519,hospitals,6.0,0.0,228.8787036932041,False
J_00993,I_00137,16.514466816311653,107.64280992943857,2488.791585445404,residential,2.2,0.0,36.932931051613195,False
J_00994,I_00270,16.50340564736794,107.64431014126095,7351.508553981781,residential,2.2,0.0,24.189764049394874,False
J_00995,I_00611,16.378125176684797,107.04377858142904,1047.1153049468994,residential,2.2,0.0,194.53035707418343,False
J_00996,I_00465,16.739189401843838,107.39872811479644,222.61540603637695,residential,2.2,0.0,494.251864417287,False
J_00997,I_00872,16.23321555268289,108.0879965671405,7203.0958523750305,hospitals,6.0,0.0,157.5072367274652,False
J_00998,I_00723,16.343922572136123,107.91612142388885,4231.096450805664,residential,3.7,0.0,485.18512745606506,False
J_00999,I_01108,16.338521760804454,107.9159701156168,4276.995407104492,residential,3.7,0.0,408.1204991376194,False
