base_lat,base_lon,site_lat,site_lon,base_id,cow_id,site_id,priority_category,priority_weight,distance_km,travel_time_hr,travel_cost_vnd
16.4619,107.5889,16.472873908455245,107.6106799943142,BASE_1,COW_001,J_00000,residential,9.7,3.110316563570949,0.06220633127141898,7153.728096213183
16.4619,107.5889,16.45396757555403,107.61918797095066,BASE_1,COW_001,J_00001,residential,7.2,3.9390340736852574,0.07878068147370515,9059.778369476093
16.4619,107.5889,16.47154095544053,107.55669854007874,BASE_1,COW_001,J_00002,residential,5.7,4.90845977667605,0.098169195533521,11289.457486354915
16.4619,107.5889,16.463456332330566,107.5546957781065,BASE_1,COW_001,J_00003,residential,5.7,4.552899912402679,0.09105799824805358,10471.669798526162
16.4619,107.5889,16.490724152243274,107.5839987846654,BASE_1,COW_001,J_00004,residential,2.2,4.232634136197737,0.08465268272395474,9735.058513254795
16.4619,107.5889,16.468886116113154,107.5392851750938,BASE_1,COW_001,J_00005,residential,3.7,7.016883287890822,0.14033766575781645,16138.831562148891
16.4619,107.5889,16.459945898804236,107.55707170860308,BASE_1,COW_001,J_00006,residential,5.7,4.092189930352538,0.08184379860705077,9412.036839810839
16.4619,107.5889,16.448139316005754,107.62900374280078,BASE_1,COW_001,J_00007,residential,4.7,5.414013099355018,0.10828026198710036,12452.230128516541
16.4619,107.5889,16.50770560492689,107.5513454513049,BASE_1,COW_001,J_00008,residential,2.2,6.789645909519809,0.13579291819039618,15616.18559189556
16.4619,107.5889,16.535924521807456,107.68855230948328,BASE_1,COW_001,J_00009,normal,1.0,19.080196273667166,0.3816039254733433,43884.451429434484
16.4619,107.5889,16.550328251701867,107.62620844418208,BASE_1,COW_001,J_00010,residential,2.2,12.806226143911898,0.25612452287823795,29454.320130997367
16.4619,107.5889,16.559754907577233,107.61871360688176,BASE_1,COW_001,J_00011,residential,2.2,14.21911987025406,0.2843823974050812,32703.97570158434
16.4619,107.5889,16.523274223294226,107.69330456813202,BASE_1,COW_001,J_00012,normal,1.0,20.584985917926932,0.41169971835853864,47345.46761123194
16.4619,107.5889,16.273160931116365,107.87468923427582,BASE_1,COW_001,J_00013,hospitals,6.0,39.331672774527625,0.7866334554905525,90462.84738141354
16.4619,107.5889,16.52305861296173,107.70145268388114,BASE_1,COW_001,J_00014,normal,1.0,21.033638927446283,0.42067277854892565,48377.36953312645
16.4619,107.5889,16.561389109775824,107.60322552654831,BASE_1,COW_001,J_00015,residential,2.2,14.20398345686588,0.2840796691373176,32669.161950791524
16.4619,107.5889,16.53350103835496,107.54083599980493,BASE_1,COW_001,J_00016,residential,2.2,11.917732766630625,0.2383546553326125,27410.785363250438
16.4619,107.5889,16.54518944601392,107.42752759281646,BASE_1,COW_001,J_00017,residential,3.7,21.580072625114134,0.43160145250228266,49634.167037762505
16.4619,107.5889,16.516409753854667,107.71063204761622,BASE_1,COW_001,J_00018,normal,1.0,22.278102619349013,0.44556205238698027,51239.63602450273
16.4619,107.5889,16.246653516500725,107.24686057726342,BASE_1,COW_001,J_00019,residential,2.2,64.9386926185613,1.298773852371226,149358.993022691
16.4619,107.5889,16.450794259691136,107.72511393206908,BASE_1,COW_001,J_00020,residential,5.7,18.97989457682141,0.37959789153642814,43653.75752668924
16.4619,107.5889,16.511533614699083,107.71541068050291,BASE_1,COW_001,J_00021,normal,1.0,23.064250781533115,0.4612850156306623,53047.77679752617
16.4619,107.5889,16.470087079506218,107.63918470164964,BASE_1,COW_001,J_00022,residential,4.7,6.670410746431815,0.1334082149286363,15341.944716793176
16.4619,107.5889,16.442016856115924,107.72822832866149,BASE_1,COW_001,J_00023,residential,5.7,17.682058113269118,0.35364116226538234,40668.73366051897
16.4619,107.5889,16.506029242964782,107.62567129678769,BASE_1,COW_001,J_00024,residential,2.2,7.630262361272036,0.15260524722544072,17549.603430925683
16.4619,107.5889,16.579685501922715,107.58736154579384,BASE_1,COW_001,J_00025,residential,2.2,15.358049876526206,0.3071609975305241,35323.51471601027
16.4619,107.5889,16.66393035346636,107.35559637793077,BASE_1,COW_001,J_00026,residential,2.2,37.93265650613059,0.7586531301226118,87245.10996410035
16.4619,107.5889,16.438453094761204,107.73677161213271,BASE_1,COW_001,J_00027,residential,5.7,18.61240128594981,0.37224802571899623,42808.52295768457
16.4619,107.5889,16.248164304494374,107.23238633470594,BASE_1,COW_001,J_00028,residential,2.2,67.74158199350012,1.3548316398700024,155805.63858505027
16.4619,107.5889,16.467401830416172,107.74412044338574,BASE_1,COW_001,J_00029,residential,3.7,20.8245694441385,0.41649138888277,47896.50972151855
16.4619,107.5889,16.22769573648302,108.07312412860249,BASE_1,COW_001,J_00030,hospitals,6.0,67.3199831909727,1.3463996638194542,154835.96133923723
16.4619,107.5889,16.6567619206231,107.3495614668992,BASE_1,COW_001,J_00031,residential,2.2,37.24940456084693,0.7449880912169387,85673.63048994794
16.4619,107.5889,16.23642580060988,107.25634003768069,BASE_1,COW_001,J_00032,residential,2.2,63.38242572214135,1.267648514442827,145779.5791609251
16.4619,107.5889,16.649846477639887,107.33861595874995,BASE_1,COW_001,J_00033,residential,2.2,39.521577823855075,0.7904315564771015,90899.62899486667
16.4619,107.5889,16.582166947493878,107.35875602850297,BASE_1,COW_001,J_00034,residential,3.7,30.011166543860558,0.6002233308772111,69025.68305087928
16.4619,107.5889,16.54268106207316,107.42173424731372,BASE_1,COW_001,J_00035,residential,3.7,22.5554323216067,0.45110864643213394,51877.494339695404
16.4619,107.5889,16.63762488123805,107.42379895451036,BASE_1,COW_001,J_00036,residential,2.2,29.22181902743583,0.5844363805487166,67210.18376310241
16.4619,107.5889,16.161742476623008,107.72726450231792,BASE_1,COW_001,J_00037,residential,5.2,46.275528347940984,0.9255105669588197,106433.71520026427
16.4619,107.5889,16.4617079129225,107.7055620386572,BASE_1,COW_001,J_00038,residential,8.7,15.26329348973541,0.3052658697947082,35105.575026391445
16.4619,107.5889,16.672385358081804,107.36627022634389,BASE_1,COW_001,J_00039,residential,2.2,36.75538539456234,0.7351077078912468,84537.38640749338
16.4619,107.5889,16.659521457681674,107.4522269483472,BASE_1,COW_001,J_00040,residential,2.2,33.03225252579212,0.6606450505158423,75974.18080932187
16.4619,107.5889,16.66522777932196,107.36875091304154,BASE_1,COW_001,J_00041,residential,2.2,36.14339733932192,0.7228679467864384,83129.81388044042
16.4619,107.5889,16.660820621499212,107.38427458078796,BASE_1,COW_001,J_00042,residential,2.2,34.30776022724977,0.6861552045449955,78907.84852267448
16.4619,107.5889,16.62511390305801,107.5150854990652,BASE_1,COW_001,J_00043,residential,2.2,25.250480048256584,0.5050096009651317,58076.10411099014
16.4619,107.5889,16.59440422417168,107.38514305632124,BASE_1,COW_001,J_00044,residential,3.7,29.525082967561826,0.5905016593512366,67907.6908253922
16.4619,107.5889,16.290663014244483,107.98452104257804,BASE_1,COW_001,J_00045,residential,2.2,54.20145777854764,1.084029155570953,124663.35289065957
16.4619,107.5889,16.633195073021646,107.507332913964,BASE_1,COW_001,J_00046,residential,2.2,26.22459859550754,0.5244919719101508,60316.57676966734
16.4619,107.5889,16.64547217362694,107.47963578206634,BASE_1,COW_001,J_00047,residential,2.2,29.703330608364322,0.5940666121672864,68317.66039923794
16.4619,107.5889,16.275156728172423,107.9790458824707,BASE_1,COW_001,J_00048,residential,2.2,51.84779800490606,1.0369559600981213,119249.93541128394
16.4619,107.5889,16.34363572772629,107.9189163333372,BASE_1,COW_001,J_00049,residential,3.7,44.87823238593507,0.8975646477187014,103219.93448765067
16.4619,107.5889,16.570555932832004,107.34394499346718,BASE_1,COW_001,J_00050,residential,2.2,32.289328764275105,0.6457865752855021,74265.45615783274
16.4619,107.5889,16.50665956554493,107.64903907436688,BASE_1,COW_001,J_00051,residential,2.2,10.513966552689029,0.21027933105378058,24182.123071184767
16.4619,107.5889,16.448260129769277,107.64861740367776,BASE_1,COW_001,J_00052,normal,1.0,9.054823618624496,0.18109647237248994,20826.094322836343
16.4619,107.5889,16.664330238141044,107.44405209681626,BASE_1,COW_001,J_00053,residential,2.2,33.506869279274035,0.6701373855854807,77065.79934233028
16.4619,107.5889,16.710100944408335,107.36367785595424,BASE_1,COW_001,J_00054,residential,2.2,41.795797053393045,0.8359159410678609,96130.33322280401
16.4619,107.5889,16.480897966159755,107.68092090339064,BASE_1,COW_001,J_00055,normal,1.0,11.596614863125701,0.23193229726251402,26672.214185189114
16.4619,107.5889,16.14765835550746,107.73729962770445,BASE_1,COW_001,J_00056,residential,2.2,48.38388776776133,0.9676777553552266,111282.94186585105
16.4619,107.5889,16.373443668977306,107.85603136854854,BASE_1,COW_001,J_00057,normal,1.0,36.62481525218274,0.7324963050436548,84237.07508002031
16.4619,107.5889,16.236211589375223,107.22393073902197,BASE_1,COW_001,J_00058,residential,2.2,67.98188791980856,1.3596377583961712,156358.34221555968
16.4619,107.5889,16.410861708638596,107.70818685325207,BASE_1,COW_001,J_00059,residential,2.2,15.716335281593201,0.31432670563186405,36147.57114766436
16.4619,107.5889,16.421865835419105,107.82715158327233,BASE_1,COW_001,J_00060,normal,1.0,31.354695672562283,0.6270939134512457,72115.80004689324
16.4619,107.5889,16.307299072885844,107.99887024033504,BASE_1,COW_001,J_00061,residential,2.2,55.65838064782537,1.1131676129565073,128014.27548999834
16.4619,107.5889,16.125824585720828,107.33690100951722,BASE_1,COW_001,J_00062,residential,4.2,76.95810621018406,1.539162124203681,177003.64428342332
16.4619,107.5889,16.11106359177746,107.3459286850522,BASE_1,COW_001,J_00063,residential,4.2,78.63915165038009,1.5727830330076018,180870.0487958742
16.4619,107.5889,16.397552183845967,107.73878502140444,BASE_1,COW_001,J_00064,residential,2.2,19.68763773528617,0.3937527547057234,45281.56679115819
16.4619,107.5889,16.282173515285585,108.00397198020616,BASE_1,COW_001,J_00065,normal,1.0,55.29323434481486,1.1058646868962974,127174.43899307419
16.4619,107.5889,16.313228802378926,108.00400545253144,BASE_1,COW_001,J_00066,residential,2.2,56.63023907620019,1.132604781524004,130249.54987526043
16.4619,107.5889,16.096950630612657,107.33875248677712,BASE_1,COW_001,J_00067,residential,4.2,80.0437340924077,1.600874681848154,184100.5884125377
16.4619,107.5889,16.393605717506578,107.47491737817752,BASE_1,COW_001,J_00068,normal,1.0,26.638204302670403,0.5327640860534081,61267.86989614193
16.4619,107.5889,16.586617352569917,107.32618309940084,BASE_1,COW_001,J_00069,residential,2.2,37.24606837174508,0.7449213674349017,85665.9572550137
16.4619,107.5889,16.271244454586103,108.00910347085969,BASE_1,COW_001,J_00070,normal,1.0,54.79927192924924,1.0959854385849848,126038.32543727325
16.4619,107.5889,16.30225806317275,107.20372544535816,BASE_1,COW_001,J_00071,residential,2.2,72.19333855806751,1.4438667711613502,166044.67868355528
16.4619,107.5889,16.402115481041722,107.47520524289446,BASE_1,COW_001,J_00072,normal,1.0,26.676695153937196,0.5335339030787439,61356.39885405555
16.4619,107.5889,16.52378765566236,107.3139491709039,BASE_1,COW_001,J_00073,residential,2.2,35.89843658279703,0.7179687316559407,82566.40414043318
16.4619,107.5889,16.086551495132397,107.35884214702251,BASE_1,COW_001,J_00074,residential,2.2,81.9898341221997,1.639796682443994,188576.6184810593
16.4619,107.5889,16.523931313921075,107.32725410709553,BASE_1,COW_001,J_00075,residential,2.2,35.26974161234694,0.7053948322469388,81120.40570839796
16.4619,107.5889,16.480643081216858,107.47700505517273,BASE_1,COW_001,J_00076,normal,1.0,24.85793284837414,0.4971586569674828,57173.24555126052
16.4619,107.5889,16.535483366486226,107.31505993488494,BASE_1,COW_001,J_00077,residential,2.2,36.43549116254789,0.7287098232509578,83801.62967386015
16.4619,107.5889,16.381819827596345,107.05380788572604,BASE_1,COW_001,J_00078,residential,2.2,98.07706201134609,1.9615412402269217,225577.242626096
16.4619,107.5889,16.327586846766124,107.17172432241124,BASE_1,COW_001,J_00079,residential,2.2,76.81300486325215,1.5362600972650429,176669.91118547993
16.4619,107.5889,16.367586886950164,107.12413208129658,BASE_1,COW_001,J_00080,residential,2.2,84.00715974271083,1.6801431948542165,193216.4674082349
16.4619,107.5889,16.517165018434337,107.2838374887184,BASE_1,COW_001,J_00081,residential,2.2,39.76599321399879,0.7953198642799758,91461.78439219722
16.4619,107.5889,16.438981227586616,107.5139975441275,BASE_1,COW_001,J_00082,normal,1.0,9.609742660093662,0.19219485320187324,22102.408118215422
16.4619,107.5889,16.312890221356728,108.01470279736397,BASE_1,COW_001,J_00083,residential,2.2,57.97733667302898,1.1595467334605796,133347.87434796666
16.4619,107.5889,16.216133505596858,108.06041050509896,BASE_1,COW_001,J_00084,normal,1.0,69.57152624742545,1.391430524948509,160014.51036907855
16.4619,107.5889,16.330519603057706,107.61988581167678,BASE_1,COW_001,J_00085,normal,1.0,21.434012313467235,0.4286802462693447,49298.22832097464
16.4619,107.5889,16.32326506375919,107.92873922428788,BASE_1,COW_001,J_00086,residential,3.7,47.76728159174636,0.9553456318349273,109864.74766101663
16.4619,107.5889,16.358389326577083,107.03428028491932,BASE_1,COW_001,J_00087,residential,2.2,60.26791747990077,1.2053583495980154,138616.21020377177
16.4619,107.5889,16.272059177144055,108.03095994999136,BASE_1,COW_001,J_00088,normal,1.0,57.56391095489667,1.1512782190979334,132396.99519626235
16.4619,107.5889,16.299009021086444,107.34745474017085,BASE_1,COW_001,J_00089,residential,2.2,44.118502277666444,0.8823700455533289,101472.55523863282
16.4619,107.5889,16.289493969176597,107.38769133922136,BASE_1,COW_001,J_00090,residential,2.2,39.54898977426324,0.7909797954852649,90962.67648080546
16.4619,107.5889,16.274536262786913,107.7786320156488,BASE_1,COW_001,J_00091,normal,1.0,32.46817920086931,0.6493635840173861,74676.8121619994
16.4619,107.5889,16.37762949107703,107.59628086752136,BASE_1,COW_001,J_00092,normal,1.0,13.116062345652065,0.2623212469130413,30166.943394999747
16.4619,107.5889,16.392506992461776,107.68160012426344,BASE_1,COW_001,J_00093,normal,1.0,14.374266632097402,0.28748533264194803,33060.813253824024
16.4619,107.5889,16.291495847254687,107.78281049017544,BASE_1,COW_001,J_00094,normal,1.0,30.41725820213846,0.6083451640427692,69959.69386491846
16.4619,107.5889,16.262949238810066,107.68704525300502,BASE_1,COW_001,J_00095,normal,1.0,34.38713187369154,0.6877426374738307,79090.40330949053
16.4619,107.5889,16.370696626026824,107.74702732165454,BASE_1,COW_001,J_00096,normal,1.0,21.286746252756547,0.42573492505513094,48959.51638134006
16.4619,107.5889,16.14425462175665,107.75122345243598,BASE_1,COW_001,J_00097,residential,2.2,50.0853676821448,1.001707353642896,115196.34566893303
16.4619,107.5889,16.592471780445756,107.3124838483418,BASE_1,COW_001,J_00098,residential,2.2,40.20222504501222,0.8040445009002444,92465.11760352811
16.4619,107.5889,16.730071045230396,107.4000535954682,BASE_1,COW_001,J_00099,residential,2.2,42.977719965858604,0.859554399317172,98848.75592147479
16.4619,107.5889,16.113219935355232,107.63177648157864,BASE_1,COW_001,J_00100,normal,1.0,59.42959617137814,1.1885919234275628,136688.07119416972
16.4619,107.5889,16.371149471798947,107.7561813090597,BASE_1,COW_001,J_00101,normal,1.0,23.125260552555392,0.46250521105110787,53188.0992708774
16.4619,107.5889,16.31521698231939,107.71719159344256,BASE_1,COW_001,J_00102,normal,1.0,25.357695719130763,0.5071539143826153,58322.700154000755
16.4619,107.5889,16.31007366662314,107.75139680413022,BASE_1,COW_001,J_00103,residential,3.7,26.829945243713755,0.5365989048742751,61708.87406054164
16.4619,107.5889,16.350004077412255,107.686440633005,BASE_1,COW_001,J_00104,normal,1.0,20.758327018884458,0.4151665403776892,47744.15214343425
16.4619,107.5889,16.329646285748634,107.41288768408508,BASE_1,COW_001,J_00105,residential,2.2,32.809163598367206,0.6561832719673442,75461.07627624458
16.4619,107.5889,16.381411409546235,107.6209067584559,BASE_1,COW_001,J_00106,normal,1.0,16.56588586092002,0.33131771721840036,38101.53748011604
16.4619,107.5889,16.352378211756804,107.48687496708726,BASE_1,COW_001,J_00107,normal,1.0,22.063658159977226,0.4412731631995445,50746.41376794762
16.4619,107.5889,16.356730759468014,107.53688054729449,BASE_1,COW_001,J_00108,normal,1.0,19.178195045446405,0.3835639009089281,44109.84860452673
16.4619,107.5889,16.341878021653464,107.73230095956784,BASE_1,COW_001,J_00109,residential,3.7,23.058569435620058,0.46117138871240115,53034.709701926135
16.4619,107.5889,16.310138893373413,107.08295978611184,BASE_1,COW_001,J_00110,residential,2.2,101.15345818556949,2.02306916371139,232652.95382680983
16.4619,107.5889,16.472873908455245,107.6106799943142,BASE_1,COW_002,J_00000,residential,9.7,3.110316563570949,0.06220633127141898,7153.728096213183
16.4619,107.5889,16.45396757555403,107.61918797095066,BASE_1,COW_002,J_00001,residential,7.2,3.9390340736852574,0.07878068147370515,9059.778369476093
16.4619,107.5889,16.47154095544053,107.55669854007874,BASE_1,COW_002,J_00002,residential,5.7,4.90845977667605,0.098169195533521,11289.457486354915
16.4619,107.5889,16.463456332330566,107.5546957781065,BASE_1,COW_002,J_00003,residential,5.7,4.552899912402679,0.09105799824805358,10471.669798526162
16.4619,107.5889,16.490724152243274,107.5839987846654,BASE_1,COW_002,J_00004,residential,2.2,4.232634136197737,0.08465268272395474,9735.058513254795
16.4619,107.5889,16.468886116113154,107.5392851750938,BASE_1,COW_002,J_00005,residential,3.7,7.016883287890822,0.14033766575781645,16138.831562148891
16.4619,107.5889,16.459945898804236,107.55707170860308,BASE_1,COW_002,J_00006,residential,5.7,4.092189930352538,0.08184379860705077,9412.036839810839
16.4619,107.5889,16.448139316005754,107.62900374280078,BASE_1,COW_002,J_00007,residential,4.7,5.414013099355018,0.10828026198710036,12452.230128516541
16.4619,107.5889,16.50770560492689,107.5513454513049,BASE_1,COW_002,J_00008,residential,2.2,6.789645909519809,0.13579291819039618,15616.18559189556
16.4619,107.5889,16.535924521807456,107.68855230948328,BASE_1,COW_002,J_00009,normal,1.0,19.080196273667166,0.3816039254733433,43884.451429434484
16.4619,107.5889,16.550328251701867,107.62620844418208,BASE_1,COW_002,J_00010,residential,2.2,12.806226143911898,0.25612452287823795,29454.320130997367
16.4619,107.5889,16.559754907577233,107.61871360688176,BASE_1,COW_002,J_00011,residential,2.2,14.21911987025406,0.2843823974050812,32703.97570158434
16.4619,107.5889,16.523274223294226,107.69330456813202,BASE_1,COW_002,J_00012,normal,1.0,20.584985917926932,0.41169971835853864,47345.46761123194
16.4619,107.5889,16.273160931116365,107.87468923427582,BASE_1,COW_002,J_00013,hospitals,6.0,39.331672774527625,0.7866334554905525,90462.84738141354
16.4619,107.5889,16.52305861296173,107.70145268388114,BASE_1,COW_002,J_00014,normal,1.0,21.033638927446283,0.42067277854892565,48377.36953312645
16.4619,107.5889,16.561389109775824,107.60322552654831,BASE_1,COW_002,J_00015,residential,2.2,14.20398345686588,0.2840796691373176,32669.161950791524
16.4619,107.5889,16.53350103835496,107.54083599980493,BASE_1,COW_002,J_00016,residential,2.2,11.917732766630625,0.2383546553326125,27410.785363250438
16.4619,107.5889,16.54518944601392,107.42752759281646,BASE_1,COW_002,J_00017,residential,3.7,21.580072625114134,0.43160145250228266,49634.167037762505
16.4619,107.5889,16.516409753854667,107.71063204761622,BASE_1,COW_002,J_00018,normal,1.0,22.278102619349013,0.44556205238698027,51239.63602450273
16.4619,107.5889,16.246653516500725,107.24686057726342,BASE_1,COW_002,J_00019,residential,2.2,64.9386926185613,1.298773852371226,149358.993022691
16.4619,107.5889,16.450794259691136,107.72511393206908,BASE_1,COW_002,J_00020,residential,5.7,18.97989457682141,0.37959789153642814,43653.75752668924
16.4619,107.5889,16.511533614699083,107.71541068050291,BASE_1,COW_002,J_00021,normal,1.0,23.064250781533115,0.4612850156306623,53047.77679752617
16.4619,107.5889,16.470087079506218,107.63918470164964,BASE_1,COW_002,J_00022,residential,4.7,6.670410746431815,0.1334082149286363,15341.944716793176
16.4619,107.5889,16.442016856115924,107.72822832866149,BASE_1,COW_002,J_00023,residential,5.7,17.682058113269118,0.35364116226538234,40668.73366051897
16.4619,107.5889,16.506029242964782,107.62567129678769,BASE_1,COW_002,J_00024,residential,2.2,7.630262361272036,0.15260524722544072,17549.603430925683
16.4619,107.5889,16.579685501922715,107.58736154579384,BASE_1,COW_002,J_00025,residential,2.2,15.358049876526206,0.3071609975305241,35323.51471601027
16.4619,107.5889,16.66393035346636,107.35559637793077,BASE_1,COW_002,J_00026,residential,2.2,37.93265650613059,0.7586531301226118,87245.10996410035
16.4619,107.5889,16.438453094761204,107.73677161213271,BASE_1,COW_002,J_00027,residential,5.7,18.61240128594981,0.37224802571899623,42808.52295768457
16.4619,107.5889,16.248164304494374,107.23238633470594,BASE_1,COW_002,J_00028,residential,2.2,67.74158199350012,1.3548316398700024,155805.63858505027
16.4619,107.5889,16.467401830416172,107.74412044338574,BASE_1,COW_002,J_00029,residential,3.7,20.8245694441385,0.41649138888277,47896.50972151855
16.4619,107.5889,16.22769573648302,108.07312412860249,BASE_1,COW_002,J_00030,hospitals,6.0,67.3199831909727,1.3463996638194542,154835.96133923723
16.4619,107.5889,16.6567619206231,107.3495614668992,BASE_1,COW_002,J_00031,residential,2.2,37.24940456084693,0.7449880912169387,85673.63048994794
16.4619,107.5889,16.23642580060988,107.25634003768069,BASE_1,COW_002,J_00032,residential,2.2,63.38242572214135,1.267648514442827,145779.5791609251
16.4619,107.5889,16.649846477639887,107.33861595874995,BASE_1,COW_002,J_00033,residential,2.2,39.521577823855075,0.7904315564771015,90899.62899486667
16.4619,107.5889,16.582166947493878,107.35875602850297,BASE_1,COW_002,J_00034,residential,3.7,30.011166543860558,0.6002233308772111,69025.68305087928
16.4619,107.5889,16.54268106207316,107.42173424731372,BASE_1,COW_002,J_00035,residential,3.7,22.5554323216067,0.45110864643213394,51877.494339695404
16.4619,107.5889,16.63762488123805,107.42379895451036,BASE_1,COW_002,J_00036,residential,2.2,29.22181902743583,0.5844363805487166,67210.18376310241
16.4619,107.5889,16.161742476623008,107.72726450231792,BASE_1,COW_002,J_00037,residential,5.2,46.275528347940984,0.9255105669588197,106433.71520026427
16.4619,107.5889,16.4617079129225,107.7055620386572,BASE_1,COW_002,J_00038,residential,8.7,15.26329348973541,0.3052658697947082,35105.575026391445
16.4619,107.5889,16.672385358081804,107.36627022634389,BASE_1,COW_002,J_00039,residential,2.2,36.75538539456234,0.7351077078912468,84537.38640749338
16.4619,107.5889,16.659521457681674,107.4522269483472,BASE_1,COW_002,J_00040,residential,2.2,33.03225252579212,0.6606450505158423,75974.18080932187
16.4619,107.5889,16.66522777932196,107.36875091304154,BASE_1,COW_002,J_00041,residential,2.2,36.14339733932192,0.7228679467864384,83129.81388044042
16.4619,107.5889,16.660820621499212,107.38427458078796,BASE_1,COW_002,J_00042,residential,2.2,34.30776022724977,0.6861552045449955,78907.84852267448
16.4619,107.5889,16.62511390305801,107.5150854990652,BASE_1,COW_002,J_00043,residential,2.2,25.250480048256584,0.5050096009651317,58076.10411099014
16.4619,107.5889,16.59440422417168,107.38514305632124,BASE_1,COW_002,J_00044,residential,3.7,29.525082967561826,0.5905016593512366,67907.6908253922
16.4619,107.5889,16.290663014244483,107.98452104257804,BASE_1,COW_002,J_00045,residential,2.2,54.20145777854764,1.084029155570953,124663.35289065957
16.4619,107.5889,16.633195073021646,107.507332913964,BASE_1,COW_002,J_00046,residential,2.2,26.22459859550754,0.5244919719101508,60316.57676966734
16.4619,107.5889,16.64547217362694,107.47963578206634,BASE_1,COW_002,J_00047,residential,2.2,29.703330608364322,0.5940666121672864,68317.66039923794
16.4619,107.5889,16.275156728172423,107.9790458824707,BASE_1,COW_002,J_00048,residential,2.2,51.84779800490606,1.0369559600981213,119249.93541128394
16.4619,107.5889,16.34363572772629,107.9189163333372,BASE_1,COW_002,J_00049,residential,3.7,44.87823238593507,0.8975646477187014,103219.93448765067
16.4619,107.5889,16.570555932832004,107.34394499346718,BASE_1,COW_002,J_00050,residential,2.2,32.289328764275105,0.6457865752855021,74265.45615783274
16.4619,107.5889,16.50665956554493,107.64903907436688,BASE_1,COW_002,J_00051,residential,2.2,10.513966552689029,0.21027933105378058,24182.123071184767
16.4619,107.5889,16.448260129769277,107.64861740367776,BASE_1,COW_002,J_00052,normal,1.0,9.054823618624496,0.18109647237248994,20826.094322836343
16.4619,107.5889,16.664330238141044,107.44405209681626,BASE_1,COW_002,J_00053,residential,2.2,33.506869279274035,0.6701373855854807,77065.79934233028
16.4619,107.5889,16.710100944408335,107.36367785595424,BASE_1,COW_002,J_00054,residential,2.2,41.795797053393045,0.8359159410678609,96130.33322280401
16.4619,107.5889,16.480897966159755,107.68092090339064,BASE_1,COW_002,J_00055,normal,1.0,11.596614863125701,0.23193229726251402,26672.214185189114
16.4619,107.5889,16.14765835550746,107.73729962770445,BASE_1,COW_002,J_00056,residential,2.2,48.38388776776133,0.9676777553552266,111282.94186585105
16.4619,107.5889,16.373443668977306,107.85603136854854,BASE_1,COW_002,J_00057,normal,1.0,36.62481525218274,0.7324963050436548,84237.07508002031
16.4619,107.5889,16.236211589375223,107.22393073902197,BASE_1,COW_002,J_00058,residential,2.2,67.98188791980856,1.3596377583961712,156358.34221555968
16.4619,107.5889,16.410861708638596,107.70818685325207,BASE_1,COW_002,J_00059,residential,2.2,15.716335281593201,0.31432670563186405,36147.57114766436
16.4619,107.5889,16.421865835419105,107.82715158327233,BASE_1,COW_002,J_00060,normal,1.0,31.354695672562283,0.6270939134512457,72115.80004689324
16.4619,107.5889,16.307299072885844,107.99887024033504,BASE_1,COW_002,J_00061,residential,2.2,55.65838064782537,1.1131676129565073,128014.27548999834
16.4619,107.5889,16.125824585720828,107.33690100951722,BASE_1,COW_002,J_00062,residential,4.2,76.95810621018406,1.539162124203681,177003.64428342332
16.4619,107.5889,16.11106359177746,107.3459286850522,BASE_1,COW_002,J_00063,residential,4.2,78.63915165038009,1.5727830330076018,180870.0487958742
16.4619,107.5889,16.397552183845967,107.73878502140444,BASE_1,COW_002,J_00064,residential,2.2,19.68763773528617,0.3937527547057234,45281.56679115819
16.4619,107.5889,16.282173515285585,108.00397198020616,BASE_1,COW_002,J_00065,normal,1.0,55.29323434481486,1.1058646868962974,127174.43899307419
16.4619,107.5889,16.313228802378926,108.00400545253144,BASE_1,COW_002,J_00066,residential,2.2,56.63023907620019,1.132604781524004,130249.54987526043
16.4619,107.5889,16.096950630612657,107.33875248677712,BASE_1,COW_002,J_00067,residential,4.2,80.0437340924077,1.600874681848154,184100.5884125377
16.4619,107.5889,16.393605717506578,107.47491737817752,BASE_1,COW_002,J_00068,normal,1.0,26.638204302670403,0.5327640860534081,61267.86989614193
16.4619,107.5889,16.586617352569917,107.32618309940084,BASE_1,COW_002,J_00069,residential,2.2,37.24606837174508,0.7449213674349017,85665.9572550137
16.4619,107.5889,16.271244454586103,108.00910347085969,BASE_1,COW_002,J_00070,normal,1.0,54.79927192924924,1.0959854385849848,126038.32543727325
16.4619,107.5889,16.30225806317275,107.20372544535816,BASE_1,COW_002,J_00071,residential,2.2,72.19333855806751,1.4438667711613502,166044.67868355528
16.4619,107.5889,16.402115481041722,107.47520524289446,BASE_1,COW_002,J_00072,normal,1.0,26.676695153937196,0.5335339030787439,61356.39885405555
16.4619,107.5889,16.52378765566236,107.3139491709039,BASE_1,COW_002,J_00073,residential,2.2,35.89843658279703,0.7179687316559407,82566.40414043318
16.4619,107.5889,16.086551495132397,107.35884214702251,BASE_1,COW_002,J_00074,residential,2.2,81.9898341221997,1.639796682443994,188576.6184810593
16.4619,107.5889,16.523931313921075,107.32725410709553,BASE_1,COW_002,J_00075,residential,2.2,35.26974161234694,0.7053948322469388,81120.40570839796
16.4619,107.5889,16.480643081216858,107.47700505517273,BASE_1,COW_002,J_00076,normal,1.0,24.85793284837414,0.4971586569674828,57173.24555126052
16.4619,107.5889,16.535483366486226,107.31505993488494,BASE_1,COW_002,J_00077,residential,2.2,36.43549116254789,0.7287098232509578,83801.62967386015
16.4619,107.5889,16.381819827596345,107.05380788572604,BASE_1,COW_002,J_00078,residential,2.2,98.07706201134609,1.9615412402269217,225577.242626096
16.4619,107.5889,16.327586846766124,107.17172432241124,BASE_1,COW_002,J_00079,residential,2.2,76.81300486325215,1.5362600972650429,176669.91118547993
16.4619,107.5889,16.367586886950164,107.12413208129658,BASE_1,COW_002,J_00080,residential,2.2,84.00715974271083,1.6801431948542165,193216.4674082349
16.4619,107.5889,16.517165018434337,107.2838374887184,BASE_1,COW_002,J_00081,residential,2.2,39.76599321399879,0.7953198642799758,91461.78439219722
16.4619,107.5889,16.438981227586616,107.5139975441275,BASE_1,COW_002,J_00082,normal,1.0,9.609742660093662,0.19219485320187324,22102.408118215422
16.4619,107.5889,16.312890221356728,108.01470279736397,BASE_1,COW_002,J_00083,residential,2.2,57.97733667302898,1.1595467334605796,133347.87434796666
16.4619,107.5889,16.216133505596858,108.06041050509896,BASE_1,COW_002,J_00084,normal,1.0,69.57152624742545,1.391430524948509,160014.51036907855
16.4619,107.5889,16.330519603057706,107.61988581167678,BASE_1,COW_002,J_00085,normal,1.0,21.434012313467235,0.4286802462693447,49298.22832097464
16.4619,107.5889,16.32326506375919,107.92873922428788,BASE_1,COW_002,J_00086,residential,3.7,47.76728159174636,0.9553456318349273,109864.74766101663
16.4619,107.5889,16.358389326577083,107.03428028491932,BASE_1,COW_002,J_00087,residential,2.2,60.26791747990077,1.2053583495980154,138616.21020377177
16.4619,107.5889,16.272059177144055,108.03095994999136,BASE_1,COW_002,J_00088,normal,1.0,57.56391095489667,1.1512782190979334,132396.99519626235
16.4619,107.5889,16.299009021086444,107.34745474017085,BASE_1,COW_002,J_00089,residential,2.2,44.118502277666444,0.8823700455533289,101472.55523863282
16.4619,107.5889,16.289493969176597,107.38769133922136,BASE_1,COW_002,J_00090,residential,2.2,39.54898977426324,0.7909797954852649,90962.67648080546
16.4619,107.5889,16.274536262786913,107.7786320156488,BASE_1,COW_002,J_00091,normal,1.0,32.46817920086931,0.6493635840173861,74676.8121619994
16.4619,107.5889,16.37762949107703,107.59628086752136,BASE_1,COW_002,J_00092,normal,1.0,13.116062345652065,0.2623212469130413,30166.943394999747
16.4619,107.5889,16.392506992461776,107.68160012426344,BASE_1,COW_002,J_00093,normal,1.0,14.374266632097402,0.28748533264194803,33060.813253824024
16.4619,107.5889,16.291495847254687,107.78281049017544,BASE_1,COW_002,J_00094,normal,1.0,30.41725820213846,0.6083451640427692,69959.69386491846
16.4619,107.5889,16.262949238810066,107.68704525300502,BASE_1,COW_002,J_00095,normal,1.0,34.38713187369154,0.6877426374738307,79090.40330949053
16.4619,107.5889,16.370696626026824,107.74702732165454,BASE_1,COW_002,J_00096,normal,1.0,21.286746252756547,0.42573492505513094,48959.51638134006
16.4619,107.5889,16.14425462175665,107.75122345243598,BASE_1,COW_002,J_00097,residential,2.2,50.0853676821448,1.001707353642896,115196.34566893303
16.4619,107.5889,16.592471780445756,107.3124838483418,BASE_1,COW_002,J_00098,residential,2.2,40.20222504501222,0.8040445009002444,92465.11760352811
16.4619,107.5889,16.730071045230396,107.4000535954682,BASE_1,COW_002,J_00099,residential,2.2,42.977719965858604,0.859554399317172,98848.75592147479
16.4619,107.5889,16.113219935355232,107.63177648157864,BASE_1,COW_002,J_00100,normal,1.0,59.42959617137814,1.1885919234275628,136688.07119416972
16.4619,107.5889,16.371149471798947,107.7561813090597,BASE_1,COW_002,J_00101,normal,1.0,23.125260552555392,0.46250521105110787,53188.0992708774
16.4619,107.5889,16.31521698231939,107.71719159344256,BASE_1,COW_002,J_00102,normal,1.0,25.357695719130763,0.5071539143826153,58322.700154000755
16.4619,107.5889,16.31007366662314,107.75139680413022,BASE_1,COW_002,J_00103,residential,3.7,26.829945243713755,0.5365989048742751,61708.87406054164
16.4619,107.5889,16.350004077412255,107.686440633005,BASE_1,COW_002,J_00104,normal,1.0,20.758327018884458,0.4151665403776892,47744.15214343425
16.4619,107.5889,16.329646285748634,107.41288768408508,BASE_1,COW_002,J_00105,residential,2.2,32.809163598367206,0.6561832719673442,75461.07627624458
16.4619,107.5889,16.381411409546235,107.6209067584559,BASE_1,COW_002,J_00106,normal,1.0,16.56588586092002,0.33131771721840036,38101.53748011604
16.4619,107.5889,16.352378211756804,107.48687496708726,BASE_1,COW_002,J_00107,normal,1.0,22.063658159977226,0.4412731631995445,50746.41376794762
16.4619,107.5889,16.356730759468014,107.53688054729449,BASE_1,COW_002,J_00108,normal,1.0,19.178195045446405,0.3835639009089281,44109.84860452673
16.4619,107.5889,16.341878021653464,107.73230095956784,BASE_1,COW_002,J_00109,residential,3.7,23.058569435620058,0.46117138871240115,53034.709701926135
16.4619,107.5889,16.310138893373413,107.08295978611184,BASE_1,COW_002,J_00110,residential,2.2,101.15345818556949,2.02306916371139,232652.95382680983
16.4619,107.5889,16.472873908455245,107.6106799943142,BASE_1,COW_003,J_00000,residential,9.7,3.110316563570949,0.05655121024674453,7153.728096213183
16.4619,107.5889,16.45396757555403,107.61918797095066,BASE_1,COW_003,J_00001,residential,7.2,3.9390340736852574,0.07161880133973195,9059.778369476093
16.4619,107.5889,16.47154095544053,107.55669854007874,BASE_1,COW_003,J_00002,residential,5.7,4.90845977667605,0.08924472321229182,11289.457486354915
16.4619,107.5889,16.463456332330566,107.5546957781065,BASE_1,COW_003,J_00003,residential,5.7,4.552899912402679,0.08277999840732143,10471.669798526162
16.4619,107.5889,16.490724152243274,107.5839987846654,BASE_1,COW_003,J_00004,residential,2.2,4.232634136197737,0.0769569842945043,9735.058513254795
16.4619,107.5889,16.468886116113154,107.5392851750938,BASE_1,COW_003,J_00005,residential,3.7,7.016883287890822,0.1275796961434695,16138.831562148891
16.4619,107.5889,16.459945898804236,107.55707170860308,BASE_1,COW_003,J_00006,residential,5.7,4.092189930352538,0.07440345327913707,9412.036839810839
16.4619,107.5889,16.448139316005754,107.62900374280078,BASE_1,COW_003,J_00007,residential,4.7,5.414013099355018,0.09843660180645487,12452.230128516541
16.4619,107.5889,16.50770560492689,107.5513454513049,BASE_1,COW_003,J_00008,residential,2.2,6.789645909519809,0.1234481074458147,15616.18559189556
16.4619,107.5889,16.535924521807456,107.68855230948328,BASE_1,COW_003,J_00009,normal,1.0,19.080196273667166,0.3469126595212212,43884.451429434484
16.4619,107.5889,16.550328251701867,107.62620844418208,BASE_1,COW_003,J_00010,residential,2.2,12.806226143911898,0.2328404753438527,29454.320130997367
16.4619,107.5889,16.559754907577233,107.61871360688176,BASE_1,COW_003,J_00011,residential,2.2,14.21911987025406,0.25852945218643747,32703.97570158434
16.4619,107.5889,16.523274223294226,107.69330456813202,BASE_1,COW_003,J_00012,normal,1.0,20.584985917926932,0.37427247123503515,47345.46761123194
16.4619,107.5889,16.273160931116365,107.87468923427582,BASE_1,COW_003,J_00013,hospitals,6.0,39.331672774527625,0.7151213231732295,90462.84738141354
16.4619,107.5889,16.52305861296173,107.70145268388114,BASE_1,COW_003,J_00014,normal,1.0,21.033638927446283,0.38242979868084154,48377.36953312645
16.4619,107.5889,16.561389109775824,107.60322552654831,BASE_1,COW_003,J_00015,residential,2.2,14.20398345686588,0.25825424467028874,32669.161950791524
16.4619,107.5889,16.53350103835496,107.54083599980493,BASE_1,COW_003,J_00016,residential,2.2,11.917732766630625,0.216686050302375,27410.785363250438
16.4619,107.5889,16.54518944601392,107.42752759281646,BASE_1,COW_003,J_00017,residential,3.7,21.580072625114134,0.39236495682025696,49634.167037762505
16.4619,107.5889,16.516409753854667,107.71063204761622,BASE_1,COW_003,J_00018,normal,1.0,22.278102619349013,0.40505641126089115,51239.63602450273
16.4619,107.5889,16.246653516500725,107.24686057726342,BASE_1,COW_003,J_00019,residential,2.2,64.9386926185613,1.18070350215566,149358.993022691
16.4619,107.5889,16.450794259691136,107.72511393206908,BASE_1,COW_003,J_00020,residential,5.7,18.97989457682141,0.3450889923058438,43653.75752668924
16.4619,107.5889,16.511533614699083,107.71541068050291,BASE_1,COW_003,J_00021,normal,1.0,23.064250781533115,0.419350014209693,53047.77679752617
16.4619,107.5889,16.470087079506218,107.63918470164964,BASE_1,COW_003,J_00022,residential,4.7,6.670410746431815,0.12128019538966937,15341.944716793176
16.4619,107.5889,16.442016856115924,107.72822832866149,BASE_1,COW_003,J_00023,residential,5.7,17.682058113269118,0.32149196569580213,40668.73366051897
16.4619,107.5889,16.506029242964782,107.62567129678769,BASE_1,COW_003,J_00024,residential,2.2,7.630262361272036,0.13873204293221883,17549.603430925683
16.4619,107.5889,16.579685501922715,107.58736154579384,BASE_1,COW_003,J_00025,residential,2.2,15.358049876526206,0.27923727048229463,35323.51471601027
16.4619,107.5889,16.66393035346636,107.35559637793077,BASE_1,COW_003,J_00026,residential,2.2,37.93265650613059,0.6896846637478289,87245.10996410035
16.4619,107.5889,16.438453094761204,107.73677161213271,BASE_1,COW_003,J_00027,residential,5.7,18.61240128594981,0.3384072961081784,42808.52295768457
16.4619,107.5889,16.248164304494374,107.23238633470594,BASE_1,COW_003,J_00028,residential,2.2,67.74158199350012,1.2316651271545476,155805.63858505027
16.4619,107.5889,16.467401830416172,107.74412044338574,BASE_1,COW_003,J_00029,residential,3.7,20.8245694441385,0.37862853534797275,47896.50972151855
16.4619,107.5889,16.22769573648302,108.07312412860249,BASE_1,COW_003,J_00030,hospitals,6.0,67.3199831909727,1.2239996943813218,154835.96133923723
16.4619,107.5889,16.6567619206231,107.3495614668992,BASE_1,COW_003,J_00031,residential,2.2,37.24940456084693,0.6772619011063079,85673.63048994794
16.4619,107.5889,16.23642580060988,107.25634003768069,BASE_1,COW_003,J_00032,residential,2.2,63.38242572214135,1.1524077404025699,145779.5791609251
16.4619,107.5889,16.649846477639887,107.33861595874995,BASE_1,COW_003,J_00033,residential,2.2,39.521577823855075,0.7185741422519104,90899.62899486667
16.4619,107.5889,16.582166947493878,107.35875602850297,BASE_1,COW_003,J_00034,residential,3.7,30.011166543860558,0.5456575735247374,69025.68305087928
16.4619,107.5889,16.54268106207316,107.42173424731372,BASE_1,COW_003,J_00035,residential,3.7,22.5554323216067,0.4100987694837582,51877.494339695404
16.4619,107.5889,16.63762488123805,107.42379895451036,BASE_1,COW_003,J_00036,residential,2.2,29.22181902743583,0.5313058004988332,67210.18376310241
16.4619,107.5889,16.161742476623008,107.72726450231792,BASE_1,COW_003,J_00037,residential,5.2,46.275528347940984,0.841373242689836,106433.71520026427
16.4619,107.5889,16.4617079129225,107.7055620386572,BASE_1,COW_003,J_00038,residential,8.7,15.26329348973541,0.27751442708609836,35105.575026391445
16.4619,107.5889,16.672385358081804,107.36627022634389,BASE_1,COW_003,J_00039,residential,2.2,36.75538539456234,0.668279734446588,84537.38640749338
16.4619,107.5889,16.659521457681674,107.4522269483472,BASE_1,COW_003,J_00040,residential,2.2,33.03225252579212,0.6005864095598566,75974.18080932187
16.4619,107.5889,16.66522777932196,107.36875091304154,BASE_1,COW_003,J_00041,residential,2.2,36.14339733932192,0.6571526788967622,83129.81388044042
16.4619,107.5889,16.660820621499212,107.38427458078796,BASE_1,COW_003,J_00042,residential,2.2,34.30776022724977,0.6237774586772686,78907.84852267448
16.4619,107.5889,16.62511390305801,107.5150854990652,BASE_1,COW_003,J_00043,residential,2.2,25.250480048256584,0.4590996372410288,58076.10411099014
16.4619,107.5889,16.59440422417168,107.38514305632124,BASE_1,COW_003,J_00044,residential,3.7,29.525082967561826,0.5368196903193059,67907.6908253922
16.4619,107.5889,16.290663014244483,107.98452104257804,BASE_1,COW_003,J_00045,residential,2.2,54.20145777854764,0.985481050519048,124663.35289065957
16.4619,107.5889,16.633195073021646,107.507332913964,BASE_1,COW_003,J_00046,residential,2.2,26.22459859550754,0.47681088355468254,60316.57676966734
16.4619,107.5889,16.64547217362694,107.47963578206634,BASE_1,COW_003,J_00047,residential,2.2,29.703330608364322,0.5400605565157149,68317.66039923794
16.4619,107.5889,16.275156728172423,107.9790458824707,BASE_1,COW_003,J_00048,residential,2.2,51.84779800490606,0.9426872364528375,119249.93541128394
16.4619,107.5889,16.34363572772629,107.9189163333372,BASE_1,COW_003,J_00049,residential,3.7,44.87823238593507,0.8159678615624558,103219.93448765067
16.4619,107.5889,16.570555932832004,107.34394499346718,BASE_1,COW_003,J_00050,residential,2.2,32.289328764275105,0.5870787048050019,74265.45615783274
16.4619,107.5889,16.50665956554493,107.64903907436688,BASE_1,COW_003,J_00051,residential,2.2,10.513966552689029,0.1911630282307096,24182.123071184767
16.4619,107.5889,16.448260129769277,107.64861740367776,BASE_1,COW_003,J_00052,normal,1.0,9.054823618624496,0.16463315670226358,20826.094322836343
16.4619,107.5889,16.664330238141044,107.44405209681626,BASE_1,COW_003,J_00053,residential,2.2,33.506869279274035,0.6092158050777098,77065.79934233028
16.4619,107.5889,16.710100944408335,107.36367785595424,BASE_1,COW_003,J_00054,residential,2.2,41.795797053393045,0.7599235827889644,96130.33322280401
16.4619,107.5889,16.480897966159755,107.68092090339064,BASE_1,COW_003,J_00055,normal,1.0,11.596614863125701,0.21084754296592184,26672.214185189114
16.4619,107.5889,16.14765835550746,107.73729962770445,BASE_1,COW_003,J_00056,residential,2.2,48.38388776776133,0.8797070503229333,111282.94186585105
16.4619,107.5889,16.373443668977306,107.85603136854854,BASE_1,COW_003,J_00057,normal,1.0,36.62481525218274,0.665905731857868,84237.07508002031
16.4619,107.5889,16.236211589375223,107.22393073902197,BASE_1,COW_003,J_00058,residential,2.2,67.98188791980856,1.236034325814701,156358.34221555968
16.4619,107.5889,16.410861708638596,107.70818685325207,BASE_1,COW_003,J_00059,residential,2.2,15.716335281593201,0.28575155057442186,36147.57114766436
16.4619,107.5889,16.421865835419105,107.82715158327233,BASE_1,COW_003,J_00060,normal,1.0,31.354695672562283,0.5700853758647688,72115.80004689324
16.4619,107.5889,16.307299072885844,107.99887024033504,BASE_1,COW_003,J_00061,residential,2.2,55.65838064782537,1.0119705572331885,128014.27548999834
16.4619,107.5889,16.125824585720828,107.33690100951722,BASE_1,COW_003,J_00062,residential,4.2,76.95810621018406,1.3992382947306192,177003.64428342332
16.4619,107.5889,16.11106359177746,107.3459286850522,BASE_1,COW_003,J_00063,residential,4.2,78.63915165038009,1.429802757279638,180870.0487958742
16.4619,107.5889,16.397552183845967,107.73878502140444,BASE_1,COW_003,J_00064,residential,2.2,19.68763773528617,0.35795704973247583,45281.56679115819
16.4619,107.5889,16.282173515285585,108.00397198020616,BASE_1,COW_003,J_00065,normal,1.0,55.29323434481486,1.0053315335420885,127174.43899307419
16.4619,107.5889,16.313228802378926,108.00400545253144,BASE_1,COW_003,J_00066,residential,2.2,56.63023907620019,1.0296407104763672,130249.54987526043
16.4619,107.5889,16.096950630612657,107.33875248677712,BASE_1,COW_003,J_00067,residential,4.2,80.0437340924077,1.4553406198619583,184100.5884125377
16.4619,107.5889,16.393605717506578,107.47491737817752,BASE_1,COW_003,J_00068,normal,1.0,26.638204302670403,0.48433098732128005,61267.86989614193
16.4619,107.5889,16.586617352569917,107.32618309940084,BASE_1,COW_003,J_00069,residential,2.2,37.24606837174508,0.6772012431226379,85665.9572550137
16.4619,107.5889,16.271244454586103,108.00910347085969,BASE_1,COW_003,J_00070,normal,1.0,54.79927192924924,0.9963503987136225,126038.32543727325
16.4619,107.5889,16.30225806317275,107.20372544535816,BASE_1,COW_003,J_00071,residential,2.2,72.19333855806751,1.3126061556012274,166044.67868355528
16.4619,107.5889,16.402115481041722,107.47520524289446,BASE_1,COW_003,J_00072,normal,1.0,26.676695153937196,0.4850308209806763,61356.39885405555
16.4619,107.5889,16.52378765566236,107.3139491709039,BASE_1,COW_003,J_00073,residential,2.2,35.89843658279703,0.6526988469599461,82566.40414043318
16.4619,107.5889,16.086551495132397,107.35884214702251,BASE_1,COW_003,J_00074,residential,2.2,81.9898341221997,1.4907242567672672,188576.6184810593
16.4619,107.5889,16.523931313921075,107.32725410709553,BASE_1,COW_003,J_00075,residential,2.2,35.26974161234694,0.641268029315399,81120.40570839796
16.4619,107.5889,16.480643081216858,107.47700505517273,BASE_1,COW_003,J_00076,normal,1.0,24.85793284837414,0.4519624154249844,57173.24555126052
16.4619,107.5889,16.535483366486226,107.31505993488494,BASE_1,COW_003,J_00077,residential,2.2,36.43549116254789,0.6624634756826889,83801.62967386015
16.4619,107.5889,16.381819827596345,107.05380788572604,BASE_1,COW_003,J_00078,residential,2.2,98.07706201134609,1.7832193092972015,225577.242626096
16.4619,107.5889,16.327586846766124,107.17172432241124,BASE_1,COW_003,J_00079,residential,2.2,76.81300486325215,1.3966000884227663,176669.91118547993
16.4619,107.5889,16.367586886950164,107.12413208129658,BASE_1,COW_003,J_00080,residential,2.2,84.00715974271083,1.527402904412924,193216.4674082349
16.4619,107.5889,16.517165018434337,107.2838374887184,BASE_1,COW_003,J_00081,residential,2.2,39.76599321399879,0.7230180584363416,91461.78439219722
16.4619,107.5889,16.438981227586616,107.5139975441275,BASE_1,COW_003,J_00082,normal,1.0,9.609742660093662,0.17472259381988478,22102.408118215422
16.4619,107.5889,16.312890221356728,108.01470279736397,BASE_1,COW_003,J_00083,residential,2.2,57.97733667302898,1.0541333940550723,133347.87434796666
16.4619,107.5889,16.216133505596858,108.06041050509896,BASE_1,COW_003,J_00084,normal,1.0,69.57152624742545,1.264936840862281,160014.51036907855
16.4619,107.5889,16.330519603057706,107.61988581167678,BASE_1,COW_003,J_00085,normal,1.0,21.434012313467235,0.38970931479031334,49298.22832097464
16.4619,107.5889,16.32326506375919,107.92873922428788,BASE_1,COW_003,J_00086,residential,3.7,47.76728159174636,0.8684960289408429,109864.74766101663
16.4619,107.5889,16.358389326577083,107.03428028491932,BASE_1,COW_003,J_00087,residential,2.2,60.26791747990077,1.0957803178163776,138616.21020377177
16.4619,107.5889,16.272059177144055,108.03095994999136,BASE_1,COW_003,J_00088,normal,1.0,57.56391095489667,1.046616562816303,132396.99519626235
16.4619,107.5889,16.299009021086444,107.34745474017085,BASE_1,COW_003,J_00089,residential,2.2,44.118502277666444,0.8021545868666626,101472.55523863282
16.4619,107.5889,16.289493969176597,107.38769133922136,BASE_1,COW_003,J_00090,residential,2.2,39.54898977426324,0.7190725413502408,90962.67648080546
16.4619,107.5889,16.274536262786913,107.7786320156488,BASE_1,COW_003,J_00091,normal,1.0,32.46817920086931,0.5903305309248965,74676.8121619994
16.4619,107.5889,16.37762949107703,107.59628086752136,BASE_1,COW_003,J_00092,normal,1.0,13.116062345652065,0.23847386083003755,30166.943394999747
16.4619,107.5889,16.392506992461776,107.68160012426344,BASE_1,COW_003,J_00093,normal,1.0,14.374266632097402,0.26135030240177093,33060.813253824024
16.4619,107.5889,16.291495847254687,107.78281049017544,BASE_1,COW_003,J_00094,normal,1.0,30.41725820213846,0.5530410582206993,69959.69386491846
16.4619,107.5889,16.262949238810066,107.68704525300502,BASE_1,COW_003,J_00095,normal,1.0,34.38713187369154,0.6252205795216643,79090.40330949053
16.4619,107.5889,16.370696626026824,107.74702732165454,BASE_1,COW_003,J_00096,normal,1.0,21.286746252756547,0.38703175005011903,48959.51638134006
16.4619,107.5889,16.14425462175665,107.75122345243598,BASE_1,COW_003,J_00097,residential,2.2,50.0853676821448,0.9106430487662691,115196.34566893303
16.4619,107.5889,16.592471780445756,107.3124838483418,BASE_1,COW_003,J_00098,residential,2.2,40.20222504501222,0.7309495462729495,92465.11760352811
16.4619,107.5889,16.730071045230396,107.4000535954682,BASE_1,COW_003,J_00099,residential,2.2,42.977719965858604,0.7814130902883383,98848.75592147479
16.4619,107.5889,16.113219935355232,107.63177648157864,BASE_1,COW_003,J_00100,normal,1.0,59.42959617137814,1.0805381122068751,136688.07119416972
16.4619,107.5889,16.371149471798947,107.7561813090597,BASE_1,COW_003,J_00101,normal,1.0,23.125260552555392,0.4204592827737344,53188.0992708774
16.4619,107.5889,16.31521698231939,107.71719159344256,BASE_1,COW_003,J_00102,normal,1.0,25.357695719130763,0.46104901307510476,58322.700154000755
16.4619,107.5889,16.31007366662314,107.75139680413022,BASE_1,COW_003,J_00103,residential,3.7,26.829945243713755,0.487817186249341,61708.87406054164
16.4619,107.5889,16.350004077412255,107.686440633005,BASE_1,COW_003,J_00104,normal,1.0,20.758327018884458,0.3774241276160811,47744.15214343425
16.4619,107.5889,16.329646285748634,107.41288768408508,BASE_1,COW_003,J_00105,residential,2.2,32.809163598367206,0.5965302472430402,75461.07627624458
16.4619,107.5889,16.381411409546235,107.6209067584559,BASE_1,COW_003,J_00106,normal,1.0,16.56588586092002,0.30119792474400037,38101.53748011604
16.4619,107.5889,16.352378211756804,107.48687496708726,BASE_1,COW_003,J_00107,normal,1.0,22.063658159977226,0.401157421090495,50746.41376794762
16.4619,107.5889,16.356730759468014,107.53688054729449,BASE_1,COW_003,J_00108,normal,1.0,19.178195045446405,0.3486944553717528,44109.84860452673
16.4619,107.5889,16.341878021653464,107.73230095956784,BASE_1,COW_003,J_00109,residential,3.7,23.058569435620058,0.41924671701127375,53034.709701926135
16.4619,107.5889,16.310138893373413,107.08295978611184,BASE_1,COW_003,J_00110,residential,2.2,101.15345818556949,1.8391537851921727,232652.95382680983
16.4619,107.5889,16.472873908455245,107.6106799943142,BASE_1,COW_004,J_00000,residential,9.7,3.110316563570949,0.05655121024674453,7153.728096213183
16.4619,107.5889,16.45396757555403,107.61918797095066,BASE_1,COW_004,J_00001,residential,7.2,3.9390340736852574,0.07161880133973195,9059.778369476093
16.4619,107.5889,16.47154095544053,107.55669854007874,BASE_1,COW_004,J_00002,residential,5.7,4.90845977667605,0.08924472321229182,11289.457486354915
16.4619,107.5889,16.463456332330566,107.5546957781065,BASE_1,COW_004,J_00003,residential,5.7,4.552899912402679,0.08277999840732143,10471.669798526162
16.4619,107.5889,16.490724152243274,107.5839987846654,BASE_1,COW_004,J_00004,residential,2.2,4.232634136197737,0.0769569842945043,9735.058513254795
16.4619,107.5889,16.468886116113154,107.5392851750938,BASE_1,COW_004,J_00005,residential,3.7,7.016883287890822,0.1275796961434695,16138.831562148891
16.4619,107.5889,16.459945898804236,107.55707170860308,BASE_1,COW_004,J_00006,residential,5.7,4.092189930352538,0.07440345327913707,9412.036839810839
16.4619,107.5889,16.448139316005754,107.62900374280078,BASE_1,COW_004,J_00007,residential,4.7,5.414013099355018,0.09843660180645487,12452.230128516541
16.4619,107.5889,16.50770560492689,107.5513454513049,BASE_1,COW_004,J_00008,residential,2.2,6.789645909519809,0.1234481074458147,15616.18559189556
16.4619,107.5889,16.535924521807456,107.68855230948328,BASE_1,COW_004,J_00009,normal,1.0,19.080196273667166,0.3469126595212212,43884.451429434484
16.4619,107.5889,16.550328251701867,107.62620844418208,BASE_1,COW_004,J_00010,residential,2.2,12.806226143911898,0.2328404753438527,29454.320130997367
16.4619,107.5889,16.559754907577233,107.61871360688176,BASE_1,COW_004,J_00011,residential,2.2,14.21911987025406,0.25852945218643747,32703.97570158434
16.4619,107.5889,16.523274223294226,107.69330456813202,BASE_1,COW_004,J_00012,normal,1.0,20.584985917926932,0.37427247123503515,47345.46761123194
16.4619,107.5889,16.273160931116365,107.87468923427582,BASE_1,COW_004,J_00013,hospitals,6.0,39.331672774527625,0.7151213231732295,90462.84738141354
16.4619,107.5889,16.52305861296173,107.70145268388114,BASE_1,COW_004,J_00014,normal,1.0,21.033638927446283,0.38242979868084154,48377.36953312645
16.4619,107.5889,16.561389109775824,107.60322552654831,BASE_1,COW_004,J_00015,residential,2.2,14.20398345686588,0.25825424467028874,32669.161950791524
16.4619,107.5889,16.53350103835496,107.54083599980493,BASE_1,COW_004,J_00016,residential,2.2,11.917732766630625,0.216686050302375,27410.785363250438
16.4619,107.5889,16.54518944601392,107.42752759281646,BASE_1,COW_004,J_00017,residential,3.7,21.580072625114134,0.39236495682025696,49634.167037762505
16.4619,107.5889,16.516409753854667,107.71063204761622,BASE_1,COW_004,J_00018,normal,1.0,22.278102619349013,0.40505641126089115,51239.63602450273
16.4619,107.5889,16.246653516500725,107.24686057726342,BASE_1,COW_004,J_00019,residential,2.2,64.9386926185613,1.18070350215566,149358.993022691
16.4619,107.5889,16.450794259691136,107.72511393206908,BASE_1,COW_004,J_00020,residential,5.7,18.97989457682141,0.3450889923058438,43653.75752668924
16.4619,107.5889,16.511533614699083,107.71541068050291,BASE_1,COW_004,J_00021,normal,1.0,23.064250781533115,0.419350014209693,53047.77679752617
16.4619,107.5889,16.470087079506218,107.63918470164964,BASE_1,COW_004,J_00022,residential,4.7,6.670410746431815,0.12128019538966937,15341.944716793176
16.4619,107.5889,16.442016856115924,107.72822832866149,BASE_1,COW_004,J_00023,residential,5.7,17.682058113269118,0.32149196569580213,40668.73366051897
16.4619,107.5889,16.506029242964782,107.62567129678769,BASE_1,COW_004,J_00024,residential,2.2,7.630262361272036,0.13873204293221883,17549.603430925683
16.4619,107.5889,16.579685501922715,107.58736154579384,BASE_1,COW_004,J_00025,residential,2.2,15.358049876526206,0.27923727048229463,35323.51471601027
16.4619,107.5889,16.66393035346636,107.35559637793077,BASE_1,COW_004,J_00026,residential,2.2,37.93265650613059,0.6896846637478289,87245.10996410035
16.4619,107.5889,16.438453094761204,107.73677161213271,BASE_1,COW_004,J_00027,residential,5.7,18.61240128594981,0.3384072961081784,42808.52295768457
16.4619,107.5889,16.248164304494374,107.23238633470594,BASE_1,COW_004,J_00028,residential,2.2,67.74158199350012,1.2316651271545476,155805.63858505027
16.4619,107.5889,16.467401830416172,107.74412044338574,BASE_1,COW_004,J_00029,residential,3.7,20.8245694441385,0.37862853534797275,47896.50972151855
16.4619,107.5889,16.22769573648302,108.07312412860249,BASE_1,COW_004,J_00030,hospitals,6.0,67.3199831909727,1.2239996943813218,154835.96133923723
16.4619,107.5889,16.6567619206231,107.3495614668992,BASE_1,COW_004,J_00031,residential,2.2,37.24940456084693,0.6772619011063079,85673.63048994794
16.4619,107.5889,16.23642580060988,107.25634003768069,BASE_1,COW_004,J_00032,residential,2.2,63.38242572214135,1.1524077404025699,145779.5791609251
16.4619,107.5889,16.649846477639887,107.33861595874995,BASE_1,COW_004,J_00033,residential,2.2,39.521577823855075,0.7185741422519104,90899.62899486667
16.4619,107.5889,16.582166947493878,107.35875602850297,BASE_1,COW_004,J_00034,residential,3.7,30.011166543860558,0.5456575735247374,69025.68305087928
16.4619,107.5889,16.54268106207316,107.42173424731372,BASE_1,COW_004,J_00035,residential,3.7,22.5554323216067,0.4100987694837582,51877.494339695404
16.4619,107.5889,16.63762488123805,107.42379895451036,BASE_1,COW_004,J_00036,residential,2.2,29.22181902743583,0.5313058004988332,67210.18376310241
16.4619,107.5889,16.161742476623008,107.72726450231792,BASE_1,COW_004,J_00037,residential,5.2,46.275528347940984,0.841373242689836,106433.71520026427
16.4619,107.5889,16.4617079129225,107.7055620386572,BASE_1,COW_004,J_00038,residential,8.7,15.26329348973541,0.27751442708609836,35105.575026391445
16.4619,107.5889,16.672385358081804,107.36627022634389,BASE_1,COW_004,J_00039,residential,2.2,36.75538539456234,0.668279734446588,84537.38640749338
16.4619,107.5889,16.659521457681674,107.4522269483472,BASE_1,COW_004,J_00040,residential,2.2,33.03225252579212,0.6005864095598566,75974.18080932187
16.4619,107.5889,16.66522777932196,107.36875091304154,BASE_1,COW_004,J_00041,residential,2.2,36.14339733932192,0.6571526788967622,83129.81388044042
16.4619,107.5889,16.660820621499212,107.38427458078796,BASE_1,COW_004,J_00042,residential,2.2,34.30776022724977,0.6237774586772686,78907.84852267448
16.4619,107.5889,16.62511390305801,107.5150854990652,BASE_1,COW_004,J_00043,residential,2.2,25.250480048256584,0.4590996372410288,58076.10411099014
16.4619,107.5889,16.59440422417168,107.38514305632124,BASE_1,COW_004,J_00044,residential,3.7,29.525082967561826,0.5368196903193059,67907.6908253922
16.4619,107.5889,16.290663014244483,107.98452104257804,BASE_1,COW_004,J_00045,residential,2.2,54.20145777854764,0.985481050519048,124663.35289065957
16.4619,107.5889,16.633195073021646,107.507332913964,BASE_1,COW_004,J_00046,residential,2.2,26.22459859550754,0.47681088355468254,60316.57676966734
16.4619,107.5889,16.64547217362694,107.47963578206634,BASE_1,COW_004,J_00047,residential,2.2,29.703330608364322,0.5400605565157149,68317.66039923794
16.4619,107.5889,16.275156728172423,107.9790458824707,BASE_1,COW_004,J_00048,residential,2.2,51.84779800490606,0.9426872364528375,119249.93541128394
16.4619,107.5889,16.34363572772629,107.9189163333372,BASE_1,COW_004,J_00049,residential,3.7,44.87823238593507,0.8159678615624558,103219.93448765067
16.4619,107.5889,16.570555932832004,107.34394499346718,BASE_1,COW_004,J_00050,residential,2.2,32.289328764275105,0.5870787048050019,74265.45615783274
16.4619,107.5889,16.50665956554493,107.64903907436688,BASE_1,COW_004,J_00051,residential,2.2,10.513966552689029,0.1911630282307096,24182.123071184767
16.4619,107.5889,16.448260129769277,107.64861740367776,BASE_1,COW_004,J_00052,normal,1.0,9.054823618624496,0.16463315670226358,20826.094322836343
16.4619,107.5889,16.664330238141044,107.44405209681626,BASE_1,COW_004,J_00053,residential,2.2,33.506869279274035,0.6092158050777098,77065.79934233028
16.4619,107.5889,16.710100944408335,107.36367785595424,BASE_1,COW_004,J_00054,residential,2.2,41.795797053393045,0.7599235827889644,96130.33322280401
16.4619,107.5889,16.480897966159755,107.68092090339064,BASE_1,COW_004,J_00055,normal,1.0,11.596614863125701,0.21084754296592184,26672.214185189114
16.4619,107.5889,16.14765835550746,107.73729962770445,BASE_1,COW_004,J_00056,residential,2.2,48.38388776776133,0.8797070503229333,111282.94186585105
16.4619,107.5889,16.373443668977306,107.85603136854854,BASE_1,COW_004,J_00057,normal,1.0,36.62481525218274,0.665905731857868,84237.07508002031
16.4619,107.5889,16.236211589375223,107.22393073902197,BASE_1,COW_004,J_00058,residential,2.2,67.98188791980856,1.236034325814701,156358.34221555968
16.4619,107.5889,16.410861708638596,107.70818685325207,BASE_1,COW_004,J_00059,residential,2.2,15.716335281593201,0.28575155057442186,36147.57114766436
16.4619,107.5889,16.421865835419105,107.82715158327233,BASE_1,COW_004,J_00060,normal,1.0,31.354695672562283,0.5700853758647688,72115.80004689324
16.4619,107.5889,16.307299072885844,107.99887024033504,BASE_1,COW_004,J_00061,residential,2.2,55.65838064782537,1.0119705572331885,128014.27548999834
16.4619,107.5889,16.125824585720828,107.33690100951722,BASE_1,COW_004,J_00062,residential,4.2,76.95810621018406,1.3992382947306192,177003.64428342332
16.4619,107.5889,16.11106359177746,107.3459286850522,BASE_1,COW_004,J_00063,residential,4.2,78.63915165038009,1.429802757279638,180870.0487958742
16.4619,107.5889,16.397552183845967,107.73878502140444,BASE_1,COW_004,J_00064,residential,2.2,19.68763773528617,0.35795704973247583,45281.56679115819
16.4619,107.5889,16.282173515285585,108.00397198020616,BASE_1,COW_004,J_00065,normal,1.0,55.29323434481486,1.0053315335420885,127174.43899307419
16.4619,107.5889,16.313228802378926,108.00400545253144,BASE_1,COW_004,J_00066,residential,2.2,56.63023907620019,1.0296407104763672,130249.54987526043
16.4619,107.5889,16.096950630612657,107.33875248677712,BASE_1,COW_004,J_00067,residential,4.2,80.0437340924077,1.4553406198619583,184100.5884125377
16.4619,107.5889,16.393605717506578,107.47491737817752,BASE_1,COW_004,J_00068,normal,1.0,26.638204302670403,0.48433098732128005,61267.86989614193
16.4619,107.5889,16.586617352569917,107.32618309940084,BASE_1,COW_004,J_00069,residential,2.2,37.24606837174508,0.6772012431226379,85665.9572550137
16.4619,107.5889,16.271244454586103,108.00910347085969,BASE_1,COW_004,J_00070,normal,1.0,54.79927192924924,0.9963503987136225,126038.32543727325
16.4619,107.5889,16.30225806317275,107.20372544535816,BASE_1,COW_004,J_00071,residential,2.2,72.19333855806751,1.3126061556012274,166044.67868355528
16.4619,107.5889,16.402115481041722,107.47520524289446,BASE_1,COW_004,J_00072,normal,1.0,26.676695153937196,0.4850308209806763,61356.39885405555
16.4619,107.5889,16.52378765566236,107.3139491709039,BASE_1,COW_004,J_00073,residential,2.2,35.89843658279703,0.6526988469599461,82566.40414043318
16.4619,107.5889,16.086551495132397,107.35884214702251,BASE_1,COW_004,J_00074,residential,2.2,81.9898341221997,1.4907242567672672,188576.6184810593
16.4619,107.5889,16.523931313921075,107.32725410709553,BASE_1,COW_004,J_00075,residential,2.2,35.26974161234694,0.641268029315399,81120.40570839796
16.4619,107.5889,16.480643081216858,107.47700505517273,BASE_1,COW_004,J_00076,normal,1.0,24.85793284837414,0.4519624154249844,57173.24555126052
16.4619,107.5889,16.535483366486226,107.31505993488494,BASE_1,COW_004,J_00077,residential,2.2,36.43549116254789,0.6624634756826889,83801.62967386015
16.4619,107.5889,16.381819827596345,107.05380788572604,BASE_1,COW_004,J_00078,residential,2.2,98.07706201134609,1.7832193092972015,225577.242626096
16.4619,107.5889,16.327586846766124,107.17172432241124,BASE_1,COW_004,J_00079,residential,2.2,76.81300486325215,1.3966000884227663,176669.91118547993
16.4619,107.5889,16.367586886950164,107.12413208129658,BASE_1,COW_004,J_00080,residential,2.2,84.00715974271083,1.527402904412924,193216.4674082349
16.4619,107.5889,16.517165018434337,107.2838374887184,BASE_1,COW_004,J_00081,residential,2.2,39.76599321399879,0.7230180584363416,91461.78439219722
16.4619,107.5889,16.438981227586616,107.5139975441275,BASE_1,COW_004,J_00082,normal,1.0,9.609742660093662,0.17472259381988478,22102.408118215422
16.4619,107.5889,16.312890221356728,108.01470279736397,BASE_1,COW_004,J_00083,residential,2.2,57.97733667302898,1.0541333940550723,133347.87434796666
16.4619,107.5889,16.216133505596858,108.06041050509896,BASE_1,COW_004,J_00084,normal,1.0,69.57152624742545,1.264936840862281,160014.51036907855
16.4619,107.5889,16.330519603057706,107.61988581167678,BASE_1,COW_004,J_00085,normal,1.0,21.434012313467235,0.38970931479031334,49298.22832097464
16.4619,107.5889,16.32326506375919,107.92873922428788,BASE_1,COW_004,J_00086,residential,3.7,47.76728159174636,0.8684960289408429,109864.74766101663
16.4619,107.5889,16.358389326577083,107.03428028491932,BASE_1,COW_004,J_00087,residential,2.2,60.26791747990077,1.0957803178163776,138616.21020377177
16.4619,107.5889,16.272059177144055,108.03095994999136,BASE_1,COW_004,J_00088,normal,1.0,57.56391095489667,1.046616562816303,132396.99519626235
16.4619,107.5889,16.299009021086444,107.34745474017085,BASE_1,COW_004,J_00089,residential,2.2,44.118502277666444,0.8021545868666626,101472.55523863282
16.4619,107.5889,16.289493969176597,107.38769133922136,BASE_1,COW_004,J_00090,residential,2.2,39.54898977426324,0.7190725413502408,90962.67648080546
16.4619,107.5889,16.274536262786913,107.7786320156488,BASE_1,COW_004,J_00091,normal,1.0,32.46817920086931,0.5903305309248965,74676.8121619994
16.4619,107.5889,16.37762949107703,107.59628086752136,BASE_1,COW_004,J_00092,normal,1.0,13.116062345652065,0.23847386083003755,30166.943394999747
16.4619,107.5889,16.392506992461776,107.68160012426344,BASE_1,COW_004,J_00093,normal,1.0,14.374266632097402,0.26135030240177093,33060.813253824024
16.4619,107.5889,16.291495847254687,107.78281049017544,BASE_1,COW_004,J_00094,normal,1.0,30.41725820213846,0.5530410582206993,69959.69386491846
16.4619,107.5889,16.262949238810066,107.68704525300502,BASE_1,COW_004,J_00095,normal,1.0,34.38713187369154,0.6252205795216643,79090.40330949053
16.4619,107.5889,16.370696626026824,107.74702732165454,BASE_1,COW_004,J_00096,normal,1.0,21.286746252756547,0.38703175005011903,48959.51638134006
16.4619,107.5889,16.14425462175665,107.75122345243598,BASE_1,COW_004,J_00097,residential,2.2,50.0853676821448,0.9106430487662691,115196.34566893303
16.4619,107.5889,16.592471780445756,107.3124838483418,BASE_1,COW_004,J_00098,residential,2.2,40.20222504501222,0.7309495462729495,92465.11760352811
16.4619,107.5889,16.730071045230396,107.4000535954682,BASE_1,COW_004,J_00099,residential,2.2,42.977719965858604,0.7814130902883383,98848.75592147479
16.4619,107.5889,16.113219935355232,107.63177648157864,BASE_1,COW_004,J_00100,normal,1.0,59.42959617137814,1.0805381122068751,136688.07119416972
16.4619,107.5889,16.371149471798947,107.7561813090597,BASE_1,COW_004,J_00101,normal,1.0,23.125260552555392,0.4204592827737344,53188.0992708774
16.4619,107.5889,16.31521698231939,107.71719159344256,BASE_1,COW_004,J_00102,normal,1.0,25.357695719130763,0.46104901307510476,58322.700154000755
16.4619,107.5889,16.31007366662314,107.75139680413022,BASE_1,COW_004,J_00103,residential,3.7,26.829945243713755,0.487817186249341,61708.87406054164
16.4619,107.5889,16.350004077412255,107.686440633005,BASE_1,COW_004,J_00104,normal,1.0,20.758327018884458,0.3774241276160811,47744.15214343425
16.4619,107.5889,16.329646285748634,107.41288768408508,BASE_1,COW_004,J_00105,residential,2.2,32.809163598367206,0.5965302472430402,75461.07627624458
16.4619,107.5889,16.381411409546235,107.6209067584559,BASE_1,COW_004,J_00106,normal,1.0,16.56588586092002,0.30119792474400037,38101.53748011604
16.4619,107.5889,16.352378211756804,107.48687496708726,BASE_1,COW_004,J_00107,normal,1.0,22.063658159977226,0.401157421090495,50746.41376794762
16.4619,107.5889,16.356730759468014,107.53688054729449,BASE_1,COW_004,J_00108,normal,1.0,19.178195045446405,0.3486944553717528,44109.84860452673
16.4619,107.5889,16.341878021653464,107.73230095956784,BASE_1,COW_004,J_00109,residential,3.7,23.058569435620058,0.41924671701127375,53034.709701926135
16.4619,107.5889,16.310138893373413,107.08295978611184,BASE_1,COW_004,J_00110,residential,2.2,101.15345818556949,1.8391537851921727,232652.95382680983
16.4619,107.5889,16.472873908455245,107.6106799943142,BASE_1,COW_005,J_00000,residential,9.7,3.110316563570949,0.05183860939284915,7153.728096213183
16.4619,107.5889,16.45396757555403,107.61918797095066,BASE_1,COW_005,J_00001,residential,7.2,3.9390340736852574,0.06565056789475429,9059.778369476093
16.4619,107.5889,16.47154095544053,107.55669854007874,BASE_1,COW_005,J_00002,residential,5.7,4.90845977667605,0.08180766294460083,11289.457486354915
16.4619,107.5889,16.463456332330566,107.5546957781065,BASE_1,COW_005,J_00003,residential,5.7,4.552899912402679,0.07588166520671132,10471.669798526162
16.4619,107.5889,16.490724152243274,107.5839987846654,BASE_1,COW_005,J_00004,residential,2.2,4.232634136197737,0.07054390226996228,9735.058513254795
16.4619,107.5889,16.468886116113154,107.5392851750938,BASE_1,COW_005,J_00005,residential,3.7,7.016883287890822,0.11694805479818036,16138.831562148891
16.4619,107.5889,16.459945898804236,107.55707170860308,BASE_1,COW_005,J_00006,residential,5.7,4.092189930352538,0.06820316550587564,9412.036839810839
16.4619,107.5889,16.448139316005754,107.62900374280078,BASE_1,COW_005,J_00007,residential,4.7,5.414013099355018,0.09023355165591697,12452.230128516541
16.4619,107.5889,16.50770560492689,107.5513454513049,BASE_1,COW_005,J_00008,residential,2.2,6.789645909519809,0.11316076515866348,15616.18559189556
16.4619,107.5889,16.535924521807456,107.68855230948328,BASE_1,COW_005,J_00009,normal,1.0,19.080196273667166,0.3180032712277861,43884.451429434484
16.4619,107.5889,16.550328251701867,107.62620844418208,BASE_1,COW_005,J_00010,residential,2.2,12.806226143911898,0.21343710239853164,29454.320130997367
16.4619,107.5889,16.559754907577233,107.61871360688176,BASE_1,COW_005,J_00011,residential,2.2,14.21911987025406,0.236985331170901,32703.97570158434
16.4619,107.5889,16.523274223294226,107.69330456813202,BASE_1,COW_005,J_00012,normal,1.0,20.584985917926932,0.34308309863211556,47345.46761123194
16.4619,107.5889,16.273160931116365,107.87468923427582,BASE_1,COW_005,J_00013,hospitals,6.0,39.331672774527625,0.6555278795754604,90462.84738141354
16.4619,107.5889,16.52305861296173,107.70145268388114,BASE_1,COW_005,J_00014,normal,1.0,21.033638927446283,0.35056064879077137,48377.36953312645
16.4619,107.5889,16.561389109775824,107.60322552654831,BASE_1,COW_005,J_00015,residential,2.2,14.20398345686588,0.23673305761443134,32669.161950791524
16.4619,107.5889,16.53350103835496,107.54083599980493,BASE_1,COW_005,J_00016,residential,2.2,11.917732766630625,0.19862887944384375,27410.785363250438
16.4619,107.5889,16.54518944601392,107.42752759281646,BASE_1,COW_005,J_00017,residential,3.7,21.580072625114134,0.35966787708523557,49634.167037762505
16.4619,107.5889,16.516409753854667,107.71063204761622,BASE_1,COW_005,J_00018,normal,1.0,22.278102619349013,0.37130171032248355,51239.63602450273
16.4619,107.5889,16.246653516500725,107.24686057726342,BASE_1,COW_005,J_00019,residential,2.2,64.9386926185613,1.0823115436426884,149358.993022691
16.4619,107.5889,16.450794259691136,107.72511393206908,BASE_1,COW_005,J_00020,residential,5.7,18.97989457682141,0.3163315762803568,43653.75752668924
16.4619,107.5889,16.511533614699083,107.71541068050291,BASE_1,COW_005,J_00021,normal,1.0,23.064250781533115,0.3844041796922186,53047.77679752617
16.4619,107.5889,16.470087079506218,107.63918470164964,BASE_1,COW_005,J_00022,residential,4.7,6.670410746431815,0.11117351244053025,15341.944716793176
16.4619,107.5889,16.442016856115924,107.72822832866149,BASE_1,COW_005,J_00023,residential,5.7,17.682058113269118,0.2947009685544853,40668.73366051897
16.4619,107.5889,16.506029242964782,107.62567129678769,BASE_1,COW_005,J_00024,residential,2.2,7.630262361272036,0.12717103935453394,17549.603430925683
16.4619,107.5889,16.579685501922715,107.58736154579384,BASE_1,COW_005,J_00025,residential,2.2,15.358049876526206,0.25596749794210344,35323.51471601027
16.4619,107.5889,16.66393035346636,107.35559637793077,BASE_1,COW_005,J_00026,residential,2.2,37.93265650613059,0.6322109417688432,87245.10996410035
16.4619,107.5889,16.438453094761204,107.73677161213271,BASE_1,COW_005,J_00027,residential,5.7,18.61240128594981,0.3102066880991635,42808.52295768457
16.4619,107.5889,16.248164304494374,107.23238633470594,BASE_1,COW_005,J_00028,residential,2.2,67.74158199350012,1.1290263665583353,155805.63858505027
16.4619,107.5889,16.467401830416172,107.74412044338574,BASE_1,COW_005,J_00029,residential,3.7,20.8245694441385,0.34707615740230835,47896.50972151855
16.4619,107.5889,16.22769573648302,108.07312412860249,BASE_1,COW_005,J_00030,hospitals,6.0,67.3199831909727,1.121999719849545,154835.96133923723
16.4619,107.5889,16.6567619206231,107.3495614668992,BASE_1,COW_005,J_00031,residential,2.2,37.24940456084693,0.6208234093474488,85673.63048994794
16.4619,107.5889,16.23642580060988,107.25634003768069,BASE_1,COW_005,J_00032,residential,2.2,63.38242572214135,1.0563737620356892,145779.5791609251
16.4619,107.5889,16.649846477639887,107.33861595874995,BASE_1,COW_005,J_00033,residential,2.2,39.521577823855075,0.6586929637309179,90899.62899486667
16.4619,107.5889,16.582166947493878,107.35875602850297,BASE_1,COW_005,J_00034,residential,3.7,30.011166543860558,0.5001861090643426,69025.68305087928
16.4619,107.5889,16.54268106207316,107.42173424731372,BASE_1,COW_005,J_00035,residential,3.7,22.5554323216067,0.3759238720267783,51877.494339695404
16.4619,107.5889,16.63762488123805,107.42379895451036,BASE_1,COW_005,J_00036,residential,2.2,29.22181902743583,0.4870303171239305,67210.18376310241
16.4619,107.5889,16.161742476623008,107.72726450231792,BASE_1,COW_005,J_00037,residential,5.2,46.275528347940984,0.7712588057990164,106433.71520026427
16.4619,107.5889,16.4617079129225,107.7055620386572,BASE_1,COW_005,J_00038,residential,8.7,15.26329348973541,0.2543882248289235,35105.575026391445
16.4619,107.5889,16.672385358081804,107.36627022634389,BASE_1,COW_005,J_00039,residential,2.2,36.75538539456234,0.612589756576039,84537.38640749338
16.4619,107.5889,16.659521457681674,107.4522269483472,BASE_1,COW_005,J_00040,residential,2.2,33.03225252579212,0.5505375420965353,75974.18080932187
16.4619,107.5889,16.66522777932196,107.36875091304154,BASE_1,COW_005,J_00041,residential,2.2,36.14339733932192,0.6023899556553654,83129.81388044042
16.4619,107.5889,16.660820621499212,107.38427458078796,BASE_1,COW_005,J_00042,residential,2.2,34.30776022724977,0.5717960037874962,78907.84852267448
16.4619,107.5889,16.62511390305801,107.5150854990652,BASE_1,COW_005,J_00043,residential,2.2,25.250480048256584,0.4208413341376097,58076.10411099014
16.4619,107.5889,16.59440422417168,107.38514305632124,BASE_1,COW_005,J_00044,residential,3.7,29.525082967561826,0.49208471612603044,67907.6908253922
16.4619,107.5889,16.290663014244483,107.98452104257804,BASE_1,COW_005,J_00045,residential,2.2,54.20145777854764,0.9033576296424607,124663.35289065957
16.4619,107.5889,16.633195073021646,107.507332913964,BASE_1,COW_005,J_00046,residential,2.2,26.22459859550754,0.437076643258459,60316.57676966734
16.4619,107.5889,16.64547217362694,107.47963578206634,BASE_1,COW_005,J_00047,residential,2.2,29.703330608364322,0.49505551013940535,68317.66039923794
16.4619,107.5889,16.275156728172423,107.9790458824707,BASE_1,COW_005,J_00048,residential,2.2,51.84779800490606,0.8641299667484343,119249.93541128394
16.4619,107.5889,16.34363572772629,107.9189163333372,BASE_1,COW_005,J_00049,residential,3.7,44.87823238593507,0.7479705397655845,103219.93448765067
16.4619,107.5889,16.570555932832004,107.34394499346718,BASE_1,COW_005,J_00050,residential,2.2,32.289328764275105,0.5381554794045851,74265.45615783274
16.4619,107.5889,16.50665956554493,107.64903907436688,BASE_1,COW_005,J_00051,residential,2.2,10.513966552689029,0.17523277587815048,24182.123071184767
16.4619,107.5889,16.448260129769277,107.64861740367776,BASE_1,COW_005,J_00052,normal,1.0,9.054823618624496,0.15091372697707495,20826.094322836343
16.4619,107.5889,16.664330238141044,107.44405209681626,BASE_1,COW_005,J_00053,residential,2.2,33.506869279274035,0.5584478213212339,77065.79934233028
16.4619,107.5889,16.710100944408335,107.36367785595424,BASE_1,COW_005,J_00054,residential,2.2,41.795797053393045,0.6965966175565508,96130.33322280401
16.4619,107.5889,16.480897966159755,107.68092090339064,BASE_1,COW_005,J_00055,normal,1.0,11.596614863125701,0.19327691438542835,26672.214185189114
16.4619,107.5889,16.14765835550746,107.73729962770445,BASE_1,COW_005,J_00056,residential,2.2,48.38388776776133,0.8063981294626889,111282.94186585105
16.4619,107.5889,16.373443668977306,107.85603136854854,BASE_1,COW_005,J_00057,normal,1.0,36.62481525218274,0.6104135875363791,84237.07508002031
16.4619,107.5889,16.236211589375223,107.22393073902197,BASE_1,COW_005,J_00058,residential,2.2,67.98188791980856,1.1330314653301425,156358.34221555968
16.4619,107.5889,16.410861708638596,107.70818685325207,BASE_1,COW_005,J_00059,residential,2.2,15.716335281593201,0.26193892135988667,36147.57114766436
16.4619,107.5889,16.421865835419105,107.82715158327233,BASE_1,COW_005,J_00060,normal,1.0,31.354695672562283,0.5225782612093713,72115.80004689324
16.4619,107.5889,16.307299072885844,107.99887024033504,BASE_1,COW_005,J_00061,residential,2.2,55.65838064782537,0.9276396774637561,128014.27548999834
16.4619,107.5889,16.125824585720828,107.33690100951722,BASE_1,COW_005,J_00062,residential,4.2,76.95810621018406,1.2826351035030676,177003.64428342332
16.4619,107.5889,16.11106359177746,107.3459286850522,BASE_1,COW_005,J_00063,residential,4.2,78.63915165038009,1.3106525275063348,180870.0487958742
16.4619,107.5889,16.397552183845967,107.73878502140444,BASE_1,COW_005,J_00064,residential,2.2,19.68763773528617,0.32812729558810283,45281.56679115819
16.4619,107.5889,16.282173515285585,108.00397198020616,BASE_1,COW_005,J_00065,normal,1.0,55.29323434481486,0.9215539057469144,127174.43899307419
16.4619,107.5889,16.313228802378926,108.00400545253144,BASE_1,COW_005,J_00066,residential,2.2,56.63023907620019,0.9438373179366698,130249.54987526043
16.4619,107.5889,16.096950630612657,107.33875248677712,BASE_1,COW_005,J_00067,residential,4.2,80.0437340924077,1.3340622348734616,184100.5884125377
16.4619,107.5889,16.393605717506578,107.47491737817752,BASE_1,COW_005,J_00068,normal,1.0,26.638204302670403,0.44397007171117336,61267.86989614193
16.4619,107.5889,16.586617352569917,107.32618309940084,BASE_1,COW_005,J_00069,residential,2.2,37.24606837174508,0.6207678061957513,85665.9572550137
16.4619,107.5889,16.271244454586103,108.00910347085969,BASE_1,COW_005,J_00070,normal,1.0,54.79927192924924,0.9133211988208206,126038.32543727325
16.4619,107.5889,16.30225806317275,107.20372544535816,BASE_1,COW_005,J_00071,residential,2.2,72.19333855806751,1.2032223093011252,166044.67868355528
16.4619,107.5889,16.402115481041722,107.47520524289446,BASE_1,COW_005,J_00072,normal,1.0,26.676695153937196,0.4446115858989533,61356.39885405555
16.4619,107.5889,16.52378765566236,107.3139491709039,BASE_1,COW_005,J_00073,residential,2.2,35.89843658279703,0.5983072763799505,82566.40414043318
16.4619,107.5889,16.086551495132397,107.35884214702251,BASE_1,COW_005,J_00074,residential,2.2,81.9898341221997,1.366497235369995,188576.6184810593
16.4619,107.5889,16.523931313921075,107.32725410709553,BASE_1,COW_005,J_00075,residential,2.2,35.26974161234694,0.587829026872449,81120.40570839796
16.4619,107.5889,16.480643081216858,107.47700505517273,BASE_1,COW_005,J_00076,normal,1.0,24.85793284837414,0.41429888080623567,57173.24555126052
16.4619,107.5889,16.535483366486226,107.31505993488494,BASE_1,COW_005,J_00077,residential,2.2,36.43549116254789,0.6072581860424648,83801.62967386015
16.4619,107.5889,16.381819827596345,107.05380788572604,BASE_1,COW_005,J_00078,residential,2.2,98.07706201134609,1.6346177001891014,225577.242626096
16.4619,107.5889,16.327586846766124,107.17172432241124,BASE_1,COW_005,J_00079,residential,2.2,76.81300486325215,1.280216747720869,176669.91118547993
16.4619,107.5889,16.367586886950164,107.12413208129658,BASE_1,COW_005,J_00080,residential,2.2,84.00715974271083,1.4001193290451803,193216.4674082349
16.4619,107.5889,16.517165018434337,107.2838374887184,BASE_1,COW_005,J_00081,residential,2.2,39.76599321399879,0.6627665535666465,91461.78439219722
16.4619,107.5889,16.438981227586616,107.5139975441275,BASE_1,COW_005,J_00082,normal,1.0,9.609742660093662,0.1601623776682277,22102.408118215422
16.4619,107.5889,16.312890221356728,108.01470279736397,BASE_1,COW_005,J_00083,residential,2.2,57.97733667302898,0.966288944550483,133347.87434796666
16.4619,107.5889,16.216133505596858,108.06041050509896,BASE_1,COW_005,J_00084,normal,1.0,69.57152624742545,1.159525437457091,160014.51036907855
16.4619,107.5889,16.330519603057706,107.61988581167678,BASE_1,COW_005,J_00085,normal,1.0,21.434012313467235,0.3572335385577873,49298.22832097464
16.4619,107.5889,16.32326506375919,107.92873922428788,BASE_1,COW_005,J_00086,residential,3.7,47.76728159174636,0.7961213598624394,109864.74766101663
16.4619,107.5889,16.358389326577083,107.03428028491932,BASE_1,COW_005,J_00087,residential,2.2,60.26791747990077,1.0044652913316794,138616.21020377177
16.4619,107.5889,16.272059177144055,108.03095994999136,BASE_1,COW_005,J_00088,normal,1.0,57.56391095489667,0.9593985159149445,132396.99519626235
16.4619,107.5889,16.299009021086444,107.34745474017085,BASE_1,COW_005,J_00089,residential,2.2,44.118502277666444,0.7353083712944407,101472.55523863282
16.4619,107.5889,16.289493969176597,107.38769133922136,BASE_1,COW_005,J_00090,residential,2.2,39.54898977426324,0.6591498295710541,90962.67648080546
16.4619,107.5889,16.274536262786913,107.7786320156488,BASE_1,COW_005,J_00091,normal,1.0,32.46817920086931,0.5411363200144884,74676.8121619994
16.4619,107.5889,16.37762949107703,107.59628086752136,BASE_1,COW_005,J_00092,normal,1.0,13.116062345652065,0.2186010390942011,30166.943394999747
16.4619,107.5889,16.392506992461776,107.68160012426344,BASE_1,COW_005,J_00093,normal,1.0,14.374266632097402,0.2395711105349567,33060.813253824024
16.4619,107.5889,16.291495847254687,107.78281049017544,BASE_1,COW_005,J_00094,normal,1.0,30.41725820213846,0.5069543033689743,69959.69386491846
16.4619,107.5889,16.262949238810066,107.68704525300502,BASE_1,COW_005,J_00095,normal,1.0,34.38713187369154,0.5731188645615256,79090.40330949053
16.4619,107.5889,16.370696626026824,107.74702732165454,BASE_1,COW_005,J_00096,normal,1.0,21.286746252756547,0.3547791042126091,48959.51638134006
16.4619,107.5889,16.14425462175665,107.75122345243598,BASE_1,COW_005,J_00097,residential,2.2,50.0853676821448,0.8347561280357466,115196.34566893303
16.4619,107.5889,16.592471780445756,107.3124838483418,BASE_1,COW_005,J_00098,residential,2.2,40.20222504501222,0.670037084083537,92465.11760352811
16.4619,107.5889,16.730071045230396,107.4000535954682,BASE_1,COW_005,J_00099,residential,2.2,42.977719965858604,0.7162953327643101,98848.75592147479
16.4619,107.5889,16.113219935355232,107.63177648157864,BASE_1,COW_005,J_00100,normal,1.0,59.42959617137814,0.9904932695229689,136688.07119416972
16.4619,107.5889,16.371149471798947,107.7561813090597,BASE_1,COW_005,J_00101,normal,1.0,23.125260552555392,0.38542100920925654,53188.0992708774
16.4619,107.5889,16.31521698231939,107.71719159344256,BASE_1,COW_005,J_00102,normal,1.0,25.357695719130763,0.42262826198551273,58322.700154000755
16.4619,107.5889,16.31007366662314,107.75139680413022,BASE_1,COW_005,J_00103,residential,3.7,26.829945243713755,0.4471657540618959,61708.87406054164
16.4619,107.5889,16.350004077412255,107.686440633005,BASE_1,COW_005,J_00104,normal,1.0,20.758327018884458,0.3459721169814076,47744.15214343425
16.4619,107.5889,16.329646285748634,107.41288768408508,BASE_1,COW_005,J_00105,residential,2.2,32.809163598367206,0.5468193933061201,75461.07627624458
16.4619,107.5889,16.381411409546235,107.6209067584559,BASE_1,COW_005,J_00106,normal,1.0,16.56588586092002,0.27609809768200033,38101.53748011604
16.4619,107.5889,16.352378211756804,107.48687496708726,BASE_1,COW_005,J_00107,normal,1.0,22.063658159977226,0.36772763599962044,50746.41376794762
16.4619,107.5889,16.356730759468014,107.53688054729449,BASE_1,COW_005,J_00108,normal,1.0,19.178195045446405,0.3196365840907734,44109.84860452673
16.4619,107.5889,16.341878021653464,107.73230095956784,BASE_1,COW_005,J_00109,residential,3.7,23.058569435620058,0.38430949059366765,53034.709701926135
16.4619,107.5889,16.310138893373413,107.08295978611184,BASE_1,COW_005,J_00110,residential,2.2,101.15345818556949,1.6858909697594915,232652.95382680983
16.4619,107.5889,16.472873908455245,107.6106799943142,BASE_1,COW_006,J_00000,residential,9.7,3.110316563570949,0.05183860939284915,7153.728096213183
16.4619,107.5889,16.45396757555403,107.61918797095066,BASE_1,COW_006,J_00001,residential,7.2,3.9390340736852574,0.06565056789475429,9059.778369476093
16.4619,107.5889,16.47154095544053,107.55669854007874,BASE_1,COW_006,J_00002,residential,5.7,4.90845977667605,0.08180766294460083,11289.457486354915
16.4619,107.5889,16.463456332330566,107.5546957781065,BASE_1,COW_006,J_00003,residential,5.7,4.552899912402679,0.07588166520671132,10471.669798526162
16.4619,107.5889,16.490724152243274,107.5839987846654,BASE_1,COW_006,J_00004,residential,2.2,4.232634136197737,0.07054390226996228,9735.058513254795
16.4619,107.5889,16.468886116113154,107.5392851750938,BASE_1,COW_006,J_00005,residential,3.7,7.016883287890822,0.11694805479818036,16138.831562148891
16.4619,107.5889,16.459945898804236,107.55707170860308,BASE_1,COW_006,J_00006,residential,5.7,4.092189930352538,0.06820316550587564,9412.036839810839
16.4619,107.5889,16.448139316005754,107.62900374280078,BASE_1,COW_006,J_00007,residential,4.7,5.414013099355018,0.09023355165591697,12452.230128516541
16.4619,107.5889,16.50770560492689,107.5513454513049,BASE_1,COW_006,J_00008,residential,2.2,6.789645909519809,0.11316076515866348,15616.18559189556
16.4619,107.5889,16.535924521807456,107.68855230948328,BASE_1,COW_006,J_00009,normal,1.0,19.080196273667166,0.3180032712277861,43884.451429434484
16.4619,107.5889,16.550328251701867,107.62620844418208,BASE_1,COW_006,J_00010,residential,2.2,12.806226143911898,0.21343710239853164,29454.320130997367
16.4619,107.5889,16.559754907577233,107.61871360688176,BASE_1,COW_006,J_00011,residential,2.2,14.21911987025406,0.236985331170901,32703.97570158434
16.4619,107.5889,16.523274223294226,107.69330456813202,BASE_1,COW_006,J_00012,normal,1.0,20.584985917926932,0.34308309863211556,47345.46761123194
16.4619,107.5889,16.273160931116365,107.87468923427582,BASE_1,COW_006,J_00013,hospitals,6.0,39.331672774527625,0.6555278795754604,90462.84738141354
16.4619,107.5889,16.52305861296173,107.70145268388114,BASE_1,COW_006,J_00014,normal,1.0,21.033638927446283,0.35056064879077137,48377.36953312645
16.4619,107.5889,16.561389109775824,107.60322552654831,BASE_1,COW_006,J_00015,residential,2.2,14.20398345686588,0.23673305761443134,32669.161950791524
16.4619,107.5889,16.53350103835496,107.54083599980493,BASE_1,COW_006,J_00016,residential,2.2,11.917732766630625,0.19862887944384375,27410.785363250438
16.4619,107.5889,16.54518944601392,107.42752759281646,BASE_1,COW_006,J_00017,residential,3.7,21.580072625114134,0.35966787708523557,49634.167037762505
16.4619,107.5889,16.516409753854667,107.71063204761622,BASE_1,COW_006,J_00018,normal,1.0,22.278102619349013,0.37130171032248355,51239.63602450273
16.4619,107.5889,16.246653516500725,107.24686057726342,BASE_1,COW_006,J_00019,residential,2.2,64.9386926185613,1.0823115436426884,149358.993022691
16.4619,107.5889,16.450794259691136,107.72511393206908,BASE_1,COW_006,J_00020,residential,5.7,18.97989457682141,0.3163315762803568,43653.75752668924
16.4619,107.5889,16.511533614699083,107.71541068050291,BASE_1,COW_006,J_00021,normal,1.0,23.064250781533115,0.3844041796922186,53047.77679752617
16.4619,107.5889,16.470087079506218,107.63918470164964,BASE_1,COW_006,J_00022,residential,4.7,6.670410746431815,0.11117351244053025,15341.944716793176
16.4619,107.5889,16.442016856115924,107.72822832866149,BASE_1,COW_006,J_00023,residential,5.7,17.682058113269118,0.2947009685544853,40668.73366051897
16.4619,107.5889,16.506029242964782,107.62567129678769,BASE_1,COW_006,J_00024,residential,2.2,7.630262361272036,0.12717103935453394,17549.603430925683
16.4619,107.5889,16.579685501922715,107.58736154579384,BASE_1,COW_006,J_00025,residential,2.2,15.358049876526206,0.25596749794210344,35323.51471601027
16.4619,107.5889,16.66393035346636,107.35559637793077,BASE_1,COW_006,J_00026,residential,2.2,37.93265650613059,0.6322109417688432,87245.10996410035
16.4619,107.5889,16.438453094761204,107.73677161213271,BASE_1,COW_006,J_00027,residential,5.7,18.61240128594981,0.3102066880991635,42808.52295768457
16.4619,107.5889,16.248164304494374,107.23238633470594,BASE_1,COW_006,J_00028,residential,2.2,67.74158199350012,1.1290263665583353,155805.63858505027
16.4619,107.5889,16.467401830416172,107.74412044338574,BASE_1,COW_006,J_00029,residential,3.7,20.8245694441385,0.34707615740230835,47896.50972151855
16.4619,107.5889,16.22769573648302,108.07312412860249,BASE_1,COW_006,J_00030,hospitals,6.0,67.3199831909727,1.121999719849545,154835.96133923723
16.4619,107.5889,16.6567619206231,107.3495614668992,BASE_1,COW_006,J_00031,residential,2.2,37.24940456084693,0.6208234093474488,85673.63048994794
16.4619,107.5889,16.23642580060988,107.25634003768069,BASE_1,COW_006,J_00032,residential,2.2,63.38242572214135,1.0563737620356892,145779.5791609251
16.4619,107.5889,16.649846477639887,107.33861595874995,BASE_1,COW_006,J_00033,residential,2.2,39.521577823855075,0.6586929637309179,90899.62899486667
16.4619,107.5889,16.582166947493878,107.35875602850297,BASE_1,COW_006,J_00034,residential,3.7,30.011166543860558,0.5001861090643426,69025.68305087928
16.4619,107.5889,16.54268106207316,107.42173424731372,BASE_1,COW_006,J_00035,residential,3.7,22.5554323216067,0.3759238720267783,51877.494339695404
16.4619,107.5889,16.63762488123805,107.42379895451036,BASE_1,COW_006,J_00036,residential,2.2,29.22181902743583,0.4870303171239305,67210.18376310241
16.4619,107.5889,16.161742476623008,107.72726450231792,BASE_1,COW_006,J_00037,residential,5.2,46.275528347940984,0.7712588057990164,106433.71520026427
16.4619,107.5889,16.4617079129225,107.7055620386572,BASE_1,COW_006,J_00038,residential,8.7,15.26329348973541,0.2543882248289235,35105.575026391445
16.4619,107.5889,16.672385358081804,107.36627022634389,BASE_1,COW_006,J_00039,residential,2.2,36.75538539456234,0.612589756576039,84537.38640749338
16.4619,107.5889,16.659521457681674,107.4522269483472,BASE_1,COW_006,J_00040,residential,2.2,33.03225252579212,0.5505375420965353,75974.18080932187
16.4619,107.5889,16.66522777932196,107.36875091304154,BASE_1,COW_006,J_00041,residential,2.2,36.14339733932192,0.6023899556553654,83129.81388044042
16.4619,107.5889,16.660820621499212,107.38427458078796,BASE_1,COW_006,J_00042,residential,2.2,34.30776022724977,0.5717960037874962,78907.84852267448
16.4619,107.5889,16.62511390305801,107.5150854990652,BASE_1,COW_006,J_00043,residential,2.2,25.250480048256584,0.4208413341376097,58076.10411099014
16.4619,107.5889,16.59440422417168,107.38514305632124,BASE_1,COW_006,J_00044,residential,3.7,29.525082967561826,0.49208471612603044,67907.6908253922
16.4619,107.5889,16.290663014244483,107.98452104257804,BASE_1,COW_006,J_00045,residential,2.2,54.20145777854764,0.9033576296424607,124663.35289065957
16.4619,107.5889,16.633195073021646,107.507332913964,BASE_1,COW_006,J_00046,residential,2.2,26.22459859550754,0.437076643258459,60316.57676966734
16.4619,107.5889,16.64547217362694,107.47963578206634,BASE_1,COW_006,J_00047,residential,2.2,29.703330608364322,0.49505551013940535,68317.66039923794
16.4619,107.5889,16.275156728172423,107.9790458824707,BASE_1,COW_006,J_00048,residential,2.2,51.84779800490606,0.8641299667484343,119249.93541128394
16.4619,107.5889,16.34363572772629,107.9189163333372,BASE_1,COW_006,J_00049,residential,3.7,44.87823238593507,0.7479705397655845,103219.93448765067
16.4619,107.5889,16.570555932832004,107.34394499346718,BASE_1,COW_006,J_00050,residential,2.2,32.289328764275105,0.5381554794045851,74265.45615783274
16.4619,107.5889,16.50665956554493,107.64903907436688,BASE_1,COW_006,J_00051,residential,2.2,10.513966552689029,0.17523277587815048,24182.123071184767
16.4619,107.5889,16.448260129769277,107.64861740367776,BASE_1,COW_006,J_00052,normal,1.0,9.054823618624496,0.15091372697707495,20826.094322836343
16.4619,107.5889,16.664330238141044,107.44405209681626,BASE_1,COW_006,J_00053,residential,2.2,33.506869279274035,0.5584478213212339,77065.79934233028
16.4619,107.5889,16.710100944408335,107.36367785595424,BASE_1,COW_006,J_00054,residential,2.2,41.795797053393045,0.6965966175565508,96130.33322280401
16.4619,107.5889,16.480897966159755,107.68092090339064,BASE_1,COW_006,J_00055,normal,1.0,11.596614863125701,0.19327691438542835,26672.214185189114
16.4619,107.5889,16.14765835550746,107.73729962770445,BASE_1,COW_006,J_00056,residential,2.2,48.38388776776133,0.8063981294626889,111282.94186585105
16.4619,107.5889,16.373443668977306,107.85603136854854,BASE_1,COW_006,J_00057,normal,1.0,36.62481525218274,0.6104135875363791,84237.07508002031
16.4619,107.5889,16.236211589375223,107.22393073902197,BASE_1,COW_006,J_00058,residential,2.2,67.98188791980856,1.1330314653301425,156358.34221555968
16.4619,107.5889,16.410861708638596,107.70818685325207,BASE_1,COW_006,J_00059,residential,2.2,15.716335281593201,0.26193892135988667,36147.57114766436
16.4619,107.5889,16.421865835419105,107.82715158327233,BASE_1,COW_006,J_00060,normal,1.0,31.354695672562283,0.5225782612093713,72115.80004689324
16.4619,107.5889,16.307299072885844,107.99887024033504,BASE_1,COW_006,J_00061,residential,2.2,55.65838064782537,0.9276396774637561,128014.27548999834
16.4619,107.5889,16.125824585720828,107.33690100951722,BASE_1,COW_006,J_00062,residential,4.2,76.95810621018406,1.2826351035030676,177003.64428342332
16.4619,107.5889,16.11106359177746,107.3459286850522,BASE_1,COW_006,J_00063,residential,4.2,78.63915165038009,1.3106525275063348,180870.0487958742
16.4619,107.5889,16.397552183845967,107.73878502140444,BASE_1,COW_006,J_00064,residential,2.2,19.68763773528617,0.32812729558810283,45281.56679115819
16.4619,107.5889,16.282173515285585,108.00397198020616,BASE_1,COW_006,J_00065,normal,1.0,55.29323434481486,0.9215539057469144,127174.43899307419
16.4619,107.5889,16.313228802378926,108.00400545253144,BASE_1,COW_006,J_00066,residential,2.2,56.63023907620019,0.9438373179366698,130249.54987526043
16.4619,107.5889,16.096950630612657,107.33875248677712,BASE_1,COW_006,J_00067,residential,4.2,80.0437340924077,1.3340622348734616,184100.5884125377
16.4619,107.5889,16.393605717506578,107.47491737817752,BASE_1,COW_006,J_00068,normal,1.0,26.638204302670403,0.44397007171117336,61267.86989614193
16.4619,107.5889,16.586617352569917,107.32618309940084,BASE_1,COW_006,J_00069,residential,2.2,37.24606837174508,0.6207678061957513,85665.9572550137
16.4619,107.5889,16.271244454586103,108.00910347085969,BASE_1,COW_006,J_00070,normal,1.0,54.79927192924924,0.9133211988208206,126038.32543727325
16.4619,107.5889,16.30225806317275,107.20372544535816,BASE_1,COW_006,J_00071,residential,2.2,72.19333855806751,1.2032223093011252,166044.67868355528
16.4619,107.5889,16.402115481041722,107.47520524289446,BASE_1,COW_006,J_00072,normal,1.0,26.676695153937196,0.4446115858989533,61356.39885405555
16.4619,107.5889,16.52378765566236,107.3139491709039,BASE_1,COW_006,J_00073,residential,2.2,35.89843658279703,0.5983072763799505,82566.40414043318
16.4619,107.5889,16.086551495132397,107.35884214702251,BASE_1,COW_006,J_00074,residential,2.2,81.9898341221997,1.366497235369995,188576.6184810593
16.4619,107.5889,16.523931313921075,107.32725410709553,BASE_1,COW_006,J_00075,residential,2.2,35.26974161234694,0.587829026872449,81120.40570839796
16.4619,107.5889,16.480643081216858,107.47700505517273,BASE_1,COW_006,J_00076,normal,1.0,24.85793284837414,0.41429888080623567,57173.24555126052
16.4619,107.5889,16.535483366486226,107.31505993488494,BASE_1,COW_006,J_00077,residential,2.2,36.43549116254789,0.6072581860424648,83801.62967386015
16.4619,107.5889,16.381819827596345,107.05380788572604,BASE_1,COW_006,J_00078,residential,2.2,98.07706201134609,1.6346177001891014,225577.242626096
16.4619,107.5889,16.327586846766124,107.17172432241124,BASE_1,COW_006,J_00079,residential,2.2,76.81300486325215,1.280216747720869,176669.91118547993
16.4619,107.5889,16.367586886950164,107.12413208129658,BASE_1,COW_006,J_00080,residential,2.2,84.00715974271083,1.4001193290451803,193216.4674082349
16.4619,107.5889,16.517165018434337,107.2838374887184,BASE_1,COW_006,J_00081,residential,2.2,39.76599321399879,0.6627665535666465,91461.78439219722
16.4619,107.5889,16.438981227586616,107.5139975441275,BASE_1,COW_006,J_00082,normal,1.0,9.609742660093662,0.1601623776682277,22102.408118215422
16.4619,107.5889,16.312890221356728,108.01470279736397,BASE_1,COW_006,J_00083,residential,2.2,57.97733667302898,0.966288944550483,133347.87434796666
16.4619,107.5889,16.216133505596858,108.06041050509896,BASE_1,COW_006,J_00084,normal,1.0,69.57152624742545,1.159525437457091,160014.51036907855
16.4619,107.5889,16.330519603057706,107.61988581167678,BASE_1,COW_006,J_00085,normal,1.0,21.434012313467235,0.3572335385577873,49298.22832097464
16.4619,107.5889,16.32326506375919,107.92873922428788,BASE_1,COW_006,J_00086,residential,3.7,47.76728159174636,0.7961213598624394,109864.74766101663
16.4619,107.5889,16.358389326577083,107.03428028491932,BASE_1,COW_006,J_00087,residential,2.2,60.26791747990077,1.0044652913316794,138616.21020377177
16.4619,107.5889,16.272059177144055,108.03095994999136,BASE_1,COW_006,J_00088,normal,1.0,57.56391095489667,0.9593985159149445,132396.99519626235
16.4619,107.5889,16.299009021086444,107.34745474017085,BASE_1,COW_006,J_00089,residential,2.2,44.118502277666444,0.7353083712944407,101472.55523863282
16.4619,107.5889,16.289493969176597,107.38769133922136,BASE_1,COW_006,J_00090,residential,2.2,39.54898977426324,0.6591498295710541,90962.67648080546
16.4619,107.5889,16.274536262786913,107.7786320156488,BASE_1,COW_006,J_00091,normal,1.0,32.46817920086931,0.5411363200144884,74676.8121619994
16.4619,107.5889,16.37762949107703,107.59628086752136,BASE_1,COW_006,J_00092,normal,1.0,13.116062345652065,0.2186010390942011,30166.943394999747
16.4619,107.5889,16.392506992461776,107.68160012426344,BASE_1,COW_006,J_00093,normal,1.0,14.374266632097402,0.2395711105349567,33060.813253824024
16.4619,107.5889,16.291495847254687,107.78281049017544,BASE_1,COW_006,J_00094,normal,1.0,30.41725820213846,0.5069543033689743,69959.69386491846
16.4619,107.5889,16.262949238810066,107.68704525300502,BASE_1,COW_006,J_00095,normal,1.0,34.38713187369154,0.5731188645615256,79090.40330949053
16.4619,107.5889,16.370696626026824,107.74702732165454,BASE_1,COW_006,J_00096,normal,1.0,21.286746252756547,0.3547791042126091,48959.51638134006
16.4619,107.5889,16.14425462175665,107.75122345243598,BASE_1,COW_006,J_00097,residential,2.2,50.0853676821448,0.8347561280357466,115196.34566893303
16.4619,107.5889,16.592471780445756,107.3124838483418,BASE_1,COW_006,J_00098,residential,2.2,40.20222504501222,0.670037084083537,92465.11760352811
16.4619,107.5889,16.730071045230396,107.4000535954682,BASE_1,COW_006,J_00099,residential,2.2,42.977719965858604,0.7162953327643101,98848.75592147479
16.4619,107.5889,16.113219935355232,107.63177648157864,BASE_1,COW_006,J_00100,normal,1.0,59.42959617137814,0.9904932695229689,136688.07119416972
16.4619,107.5889,16.371149471798947,107.7561813090597,BASE_1,COW_006,J_00101,normal,1.0,23.125260552555392,0.38542100920925654,53188.0992708774
16.4619,107.5889,16.31521698231939,107.71719159344256,BASE_1,COW_006,J_00102,normal,1.0,25.357695719130763,0.42262826198551273,58322.700154000755
16.4619,107.5889,16.31007366662314,107.75139680413022,BASE_1,COW_006,J_00103,residential,3.7,26.829945243713755,0.4471657540618959,61708.87406054164
16.4619,107.5889,16.350004077412255,107.686440633005,BASE_1,COW_006,J_00104,normal,1.0,20.758327018884458,0.3459721169814076,47744.15214343425
16.4619,107.5889,16.329646285748634,107.41288768408508,BASE_1,COW_006,J_00105,residential,2.2,32.809163598367206,0.5468193933061201,75461.07627624458
16.4619,107.5889,16.381411409546235,107.6209067584559,BASE_1,COW_006,J_00106,normal,1.0,16.56588586092002,0.27609809768200033,38101.53748011604
16.4619,107.5889,16.352378211756804,107.48687496708726,BASE_1,COW_006,J_00107,normal,1.0,22.063658159977226,0.36772763599962044,50746.41376794762
16.4619,107.5889,16.356730759468014,107.53688054729449,BASE_1,COW_006,J_00108,normal,1.0,19.178195045446405,0.3196365840907734,44109.84860452673
16.4619,107.5889,16.341878021653464,107.73230095956784,BASE_1,COW_006,J_00109,residential,3.7,23.058569435620058,0.38430949059366765,53034.709701926135
16.4619,107.5889,16.310138893373413,107.08295978611184,BASE_1,COW_006,J_00110,residential,2.2,101.15345818556949,1.6858909697594915,232652.95382680983
16.2735,107.2314,16.472873908455245,107.6106799943142,BASE_2,COW_007,J_00000,residential,9.7,70.23012476693968,1.4046024953387937,161529.28696396126
16.2735,107.2314,16.45396757555403,107.61918797095066,BASE_2,COW_007,J_00001,residential,7.2,68.84595281911768,1.3769190563823537,158345.69148397067
16.2735,107.2314,16.47154095544053,107.55669854007874,BASE_2,COW_007,J_00002,residential,5.7,68.31316794760977,1.3662633589521953,157120.28627950247
16.2735,107.2314,16.463456332330566,107.5546957781065,BASE_2,COW_007,J_00003,residential,5.7,67.14939397891494,1.3429878795782988,154443.60615150438
16.2735,107.2314,16.490724152243274,107.5839987846654,BASE_2,COW_007,J_00004,residential,2.2,71.83761472148568,1.4367522944297135,165226.51385941706
16.2735,107.2314,16.468886116113154,107.5392851750938,BASE_2,COW_007,J_00005,residential,3.7,69.61337735440311,1.3922675470880623,160110.76791512716
16.2735,107.2314,16.459945898804236,107.55707170860308,BASE_2,COW_007,J_00006,residential,5.7,66.68868399686478,1.3337736799372957,153383.973192789
16.2735,107.2314,16.448139316005754,107.62900374280078,BASE_2,COW_007,J_00007,residential,4.7,68.77457437422134,1.3754914874844268,158181.52106070908
16.2735,107.2314,16.50770560492689,107.5513454513049,BASE_2,COW_007,J_00008,residential,2.2,73.16317034443696,1.4632634068887393,168275.291792205
16.2735,107.2314,16.535924521807456,107.68855230948328,BASE_2,COW_007,J_00009,normal,1.0,86.4356226047128,1.728712452094256,198801.93199083945
16.2735,107.2314,16.550328251701867,107.62620844418208,BASE_2,COW_007,J_00010,residential,2.2,80.16165247495746,1.6032330494991494,184371.80069240218
16.2735,107.2314,16.559754907577233,107.61871360688176,BASE_2,COW_007,J_00011,residential,2.2,81.57454620129961,1.6314909240259923,187621.45626298912
16.2735,107.2314,16.523274223294226,107.69330456813202,BASE_2,COW_007,J_00012,normal,1.0,87.94041224897255,1.758808244979451,202262.94817263685
16.2735,107.2314,16.273160931116365,107.87468923427582,BASE_2,COW_007,J_00013,hospitals,6.0,97.7452299463586,1.954904598927172,224814.0288766248
16.2735,107.2314,16.52305861296173,107.70145268388114,BASE_2,COW_007,J_00014,normal,1.0,88.3890652584919,1.767781305169838,203294.85009453137
16.2735,107.2314,16.561389109775824,107.60322552654831,BASE_2,COW_007,J_00015,residential,2.2,81.55940978791152,1.6311881957582304,187586.6425121965
16.2735,107.2314,16.53350103835496,107.54083599980493,BASE_2,COW_007,J_00016,residential,2.2,77.08728484031307,1.5417456968062615,177300.75513272008
16.2735,107.2314,16.54518944601392,107.42752759281646,BASE_2,COW_007,J_00017,residential,3.7,78.5449365905653,1.570898731811306,180653.35415830018
16.2735,107.2314,16.516409753854667,107.71063204761622,BASE_2,COW_007,J_00018,normal,1.0,88.88371201019439,1.7776742402038876,204432.53762344708
16.2735,107.2314,16.246653516500725,107.24686057726342,BASE_2,COW_007,J_00019,residential,2.2,4.074152233275543,0.08148304466551086,9370.550136533748
16.2735,107.2314,16.450794259691136,107.72511393206908,BASE_2,COW_007,J_00020,residential,5.7,79.49053066926305,1.589810613385261,182828.220539305
16.2735,107.2314,16.511533614699083,107.71541068050291,BASE_2,COW_007,J_00021,normal,1.0,88.3082119655505,1.76616423931101,203108.88752076615
16.2735,107.2314,16.470087079506218,107.63918470164964,BASE_2,COW_007,J_00022,residential,4.7,71.97565176940311,1.4395130353880623,165543.99906962717
16.2735,107.2314,16.442016856115924,107.72822832866149,BASE_2,COW_007,J_00023,residential,5.7,78.05260898950141,1.561052179790028,179521.00067585323
16.2735,107.2314,16.506029242964782,107.62567129678769,BASE_2,COW_007,J_00024,residential,2.2,74.74101076164493,1.4948202152328987,171904.32475178334
16.2735,107.2314,16.579685501922715,107.58736154579384,BASE_2,COW_007,J_00025,residential,2.2,82.65597569772821,1.6531195139545642,190108.74410477487
16.2735,107.2314,16.66393035346636,107.35559637793077,BASE_2,COW_007,J_00026,residential,2.2,95.68663407565847,1.9137326815131694,220079.2583740145
16.2735,107.2314,16.438453094761204,107.73677161213271,BASE_2,COW_007,J_00027,residential,5.7,78.9829521621821,1.579659043243642,181660.78997301884
16.2735,107.2314,16.248164304494374,107.23238633470594,BASE_2,COW_007,J_00028,residential,2.2,3.556214481361085,0.0711242896272217,8179.293307130495
16.2735,107.2314,16.467401830416172,107.74412044338574,BASE_2,COW_007,J_00029,residential,3.7,81.19512032037079,1.623902406407416,186748.77673685283
16.2735,107.2314,16.22769573648302,108.07312412860249,BASE_2,COW_007,J_00030,hospitals,6.0,125.73354036280348,2.5146708072560697,289187.142834448
16.2735,107.2314,16.6567619206231,107.3495614668992,BASE_2,COW_007,J_00031,residential,2.2,94.22685359552693,1.8845370719105388,216721.76326971196
16.2735,107.2314,16.23642580060988,107.25634003768069,BASE_2,COW_007,J_00032,residential,2.2,5.814472242809709,0.11628944485619418,13373.28615846233
16.2735,107.2314,16.649846477639887,107.33861595874995,BASE_2,COW_007,J_00033,residential,2.2,96.49902685853506,1.9299805371707013,221947.76177463064
16.2735,107.2314,16.582166947493878,107.35875602850297,BASE_2,COW_007,J_00034,residential,3.7,86.9760305093117,1.739520610186234,200044.8701714169
16.2735,107.2314,16.54268106207316,107.42173424731372,BASE_2,COW_007,J_00035,residential,3.7,79.52029628705786,1.5904059257411571,182896.68146023309
16.2735,107.2314,16.63762488123805,107.42379895451036,BASE_2,COW_007,J_00036,residential,2.2,86.97579659696363,1.7395159319392726,200044.33217301636
16.2735,107.2314,16.161742476623008,107.72726450231792,BASE_2,COW_007,J_00037,residential,5.2,97.89137807890272,1.9578275615780543,225150.16958147625
16.2735,107.2314,16.4617079129225,107.7055620386572,BASE_2,COW_007,J_00038,residential,8.7,78.39649792323615,1.567929958464723,180311.94522344315
16.2735,107.2314,16.672385358081804,107.36627022634389,BASE_2,COW_007,J_00039,residential,2.2,94.50936296409027,1.8901872592818054,217371.53481740764
16.2735,107.2314,16.659521457681674,107.4522269483472,BASE_2,COW_007,J_00040,residential,2.2,91.22684755107127,1.8245369510214255,209821.74936746393
16.2735,107.2314,16.66522777932196,107.36875091304154,BASE_2,COW_007,J_00041,residential,2.2,93.89737490884987,1.8779474981769975,215963.9622903547
16.2735,107.2314,16.660820621499212,107.38427458078796,BASE_2,COW_007,J_00042,residential,2.2,92.0617377967777,1.8412347559355542,211741.99693258872
16.2735,107.2314,16.62511390305801,107.5150854990652,BASE_2,COW_007,J_00043,residential,2.2,92.54840586945858,1.8509681173891714,212861.33349975472
16.2735,107.2314,16.59440422417168,107.38514305632124,BASE_2,COW_007,J_00044,residential,3.7,86.50253200224181,1.730050640044836,198955.82360515615
16.2735,107.2314,16.290663014244483,107.98452104257804,BASE_2,COW_007,J_00045,residential,2.2,112.61501495037861,2.252300299007572,259014.5343858708
16.2735,107.2314,16.633195073021646,107.507332913964,BASE_2,COW_007,J_00046,residential,2.2,93.5225244167095,1.87045048833419,215101.80615843186
16.2735,107.2314,16.64547217362694,107.47963578206634,BASE_2,COW_007,J_00047,residential,2.2,94.5557694684991,1.891115389369982,217478.26977754792
16.2735,107.2314,16.275156728172423,107.9790458824707,BASE_2,COW_007,J_00048,residential,2.2,110.26135517673706,2.205227103534741,253601.11690649524
16.2735,107.2314,16.34363572772629,107.9189163333372,BASE_2,COW_007,J_00049,residential,3.7,104.58027961602636,2.0916055923205272,240534.64311686062
16.2735,107.2314,16.570555932832004,107.34394499346718,BASE_2,COW_007,J_00050,residential,2.2,89.25419272972613,1.7850838545945225,205284.6432783701
16.2735,107.2314,16.50665956554493,107.64903907436688,BASE_2,COW_007,J_00051,residential,2.2,77.6247149530619,1.552494299061238,178536.84439204237
16.2735,107.2314,16.448260129769277,107.64861740367776,BASE_2,COW_007,J_00052,normal,1.0,70.22299810615867,1.4044599621231735,161512.89564416494
16.2735,107.2314,16.664330238141044,107.44405209681626,BASE_2,COW_007,J_00053,residential,2.2,91.27225541502965,1.825445108300593,209926.1874545682
16.2735,107.2314,16.710100944408335,107.36367785595424,BASE_2,COW_007,J_00054,residential,2.2,99.5611831891487,1.9912236637829739,228990.721335042
16.2735,107.2314,16.480897966159755,107.68092090339064,BASE_2,COW_007,J_00055,normal,1.0,75.87691410265305,1.517538282053061,174516.902436102
16.2735,107.2314,16.14765835550746,107.73729962770445,BASE_2,COW_007,J_00056,residential,2.2,99.999737498723,1.99999474997446,229999.3962470629
16.2735,107.2314,16.373443668977306,107.85603136854854,BASE_2,COW_007,J_00057,normal,1.0,96.32686248227397,1.9265372496454793,221551.78370923013
16.2735,107.2314,16.236211589375223,107.22393073902197,BASE_2,COW_007,J_00058,residential,2.2,5.67006832294673,0.1134013664589346,13041.15714277748
16.2735,107.2314,16.410861708638596,107.70818685325207,BASE_2,COW_007,J_00059,residential,2.2,74.71006907495736,1.4942013814991473,171833.15887240192
16.2735,107.2314,16.421865835419105,107.82715158327233,BASE_2,COW_007,J_00060,normal,1.0,91.05674290265361,1.8211348580530722,209430.50867610332
16.2735,107.2314,16.307299072885844,107.99887024033504,BASE_2,COW_007,J_00061,residential,2.2,114.07193781965638,2.2814387563931278,262365.45698520966
16.2735,107.2314,16.125824585720828,107.33690100951722,BASE_2,COW_007,J_00062,residential,4.2,21.434176040084466,0.4286835208016893,49298.60489219427
16.2735,107.2314,16.11106359177746,107.3459286850522,BASE_2,COW_007,J_00063,residential,4.2,23.11522148028043,0.4623044296056086,53165.00940464499
16.2735,107.2314,16.397552183845967,107.73878502140444,BASE_2,COW_007,J_00064,residential,2.2,78.23962820547152,1.5647925641094305,179951.1448725845
16.2735,107.2314,16.282173515285585,108.00397198020616,BASE_2,COW_007,J_00065,normal,1.0,113.70679151664584,2.274135830332917,261525.62048828544
16.2735,107.2314,16.313228802378926,108.00400545253144,BASE_2,COW_007,J_00066,residential,2.2,115.04379624803117,2.300875924960623,264600.7313704717
16.2735,107.2314,16.096950630612657,107.33875248677712,BASE_2,COW_007,J_00067,residential,4.2,24.519803922308025,0.4903960784461605,56395.549021308456
16.2735,107.2314,16.393605717506578,107.47491737817752,BASE_2,COW_007,J_00068,normal,1.0,53.8887895361091,1.077775790722182,123944.21593305093
16.2735,107.2314,16.586617352569917,107.32618309940084,BASE_2,COW_007,J_00069,residential,2.2,94.21093233719618,1.8842186467439237,216685.14437555123
16.2735,107.2314,16.271244454586103,108.00910347085969,BASE_2,COW_007,J_00070,normal,1.0,113.21282910108023,2.2642565820216047,260389.50693248454
16.2735,107.2314,16.30225806317275,107.20372544535816,BASE_2,COW_007,J_00071,residential,2.2,4.940869416917341,0.09881738833834681,11363.999658909885
16.2735,107.2314,16.402115481041722,107.47520524289446,BASE_2,COW_007,J_00072,normal,1.0,54.047880684960326,1.0809576136992065,124310.12557540875
16.2735,107.2314,16.52378765566236,107.3139491709039,BASE_2,COW_007,J_00073,residential,2.2,91.60475039912059,1.8320950079824119,210690.92591797735
16.2735,107.2314,16.086551495132397,107.35884214702251,BASE_2,COW_007,J_00074,residential,2.2,26.46590395210006,0.5293180790420012,60871.579089830135
16.2735,107.2314,16.523931313921075,107.32725410709553,BASE_2,COW_007,J_00075,residential,2.2,89.75965674204566,1.7951931348409134,206447.210506705
16.2735,107.2314,16.480643081216858,107.47700505517273,BASE_2,COW_007,J_00076,normal,1.0,72.69181886724353,1.4538363773448706,167191.1833946601
16.2735,107.2314,16.535483366486226,107.31505993488494,BASE_2,COW_007,J_00077,residential,2.2,93.40035512799908,1.8680071025599816,214820.8167943979
16.2735,107.2314,16.381819827596345,107.05380788572604,BASE_2,COW_007,J_00078,residential,2.2,30.824592870195833,0.6164918574039167,70896.56360145041
16.2735,107.2314,16.327586846766124,107.17172432241124,BASE_2,COW_007,J_00079,residential,2.2,9.560535722101953,0.19121071444203908,21989.232160834494
16.2735,107.2314,16.367586886950164,107.12413208129658,BASE_2,COW_007,J_00080,residential,2.2,16.754690601560608,0.33509381203121213,38535.788383589395
16.2735,107.2314,16.517165018434337,107.2838374887184,BASE_2,COW_007,J_00081,residential,2.2,95.4723070303223,1.909446140606446,219586.3061697413
16.2735,107.2314,16.438981227586616,107.5139975441275,BASE_2,COW_007,J_00082,normal,1.0,66.90507167857318,1.3381014335714636,153881.6648607183
16.2735,107.2314,16.312890221356728,108.01470279736397,BASE_2,COW_007,J_00083,residential,2.2,116.39089384485995,2.327817876897199,267699.0558431779
16.2735,107.2314,16.216133505596858,108.06041050509896,BASE_2,COW_007,J_00084,normal,1.0,127.98508341925631,2.5597016683851264,294365.6918642895
16.2735,107.2314,16.330519603057706,107.61988581167678,BASE_2,COW_007,J_00085,normal,1.0,69.36080127213593,1.3872160254427186,159529.84292591264
16.2735,107.2314,16.32326506375919,107.92873922428788,BASE_2,COW_007,J_00086,residential,3.7,107.46932882183772,2.1493865764367546,247179.45629022675
16.2735,107.2314,16.358389326577083,107.03428028491932,BASE_2,COW_007,J_00087,residential,2.2,23.056715495994116,0.4611343099198823,53030.44564078646
16.2735,107.2314,16.272059177144055,108.03095994999136,BASE_2,COW_007,J_00088,normal,1.0,115.97746812672762,2.3195493625345525,266748.1766914735
16.2735,107.2314,16.299009021086444,107.34745474017085,BASE_2,COW_007,J_00089,residential,2.2,23.68410593051624,0.4736821186103248,54473.443640187346
16.2735,107.2314,16.289493969176597,107.38769133922136,BASE_2,COW_007,J_00090,residential,2.2,29.738015454644316,0.5947603090928864,68397.43554568193
16.2735,107.2314,16.274536262786913,107.7786320156488,BASE_2,COW_007,J_00091,normal,1.0,88.61896305356628,1.7723792610713256,203823.61502320244
16.2735,107.2314,16.37762949107703,107.59628086752136,BASE_2,COW_007,J_00092,normal,1.0,59.46481223134488,1.1892962446268975,136769.06813209323
16.2735,107.2314,16.392506992461776,107.68160012426344,BASE_2,COW_007,J_00093,normal,1.0,71.26505034222626,1.425301006844525,163909.6157871204
16.2735,107.2314,16.291495847254687,107.78281049017544,BASE_2,COW_007,J_00094,normal,1.0,88.829068975347,1.77658137950694,204306.8586432981
16.2735,107.2314,16.262949238810066,107.68704525300502,BASE_2,COW_007,J_00095,normal,1.0,86.65002514384702,1.7330005028769404,199295.05783084815
16.2735,107.2314,16.370696626026824,107.74702732165454,BASE_2,COW_007,J_00096,normal,1.0,79.7057817315611,1.594115634631222,183323.29798259053
16.2735,107.2314,16.14425462175665,107.75122345243598,BASE_2,COW_007,J_00097,residential,2.2,101.7012174131065,2.0340243482621303,233912.80005014496
16.2735,107.2314,16.592471780445756,107.3124838483418,BASE_2,COW_007,J_00098,residential,2.2,97.16708901046347,1.9433417802092694,223484.304724066
16.2735,107.2314,16.730071045230396,107.4000535954682,BASE_2,COW_007,J_00099,residential,2.2,100.74310610161427,2.0148621220322855,231709.14403371283
16.2735,107.2314,16.113219935355232,107.63177648157864,BASE_2,COW_007,J_00100,normal,1.0,111.04544590233989,2.220908918046798,255404.52557538176
16.2735,107.2314,16.371149471798947,107.7561813090597,BASE_2,COW_007,J_00101,normal,1.0,81.54429603136002,1.6308859206272004,187551.88087212804
16.2735,107.2314,16.31521698231939,107.71719159344256,BASE_2,COW_007,J_00102,normal,1.0,77.62058898928622,1.5524117797857244,178527.3546753583
16.2735,107.2314,16.31007366662314,107.75139680413022,BASE_2,COW_007,J_00103,residential,3.7,82.98072909641077,1.6596145819282153,190855.67692174477
16.2735,107.2314,16.350004077412255,107.686440633005,BASE_2,COW_007,J_00104,normal,1.0,77.08127535009919,1.5416255070019838,177286.93330522813
16.2735,107.2314,16.329646285748634,107.41288768408508,BASE_2,COW_007,J_00105,residential,2.2,34.98441302843565,0.6996882605687129,80464.14996540199
16.2735,107.2314,16.381411409546235,107.6209067584559,BASE_2,COW_007,J_00106,normal,1.0,64.39977187978938,1.2879954375957876,148119.4753235156
16.2735,107.2314,16.352378211756804,107.48687496708726,BASE_2,COW_007,J_00107,normal,1.0,45.72991846682557,0.9145983693365115,105178.81247369882
16.2735,107.2314,16.356730759468014,107.53688054729449,BASE_2,COW_007,J_00108,normal,1.0,52.16688587920956,1.0433377175841911,119983.83752218199
16.2735,107.2314,16.341878021653464,107.73230095956784,BASE_2,COW_007,J_00109,residential,3.7,81.47038020882859,1.6294076041765717,187381.87448030576
16.2735,107.2314,16.310138893373413,107.08295978611184,BASE_2,COW_007,J_00110,residential,2.2,33.900989044419156,0.6780197808883831,77972.27480216406
16.2735,107.2314,16.472873908455245,107.6106799943142,BASE_2,COW_008,J_00000,residential,9.7,70.23012476693968,1.2769113593989032,161529.28696396126
16.2735,107.2314,16.45396757555403,107.61918797095066,BASE_2,COW_008,J_00001,residential,7.2,68.84595281911768,1.2517445967112306,158345.69148397067
16.2735,107.2314,16.47154095544053,107.55669854007874,BASE_2,COW_008,J_00002,residential,5.7,68.31316794760977,1.2420575990474503,157120.28627950247
16.2735,107.2314,16.463456332330566,107.5546957781065,BASE_2,COW_008,J_00003,residential,5.7,67.14939397891494,1.220898072343908,154443.60615150438
16.2735,107.2314,16.490724152243274,107.5839987846654,BASE_2,COW_008,J_00004,residential,2.2,71.83761472148568,1.3061384494815578,165226.51385941706
16.2735,107.2314,16.468886116113154,107.5392851750938,BASE_2,COW_008,J_00005,residential,3.7,69.61337735440311,1.2656977700800567,160110.76791512716
16.2735,107.2314,16.459945898804236,107.55707170860308,BASE_2,COW_008,J_00006,residential,5.7,66.68868399686478,1.2125215272157233,153383.973192789
16.2735,107.2314,16.448139316005754,107.62900374280078,BASE_2,COW_008,J_00007,residential,4.7,68.77457437422134,1.2504468068040244,158181.52106070908
16.2735,107.2314,16.50770560492689,107.5513454513049,BASE_2,COW_008,J_00008,residential,2.2,73.16317034443696,1.3302394608079449,168275.291792205
16.2735,107.2314,16.535924521807456,107.68855230948328,BASE_2,COW_008,J_00009,normal,1.0,86.4356226047128,1.5715567746311419,198801.93199083945
16.2735,107.2314,16.550328251701867,107.62620844418208,BASE_2,COW_008,J_00010,residential,2.2,80.16165247495746,1.457484590453772,184371.80069240218
16.2735,107.2314,16.559754907577233,107.61871360688176,BASE_2,COW_008,J_00011,residential,2.2,81.57454620129961,1.4831735672963566,187621.45626298912
16.2735,107.2314,16.523274223294226,107.69330456813202,BASE_2,COW_008,J_00012,normal,1.0,87.94041224897255,1.5989165863449555,202262.94817263685
16.2735,107.2314,16.273160931116365,107.87468923427582,BASE_2,COW_008,J_00013,hospitals,6.0,97.7452299463586,1.7771859990247019,224814.0288766248
16.2735,107.2314,16.52305861296173,107.70145268388114,BASE_2,COW_008,J_00014,normal,1.0,88.3890652584919,1.6070739137907617,203294.85009453137
16.2735,107.2314,16.561389109775824,107.60322552654831,BASE_2,COW_008,J_00015,residential,2.2,81.55940978791152,1.4828983597802095,187586.6425121965
16.2735,107.2314,16.53350103835496,107.54083599980493,BASE_2,COW_008,J_00016,residential,2.2,77.08728484031307,1.4015869970966013,177300.75513272008
16.2735,107.2314,16.54518944601392,107.42752759281646,BASE_2,COW_008,J_00017,residential,3.7,78.5449365905653,1.4280897561920964,180653.35415830018
16.2735,107.2314,16.516409753854667,107.71063204761622,BASE_2,COW_008,J_00018,normal,1.0,88.88371201019439,1.6160674910944435,204432.53762344708
16.2735,107.2314,16.246653516500725,107.24686057726342,BASE_2,COW_008,J_00019,residential,2.2,4.074152233275543,0.07407549515046441,9370.550136533748
16.2735,107.2314,16.450794259691136,107.72511393206908,BASE_2,COW_008,J_00020,residential,5.7,79.49053066926305,1.4452823758047828,182828.220539305
16.2735,107.2314,16.511533614699083,107.71541068050291,BASE_2,COW_008,J_00021,normal,1.0,88.3082119655505,1.6056038539191,203108.88752076615
16.2735,107.2314,16.470087079506218,107.63918470164964,BASE_2,COW_008,J_00022,residential,4.7,71.97565176940311,1.3086482139891475,165543.99906962717
16.2735,107.2314,16.442016856115924,107.72822832866149,BASE_2,COW_008,J_00023,residential,5.7,78.05260898950141,1.419138345263662,179521.00067585323
16.2735,107.2314,16.506029242964782,107.62567129678769,BASE_2,COW_008,J_00024,residential,2.2,74.74101076164493,1.3589274683935442,171904.32475178334
16.2735,107.2314,16.579685501922715,107.58736154579384,BASE_2,COW_008,J_00025,residential,2.2,82.65597569772821,1.5028359217768765,190108.74410477487
16.2735,107.2314,16.66393035346636,107.35559637793077,BASE_2,COW_008,J_00026,residential,2.2,95.68663407565847,1.7397569831937905,220079.2583740145
16.2735,107.2314,16.438453094761204,107.73677161213271,BASE_2,COW_008,J_00027,residential,5.7,78.9829521621821,1.4360536756760383,181660.78997301884
16.2735,107.2314,16.248164304494374,107.23238633470594,BASE_2,COW_008,J_00028,residential,2.2,3.556214481361085,0.06465844511565609,8179.293307130495
16.2735,107.2314,16.467401830416172,107.74412044338574,BASE_2,COW_008,J_00029,residential,3.7,81.19512032037079,1.4762749149158325,186748.77673685283
16.2735,107.2314,16.22769573648302,108.07312412860249,BASE_2,COW_008,J_00030,hospitals,6.0,125.73354036280348,2.2860643702327907,289187.142834448
16.2735,107.2314,16.6567619206231,107.3495614668992,BASE_2,COW_008,J_00031,residential,2.2,94.22685359552693,1.7132155199186716,216721.76326971196
16.2735,107.2314,16.23642580060988,107.25634003768069,BASE_2,COW_008,J_00032,residential,2.2,5.814472242809709,0.1057176771419947,13373.28615846233
16.2735,107.2314,16.649846477639887,107.33861595874995,BASE_2,COW_008,J_00033,residential,2.2,96.49902685853506,1.7545277610642738,221947.76177463064
16.2735,107.2314,16.582166947493878,107.35875602850297,BASE_2,COW_008,J_00034,residential,3.7,86.9760305093117,1.5813823728965763,200044.8701714169
16.2735,107.2314,16.54268106207316,107.42173424731372,BASE_2,COW_008,J_00035,residential,3.7,79.52029628705786,1.4458235688555974,182896.68146023309
16.2735,107.2314,16.63762488123805,107.42379895451036,BASE_2,COW_008,J_00036,residential,2.2,86.97579659696363,1.5813781199447934,200044.33217301636
16.2735,107.2314,16.161742476623008,107.72726450231792,BASE_2,COW_008,J_00037,residential,5.2,97.89137807890272,1.7798432377982312,225150.16958147625
16.2735,107.2314,16.4617079129225,107.7055620386572,BASE_2,COW_008,J_00038,residential,8.7,78.39649792323615,1.4253908713315664,180311.94522344315
16.2735,107.2314,16.672385358081804,107.36627022634389,BASE_2,COW_008,J_00039,residential,2.2,94.50936296409027,1.7183520538925503,217371.53481740764
16.2735,107.2314,16.659521457681674,107.4522269483472,BASE_2,COW_008,J_00040,residential,2.2,91.22684755107127,1.6586699554740232,209821.74936746393
16.2735,107.2314,16.66522777932196,107.36875091304154,BASE_2,COW_008,J_00041,residential,2.2,93.89737490884987,1.7072249983427248,215963.9622903547
16.2735,107.2314,16.660820621499212,107.38427458078796,BASE_2,COW_008,J_00042,residential,2.2,92.0617377967777,1.673849778123231,211741.99693258872
16.2735,107.2314,16.62511390305801,107.5150854990652,BASE_2,COW_008,J_00043,residential,2.2,92.54840586945858,1.6826982885356105,212861.33349975472
16.2735,107.2314,16.59440422417168,107.38514305632124,BASE_2,COW_008,J_00044,residential,3.7,86.50253200224181,1.5727733091316691,198955.82360515615
16.2735,107.2314,16.290663014244483,107.98452104257804,BASE_2,COW_008,J_00045,residential,2.2,112.61501495037861,2.04754572637052,259014.5343858708
16.2735,107.2314,16.633195073021646,107.507332913964,BASE_2,COW_008,J_00046,residential,2.2,93.5225244167095,1.7004095348492636,215101.80615843186
16.2735,107.2314,16.64547217362694,107.47963578206634,BASE_2,COW_008,J_00047,residential,2.2,94.5557694684991,1.7191958085181653,217478.26977754792
16.2735,107.2314,16.275156728172423,107.9790458824707,BASE_2,COW_008,J_00048,residential,2.2,110.26135517673706,2.00475191230431,253601.11690649524
16.2735,107.2314,16.34363572772629,107.9189163333372,BASE_2,COW_008,J_00049,residential,3.7,104.58027961602636,1.9014596293822974,240534.64311686062
16.2735,107.2314,16.570555932832004,107.34394499346718,BASE_2,COW_008,J_00050,residential,2.2,89.25419272972613,1.6228035041768387,205284.6432783701
16.2735,107.2314,16.50665956554493,107.64903907436688,BASE_2,COW_008,J_00051,residential,2.2,77.6247149530619,1.4113584536920345,178536.84439204237
16.2735,107.2314,16.448260129769277,107.64861740367776,BASE_2,COW_008,J_00052,normal,1.0,70.22299810615867,1.2767817837483395,161512.89564416494
16.2735,107.2314,16.664330238141044,107.44405209681626,BASE_2,COW_008,J_00053,residential,2.2,91.27225541502965,1.659495553000539,209926.1874545682
16.2735,107.2314,16.710100944408335,107.36367785595424,BASE_2,COW_008,J_00054,residential,2.2,99.5611831891487,1.8102033307117944,228990.721335042
16.2735,107.2314,16.480897966159755,107.68092090339064,BASE_2,COW_008,J_00055,normal,1.0,75.87691410265305,1.3795802564118735,174516.902436102
16.2735,107.2314,16.14765835550746,107.73729962770445,BASE_2,COW_008,J_00056,residential,2.2,99.999737498723,1.818177045431327,229999.3962470629
16.2735,107.2314,16.373443668977306,107.85603136854854,BASE_2,COW_008,J_00057,normal,1.0,96.32686248227397,1.7513974996777084,221551.78370923013
16.2735,107.2314,16.236211589375223,107.22393073902197,BASE_2,COW_008,J_00058,residential,2.2,5.67006832294673,0.10309215132630418,13041.15714277748
16.2735,107.2314,16.410861708638596,107.70818685325207,BASE_2,COW_008,J_00059,residential,2.2,74.71006907495736,1.358364892271952,171833.15887240192
16.2735,107.2314,16.421865835419105,107.82715158327233,BASE_2,COW_008,J_00060,normal,1.0,91.05674290265361,1.6555771436846112,209430.50867610332
16.2735,107.2314,16.307299072885844,107.99887024033504,BASE_2,COW_008,J_00061,residential,2.2,114.07193781965638,2.0740352330846616,262365.45698520966
16.2735,107.2314,16.125824585720828,107.33690100951722,BASE_2,COW_008,J_00062,residential,4.2,21.434176040084466,0.3897122916378994,49298.60489219427
16.2735,107.2314,16.11106359177746,107.3459286850522,BASE_2,COW_008,J_00063,residential,4.2,23.11522148028043,0.4202767541869169,53165.00940464499
16.2735,107.2314,16.397552183845967,107.73878502140444,BASE_2,COW_008,J_00064,residential,2.2,78.23962820547152,1.4225386946449368,179951.1448725845
16.2735,107.2314,16.282173515285585,108.00397198020616,BASE_2,COW_008,J_00065,normal,1.0,113.70679151664584,2.0673962093935607,261525.62048828544
16.2735,107.2314,16.313228802378926,108.00400545253144,BASE_2,COW_008,J_00066,residential,2.2,115.04379624803117,2.0917053863278396,264600.7313704717
16.2735,107.2314,16.096950630612657,107.33875248677712,BASE_2,COW_008,J_00067,residential,4.2,24.519803922308025,0.44581461676923684,56395.549021308456
16.2735,107.2314,16.393605717506578,107.47491737817752,BASE_2,COW_008,J_00068,normal,1.0,53.8887895361091,0.9797961733838019,123944.21593305093
16.2735,107.2314,16.586617352569917,107.32618309940084,BASE_2,COW_008,J_00069,residential,2.2,94.21093233719618,1.712926042494476,216685.14437555123
16.2735,107.2314,16.271244454586103,108.00910347085969,BASE_2,COW_008,J_00070,normal,1.0,113.21282910108023,2.058415074565095,260389.50693248454
16.2735,107.2314,16.30225806317275,107.20372544535816,BASE_2,COW_008,J_00071,residential,2.2,4.940869416917341,0.0898339893984971,11363.999658909885
16.2735,107.2314,16.402115481041722,107.47520524289446,BASE_2,COW_008,J_00072,normal,1.0,54.047880684960326,0.9826887397265514,124310.12557540875
16.2735,107.2314,16.52378765566236,107.3139491709039,BASE_2,COW_008,J_00073,residential,2.2,91.60475039912059,1.6655409163476471,210690.92591797735
16.2735,107.2314,16.086551495132397,107.35884214702251,BASE_2,COW_008,J_00074,residential,2.2,26.46590395210006,0.48119825367454655,60871.579089830135
16.2735,107.2314,16.523931313921075,107.32725410709553,BASE_2,COW_008,J_00075,residential,2.2,89.75965674204566,1.6319937589462847,206447.210506705
16.2735,107.2314,16.480643081216858,107.47700505517273,BASE_2,COW_008,J_00076,normal,1.0,72.69181886724353,1.3216694339498822,167191.1833946601
16.2735,107.2314,16.535483366486226,107.31505993488494,BASE_2,COW_008,J_00077,residential,2.2,93.40035512799908,1.6981882750545287,214820.8167943979
16.2735,107.2314,16.381819827596345,107.05380788572604,BASE_2,COW_008,J_00078,residential,2.2,30.824592870195833,0.5604471430944696,70896.56360145041
16.2735,107.2314,16.327586846766124,107.17172432241124,BASE_2,COW_008,J_00079,residential,2.2,9.560535722101953,0.1738279222200355,21989.232160834494
16.2735,107.2314,16.367586886950164,107.12413208129658,BASE_2,COW_008,J_00080,residential,2.2,16.754690601560608,0.3046307382101929,38535.788383589395
16.2735,107.2314,16.517165018434337,107.2838374887184,BASE_2,COW_008,J_00081,residential,2.2,95.4723070303223,1.7358601278240418,219586.3061697413
16.2735,107.2314,16.438981227586616,107.5139975441275,BASE_2,COW_008,J_00082,normal,1.0,66.90507167857318,1.2164558487013306,153881.6648607183
16.2735,107.2314,16.312890221356728,108.01470279736397,BASE_2,COW_008,J_00083,residential,2.2,116.39089384485995,2.1161980699065444,267699.0558431779
16.2735,107.2314,16.216133505596858,108.06041050509896,BASE_2,COW_008,J_00084,normal,1.0,127.98508341925631,2.327001516713751,294365.6918642895
16.2735,107.2314,16.330519603057706,107.61988581167678,BASE_2,COW_008,J_00085,normal,1.0,69.36080127213593,1.2611054776751986,159529.84292591264
16.2735,107.2314,16.32326506375919,107.92873922428788,BASE_2,COW_008,J_00086,residential,3.7,107.46932882183772,1.9539877967606858,247179.45629022675
16.2735,107.2314,16.358389326577083,107.03428028491932,BASE_2,COW_008,J_00087,residential,2.2,23.056715495994116,0.41921300901807484,53030.44564078646
16.2735,107.2314,16.272059177144055,108.03095994999136,BASE_2,COW_008,J_00088,normal,1.0,115.97746812672762,2.1086812386677747,266748.1766914735
16.2735,107.2314,16.299009021086444,107.34745474017085,BASE_2,COW_008,J_00089,residential,2.2,23.68410593051624,0.430620107827568,54473.443640187346
16.2735,107.2314,16.289493969176597,107.38769133922136,BASE_2,COW_008,J_00090,residential,2.2,29.738015454644316,0.5406911900844421,68397.43554568193
16.2735,107.2314,16.274536262786913,107.7786320156488,BASE_2,COW_008,J_00091,normal,1.0,88.61896305356628,1.611253873701205,203823.61502320244
16.2735,107.2314,16.37762949107703,107.59628086752136,BASE_2,COW_008,J_00092,normal,1.0,59.46481223134488,1.0811784042062704,136769.06813209323
16.2735,107.2314,16.392506992461776,107.68160012426344,BASE_2,COW_008,J_00093,normal,1.0,71.26505034222626,1.2957281880404774,163909.6157871204
16.2735,107.2314,16.291495847254687,107.78281049017544,BASE_2,COW_008,J_00094,normal,1.0,88.829068975347,1.6150739813699455,204306.8586432981
16.2735,107.2314,16.262949238810066,107.68704525300502,BASE_2,COW_008,J_00095,normal,1.0,86.65002514384702,1.5754550026154004,199295.05783084815
16.2735,107.2314,16.370696626026824,107.74702732165454,BASE_2,COW_008,J_00096,normal,1.0,79.7057817315611,1.449196031482929,183323.29798259053
16.2735,107.2314,16.14425462175665,107.75122345243598,BASE_2,COW_008,J_00097,residential,2.2,101.7012174131065,1.8491130438746637,233912.80005014496
16.2735,107.2314,16.592471780445756,107.3124838483418,BASE_2,COW_008,J_00098,residential,2.2,97.16708901046347,1.7666743456447904,223484.304724066
16.2735,107.2314,16.730071045230396,107.4000535954682,BASE_2,COW_008,J_00099,residential,2.2,100.74310610161427,1.8316928382111686,231709.14403371283
16.2735,107.2314,16.113219935355232,107.63177648157864,BASE_2,COW_008,J_00100,normal,1.0,111.04544590233989,2.019008107315271,255404.52557538176
16.2735,107.2314,16.371149471798947,107.7561813090597,BASE_2,COW_008,J_00101,normal,1.0,81.54429603136002,1.4826235642065457,187551.88087212804
16.2735,107.2314,16.31521698231939,107.71719159344256,BASE_2,COW_008,J_00102,normal,1.0,77.62058898928622,1.4112834361688404,178527.3546753583
16.2735,107.2314,16.31007366662314,107.75139680413022,BASE_2,COW_008,J_00103,residential,3.7,82.98072909641077,1.5087405290256504,190855.67692174477
16.2735,107.2314,16.350004077412255,107.686440633005,BASE_2,COW_008,J_00104,normal,1.0,77.08127535009919,1.4014777336381672,177286.93330522813
16.2735,107.2314,16.329646285748634,107.41288768408508,BASE_2,COW_008,J_00105,residential,2.2,34.98441302843565,0.6360802368806481,80464.14996540199
16.2735,107.2314,16.381411409546235,107.6209067584559,BASE_2,COW_008,J_00106,normal,1.0,64.39977187978938,1.1709049432688978,148119.4753235156
16.2735,107.2314,16.352378211756804,107.48687496708726,BASE_2,COW_008,J_00107,normal,1.0,45.72991846682557,0.8314530630331922,105178.81247369882
16.2735,107.2314,16.356730759468014,107.53688054729449,BASE_2,COW_008,J_00108,normal,1.0,52.16688587920956,0.9484888341674466,119983.83752218199
16.2735,107.2314,16.341878021653464,107.73230095956784,BASE_2,COW_008,J_00109,residential,3.7,81.47038020882859,1.4812796401605197,187381.87448030576
16.2735,107.2314,16.310138893373413,107.08295978611184,BASE_2,COW_008,J_00110,residential,2.2,33.900989044419156,0.6163816189894392,77972.27480216406
16.2735,107.2314,16.472873908455245,107.6106799943142,BASE_2,COW_009,J_00000,residential,9.7,70.23012476693968,1.2769113593989032,161529.28696396126
16.2735,107.2314,16.45396757555403,107.61918797095066,BASE_2,COW_009,J_00001,residential,7.2,68.84595281911768,1.2517445967112306,158345.69148397067
16.2735,107.2314,16.47154095544053,107.55669854007874,BASE_2,COW_009,J_00002,residential,5.7,68.31316794760977,1.2420575990474503,157120.28627950247
16.2735,107.2314,16.463456332330566,107.5546957781065,BASE_2,COW_009,J_00003,residential,5.7,67.14939397891494,1.220898072343908,154443.60615150438
16.2735,107.2314,16.490724152243274,107.5839987846654,BASE_2,COW_009,J_00004,residential,2.2,71.83761472148568,1.3061384494815578,165226.51385941706
16.2735,107.2314,16.468886116113154,107.5392851750938,BASE_2,COW_009,J_00005,residential,3.7,69.61337735440311,1.2656977700800567,160110.76791512716
16.2735,107.2314,16.459945898804236,107.55707170860308,BASE_2,COW_009,J_00006,residential,5.7,66.68868399686478,1.2125215272157233,153383.973192789
16.2735,107.2314,16.448139316005754,107.62900374280078,BASE_2,COW_009,J_00007,residential,4.7,68.77457437422134,1.2504468068040244,158181.52106070908
16.2735,107.2314,16.50770560492689,107.5513454513049,BASE_2,COW_009,J_00008,residential,2.2,73.16317034443696,1.3302394608079449,168275.291792205
16.2735,107.2314,16.535924521807456,107.68855230948328,BASE_2,COW_009,J_00009,normal,1.0,86.4356226047128,1.5715567746311419,198801.93199083945
16.2735,107.2314,16.550328251701867,107.62620844418208,BASE_2,COW_009,J_00010,residential,2.2,80.16165247495746,1.457484590453772,184371.80069240218
16.2735,107.2314,16.559754907577233,107.61871360688176,BASE_2,COW_009,J_00011,residential,2.2,81.57454620129961,1.4831735672963566,187621.45626298912
16.2735,107.2314,16.523274223294226,107.69330456813202,BASE_2,COW_009,J_00012,normal,1.0,87.94041224897255,1.5989165863449555,202262.94817263685
16.2735,107.2314,16.273160931116365,107.87468923427582,BASE_2,COW_009,J_00013,hospitals,6.0,97.7452299463586,1.7771859990247019,224814.0288766248
16.2735,107.2314,16.52305861296173,107.70145268388114,BASE_2,COW_009,J_00014,normal,1.0,88.3890652584919,1.6070739137907617,203294.85009453137
16.2735,107.2314,16.561389109775824,107.60322552654831,BASE_2,COW_009,J_00015,residential,2.2,81.55940978791152,1.4828983597802095,187586.6425121965
16.2735,107.2314,16.53350103835496,107.54083599980493,BASE_2,COW_009,J_00016,residential,2.2,77.08728484031307,1.4015869970966013,177300.75513272008
16.2735,107.2314,16.54518944601392,107.42752759281646,BASE_2,COW_009,J_00017,residential,3.7,78.5449365905653,1.4280897561920964,180653.35415830018
16.2735,107.2314,16.516409753854667,107.71063204761622,BASE_2,COW_009,J_00018,normal,1.0,88.88371201019439,1.6160674910944435,204432.53762344708
16.2735,107.2314,16.246653516500725,107.24686057726342,BASE_2,COW_009,J_00019,residential,2.2,4.074152233275543,0.07407549515046441,9370.550136533748
16.2735,107.2314,16.450794259691136,107.72511393206908,BASE_2,COW_009,J_00020,residential,5.7,79.49053066926305,1.4452823758047828,182828.220539305
16.2735,107.2314,16.511533614699083,107.71541068050291,BASE_2,COW_009,J_00021,normal,1.0,88.3082119655505,1.6056038539191,203108.88752076615
16.2735,107.2314,16.470087079506218,107.63918470164964,BASE_2,COW_009,J_00022,residential,4.7,71.97565176940311,1.3086482139891475,165543.99906962717
16.2735,107.2314,16.442016856115924,107.72822832866149,BASE_2,COW_009,J_00023,residential,5.7,78.05260898950141,1.419138345263662,179521.00067585323
16.2735,107.2314,16.506029242964782,107.62567129678769,BASE_2,COW_009,J_00024,residential,2.2,74.74101076164493,1.3589274683935442,171904.32475178334
16.2735,107.2314,16.579685501922715,107.58736154579384,BASE_2,COW_009,J_00025,residential,2.2,82.65597569772821,1.5028359217768765,190108.74410477487
16.2735,107.2314,16.66393035346636,107.35559637793077,BASE_2,COW_009,J_00026,residential,2.2,95.68663407565847,1.7397569831937905,220079.2583740145
16.2735,107.2314,16.438453094761204,107.73677161213271,BASE_2,COW_009,J_00027,residential,5.7,78.9829521621821,1.4360536756760383,181660.78997301884
16.2735,107.2314,16.248164304494374,107.23238633470594,BASE_2,COW_009,J_00028,residential,2.2,3.556214481361085,0.06465844511565609,8179.293307130495
16.2735,107.2314,16.467401830416172,107.74412044338574,BASE_2,COW_009,J_00029,residential,3.7,81.19512032037079,1.4762749149158325,186748.77673685283
16.2735,107.2314,16.22769573648302,108.07312412860249,BASE_2,COW_009,J_00030,hospitals,6.0,125.73354036280348,2.2860643702327907,289187.142834448
16.2735,107.2314,16.6567619206231,107.3495614668992,BASE_2,COW_009,J_00031,residential,2.2,94.22685359552693,1.7132155199186716,216721.76326971196
16.2735,107.2314,16.23642580060988,107.25634003768069,BASE_2,COW_009,J_00032,residential,2.2,5.814472242809709,0.1057176771419947,13373.28615846233
16.2735,107.2314,16.649846477639887,107.33861595874995,BASE_2,COW_009,J_00033,residential,2.2,96.49902685853506,1.7545277610642738,221947.76177463064
16.2735,107.2314,16.582166947493878,107.35875602850297,BASE_2,COW_009,J_00034,residential,3.7,86.9760305093117,1.5813823728965763,200044.8701714169
16.2735,107.2314,16.54268106207316,107.42173424731372,BASE_2,COW_009,J_00035,residential,3.7,79.52029628705786,1.4458235688555974,182896.68146023309
16.2735,107.2314,16.63762488123805,107.42379895451036,BASE_2,COW_009,J_00036,residential,2.2,86.97579659696363,1.5813781199447934,200044.33217301636
16.2735,107.2314,16.161742476623008,107.72726450231792,BASE_2,COW_009,J_00037,residential,5.2,97.89137807890272,1.7798432377982312,225150.16958147625
16.2735,107.2314,16.4617079129225,107.7055620386572,BASE_2,COW_009,J_00038,residential,8.7,78.39649792323615,1.4253908713315664,180311.94522344315
16.2735,107.2314,16.672385358081804,107.36627022634389,BASE_2,COW_009,J_00039,residential,2.2,94.50936296409027,1.7183520538925503,217371.53481740764
16.2735,107.2314,16.659521457681674,107.4522269483472,BASE_2,COW_009,J_00040,residential,2.2,91.22684755107127,1.6586699554740232,209821.74936746393
16.2735,107.2314,16.66522777932196,107.36875091304154,BASE_2,COW_009,J_00041,residential,2.2,93.89737490884987,1.7072249983427248,215963.9622903547
16.2735,107.2314,16.660820621499212,107.38427458078796,BASE_2,COW_009,J_00042,residential,2.2,92.0617377967777,1.673849778123231,211741.99693258872
16.2735,107.2314,16.62511390305801,107.5150854990652,BASE_2,COW_009,J_00043,residential,2.2,92.54840586945858,1.6826982885356105,212861.33349975472
16.2735,107.2314,16.59440422417168,107.38514305632124,BASE_2,COW_009,J_00044,residential,3.7,86.50253200224181,1.5727733091316691,198955.82360515615
16.2735,107.2314,16.290663014244483,107.98452104257804,BASE_2,COW_009,J_00045,residential,2.2,112.61501495037861,2.04754572637052,259014.5343858708
16.2735,107.2314,16.633195073021646,107.507332913964,BASE_2,COW_009,J_00046,residential,2.2,93.5225244167095,1.7004095348492636,215101.80615843186
16.2735,107.2314,16.64547217362694,107.47963578206634,BASE_2,COW_009,J_00047,residential,2.2,94.5557694684991,1.7191958085181653,217478.26977754792
16.2735,107.2314,16.275156728172423,107.9790458824707,BASE_2,COW_009,J_00048,residential,2.2,110.26135517673706,2.00475191230431,253601.11690649524
16.2735,107.2314,16.34363572772629,107.9189163333372,BASE_2,COW_009,J_00049,residential,3.7,104.58027961602636,1.9014596293822974,240534.64311686062
16.2735,107.2314,16.570555932832004,107.34394499346718,BASE_2,COW_009,J_00050,residential,2.2,89.25419272972613,1.6228035041768387,205284.6432783701
16.2735,107.2314,16.50665956554493,107.64903907436688,BASE_2,COW_009,J_00051,residential,2.2,77.6247149530619,1.4113584536920345,178536.84439204237
16.2735,107.2314,16.448260129769277,107.64861740367776,BASE_2,COW_009,J_00052,normal,1.0,70.22299810615867,1.2767817837483395,161512.89564416494
16.2735,107.2314,16.664330238141044,107.44405209681626,BASE_2,COW_009,J_00053,residential,2.2,91.27225541502965,1.659495553000539,209926.1874545682
16.2735,107.2314,16.710100944408335,107.36367785595424,BASE_2,COW_009,J_00054,residential,2.2,99.5611831891487,1.8102033307117944,228990.721335042
16.2735,107.2314,16.480897966159755,107.68092090339064,BASE_2,COW_009,J_00055,normal,1.0,75.87691410265305,1.3795802564118735,174516.902436102
16.2735,107.2314,16.14765835550746,107.73729962770445,BASE_2,COW_009,J_00056,residential,2.2,99.999737498723,1.818177045431327,229999.3962470629
16.2735,107.2314,16.373443668977306,107.85603136854854,BASE_2,COW_009,J_00057,normal,1.0,96.32686248227397,1.7513974996777084,221551.78370923013
16.2735,107.2314,16.236211589375223,107.22393073902197,BASE_2,COW_009,J_00058,residential,2.2,5.67006832294673,0.10309215132630418,13041.15714277748
16.2735,107.2314,16.410861708638596,107.70818685325207,BASE_2,COW_009,J_00059,residential,2.2,74.71006907495736,1.358364892271952,171833.15887240192
16.2735,107.2314,16.421865835419105,107.82715158327233,BASE_2,COW_009,J_00060,normal,1.0,91.05674290265361,1.6555771436846112,209430.50867610332
16.2735,107.2314,16.307299072885844,107.99887024033504,BASE_2,COW_009,J_00061,residential,2.2,114.07193781965638,2.0740352330846616,262365.45698520966
16.2735,107.2314,16.125824585720828,107.33690100951722,BASE_2,COW_009,J_00062,residential,4.2,21.434176040084466,0.3897122916378994,49298.60489219427
16.2735,107.2314,16.11106359177746,107.3459286850522,BASE_2,COW_009,J_00063,residential,4.2,23.11522148028043,0.4202767541869169,53165.00940464499
16.2735,107.2314,16.397552183845967,107.73878502140444,BASE_2,COW_009,J_00064,residential,2.2,78.23962820547152,1.4225386946449368,179951.1448725845
16.2735,107.2314,16.282173515285585,108.00397198020616,BASE_2,COW_009,J_00065,normal,1.0,113.70679151664584,2.0673962093935607,261525.62048828544
16.2735,107.2314,16.313228802378926,108.00400545253144,BASE_2,COW_009,J_00066,residential,2.2,115.04379624803117,2.0917053863278396,264600.7313704717
16.2735,107.2314,16.096950630612657,107.33875248677712,BASE_2,COW_009,J_00067,residential,4.2,24.519803922308025,0.44581461676923684,56395.549021308456
16.2735,107.2314,16.393605717506578,107.47491737817752,BASE_2,COW_009,J_00068,normal,1.0,53.8887895361091,0.9797961733838019,123944.21593305093
16.2735,107.2314,16.586617352569917,107.32618309940084,BASE_2,COW_009,J_00069,residential,2.2,94.21093233719618,1.712926042494476,216685.14437555123
16.2735,107.2314,16.271244454586103,108.00910347085969,BASE_2,COW_009,J_00070,normal,1.0,113.21282910108023,2.058415074565095,260389.50693248454
16.2735,107.2314,16.30225806317275,107.20372544535816,BASE_2,COW_009,J_00071,residential,2.2,4.940869416917341,0.0898339893984971,11363.999658909885
16.2735,107.2314,16.402115481041722,107.47520524289446,BASE_2,COW_009,J_00072,normal,1.0,54.047880684960326,0.9826887397265514,124310.12557540875
16.2735,107.2314,16.52378765566236,107.3139491709039,BASE_2,COW_009,J_00073,residential,2.2,91.60475039912059,1.6655409163476471,210690.92591797735
16.2735,107.2314,16.086551495132397,107.35884214702251,BASE_2,COW_009,J_00074,residential,2.2,26.46590395210006,0.48119825367454655,60871.579089830135
16.2735,107.2314,16.523931313921075,107.32725410709553,BASE_2,COW_009,J_00075,residential,2.2,89.75965674204566,1.6319937589462847,206447.210506705
16.2735,107.2314,16.480643081216858,107.47700505517273,BASE_2,COW_009,J_00076,normal,1.0,72.69181886724353,1.3216694339498822,167191.1833946601
16.2735,107.2314,16.535483366486226,107.31505993488494,BASE_2,COW_009,J_00077,residential,2.2,93.40035512799908,1.6981882750545287,214820.8167943979
16.2735,107.2314,16.381819827596345,107.05380788572604,BASE_2,COW_009,J_00078,residential,2.2,30.824592870195833,0.5604471430944696,70896.56360145041
16.2735,107.2314,16.327586846766124,107.17172432241124,BASE_2,COW_009,J_00079,residential,2.2,9.560535722101953,0.1738279222200355,21989.232160834494
16.2735,107.2314,16.367586886950164,107.12413208129658,BASE_2,COW_009,J_00080,residential,2.2,16.754690601560608,0.3046307382101929,38535.788383589395
16.2735,107.2314,16.517165018434337,107.2838374887184,BASE_2,COW_009,J_00081,residential,2.2,95.4723070303223,1.7358601278240418,219586.3061697413
16.2735,107.2314,16.438981227586616,107.5139975441275,BASE_2,COW_009,J_00082,normal,1.0,66.90507167857318,1.2164558487013306,153881.6648607183
16.2735,107.2314,16.312890221356728,108.01470279736397,BASE_2,COW_009,J_00083,residential,2.2,116.39089384485995,2.1161980699065444,267699.0558431779
16.2735,107.2314,16.216133505596858,108.06041050509896,BASE_2,COW_009,J_00084,normal,1.0,127.98508341925631,2.327001516713751,294365.6918642895
16.2735,107.2314,16.330519603057706,107.61988581167678,BASE_2,COW_009,J_00085,normal,1.0,69.36080127213593,1.2611054776751986,159529.84292591264
16.2735,107.2314,16.32326506375919,107.92873922428788,BASE_2,COW_009,J_00086,residential,3.7,107.46932882183772,1.9539877967606858,247179.45629022675
16.2735,107.2314,16.358389326577083,107.03428028491932,BASE_2,COW_009,J_00087,residential,2.2,23.056715495994116,0.41921300901807484,53030.44564078646
16.2735,107.2314,16.272059177144055,108.03095994999136,BASE_2,COW_009,J_00088,normal,1.0,115.97746812672762,2.1086812386677747,266748.1766914735
16.2735,107.2314,16.299009021086444,107.34745474017085,BASE_2,COW_009,J_00089,residential,2.2,23.68410593051624,0.430620107827568,54473.443640187346
16.2735,107.2314,16.289493969176597,107.38769133922136,BASE_2,COW_009,J_00090,residential,2.2,29.738015454644316,0.5406911900844421,68397.43554568193
16.2735,107.2314,16.274536262786913,107.7786320156488,BASE_2,COW_009,J_00091,normal,1.0,88.61896305356628,1.611253873701205,203823.61502320244
16.2735,107.2314,16.37762949107703,107.59628086752136,BASE_2,COW_009,J_00092,normal,1.0,59.46481223134488,1.0811784042062704,136769.06813209323
16.2735,107.2314,16.392506992461776,107.68160012426344,BASE_2,COW_009,J_00093,normal,1.0,71.26505034222626,1.2957281880404774,163909.6157871204
16.2735,107.2314,16.291495847254687,107.78281049017544,BASE_2,COW_009,J_00094,normal,1.0,88.829068975347,1.6150739813699455,204306.8586432981
16.2735,107.2314,16.262949238810066,107.68704525300502,BASE_2,COW_009,J_00095,normal,1.0,86.65002514384702,1.5754550026154004,199295.05783084815
16.2735,107.2314,16.370696626026824,107.74702732165454,BASE_2,COW_009,J_00096,normal,1.0,79.7057817315611,1.449196031482929,183323.29798259053
16.2735,107.2314,16.14425462175665,107.75122345243598,BASE_2,COW_009,J_00097,residential,2.2,101.7012174131065,1.8491130438746637,233912.80005014496
16.2735,107.2314,16.592471780445756,107.3124838483418,BASE_2,COW_009,J_00098,residential,2.2,97.16708901046347,1.7666743456447904,223484.304724066
16.2735,107.2314,16.730071045230396,107.4000535954682,BASE_2,COW_009,J_00099,residential,2.2,100.74310610161427,1.8316928382111686,231709.14403371283
16.2735,107.2314,16.113219935355232,107.63177648157864,BASE_2,COW_009,J_00100,normal,1.0,111.04544590233989,2.019008107315271,255404.52557538176
16.2735,107.2314,16.371149471798947,107.7561813090597,BASE_2,COW_009,J_00101,normal,1.0,81.54429603136002,1.4826235642065457,187551.88087212804
16.2735,107.2314,16.31521698231939,107.71719159344256,BASE_2,COW_009,J_00102,normal,1.0,77.62058898928622,1.4112834361688404,178527.3546753583
16.2735,107.2314,16.31007366662314,107.75139680413022,BASE_2,COW_009,J_00103,residential,3.7,82.98072909641077,1.5087405290256504,190855.67692174477
16.2735,107.2314,16.350004077412255,107.686440633005,BASE_2,COW_009,J_00104,normal,1.0,77.08127535009919,1.4014777336381672,177286.93330522813
16.2735,107.2314,16.329646285748634,107.41288768408508,BASE_2,COW_009,J_00105,residential,2.2,34.98441302843565,0.6360802368806481,80464.14996540199
16.2735,107.2314,16.381411409546235,107.6209067584559,BASE_2,COW_009,J_00106,normal,1.0,64.39977187978938,1.1709049432688978,148119.4753235156
16.2735,107.2314,16.352378211756804,107.48687496708726,BASE_2,COW_009,J_00107,normal,1.0,45.72991846682557,0.8314530630331922,105178.81247369882
16.2735,107.2314,16.356730759468014,107.53688054729449,BASE_2,COW_009,J_00108,normal,1.0,52.16688587920956,0.9484888341674466,119983.83752218199
16.2735,107.2314,16.341878021653464,107.73230095956784,BASE_2,COW_009,J_00109,residential,3.7,81.47038020882859,1.4812796401605197,187381.87448030576
16.2735,107.2314,16.310138893373413,107.08295978611184,BASE_2,COW_009,J_00110,residential,2.2,33.900989044419156,0.6163816189894392,77972.27480216406
16.2735,107.2314,16.472873908455245,107.6106799943142,BASE_2,COW_010,J_00000,residential,9.7,70.23012476693968,1.1705020794489946,161529.28696396126
16.2735,107.2314,16.45396757555403,107.61918797095066,BASE_2,COW_010,J_00001,residential,7.2,68.84595281911768,1.1474325469852948,158345.69148397067
16.2735,107.2314,16.47154095544053,107.55669854007874,BASE_2,COW_010,J_00002,residential,5.7,68.31316794760977,1.1385527991268296,157120.28627950247
16.2735,107.2314,16.463456332330566,107.5546957781065,BASE_2,COW_010,J_00003,residential,5.7,67.14939397891494,1.119156566315249,154443.60615150438
16.2735,107.2314,16.490724152243274,107.5839987846654,BASE_2,COW_010,J_00004,residential,2.2,71.83761472148568,1.197293578691428,165226.51385941706
16.2735,107.2314,16.468886116113154,107.5392851750938,BASE_2,COW_010,J_00005,residential,3.7,69.61337735440311,1.1602229559067185,160110.76791512716
16.2735,107.2314,16.459945898804236,107.55707170860308,BASE_2,COW_010,J_00006,residential,5.7,66.68868399686478,1.111478066614413,153383.973192789
16.2735,107.2314,16.448139316005754,107.62900374280078,BASE_2,COW_010,J_00007,residential,4.7,68.77457437422134,1.1462429062370225,158181.52106070908
16.2735,107.2314,16.50770560492689,107.5513454513049,BASE_2,COW_010,J_00008,residential,2.2,73.16317034443696,1.2193861724072828,168275.291792205
16.2735,107.2314,16.535924521807456,107.68855230948328,BASE_2,COW_010,J_00009,normal,1.0,86.4356226047128,1.4405937100785466,198801.93199083945
16.2735,107.2314,16.550328251701867,107.62620844418208,BASE_2,COW_010,J_00010,residential,2.2,80.16165247495746,1.336027541249291,184371.80069240218
16.2735,107.2314,16.559754907577233,107.61871360688176,BASE_2,COW_010,J_00011,residential,2.2,81.57454620129961,1.3595757700216602,187621.45626298912
16.2735,107.2314,16.523274223294226,107.69330456813202,BASE_2,COW_010,J_00012,normal,1.0,87.94041224897255,1.4656735374828758,202262.94817263685
16.2735,107.2314,16.273160931116365,107.87468923427582,BASE_2,COW_010,J_00013,hospitals,6.0,97.7452299463586,1.6290871657726433,224814.0288766248
16.2735,107.2314,16.52305861296173,107.70145268388114,BASE_2,COW_010,J_00014,normal,1.0,88.3890652584919,1.4731510876415317,203294.85009453137
16.2735,107.2314,16.561389109775824,107.60322552654831,BASE_2,COW_010,J_00015,residential,2.2,81.55940978791152,1.359323496465192,187586.6425121965
16.2735,107.2314,16.53350103835496,107.54083599980493,BASE_2,COW_010,J_00016,residential,2.2,77.08728484031307,1.2847880806718845,177300.75513272008
16.2735,107.2314,16.54518944601392,107.42752759281646,BASE_2,COW_010,J_00017,residential,3.7,78.5449365905653,1.3090822765094217,180653.35415830018
16.2735,107.2314,16.516409753854667,107.71063204761622,BASE_2,COW_010,J_00018,normal,1.0,88.88371201019439,1.4813952001699064,204432.53762344708
16.2735,107.2314,16.246653516500725,107.24686057726342,BASE_2,COW_010,J_00019,residential,2.2,4.074152233275543,0.06790253722125904,9370.550136533748
16.2735,107.2314,16.450794259691136,107.72511393206908,BASE_2,COW_010,J_00020,residential,5.7,79.49053066926305,1.3248421778210508,182828.220539305
16.2735,107.2314,16.511533614699083,107.71541068050291,BASE_2,COW_010,J_00021,normal,1.0,88.3082119655505,1.471803532759175,203108.88752076615
16.2735,107.2314,16.470087079506218,107.63918470164964,BASE_2,COW_010,J_00022,residential,4.7,71.97565176940311,1.1995941961567185,165543.99906962717
16.2735,107.2314,16.442016856115924,107.72822832866149,BASE_2,COW_010,J_00023,residential,5.7,78.05260898950141,1.3008768164916902,179521.00067585323
16.2735,107.2314,16.506029242964782,107.62567129678769,BASE_2,COW_010,J_00024,residential,2.2,74.74101076164493,1.2456835126940822,171904.32475178334
16.2735,107.2314,16.579685501922715,107.58736154579384,BASE_2,COW_010,J_00025,residential,2.2,82.65597569772821,1.377599594962137,190108.74410477487
16.2735,107.2314,16.66393035346636,107.35559637793077,BASE_2,COW_010,J_00026,residential,2.2,95.68663407565847,1.5947772345943079,220079.2583740145
16.2735,107.2314,16.438453094761204,107.73677161213271,BASE_2,COW_010,J_00027,residential,5.7,78.9829521621821,1.3163825360363683,181660.78997301884
16.2735,107.2314,16.248164304494374,107.23238633470594,BASE_2,COW_010,J_00028,residential,2.2,3.556214481361085,0.059270241356018084,8179.293307130495
16.2735,107.2314,16.467401830416172,107.74412044338574,BASE_2,COW_010,J_00029,residential,3.7,81.19512032037079,1.3532520053395132,186748.77673685283
16.2735,107.2314,16.22769573648302,108.07312412860249,BASE_2,COW_010,J_00030,hospitals,6.0,125.73354036280348,2.0955590060467246,289187.142834448
16.2735,107.2314,16.6567619206231,107.3495614668992,BASE_2,COW_010,J_00031,residential,2.2,94.22685359552693,1.5704475599254488,216721.76326971196
16.2735,107.2314,16.23642580060988,107.25634003768069,BASE_2,COW_010,J_00032,residential,2.2,5.814472242809709,0.09690787071349515,13373.28615846233
16.2735,107.2314,16.649846477639887,107.33861595874995,BASE_2,COW_010,J_00033,residential,2.2,96.49902685853506,1.6083171143089177,221947.76177463064
16.2735,107.2314,16.582166947493878,107.35875602850297,BASE_2,COW_010,J_00034,residential,3.7,86.9760305093117,1.4496005084885284,200044.8701714169
16.2735,107.2314,16.54268106207316,107.42173424731372,BASE_2,COW_010,J_00035,residential,3.7,79.52029628705786,1.3253382714509643,182896.68146023309
16.2735,107.2314,16.63762488123805,107.42379895451036,BASE_2,COW_010,J_00036,residential,2.2,86.97579659696363,1.449596609949394,200044.33217301636
16.2735,107.2314,16.161742476623008,107.72726450231792,BASE_2,COW_010,J_00037,residential,5.2,97.89137807890272,1.631522967981712,225150.16958147625
16.2735,107.2314,16.4617079129225,107.7055620386572,BASE_2,COW_010,J_00038,residential,8.7,78.39649792323615,1.3066082987206025,180311.94522344315
16.2735,107.2314,16.672385358081804,107.36627022634389,BASE_2,COW_010,J_00039,residential,2.2,94.50936296409027,1.5751560494015044,217371.53481740764
16.2735,107.2314,16.659521457681674,107.4522269483472,BASE_2,COW_010,J_00040,residential,2.2,91.22684755107127,1.5204474591845212,209821.74936746393
16.2735,107.2314,16.66522777932196,107.36875091304154,BASE_2,COW_010,J_00041,residential,2.2,93.89737490884987,1.5649562484808313,215963.9622903547
16.2735,107.2314,16.660820621499212,107.38427458078796,BASE_2,COW_010,J_00042,residential,2.2,92.0617377967777,1.5343622966129618,211741.99693258872
16.2735,107.2314,16.62511390305801,107.5150854990652,BASE_2,COW_010,J_00043,residential,2.2,92.54840586945858,1.542473431157643,212861.33349975472
16.2735,107.2314,16.59440422417168,107.38514305632124,BASE_2,COW_010,J_00044,residential,3.7,86.50253200224181,1.44170886670403,198955.82360515615
16.2735,107.2314,16.290663014244483,107.98452104257804,BASE_2,COW_010,J_00045,residential,2.2,112.61501495037861,1.8769169158396435,259014.5343858708
16.2735,107.2314,16.633195073021646,107.507332913964,BASE_2,COW_010,J_00046,residential,2.2,93.5225244167095,1.5587087402784916,215101.80615843186
16.2735,107.2314,16.64547217362694,107.47963578206634,BASE_2,COW_010,J_00047,residential,2.2,94.5557694684991,1.5759294911416515,217478.26977754792
16.2735,107.2314,16.275156728172423,107.9790458824707,BASE_2,COW_010,J_00048,residential,2.2,110.26135517673706,1.8376892529456177,253601.11690649524
16.2735,107.2314,16.34363572772629,107.9189163333372,BASE_2,COW_010,J_00049,residential,3.7,104.58027961602636,1.743004660267106,240534.64311686062
16.2735,107.2314,16.570555932832004,107.34394499346718,BASE_2,COW_010,J_00050,residential,2.2,89.25419272972613,1.4875698788287688,205284.6432783701
16.2735,107.2314,16.50665956554493,107.64903907436688,BASE_2,COW_010,J_00051,residential,2.2,77.6247149530619,1.2937452492176982,178536.84439204237
16.2735,107.2314,16.448260129769277,107.64861740367776,BASE_2,COW_010,J_00052,normal,1.0,70.22299810615867,1.1703833017693113,161512.89564416494
16.2735,107.2314,16.664330238141044,107.44405209681626,BASE_2,COW_010,J_00053,residential,2.2,91.27225541502965,1.5212042569171609,209926.1874545682
16.2735,107.2314,16.710100944408335,107.36367785595424,BASE_2,COW_010,J_00054,residential,2.2,99.5611831891487,1.6593530531524783,228990.721335042
16.2735,107.2314,16.480897966159755,107.68092090339064,BASE_2,COW_010,J_00055,normal,1.0,75.87691410265305,1.2646152350442175,174516.902436102
16.2735,107.2314,16.14765835550746,107.73729962770445,BASE_2,COW_010,J_00056,residential,2.2,99.999737498723,1.6666622916453833,229999.3962470629
16.2735,107.2314,16.373443668977306,107.85603136854854,BASE_2,COW_010,J_00057,normal,1.0,96.32686248227397,1.6054477080378995,221551.78370923013
16.2735,107.2314,16.236211589375223,107.22393073902197,BASE_2,COW_010,J_00058,residential,2.2,5.67006832294673,0.09450113871577884,13041.15714277748
16.2735,107.2314,16.410861708638596,107.70818685325207,BASE_2,COW_010,J_00059,residential,2.2,74.71006907495736,1.245167817915956,171833.15887240192
16.2735,107.2314,16.421865835419105,107.82715158327233,BASE_2,COW_010,J_00060,normal,1.0,91.05674290265361,1.5176123817108935,209430.50867610332
16.2735,107.2314,16.307299072885844,107.99887024033504,BASE_2,COW_010,J_00061,residential,2.2,114.07193781965638,1.9011989636609397,262365.45698520966
16.2735,107.2314,16.125824585720828,107.33690100951722,BASE_2,COW_010,J_00062,residential,4.2,21.434176040084466,0.3572362673347411,49298.60489219427
16.2735,107.2314,16.11106359177746,107.3459286850522,BASE_2,COW_010,J_00063,residential,4.2,23.11522148028043,0.38525369133800713,53165.00940464499
16.2735,107.2314,16.397552183845967,107.73878502140444,BASE_2,COW_010,J_00064,residential,2.2,78.23962820547152,1.3039938034245253,179951.1448725845
16.2735,107.2314,16.282173515285585,108.00397198020616,BASE_2,COW_010,J_00065,normal,1.0,113.70679151664584,1.8951131919440973,261525.62048828544
16.2735,107.2314,16.313228802378926,108.00400545253144,BASE_2,COW_010,J_00066,residential,2.2,115.04379624803117,1.9173966041338528,264600.7313704717
16.2735,107.2314,16.096950630612657,107.33875248677712,BASE_2,COW_010,J_00067,residential,4.2,24.519803922308025,0.40866339870513374,56395.549021308456
16.2735,107.2314,16.393605717506578,107.47491737817752,BASE_2,COW_010,J_00068,normal,1.0,53.8887895361091,0.898146492268485,123944.21593305093
16.2735,107.2314,16.586617352569917,107.32618309940084,BASE_2,COW_010,J_00069,residential,2.2,94.21093233719618,1.5701822056199364,216685.14437555123
16.2735,107.2314,16.271244454586103,108.00910347085969,BASE_2,COW_010,J_00070,normal,1.0,113.21282910108023,1.8868804850180039,260389.50693248454
16.2735,107.2314,16.30225806317275,107.20372544535816,BASE_2,COW_010,J_00071,residential,2.2,4.940869416917341,0.08234782361528901,11363.999658909885
16.2735,107.2314,16.402115481041722,107.47520524289446,BASE_2,COW_010,J_00072,normal,1.0,54.047880684960326,0.9007980114160055,124310.12557540875
16.2735,107.2314,16.52378765566236,107.3139491709039,BASE_2,COW_010,J_00073,residential,2.2,91.60475039912059,1.526745839985343,210690.92591797735
16.2735,107.2314,16.086551495132397,107.35884214702251,BASE_2,COW_010,J_00074,residential,2.2,26.46590395210006,0.44109839920166766,60871.579089830135
16.2735,107.2314,16.523931313921075,107.32725410709553,BASE_2,COW_010,J_00075,residential,2.2,89.75965674204566,1.4959942790340943,206447.210506705
16.2735,107.2314,16.480643081216858,107.47700505517273,BASE_2,COW_010,J_00076,normal,1.0,72.69181886724353,1.2115303144540588,167191.1833946601
16.2735,107.2314,16.535483366486226,107.31505993488494,BASE_2,COW_010,J_00077,residential,2.2,93.40035512799908,1.5566725854666512,214820.8167943979
16.2735,107.2314,16.381819827596345,107.05380788572604,BASE_2,COW_010,J_00078,residential,2.2,30.824592870195833,0.5137432145032639,70896.56360145041
16.2735,107.2314,16.327586846766124,107.17172432241124,BASE_2,COW_010,J_00079,residential,2.2,9.560535722101953,0.15934226203503254,21989.232160834494
16.2735,107.2314,16.367586886950164,107.12413208129658,BASE_2,COW_010,J_00080,residential,2.2,16.754690601560608,0.27924484335934346,38535.788383589395
16.2735,107.2314,16.517165018434337,107.2838374887184,BASE_2,COW_010,J_00081,residential,2.2,95.4723070303223,1.5912051171720383,219586.3061697413
16.2735,107.2314,16.438981227586616,107.5139975441275,BASE_2,COW_010,J_00082,normal,1.0,66.90507167857318,1.1150845279762196,153881.6648607183
16.2735,107.2314,16.312890221356728,108.01470279736397,BASE_2,COW_010,J_00083,residential,2.2,116.39089384485995,1.9398482307476657,267699.0558431779
16.2735,107.2314,16.216133505596858,108.06041050509896,BASE_2,COW_010,J_00084,normal,1.0,127.98508341925631,2.133084723654272,294365.6918642895
16.2735,107.2314,16.330519603057706,107.61988581167678,BASE_2,COW_010,J_00085,normal,1.0,69.36080127213593,1.1560133545355988,159529.84292591264
16.2735,107.2314,16.32326506375919,107.92873922428788,BASE_2,COW_010,J_00086,residential,3.7,107.46932882183772,1.791155480363962,247179.45629022675
16.2735,107.2314,16.358389326577083,107.03428028491932,BASE_2,COW_010,J_00087,residential,2.2,23.056715495994116,0.3842785915999019,53030.44564078646
16.2735,107.2314,16.272059177144055,108.03095994999136,BASE_2,COW_010,J_00088,normal,1.0,115.97746812672762,1.932957802112127,266748.1766914735
16.2735,107.2314,16.299009021086444,107.34745474017085,BASE_2,COW_010,J_00089,residential,2.2,23.68410593051624,0.3947350988419373,54473.443640187346
16.2735,107.2314,16.289493969176597,107.38769133922136,BASE_2,COW_010,J_00090,residential,2.2,29.738015454644316,0.4956335909107386,68397.43554568193
16.2735,107.2314,16.274536262786913,107.7786320156488,BASE_2,COW_010,J_00091,normal,1.0,88.61896305356628,1.4769827175594379,203823.61502320244
16.2735,107.2314,16.37762949107703,107.59628086752136,BASE_2,COW_010,J_00092,normal,1.0,59.46481223134488,0.991080203855748,136769.06813209323
16.2735,107.2314,16.392506992461776,107.68160012426344,BASE_2,COW_010,J_00093,normal,1.0,71.26505034222626,1.1877508390371043,163909.6157871204
16.2735,107.2314,16.291495847254687,107.78281049017544,BASE_2,COW_010,J_00094,normal,1.0,88.829068975347,1.48048448292245,204306.8586432981
16.2735,107.2314,16.262949238810066,107.68704525300502,BASE_2,COW_010,J_00095,normal,1.0,86.65002514384702,1.4441670857307836,199295.05783084815
16.2735,107.2314,16.370696626026824,107.74702732165454,BASE_2,COW_010,J_00096,normal,1.0,79.7057817315611,1.3284296955260184,183323.29798259053
16.2735,107.2314,16.14425462175665,107.75122345243598,BASE_2,COW_010,J_00097,residential,2.2,101.7012174131065,1.6950202902184417,233912.80005014496
16.2735,107.2314,16.592471780445756,107.3124838483418,BASE_2,COW_010,J_00098,residential,2.2,97.16708901046347,1.6194514835077245,223484.304724066
16.2735,107.2314,16.730071045230396,107.4000535954682,BASE_2,COW_010,J_00099,residential,2.2,100.74310610161427,1.679051768360238,231709.14403371283
16.2735,107.2314,16.113219935355232,107.63177648157864,BASE_2,COW_010,J_00100,normal,1.0,111.04544590233989,1.850757431705665,255404.52557538176
16.2735,107.2314,16.371149471798947,107.7561813090597,BASE_2,COW_010,J_00101,normal,1.0,81.54429603136002,1.359071600522667,187551.88087212804
16.2735,107.2314,16.31521698231939,107.71719159344256,BASE_2,COW_010,J_00102,normal,1.0,77.62058898928622,1.2936764831547702,178527.3546753583
16.2735,107.2314,16.31007366662314,107.75139680413022,BASE_2,COW_010,J_00103,residential,3.7,82.98072909641077,1.383012151606846,190855.67692174477
16.2735,107.2314,16.350004077412255,107.686440633005,BASE_2,COW_010,J_00104,normal,1.0,77.08127535009919,1.2846879225016532,177286.93330522813
16.2735,107.2314,16.329646285748634,107.41288768408508,BASE_2,COW_010,J_00105,residential,2.2,34.98441302843565,0.5830735504739274,80464.14996540199
16.2735,107.2314,16.381411409546235,107.6209067584559,BASE_2,COW_010,J_00106,normal,1.0,64.39977187978938,1.073329531329823,148119.4753235156
16.2735,107.2314,16.352378211756804,107.48687496708726,BASE_2,COW_010,J_00107,normal,1.0,45.72991846682557,0.7621653077804262,105178.81247369882
16.2735,107.2314,16.356730759468014,107.53688054729449,BASE_2,COW_010,J_00108,normal,1.0,52.16688587920956,0.869448097986826,119983.83752218199
16.2735,107.2314,16.341878021653464,107.73230095956784,BASE_2,COW_010,J_00109,residential,3.7,81.47038020882859,1.3578396701471431,187381.87448030576
16.2735,107.2314,16.310138893373413,107.08295978611184,BASE_2,COW_010,J_00110,residential,2.2,33.900989044419156,0.5650164840736526,77972.27480216406
16.2735,107.2314,16.472873908455245,107.6106799943142,BASE_2,COW_011,J_00000,residential,9.7,70.23012476693968,1.1705020794489946,161529.28696396126
16.2735,107.2314,16.45396757555403,107.61918797095066,BASE_2,COW_011,J_00001,residential,7.2,68.84595281911768,1.1474325469852948,158345.69148397067
16.2735,107.2314,16.47154095544053,107.55669854007874,BASE_2,COW_011,J_00002,residential,5.7,68.31316794760977,1.1385527991268296,157120.28627950247
16.2735,107.2314,16.463456332330566,107.5546957781065,BASE_2,COW_011,J_00003,residential,5.7,67.14939397891494,1.119156566315249,154443.60615150438
16.2735,107.2314,16.490724152243274,107.5839987846654,BASE_2,COW_011,J_00004,residential,2.2,71.83761472148568,1.197293578691428,165226.51385941706
16.2735,107.2314,16.468886116113154,107.5392851750938,BASE_2,COW_011,J_00005,residential,3.7,69.61337735440311,1.1602229559067185,160110.76791512716
16.2735,107.2314,16.459945898804236,107.55707170860308,BASE_2,COW_011,J_00006,residential,5.7,66.68868399686478,1.111478066614413,153383.973192789
16.2735,107.2314,16.448139316005754,107.62900374280078,BASE_2,COW_011,J_00007,residential,4.7,68.77457437422134,1.1462429062370225,158181.52106070908
16.2735,107.2314,16.50770560492689,107.5513454513049,BASE_2,COW_011,J_00008,residential,2.2,73.16317034443696,1.2193861724072828,168275.291792205
16.2735,107.2314,16.535924521807456,107.68855230948328,BASE_2,COW_011,J_00009,normal,1.0,86.4356226047128,1.4405937100785466,198801.93199083945
16.2735,107.2314,16.550328251701867,107.62620844418208,BASE_2,COW_011,J_00010,residential,2.2,80.16165247495746,1.336027541249291,184371.80069240218
16.2735,107.2314,16.559754907577233,107.61871360688176,BASE_2,COW_011,J_00011,residential,2.2,81.57454620129961,1.3595757700216602,187621.45626298912
16.2735,107.2314,16.523274223294226,107.69330456813202,BASE_2,COW_011,J_00012,normal,1.0,87.94041224897255,1.4656735374828758,202262.94817263685
16.2735,107.2314,16.273160931116365,107.87468923427582,BASE_2,COW_011,J_00013,hospitals,6.0,97.7452299463586,1.6290871657726433,224814.0288766248
16.2735,107.2314,16.52305861296173,107.70145268388114,BASE_2,COW_011,J_00014,normal,1.0,88.3890652584919,1.4731510876415317,203294.85009453137
16.2735,107.2314,16.561389109775824,107.60322552654831,BASE_2,COW_011,J_00015,residential,2.2,81.55940978791152,1.359323496465192,187586.6425121965
16.2735,107.2314,16.53350103835496,107.54083599980493,BASE_2,COW_011,J_00016,residential,2.2,77.08728484031307,1.2847880806718845,177300.75513272008
16.2735,107.2314,16.54518944601392,107.42752759281646,BASE_2,COW_011,J_00017,residential,3.7,78.5449365905653,1.3090822765094217,180653.35415830018
16.2735,107.2314,16.516409753854667,107.71063204761622,BASE_2,COW_011,J_00018,normal,1.0,88.88371201019439,1.4813952001699064,204432.53762344708
16.2735,107.2314,16.246653516500725,107.24686057726342,BASE_2,COW_011,J_00019,residential,2.2,4.074152233275543,0.06790253722125904,9370.550136533748
16.2735,107.2314,16.450794259691136,107.72511393206908,BASE_2,COW_011,J_00020,residential,5.7,79.49053066926305,1.3248421778210508,182828.220539305
16.2735,107.2314,16.511533614699083,107.71541068050291,BASE_2,COW_011,J_00021,normal,1.0,88.3082119655505,1.471803532759175,203108.88752076615
16.2735,107.2314,16.470087079506218,107.63918470164964,BASE_2,COW_011,J_00022,residential,4.7,71.97565176940311,1.1995941961567185,165543.99906962717
16.2735,107.2314,16.442016856115924,107.72822832866149,BASE_2,COW_011,J_00023,residential,5.7,78.05260898950141,1.3008768164916902,179521.00067585323
16.2735,107.2314,16.506029242964782,107.62567129678769,BASE_2,COW_011,J_00024,residential,2.2,74.74101076164493,1.2456835126940822,171904.32475178334
16.2735,107.2314,16.579685501922715,107.58736154579384,BASE_2,COW_011,J_00025,residential,2.2,82.65597569772821,1.377599594962137,190108.74410477487
16.2735,107.2314,16.66393035346636,107.35559637793077,BASE_2,COW_011,J_00026,residential,2.2,95.68663407565847,1.5947772345943079,220079.2583740145
16.2735,107.2314,16.438453094761204,107.73677161213271,BASE_2,COW_011,J_00027,residential,5.7,78.9829521621821,1.3163825360363683,181660.78997301884
16.2735,107.2314,16.248164304494374,107.23238633470594,BASE_2,COW_011,J_00028,residential,2.2,3.556214481361085,0.059270241356018084,8179.293307130495
16.2735,107.2314,16.467401830416172,107.74412044338574,BASE_2,COW_011,J_00029,residential,3.7,81.19512032037079,1.3532520053395132,186748.77673685283
16.2735,107.2314,16.22769573648302,108.07312412860249,BASE_2,COW_011,J_00030,hospitals,6.0,125.73354036280348,2.0955590060467246,289187.142834448
16.2735,107.2314,16.6567619206231,107.3495614668992,BASE_2,COW_011,J_00031,residential,2.2,94.22685359552693,1.5704475599254488,216721.76326971196
16.2735,107.2314,16.23642580060988,107.25634003768069,BASE_2,COW_011,J_00032,residential,2.2,5.814472242809709,0.09690787071349515,13373.28615846233
16.2735,107.2314,16.649846477639887,107.33861595874995,BASE_2,COW_011,J_00033,residential,2.2,96.49902685853506,1.6083171143089177,221947.76177463064
16.2735,107.2314,16.582166947493878,107.35875602850297,BASE_2,COW_011,J_00034,residential,3.7,86.9760305093117,1.4496005084885284,200044.8701714169
16.2735,107.2314,16.54268106207316,107.42173424731372,BASE_2,COW_011,J_00035,residential,3.7,79.52029628705786,1.3253382714509643,182896.68146023309
16.2735,107.2314,16.63762488123805,107.42379895451036,BASE_2,COW_011,J_00036,residential,2.2,86.97579659696363,1.449596609949394,200044.33217301636
16.2735,107.2314,16.161742476623008,107.72726450231792,BASE_2,COW_011,J_00037,residential,5.2,97.89137807890272,1.631522967981712,225150.16958147625
16.2735,107.2314,16.4617079129225,107.7055620386572,BASE_2,COW_011,J_00038,residential,8.7,78.39649792323615,1.3066082987206025,180311.94522344315
16.2735,107.2314,16.672385358081804,107.36627022634389,BASE_2,COW_011,J_00039,residential,2.2,94.50936296409027,1.5751560494015044,217371.53481740764
16.2735,107.2314,16.659521457681674,107.4522269483472,BASE_2,COW_011,J_00040,residential,2.2,91.22684755107127,1.5204474591845212,209821.74936746393
16.2735,107.2314,16.66522777932196,107.36875091304154,BASE_2,COW_011,J_00041,residential,2.2,93.89737490884987,1.5649562484808313,215963.9622903547
16.2735,107.2314,16.660820621499212,107.38427458078796,BASE_2,COW_011,J_00042,residential,2.2,92.0617377967777,1.5343622966129618,211741.99693258872
16.2735,107.2314,16.62511390305801,107.5150854990652,BASE_2,COW_011,J_00043,residential,2.2,92.54840586945858,1.542473431157643,212861.33349975472
16.2735,107.2314,16.59440422417168,107.38514305632124,BASE_2,COW_011,J_00044,residential,3.7,86.50253200224181,1.44170886670403,198955.82360515615
16.2735,107.2314,16.290663014244483,107.98452104257804,BASE_2,COW_011,J_00045,residential,2.2,112.61501495037861,1.8769169158396435,259014.5343858708
16.2735,107.2314,16.633195073021646,107.507332913964,BASE_2,COW_011,J_00046,residential,2.2,93.5225244167095,1.5587087402784916,215101.80615843186
16.2735,107.2314,16.64547217362694,107.47963578206634,BASE_2,COW_011,J_00047,residential,2.2,94.5557694684991,1.5759294911416515,217478.26977754792
16.2735,107.2314,16.275156728172423,107.9790458824707,BASE_2,COW_011,J_00048,residential,2.2,110.26135517673706,1.8376892529456177,253601.11690649524
16.2735,107.2314,16.34363572772629,107.9189163333372,BASE_2,COW_011,J_00049,residential,3.7,104.58027961602636,1.743004660267106,240534.64311686062
16.2735,107.2314,16.570555932832004,107.34394499346718,BASE_2,COW_011,J_00050,residential,2.2,89.25419272972613,1.4875698788287688,205284.6432783701
16.2735,107.2314,16.50665956554493,107.64903907436688,BASE_2,COW_011,J_00051,residential,2.2,77.6247149530619,1.2937452492176982,178536.84439204237
16.2735,107.2314,16.448260129769277,107.64861740367776,BASE_2,COW_011,J_00052,normal,1.0,70.22299810615867,1.1703833017693113,161512.89564416494
16.2735,107.2314,16.664330238141044,107.44405209681626,BASE_2,COW_011,J_00053,residential,2.2,91.27225541502965,1.5212042569171609,209926.1874545682
16.2735,107.2314,16.710100944408335,107.36367785595424,BASE_2,COW_011,J_00054,residential,2.2,99.5611831891487,1.6593530531524783,228990.721335042
16.2735,107.2314,16.480897966159755,107.68092090339064,BASE_2,COW_011,J_00055,normal,1.0,75.87691410265305,1.2646152350442175,174516.902436102
16.2735,107.2314,16.14765835550746,107.73729962770445,BASE_2,COW_011,J_00056,residential,2.2,99.999737498723,1.6666622916453833,229999.3962470629
16.2735,107.2314,16.373443668977306,107.85603136854854,BASE_2,COW_011,J_00057,normal,1.0,96.32686248227397,1.6054477080378995,221551.78370923013
16.2735,107.2314,16.236211589375223,107.22393073902197,BASE_2,COW_011,J_00058,residential,2.2,5.67006832294673,0.09450113871577884,13041.15714277748
16.2735,107.2314,16.410861708638596,107.70818685325207,BASE_2,COW_011,J_00059,residential,2.2,74.71006907495736,1.245167817915956,171833.15887240192
16.2735,107.2314,16.421865835419105,107.82715158327233,BASE_2,COW_011,J_00060,normal,1.0,91.05674290265361,1.5176123817108935,209430.50867610332
16.2735,107.2314,16.307299072885844,107.99887024033504,BASE_2,COW_011,J_00061,residential,2.2,114.07193781965638,1.9011989636609397,262365.45698520966
16.2735,107.2314,16.125824585720828,107.33690100951722,BASE_2,COW_011,J_00062,residential,4.2,21.434176040084466,0.3572362673347411,49298.60489219427
16.2735,107.2314,16.11106359177746,107.3459286850522,BASE_2,COW_011,J_00063,residential,4.2,23.11522148028043,0.38525369133800713,53165.00940464499
16.2735,107.2314,16.397552183845967,107.73878502140444,BASE_2,COW_011,J_00064,residential,2.2,78.23962820547152,1.3039938034245253,179951.1448725845
16.2735,107.2314,16.282173515285585,108.00397198020616,BASE_2,COW_011,J_00065,normal,1.0,113.70679151664584,1.8951131919440973,261525.62048828544
16.2735,107.2314,16.313228802378926,108.00400545253144,BASE_2,COW_011,J_00066,residential,2.2,115.04379624803117,1.9173966041338528,264600.7313704717
16.2735,107.2314,16.096950630612657,107.33875248677712,BASE_2,COW_011,J_00067,residential,4.2,24.519803922308025,0.40866339870513374,56395.549021308456
16.2735,107.2314,16.393605717506578,107.47491737817752,BASE_2,COW_011,J_00068,normal,1.0,53.8887895361091,0.898146492268485,123944.21593305093
16.2735,107.2314,16.586617352569917,107.32618309940084,BASE_2,COW_011,J_00069,residential,2.2,94.21093233719618,1.5701822056199364,216685.14437555123
16.2735,107.2314,16.271244454586103,108.00910347085969,BASE_2,COW_011,J_00070,normal,1.0,113.21282910108023,1.8868804850180039,260389.50693248454
16.2735,107.2314,16.30225806317275,107.20372544535816,BASE_2,COW_011,J_00071,residential,2.2,4.940869416917341,0.08234782361528901,11363.999658909885
16.2735,107.2314,16.402115481041722,107.47520524289446,BASE_2,COW_011,J_00072,normal,1.0,54.047880684960326,0.9007980114160055,124310.12557540875
16.2735,107.2314,16.52378765566236,107.3139491709039,BASE_2,COW_011,J_00073,residential,2.2,91.60475039912059,1.526745839985343,210690.92591797735
16.2735,107.2314,16.086551495132397,107.35884214702251,BASE_2,COW_011,J_00074,residential,2.2,26.46590395210006,0.44109839920166766,60871.579089830135
16.2735,107.2314,16.523931313921075,107.32725410709553,BASE_2,COW_011,J_00075,residential,2.2,89.75965674204566,1.4959942790340943,206447.210506705
16.2735,107.2314,16.480643081216858,107.47700505517273,BASE_2,COW_011,J_00076,normal,1.0,72.69181886724353,1.2115303144540588,167191.1833946601
16.2735,107.2314,16.535483366486226,107.31505993488494,BASE_2,COW_011,J_00077,residential,2.2,93.40035512799908,1.5566725854666512,214820.8167943979
16.2735,107.2314,16.381819827596345,107.05380788572604,BASE_2,COW_011,J_00078,residential,2.2,30.824592870195833,0.5137432145032639,70896.56360145041
16.2735,107.2314,16.327586846766124,107.17172432241124,BASE_2,COW_011,J_00079,residential,2.2,9.560535722101953,0.15934226203503254,21989.232160834494
16.2735,107.2314,16.367586886950164,107.12413208129658,BASE_2,COW_011,J_00080,residential,2.2,16.754690601560608,0.27924484335934346,38535.788383589395
16.2735,107.2314,16.517165018434337,107.2838374887184,BASE_2,COW_011,J_00081,residential,2.2,95.4723070303223,1.5912051171720383,219586.3061697413
16.2735,107.2314,16.438981227586616,107.5139975441275,BASE_2,COW_011,J_00082,normal,1.0,66.90507167857318,1.1150845279762196,153881.6648607183
16.2735,107.2314,16.312890221356728,108.01470279736397,BASE_2,COW_011,J_00083,residential,2.2,116.39089384485995,1.9398482307476657,267699.0558431779
16.2735,107.2314,16.216133505596858,108.06041050509896,BASE_2,COW_011,J_00084,normal,1.0,127.98508341925631,2.133084723654272,294365.6918642895
16.2735,107.2314,16.330519603057706,107.61988581167678,BASE_2,COW_011,J_00085,normal,1.0,69.36080127213593,1.1560133545355988,159529.84292591264
16.2735,107.2314,16.32326506375919,107.92873922428788,BASE_2,COW_011,J_00086,residential,3.7,107.46932882183772,1.791155480363962,247179.45629022675
16.2735,107.2314,16.358389326577083,107.03428028491932,BASE_2,COW_011,J_00087,residential,2.2,23.056715495994116,0.3842785915999019,53030.44564078646
16.2735,107.2314,16.272059177144055,108.03095994999136,BASE_2,COW_011,J_00088,normal,1.0,115.97746812672762,1.932957802112127,266748.1766914735
16.2735,107.2314,16.299009021086444,107.34745474017085,BASE_2,COW_011,J_00089,residential,2.2,23.68410593051624,0.3947350988419373,54473.443640187346
16.2735,107.2314,16.289493969176597,107.38769133922136,BASE_2,COW_011,J_00090,residential,2.2,29.738015454644316,0.4956335909107386,68397.43554568193
16.2735,107.2314,16.274536262786913,107.7786320156488,BASE_2,COW_011,J_00091,normal,1.0,88.61896305356628,1.4769827175594379,203823.61502320244
16.2735,107.2314,16.37762949107703,107.59628086752136,BASE_2,COW_011,J_00092,normal,1.0,59.46481223134488,0.991080203855748,136769.06813209323
16.2735,107.2314,16.392506992461776,107.68160012426344,BASE_2,COW_011,J_00093,normal,1.0,71.26505034222626,1.1877508390371043,163909.6157871204
16.2735,107.2314,16.291495847254687,107.78281049017544,BASE_2,COW_011,J_00094,normal,1.0,88.829068975347,1.48048448292245,204306.8586432981
16.2735,107.2314,16.262949238810066,107.68704525300502,BASE_2,COW_011,J_00095,normal,1.0,86.65002514384702,1.4441670857307836,199295.05783084815
16.2735,107.2314,16.370696626026824,107.74702732165454,BASE_2,COW_011,J_00096,normal,1.0,79.7057817315611,1.3284296955260184,183323.29798259053
16.2735,107.2314,16.14425462175665,107.75122345243598,BASE_2,COW_011,J_00097,residential,2.2,101.7012174131065,1.6950202902184417,233912.80005014496
16.2735,107.2314,16.592471780445756,107.3124838483418,BASE_2,COW_011,J_00098,residential,2.2,97.16708901046347,1.6194514835077245,223484.304724066
16.2735,107.2314,16.730071045230396,107.4000535954682,BASE_2,COW_011,J_00099,residential,2.2,100.74310610161427,1.679051768360238,231709.14403371283
16.2735,107.2314,16.113219935355232,107.63177648157864,BASE_2,COW_011,J_00100,normal,1.0,111.04544590233989,1.850757431705665,255404.52557538176
16.2735,107.2314,16.371149471798947,107.7561813090597,BASE_2,COW_011,J_00101,normal,1.0,81.54429603136002,1.359071600522667,187551.88087212804
16.2735,107.2314,16.31521698231939,107.71719159344256,BASE_2,COW_011,J_00102,normal,1.0,77.62058898928622,1.2936764831547702,178527.3546753583
16.2735,107.2314,16.31007366662314,107.75139680413022,BASE_2,COW_011,J_00103,residential,3.7,82.98072909641077,1.383012151606846,190855.67692174477
16.2735,107.2314,16.350004077412255,107.686440633005,BASE_2,COW_011,J_00104,normal,1.0,77.08127535009919,1.2846879225016532,177286.93330522813
16.2735,107.2314,16.329646285748634,107.41288768408508,BASE_2,COW_011,J_00105,residential,2.2,34.98441302843565,0.5830735504739274,80464.14996540199
16.2735,107.2314,16.381411409546235,107.6209067584559,BASE_2,COW_011,J_00106,normal,1.0,64.39977187978938,1.073329531329823,148119.4753235156
16.2735,107.2314,16.352378211756804,107.48687496708726,BASE_2,COW_011,J_00107,normal,1.0,45.72991846682557,0.7621653077804262,105178.81247369882
16.2735,107.2314,16.356730759468014,107.53688054729449,BASE_2,COW_011,J_00108,normal,1.0,52.16688587920956,0.869448097986826,119983.83752218199
16.2735,107.2314,16.341878021653464,107.73230095956784,BASE_2,COW_011,J_00109,residential,3.7,81.47038020882859,1.3578396701471431,187381.87448030576
16.2735,107.2314,16.310138893373413,107.08295978611184,BASE_2,COW_011,J_00110,residential,2.2,33.900989044419156,0.5650164840736526,77972.27480216406
16.5711,107.3825,16.472873908455245,107.6106799943142,BASE_3,COW_012,J_00000,residential,9.7,29.832481699120358,0.5966496339824071,68614.70790797682
16.5711,107.3825,16.45396757555403,107.61918797095066,BASE_3,COW_012,J_00001,residential,7.2,30.806048165702126,0.6161209633140425,70853.91078111489
16.5711,107.3825,16.47154095544053,107.55669854007874,BASE_3,COW_012,J_00002,residential,5.7,23.30745794894723,0.4661491589789446,53607.153282578634
16.5711,107.3825,16.463456332330566,107.5546957781065,BASE_3,COW_012,J_00003,residential,5.7,24.471231917642022,0.48942463835284045,56283.83341057665
16.5711,107.3825,16.490724152243274,107.5839987846654,BASE_3,COW_012,J_00004,residential,2.2,25.593167894601358,0.5118633578920272,58864.28615758312
16.5711,107.3825,16.468886116113154,107.5392851750938,BASE_3,COW_012,J_00005,residential,3.7,23.130499865884783,0.46260999731769564,53200.149691535
16.5711,107.3825,16.459945898804236,107.55707170860308,BASE_3,COW_012,J_00006,residential,5.7,24.931941899692163,0.49863883799384323,57343.46636929197
16.5711,107.3825,16.448139316005754,107.62900374280078,BASE_3,COW_012,J_00007,residential,4.7,32.20849330035782,0.6441698660071564,74079.534590823
16.5711,107.3825,16.50770560492689,107.5513454513049,BASE_3,COW_012,J_00008,residential,2.2,21.87337393054236,0.4374674786108472,50308.76004024743
16.5711,107.3825,16.535924521807456,107.68855230948328,BASE_3,COW_012,J_00009,normal,1.0,41.92383107009923,0.8384766214019846,96424.81146122824
16.5711,107.3825,16.550328251701867,107.62620844418208,BASE_3,COW_012,J_00010,residential,2.2,31.984005597697706,0.6396801119539541,73563.21287470472
16.5711,107.3825,16.559754907577233,107.61871360688176,BASE_3,COW_012,J_00011,residential,2.2,33.396899324039865,0.6679379864807973,76812.8684452917
16.5711,107.3825,16.523274223294226,107.69330456813202,BASE_3,COW_012,J_00012,normal,1.0,43.428620714358985,0.8685724142871797,99885.82764302567
16.5711,107.3825,16.273160931116365,107.87468923427582,BASE_3,COW_012,J_00013,hospitals,6.0,65.93774787017452,1.3187549574034905,151656.8201014014
16.5711,107.3825,16.52305861296173,107.70145268388114,BASE_3,COW_012,J_00014,normal,1.0,43.87727372387836,0.8775454744775673,100917.72956492023
16.5711,107.3825,16.561389109775824,107.60322552654831,BASE_3,COW_012,J_00015,residential,2.2,29.087927932791835,0.5817585586558367,66902.23424542122
16.5711,107.3825,16.53350103835496,107.54083599980493,BASE_3,COW_012,J_00016,residential,2.2,21.023151717856592,0.42046303435713184,48353.24895107016
16.5711,107.3825,16.54518944601392,107.42752759281646,BASE_3,COW_012,J_00017,residential,3.7,5.8081317126114325,0.11616263425222866,13358.702939006294
16.5711,107.3825,16.516409753854667,107.71063204761622,BASE_3,COW_012,J_00018,normal,1.0,45.12173741578107,0.9024347483156214,103779.99605629646
16.5711,107.3825,16.246653516500725,107.24686057726342,BASE_3,COW_012,J_00019,residential,2.2,81.18780575339689,1.6237561150679378,186731.95323281284
16.5711,107.3825,16.450794259691136,107.72511393206908,BASE_3,COW_012,J_00020,residential,5.7,43.7829900289721,0.875659800579442,100700.87706663583
16.5711,107.3825,16.511533614699083,107.71541068050291,BASE_3,COW_012,J_00021,normal,1.0,45.90788557796515,0.918157711559303,105588.13682931985
16.5711,107.3825,16.470087079506218,107.63918470164964,BASE_3,COW_012,J_00022,residential,4.7,33.537424838448686,0.6707484967689737,77136.07712843198
16.5711,107.3825,16.442016856115924,107.72822832866149,BASE_3,COW_012,J_00023,residential,5.7,43.73354656398715,0.8746709312797429,100587.15709717044
16.5711,107.3825,16.506029242964782,107.62567129678769,BASE_3,COW_012,J_00024,residential,2.2,31.00406919195122,0.6200813838390244,71309.3591414878
16.5711,107.3825,16.579685501922715,107.58736154579384,BASE_3,COW_012,J_00025,residential,2.2,26.08903507690214,0.5217807015380428,60004.78067687492
16.5711,107.3825,16.66393035346636,107.35559637793077,BASE_3,COW_012,J_00026,residential,2.2,15.676080536652687,0.31352161073305373,36054.98523430118
16.5711,107.3825,16.438453094761204,107.73677161213271,BASE_3,COW_012,J_00027,residential,5.7,44.75776127343299,0.8951552254686598,102942.85092889587
16.5711,107.3825,16.248164304494374,107.23238633470594,BASE_3,COW_012,J_00028,residential,2.2,83.9906951283357,1.679813902566714,193178.59879517212
16.5711,107.3825,16.467401830416172,107.74412044338574,BASE_3,COW_012,J_00029,residential,3.7,45.85272639731558,0.9170545279463116,105461.27071382583
16.5711,107.3825,16.22769573648302,108.07312412860249,BASE_3,COW_012,J_00030,hospitals,6.0,93.9260582866194,1.878521165732388,216029.93405922462
16.5711,107.3825,16.6567619206231,107.3495614668992,BASE_3,COW_012,J_00031,residential,2.2,13.982922584174037,0.27965845168348075,32160.721943600285
16.5711,107.3825,16.23642580060988,107.25634003768069,BASE_3,COW_012,J_00032,residential,2.2,79.6315388569769,1.592630777139538,183152.53937104688
16.5711,107.3825,16.649846477639887,107.33861595874995,BASE_3,COW_012,J_00033,residential,2.2,13.545088216499451,0.270901764329989,31153.702897948737
16.5711,107.3825,16.582166947493878,107.35875602850297,BASE_3,COW_012,J_00034,residential,3.7,3.254223817669946,0.06508447635339892,7484.714780640876
16.5711,107.3825,16.54268106207316,107.42173424731372,BASE_3,COW_012,J_00035,residential,3.7,5.826572613560712,0.11653145227121424,13401.117011189637
16.5711,107.3825,16.63762488123805,107.42379895451036,BASE_3,COW_012,J_00036,residential,2.2,11.085041988440144,0.2217008397688029,25495.59657341233
16.5711,107.3825,16.161742476623008,107.72726450231792,BASE_3,COW_012,J_00037,residential,5.2,71.29254832214826,1.4258509664429653,163972.861140941
16.5711,107.3825,16.4617079129225,107.7055620386572,BASE_3,COW_012,J_00038,residential,8.7,39.82397061841874,0.7964794123683748,91595.13242236311
16.5711,107.3825,16.672385358081804,107.36627022634389,BASE_3,COW_012,J_00039,residential,2.2,15.118885420782565,0.3023777084156513,34773.4364677999
16.5711,107.3825,16.659521457681674,107.4522269483472,BASE_3,COW_012,J_00040,residential,2.2,15.43882781432044,0.3087765562864088,35509.303972937014
16.5711,107.3825,16.66522777932196,107.36875091304154,BASE_3,COW_012,J_00041,residential,2.2,14.506897365542144,0.2901379473108429,33365.86394074693
16.5711,107.3825,16.660820621499212,107.38427458078796,BASE_3,COW_012,J_00042,residential,2.2,12.967312629342588,0.2593462525868518,29824.819047487952
16.5711,107.3825,16.62511390305801,107.5150854990652,BASE_3,COW_012,J_00043,residential,2.2,23.30420534827635,0.46608410696552705,53599.67230103561
16.5711,107.3825,16.59440422417168,107.38514305632124,BASE_3,COW_012,J_00044,residential,3.7,3.5485933602061803,0.0709718672041236,8161.764728474215
16.5711,107.3825,16.290663014244483,107.98452104257804,BASE_3,COW_012,J_00045,residential,2.2,80.80753287419451,1.6161506574838902,185857.32561064736
16.5711,107.3825,16.633195073021646,107.507332913964,BASE_3,COW_012,J_00046,residential,2.2,22.382714001161023,0.44765428002322044,51480.24220267036
16.5711,107.3825,16.64547217362694,107.47963578206634,BASE_3,COW_012,J_00047,residential,2.2,18.767749731748236,0.3753549946349647,43165.82438302094
16.5711,107.3825,16.275156728172423,107.9790458824707,BASE_3,COW_012,J_00048,residential,2.2,78.45387310055295,1.569077462011059,180443.9081312718
16.5711,107.3825,16.34363572772629,107.9189163333372,BASE_3,COW_012,J_00049,residential,3.7,70.8417886898467,1.416835773796934,162936.1139866474
16.5711,107.3825,16.570555932832004,107.34394499346718,BASE_3,COW_012,J_00050,residential,2.2,5.53238603808449,0.1106477207616898,12724.487887594327
16.5711,107.3825,16.50665956554493,107.64903907436688,BASE_3,COW_012,J_00051,residential,2.2,33.887773383368206,0.6777554676673642,77941.87878174687
16.5711,107.3825,16.448260129769277,107.64861740367776,BASE_3,COW_012,J_00052,normal,1.0,35.66302023721609,0.7132604047443217,82024.946545597
16.5711,107.3825,16.664330238141044,107.44405209681626,BASE_3,COW_012,J_00053,residential,2.2,15.484235678278791,0.3096847135655758,35613.74206004122
16.5711,107.3825,16.710100944408335,107.36367785595424,BASE_3,COW_012,J_00054,residential,2.2,20.622370278971093,0.4124474055794219,47431.45164163352
16.5711,107.3825,16.480897966159755,107.68092090339064,BASE_3,COW_012,J_00055,normal,1.0,36.19458475422508,0.7238916950845017,83247.54493471769
16.5711,107.3825,16.14765835550746,107.73729962770445,BASE_3,COW_012,J_00056,residential,2.2,73.40090774196854,1.4680181548393707,168822.08780652765
16.5711,107.3825,16.373443668977306,107.85603136854854,BASE_3,COW_012,J_00057,normal,1.0,62.58837155609435,1.251767431121887,143953.254579017
16.5711,107.3825,16.236211589375223,107.22393073902197,BASE_3,COW_012,J_00058,residential,2.2,84.23100105464415,1.684620021092883,193731.30242568156
16.5711,107.3825,16.410861708638596,107.70818685325207,BASE_3,COW_012,J_00059,residential,2.2,42.32453190018476,0.8464906380036952,97346.42337042495
16.5711,107.3825,16.421865835419105,107.82715158327233,BASE_3,COW_012,J_00060,normal,1.0,57.31825197647385,1.146365039529477,131831.97954588986
16.5711,107.3825,16.307299072885844,107.99887024033504,BASE_3,COW_012,J_00061,residential,2.2,82.26445574347228,1.6452891148694457,189208.24820998625
16.5711,107.3825,16.125824585720828,107.33690100951722,BASE_3,COW_012,J_00062,residential,4.2,93.20721934501957,1.8641443869003913,214376.604493545
16.5711,107.3825,16.11106359177746,107.3459286850522,BASE_3,COW_012,J_00063,residential,4.2,94.8882647852156,1.8977652957043118,218243.00900599587
16.5711,107.3825,16.397552183845967,107.73878502140444,BASE_3,COW_012,J_00064,residential,2.2,46.2958343538778,0.925916687077556,106480.41901391894
16.5711,107.3825,16.282173515285585,108.00397198020616,BASE_3,COW_012,J_00065,normal,1.0,81.89930944046175,1.637986188809235,188368.41171306203
16.5711,107.3825,16.313228802378926,108.00400545253144,BASE_3,COW_012,J_00066,residential,2.2,83.23631417184707,1.6647262834369414,191443.52259524827
16.5711,107.3825,16.096950630612657,107.33875248677712,BASE_3,COW_012,J_00067,residential,4.2,96.29284722724321,1.9258569445448643,221473.5486226594
16.5711,107.3825,16.393605717506578,107.47491737817752,BASE_3,COW_012,J_00068,normal,1.0,31.318305393325794,0.6263661078665159,72032.10240464933
16.5711,107.3825,16.586617352569917,107.32618309940084,BASE_3,COW_012,J_00069,residential,2.2,10.476321702177993,0.20952643404355986,24095.539915009384
16.5711,107.3825,16.271244454586103,108.00910347085969,BASE_3,COW_012,J_00070,normal,1.0,81.40534702489614,1.628106940497923,187232.29815726113
16.5711,107.3825,16.30225806317275,107.20372544535816,BASE_3,COW_012,J_00071,residential,2.2,88.44245169290308,1.7688490338580616,203417.63889367707
16.5711,107.3825,16.402115481041722,107.47520524289446,BASE_3,COW_012,J_00072,normal,1.0,29.99480907667802,0.5998961815335604,68988.06087635945
16.5711,107.3825,16.52378765566236,107.3139491709039,BASE_3,COW_012,J_00073,residential,2.2,10.896083839538445,0.2179216767907689,25060.992830938423
16.5711,107.3825,16.086551495132397,107.35884214702251,BASE_3,COW_012,J_00074,residential,2.2,98.2389472570352,1.964778945140704,225949.57869118097
16.5711,107.3825,16.523931313921075,107.32725410709553,BASE_3,COW_012,J_00075,residential,2.2,10.267388869088354,0.20534777738176707,23614.994398903214
16.5711,107.3825,16.480643081216858,107.47700505517273,BASE_3,COW_012,J_00076,normal,1.0,26.778789565577092,0.5355757913115419,61591.21600082731
16.5711,107.3825,16.535483366486226,107.31505993488494,BASE_3,COW_012,J_00077,residential,2.2,10.997840216883677,0.21995680433767353,25295.032498832457
16.5711,107.3825,16.381819827596345,107.05380788572604,BASE_3,COW_012,J_00078,residential,2.2,114.32617514618167,2.2865235029236333,262950.2028362178
16.5711,107.3825,16.327586846766124,107.17172432241124,BASE_3,COW_012,J_00079,residential,2.2,93.06211799808771,1.8612423599617542,214042.87139560175
16.5711,107.3825,16.367586886950164,107.12413208129658,BASE_3,COW_012,J_00080,residential,2.2,100.2562728775464,2.005125457550928,230589.4276183567
16.5711,107.3825,16.517165018434337,107.2838374887184,BASE_3,COW_012,J_00081,residential,2.2,14.763640470740226,0.2952728094148045,33956.37308270252
16.5711,107.3825,16.438981227586616,107.5139975441275,BASE_3,COW_012,J_00082,normal,1.0,23.99893613489759,0.47997872269795183,55197.55311026446
16.5711,107.3825,16.312890221356728,108.01470279736397,BASE_3,COW_012,J_00083,residential,2.2,84.58341176867586,1.691668235373517,194541.84706795448
16.5711,107.3825,16.216133505596858,108.06041050509896,BASE_3,COW_012,J_00084,normal,1.0,96.17760134307223,1.9235520268614446,221208.4830890661
16.5711,107.3825,16.330519603057706,107.61988581167678,BASE_3,COW_012,J_00085,normal,1.0,46.171511062714956,0.9234302212542991,106194.4754442444
16.5711,107.3825,16.32326506375919,107.92873922428788,BASE_3,COW_012,J_00086,residential,3.7,73.73083789565807,1.4746167579131615,169580.92716001355
16.5711,107.3825,16.358389326577083,107.03428028491932,BASE_3,COW_012,J_00087,residential,2.2,44.025615904672996,0.88051231809346,101258.91658074789
16.5711,107.3825,16.272059177144055,108.03095994999136,BASE_3,COW_012,J_00088,normal,1.0,84.16998605054351,1.6833997210108702,193590.96791625008
16.5711,107.3825,16.299009021086444,107.34745474017085,BASE_3,COW_012,J_00089,residential,2.2,60.36761541250193,1.2073523082500386,138845.51544875442
16.5711,107.3825,16.289493969176597,107.38769133922136,BASE_3,COW_012,J_00090,residential,2.2,55.79810290909872,1.1159620581819745,128335.63669092706
16.5711,107.3825,16.274536262786913,107.7786320156488,BASE_3,COW_012,J_00091,normal,1.0,59.0725078978939,1.181450157957878,135866.76816515598
16.5711,107.3825,16.37762949107703,107.59628086752136,BASE_3,COW_012,J_00092,normal,1.0,36.3703604287811,0.7274072085756219,83651.82898619653
16.5711,107.3825,16.392506992461776,107.68160012426344,BASE_3,COW_012,J_00093,normal,1.0,40.97859532912196,0.8195719065824392,94250.76925698051
16.5711,107.3825,16.291495847254687,107.78281049017544,BASE_3,COW_012,J_00094,normal,1.0,57.02158689916305,1.140431737983261,131149.649868075
16.5711,107.3825,16.262949238810066,107.68704525300502,BASE_3,COW_012,J_00095,normal,1.0,60.0511953870925,1.2010239077418499,138117.74939031273
16.5711,107.3825,16.370696626026824,107.74702732165454,BASE_3,COW_012,J_00096,normal,1.0,47.894942871348185,0.9578988574269637,110158.36860410082
16.5711,107.3825,16.14425462175665,107.75122345243598,BASE_3,COW_012,J_00097,residential,2.2,75.10238765635205,1.502047753127041,172735.49160960971
16.5711,107.3825,16.592471780445756,107.3124838483418,BASE_3,COW_012,J_00098,residential,2.2,13.432478375445127,0.26864956750890256,30894.70026352379
16.5711,107.3825,16.730071045230396,107.4000535954682,BASE_3,COW_012,J_00099,residential,2.2,21.804293191436667,0.4360858638287333,50149.87434030433
16.5711,107.3825,16.113219935355232,107.63177648157864,BASE_3,COW_012,J_00100,normal,1.0,84.44661614558545,1.688932322911709,194227.21713484655
16.5711,107.3825,16.371149471798947,107.7561813090597,BASE_3,COW_012,J_00101,normal,1.0,49.73345717114701,0.9946691434229402,114386.95149363812
16.5711,107.3825,16.31521698231939,107.71719159344256,BASE_3,COW_012,J_00102,normal,1.0,51.02175923253176,1.0204351846506352,117350.04623482304
16.5711,107.3825,16.31007366662314,107.75139680413022,BASE_3,COW_012,J_00103,residential,3.7,53.434273940738386,1.0686854788147677,122898.83006369829
16.5711,107.3825,16.350004077412255,107.686440633005,BASE_3,COW_012,J_00104,normal,1.0,47.36207389149339,0.9472414778298678,108932.7699504348
16.5711,107.3825,16.329646285748634,107.41288768408508,BASE_3,COW_012,J_00105,residential,2.2,49.05827673320269,0.9811655346640538,112834.03648636618
16.5711,107.3825,16.381411409546235,107.6209067584559,BASE_3,COW_012,J_00106,normal,1.0,37.80094212303495,0.7560188424606991,86942.16688298038
16.5711,107.3825,16.352378211756804,107.48687496708726,BASE_3,COW_012,J_00107,normal,1.0,39.132881267496714,0.7826576253499343,90005.62691524244
16.5711,107.3825,16.356730759468014,107.53688054729449,BASE_3,COW_012,J_00108,normal,1.0,40.86527409616558,0.8173054819233115,93990.13042118083
16.5711,107.3825,16.341878021653464,107.73230095956784,BASE_3,COW_012,J_00109,residential,3.7,49.66289813264468,0.9932579626528936,114224.66570508276
16.5711,107.3825,16.310138893373413,107.08295978611184,BASE_3,COW_012,J_00110,residential,2.2,117.40257132040506,2.348051426408101,270025.91403693164
16.5711,107.3825,16.472873908455245,107.6106799943142,BASE_3,COW_013,J_00000,residential,9.7,29.832481699120358,0.5424087581658247,68614.70790797682
16.5711,107.3825,16.45396757555403,107.61918797095066,BASE_3,COW_013,J_00001,residential,7.2,30.806048165702126,0.5601099666491296,70853.91078111489
16.5711,107.3825,16.47154095544053,107.55669854007874,BASE_3,COW_013,J_00002,residential,5.7,23.30745794894723,0.4237719627081315,53607.153282578634
16.5711,107.3825,16.463456332330566,107.5546957781065,BASE_3,COW_013,J_00003,residential,5.7,24.471231917642022,0.44493148941167315,56283.83341057665
16.5711,107.3825,16.490724152243274,107.5839987846654,BASE_3,COW_013,J_00004,residential,2.2,25.593167894601358,0.4653303253563883,58864.28615758312
16.5711,107.3825,16.468886116113154,107.5392851750938,BASE_3,COW_013,J_00005,residential,3.7,23.130499865884783,0.42055454301608697,53200.149691535
16.5711,107.3825,16.459945898804236,107.55707170860308,BASE_3,COW_013,J_00006,residential,5.7,24.931941899692163,0.4533080345398575,57343.46636929197
16.5711,107.3825,16.448139316005754,107.62900374280078,BASE_3,COW_013,J_00007,residential,4.7,32.20849330035782,0.585608969097415,74079.534590823
16.5711,107.3825,16.50770560492689,107.5513454513049,BASE_3,COW_013,J_00008,residential,2.2,21.87337393054236,0.3976977078280429,50308.76004024743
16.5711,107.3825,16.535924521807456,107.68855230948328,BASE_3,COW_013,J_00009,normal,1.0,41.92383107009923,0.7622514740018043,96424.81146122824
16.5711,107.3825,16.550328251701867,107.62620844418208,BASE_3,COW_013,J_00010,residential,2.2,31.984005597697706,0.5815273745035947,73563.21287470472
16.5711,107.3825,16.559754907577233,107.61871360688176,BASE_3,COW_013,J_00011,residential,2.2,33.396899324039865,0.6072163513461794,76812.8684452917
16.5711,107.3825,16.523274223294226,107.69330456813202,BASE_3,COW_013,J_00012,normal,1.0,43.428620714358985,0.7896112857156179,99885.82764302567
16.5711,107.3825,16.273160931116365,107.87468923427582,BASE_3,COW_013,J_00013,hospitals,6.0,65.93774787017452,1.1988681430940822,151656.8201014014
16.5711,107.3825,16.52305861296173,107.70145268388114,BASE_3,COW_013,J_00014,normal,1.0,43.87727372387836,0.7977686131614248,100917.72956492023
16.5711,107.3825,16.561389109775824,107.60322552654831,BASE_3,COW_013,J_00015,residential,2.2,29.087927932791835,0.5288714169598515,66902.23424542122
16.5711,107.3825,16.53350103835496,107.54083599980493,BASE_3,COW_013,J_00016,residential,2.2,21.023151717856592,0.3822391221428471,48353.24895107016
16.5711,107.3825,16.54518944601392,107.42752759281646,BASE_3,COW_013,J_00017,residential,3.7,5.8081317126114325,0.10560239477475332,13358.702939006294
16.5711,107.3825,16.516409753854667,107.71063204761622,BASE_3,COW_013,J_00018,normal,1.0,45.12173741578107,0.8203952257414739,103779.99605629646
16.5711,107.3825,16.246653516500725,107.24686057726342,BASE_3,COW_013,J_00019,residential,2.2,81.18780575339689,1.4761419227890342,186731.95323281284
16.5711,107.3825,16.450794259691136,107.72511393206908,BASE_3,COW_013,J_00020,residential,5.7,43.7829900289721,0.7960543641631291,100700.87706663583
16.5711,107.3825,16.511533614699083,107.71541068050291,BASE_3,COW_013,J_00021,normal,1.0,45.90788557796515,0.8346888286902755,105588.13682931985
16.5711,107.3825,16.470087079506218,107.63918470164964,BASE_3,COW_013,J_00022,residential,4.7,33.537424838448686,0.609771360699067,77136.07712843198
16.5711,107.3825,16.442016856115924,107.72822832866149,BASE_3,COW_013,J_00023,residential,5.7,43.73354656398715,0.7951553920724936,100587.15709717044
16.5711,107.3825,16.506029242964782,107.62567129678769,BASE_3,COW_013,J_00024,residential,2.2,31.00406919195122,0.5637103489445676,71309.3591414878
16.5711,107.3825,16.579685501922715,107.58736154579384,BASE_3,COW_013,J_00025,residential,2.2,26.08903507690214,0.4743460923073116,60004.78067687492
16.5711,107.3825,16.66393035346636,107.35559637793077,BASE_3,COW_013,J_00026,residential,2.2,15.676080536652687,0.2850196461209579,36054.98523430118
16.5711,107.3825,16.438453094761204,107.73677161213271,BASE_3,COW_013,J_00027,residential,5.7,44.75776127343299,0.8137774776987816,102942.85092889587
16.5711,107.3825,16.248164304494374,107.23238633470594,BASE_3,COW_013,J_00028,residential,2.2,83.9906951283357,1.5271035477879218,193178.59879517212
16.5711,107.3825,16.467401830416172,107.74412044338574,BASE_3,COW_013,J_00029,residential,3.7,45.85272639731558,0.8336859344966469,105461.27071382583
16.5711,107.3825,16.22769573648302,108.07312412860249,BASE_3,COW_013,J_00030,hospitals,6.0,93.9260582866194,1.7077465143021708,216029.93405922462
16.5711,107.3825,16.6567619206231,107.3495614668992,BASE_3,COW_013,J_00031,residential,2.2,13.982922584174037,0.2542349560758916,32160.721943600285
16.5711,107.3825,16.23642580060988,107.25634003768069,BASE_3,COW_013,J_00032,residential,2.2,79.6315388569769,1.4478461610359437,183152.53937104688
16.5711,107.3825,16.649846477639887,107.33861595874995,BASE_3,COW_013,J_00033,residential,2.2,13.545088216499451,0.24627433120908093,31153.702897948737
16.5711,107.3825,16.582166947493878,107.35875602850297,BASE_3,COW_013,J_00034,residential,3.7,3.254223817669946,0.0591677057758172,7484.714780640876
16.5711,107.3825,16.54268106207316,107.42173424731372,BASE_3,COW_013,J_00035,residential,3.7,5.826572613560712,0.10593768388292203,13401.117011189637
16.5711,107.3825,16.63762488123805,107.42379895451036,BASE_3,COW_013,J_00036,residential,2.2,11.085041988440144,0.201546217971639,25495.59657341233
16.5711,107.3825,16.161742476623008,107.72726450231792,BASE_3,COW_013,J_00037,residential,5.2,71.29254832214826,1.2962281513117866,163972.861140941
16.5711,107.3825,16.4617079129225,107.7055620386572,BASE_3,COW_013,J_00038,residential,8.7,39.82397061841874,0.724072193062159,91595.13242236311
16.5711,107.3825,16.672385358081804,107.36627022634389,BASE_3,COW_013,J_00039,residential,2.2,15.118885420782565,0.27488882583241026,34773.4364677999
16.5711,107.3825,16.659521457681674,107.4522269483472,BASE_3,COW_013,J_00040,residential,2.2,15.43882781432044,0.28070596026037165,35509.303972937014
16.5711,107.3825,16.66522777932196,107.36875091304154,BASE_3,COW_013,J_00041,residential,2.2,14.506897365542144,0.26376177028258446,33365.86394074693
16.5711,107.3825,16.660820621499212,107.38427458078796,BASE_3,COW_013,J_00042,residential,2.2,12.967312629342588,0.2357693205335016,29824.819047487952
16.5711,107.3825,16.62511390305801,107.5150854990652,BASE_3,COW_013,J_00043,residential,2.2,23.30420534827635,0.42371282451411546,53599.67230103561
16.5711,107.3825,16.59440422417168,107.38514305632124,BASE_3,COW_013,J_00044,residential,3.7,3.5485933602061803,0.06451987927647601,8161.764728474215
16.5711,107.3825,16.290663014244483,107.98452104257804,BASE_3,COW_013,J_00045,residential,2.2,80.80753287419451,1.4692278704399002,185857.32561064736
16.5711,107.3825,16.633195073021646,107.507332913964,BASE_3,COW_013,J_00046,residential,2.2,22.382714001161023,0.4069584363847459,51480.24220267036
16.5711,107.3825,16.64547217362694,107.47963578206634,BASE_3,COW_013,J_00047,residential,2.2,18.767749731748236,0.34123181330451335,43165.82438302094
16.5711,107.3825,16.275156728172423,107.9790458824707,BASE_3,COW_013,J_00048,residential,2.2,78.45387310055295,1.4264340563736901,180443.9081312718
16.5711,107.3825,16.34363572772629,107.9189163333372,BASE_3,COW_013,J_00049,residential,3.7,70.8417886898467,1.2880325216335762,162936.1139866474
16.5711,107.3825,16.570555932832004,107.34394499346718,BASE_3,COW_013,J_00050,residential,2.2,5.53238603808449,0.10058883705608164,12724.487887594327
16.5711,107.3825,16.50665956554493,107.64903907436688,BASE_3,COW_013,J_00051,residential,2.2,33.887773383368206,0.6161413342430583,77941.87878174687
16.5711,107.3825,16.448260129769277,107.64861740367776,BASE_3,COW_013,J_00052,normal,1.0,35.66302023721609,0.6484185497675652,82024.946545597
16.5711,107.3825,16.664330238141044,107.44405209681626,BASE_3,COW_013,J_00053,residential,2.2,15.484235678278791,0.2815315577868871,35613.74206004122
16.5711,107.3825,16.710100944408335,107.36367785595424,BASE_3,COW_013,J_00054,residential,2.2,20.622370278971093,0.3749521868903835,47431.45164163352
16.5711,107.3825,16.480897966159755,107.68092090339064,BASE_3,COW_013,J_00055,normal,1.0,36.19458475422508,0.6580833591677288,83247.54493471769
16.5711,107.3825,16.14765835550746,107.73729962770445,BASE_3,COW_013,J_00056,residential,2.2,73.40090774196854,1.3345619589448825,168822.08780652765
16.5711,107.3825,16.373443668977306,107.85603136854854,BASE_3,COW_013,J_00057,normal,1.0,62.58837155609435,1.1379703919289883,143953.254579017
16.5711,107.3825,16.236211589375223,107.22393073902197,BASE_3,COW_013,J_00058,residential,2.2,84.23100105464415,1.5314727464480755,193731.30242568156
16.5711,107.3825,16.410861708638596,107.70818685325207,BASE_3,COW_013,J_00059,residential,2.2,42.32453190018476,0.7695369436397229,97346.42337042495
16.5711,107.3825,16.421865835419105,107.82715158327233,BASE_3,COW_013,J_00060,normal,1.0,57.31825197647385,1.0421500359358882,131831.97954588986
16.5711,107.3825,16.307299072885844,107.99887024033504,BASE_3,COW_013,J_00061,residential,2.2,82.26445574347228,1.4957173771540415,189208.24820998625
16.5711,107.3825,16.125824585720828,107.33690100951722,BASE_3,COW_013,J_00062,residential,4.2,93.20721934501957,1.6946767153639921,214376.604493545
16.5711,107.3825,16.11106359177746,107.3459286850522,BASE_3,COW_013,J_00063,residential,4.2,94.8882647852156,1.7252411779130108,218243.00900599587
16.5711,107.3825,16.397552183845967,107.73878502140444,BASE_3,COW_013,J_00064,residential,2.2,46.2958343538778,0.8417424427977782,106480.41901391894
16.5711,107.3825,16.282173515285585,108.00397198020616,BASE_3,COW_013,J_00065,normal,1.0,81.89930944046175,1.4890783534629408,188368.41171306203
16.5711,107.3825,16.313228802378926,108.00400545253144,BASE_3,COW_013,J_00066,residential,2.2,83.23631417184707,1.5133875303972195,191443.52259524827
16.5711,107.3825,16.096950630612657,107.33875248677712,BASE_3,COW_013,J_00067,residential,4.2,96.29284722724321,1.7507790404953312,221473.5486226594
16.5711,107.3825,16.393605717506578,107.47491737817752,BASE_3,COW_013,J_00068,normal,1.0,31.318305393325794,0.5694237344241053,72032.10240464933
16.5711,107.3825,16.586617352569917,107.32618309940084,BASE_3,COW_013,J_00069,residential,2.2,10.476321702177993,0.19047857640323623,24095.539915009384
16.5711,107.3825,16.271244454586103,108.00910347085969,BASE_3,COW_013,J_00070,normal,1.0,81.40534702489614,1.4800972186344754,187232.29815726113
16.5711,107.3825,16.30225806317275,107.20372544535816,BASE_3,COW_013,J_00071,residential,2.2,88.44245169290308,1.6080445762346014,203417.63889367707
16.5711,107.3825,16.402115481041722,107.47520524289446,BASE_3,COW_013,J_00072,normal,1.0,29.99480907667802,0.5453601650305094,68988.06087635945
16.5711,107.3825,16.52378765566236,107.3139491709039,BASE_3,COW_013,J_00073,residential,2.2,10.896083839538445,0.19811061526433535,25060.992830938423
16.5711,107.3825,16.086551495132397,107.35884214702251,BASE_3,COW_013,J_00074,residential,2.2,98.2389472570352,1.78616267740064,225949.57869118097
16.5711,107.3825,16.523931313921075,107.32725410709553,BASE_3,COW_013,J_00075,residential,2.2,10.267388869088354,0.18667979761978826,23614.994398903214
16.5711,107.3825,16.480643081216858,107.47700505517273,BASE_3,COW_013,J_00076,normal,1.0,26.778789565577092,0.4868870830104926,61591.21600082731
16.5711,107.3825,16.535483366486226,107.31505993488494,BASE_3,COW_013,J_00077,residential,2.2,10.997840216883677,0.19996073121606686,25295.032498832457
16.5711,107.3825,16.381819827596345,107.05380788572604,BASE_3,COW_013,J_00078,residential,2.2,114.32617514618167,2.0786577299305757,262950.2028362178
16.5711,107.3825,16.327586846766124,107.17172432241124,BASE_3,COW_013,J_00079,residential,2.2,93.06211799808771,1.6920385090561403,214042.87139560175
16.5711,107.3825,16.367586886950164,107.12413208129658,BASE_3,COW_013,J_00080,residential,2.2,100.2562728775464,1.822841325046298,230589.4276183567
16.5711,107.3825,16.517165018434337,107.2838374887184,BASE_3,COW_013,J_00081,residential,2.2,14.763640470740226,0.2684298267407314,33956.37308270252
16.5711,107.3825,16.438981227586616,107.5139975441275,BASE_3,COW_013,J_00082,normal,1.0,23.99893613489759,0.4363442933617744,55197.55311026446
16.5711,107.3825,16.312890221356728,108.01470279736397,BASE_3,COW_013,J_00083,residential,2.2,84.58341176867586,1.5378802139759247,194541.84706795448
16.5711,107.3825,16.216133505596858,108.06041050509896,BASE_3,COW_013,J_00084,normal,1.0,96.17760134307223,1.7486836607831313,221208.4830890661
16.5711,107.3825,16.330519603057706,107.61988581167678,BASE_3,COW_013,J_00085,normal,1.0,46.171511062714956,0.8394820193220901,106194.4754442444
16.5711,107.3825,16.32326506375919,107.92873922428788,BASE_3,COW_013,J_00086,residential,3.7,73.73083789565807,1.340560689011965,169580.92716001355
16.5711,107.3825,16.358389326577083,107.03428028491932,BASE_3,COW_013,J_00087,residential,2.2,44.025615904672996,0.8004657437213272,101258.91658074789
16.5711,107.3825,16.272059177144055,108.03095994999136,BASE_3,COW_013,J_00088,normal,1.0,84.16998605054351,1.5303633827371548,193590.96791625008
16.5711,107.3825,16.299009021086444,107.34745474017085,BASE_3,COW_013,J_00089,residential,2.2,60.36761541250193,1.097593007500035,138845.51544875442
16.5711,107.3825,16.289493969176597,107.38769133922136,BASE_3,COW_013,J_00090,residential,2.2,55.79810290909872,1.0145109619836132,128335.63669092706
16.5711,107.3825,16.274536262786913,107.7786320156488,BASE_3,COW_013,J_00091,normal,1.0,59.0725078978939,1.0740455981435255,135866.76816515598
16.5711,107.3825,16.37762949107703,107.59628086752136,BASE_3,COW_013,J_00092,normal,1.0,36.3703604287811,0.6612792805232927,83651.82898619653
16.5711,107.3825,16.392506992461776,107.68160012426344,BASE_3,COW_013,J_00093,normal,1.0,40.97859532912196,0.7450653696203993,94250.76925698051
16.5711,107.3825,16.291495847254687,107.78281049017544,BASE_3,COW_013,J_00094,normal,1.0,57.02158689916305,1.036756125439328,131149.649868075
16.5711,107.3825,16.262949238810066,107.68704525300502,BASE_3,COW_013,J_00095,normal,1.0,60.0511953870925,1.0918399161289545,138117.74939031273
16.5711,107.3825,16.370696626026824,107.74702732165454,BASE_3,COW_013,J_00096,normal,1.0,47.894942871348185,0.8708171431154216,110158.36860410082
16.5711,107.3825,16.14425462175665,107.75122345243598,BASE_3,COW_013,J_00097,residential,2.2,75.10238765635205,1.365497957388219,172735.49160960971
16.5711,107.3825,16.592471780445756,107.3124838483418,BASE_3,COW_013,J_00098,residential,2.2,13.432478375445127,0.24422687955354777,30894.70026352379
16.5711,107.3825,16.730071045230396,107.4000535954682,BASE_3,COW_013,J_00099,residential,2.2,21.804293191436667,0.39644169438975757,50149.87434030433
16.5711,107.3825,16.113219935355232,107.63177648157864,BASE_3,COW_013,J_00100,normal,1.0,84.44661614558545,1.5353930208288264,194227.21713484655
16.5711,107.3825,16.371149471798947,107.7561813090597,BASE_3,COW_013,J_00101,normal,1.0,49.73345717114701,0.9042446758390366,114386.95149363812
16.5711,107.3825,16.31521698231939,107.71719159344256,BASE_3,COW_013,J_00102,normal,1.0,51.02175923253176,0.9276683496823955,117350.04623482304
16.5711,107.3825,16.31007366662314,107.75139680413022,BASE_3,COW_013,J_00103,residential,3.7,53.434273940738386,0.9715322534679707,122898.83006369829
16.5711,107.3825,16.350004077412255,107.686440633005,BASE_3,COW_013,J_00104,normal,1.0,47.36207389149339,0.8611286162089707,108932.7699504348
16.5711,107.3825,16.329646285748634,107.41288768408508,BASE_3,COW_013,J_00105,residential,2.2,49.05827673320269,0.8919686678764125,112834.03648636618
16.5711,107.3825,16.381411409546235,107.6209067584559,BASE_3,COW_013,J_00106,normal,1.0,37.80094212303495,0.6872898567824537,86942.16688298038
16.5711,107.3825,16.352378211756804,107.48687496708726,BASE_3,COW_013,J_00107,normal,1.0,39.132881267496714,0.7115069321363039,90005.62691524244
16.5711,107.3825,16.356730759468014,107.53688054729449,BASE_3,COW_013,J_00108,normal,1.0,40.86527409616558,0.7430049835666469,93990.13042118083
16.5711,107.3825,16.341878021653464,107.73230095956784,BASE_3,COW_013,J_00109,residential,3.7,49.66289813264468,0.9029617842299033,114224.66570508276
16.5711,107.3825,16.310138893373413,107.08295978611184,BASE_3,COW_013,J_00110,residential,2.2,117.40257132040506,2.1345922058255464,270025.91403693164
16.5711,107.3825,16.472873908455245,107.6106799943142,BASE_3,COW_014,J_00000,residential,9.7,29.832481699120358,0.5424087581658247,68614.70790797682
16.5711,107.3825,16.45396757555403,107.61918797095066,BASE_3,COW_014,J_00001,residential,7.2,30.806048165702126,0.5601099666491296,70853.91078111489
16.5711,107.3825,16.47154095544053,107.55669854007874,BASE_3,COW_014,J_00002,residential,5.7,23.30745794894723,0.4237719627081315,53607.153282578634
16.5711,107.3825,16.463456332330566,107.5546957781065,BASE_3,COW_014,J_00003,residential,5.7,24.471231917642022,0.44493148941167315,56283.83341057665
16.5711,107.3825,16.490724152243274,107.5839987846654,BASE_3,COW_014,J_00004,residential,2.2,25.593167894601358,0.4653303253563883,58864.28615758312
16.5711,107.3825,16.468886116113154,107.5392851750938,BASE_3,COW_014,J_00005,residential,3.7,23.130499865884783,0.42055454301608697,53200.149691535
16.5711,107.3825,16.459945898804236,107.55707170860308,BASE_3,COW_014,J_00006,residential,5.7,24.931941899692163,0.4533080345398575,57343.46636929197
16.5711,107.3825,16.448139316005754,107.62900374280078,BASE_3,COW_014,J_00007,residential,4.7,32.20849330035782,0.585608969097415,74079.534590823
16.5711,107.3825,16.50770560492689,107.5513454513049,BASE_3,COW_014,J_00008,residential,2.2,21.87337393054236,0.3976977078280429,50308.76004024743
16.5711,107.3825,16.535924521807456,107.68855230948328,BASE_3,COW_014,J_00009,normal,1.0,41.92383107009923,0.7622514740018043,96424.81146122824
16.5711,107.3825,16.550328251701867,107.62620844418208,BASE_3,COW_014,J_00010,residential,2.2,31.984005597697706,0.5815273745035947,73563.21287470472
16.5711,107.3825,16.559754907577233,107.61871360688176,BASE_3,COW_014,J_00011,residential,2.2,33.396899324039865,0.6072163513461794,76812.8684452917
16.5711,107.3825,16.523274223294226,107.69330456813202,BASE_3,COW_014,J_00012,normal,1.0,43.428620714358985,0.7896112857156179,99885.82764302567
16.5711,107.3825,16.273160931116365,107.87468923427582,BASE_3,COW_014,J_00013,hospitals,6.0,65.93774787017452,1.1988681430940822,151656.8201014014
16.5711,107.3825,16.52305861296173,107.70145268388114,BASE_3,COW_014,J_00014,normal,1.0,43.87727372387836,0.7977686131614248,100917.72956492023
16.5711,107.3825,16.561389109775824,107.60322552654831,BASE_3,COW_014,J_00015,residential,2.2,29.087927932791835,0.5288714169598515,66902.23424542122
16.5711,107.3825,16.53350103835496,107.54083599980493,BASE_3,COW_014,J_00016,residential,2.2,21.023151717856592,0.3822391221428471,48353.24895107016
16.5711,107.3825,16.54518944601392,107.42752759281646,BASE_3,COW_014,J_00017,residential,3.7,5.8081317126114325,0.10560239477475332,13358.702939006294
16.5711,107.3825,16.516409753854667,107.71063204761622,BASE_3,COW_014,J_00018,normal,1.0,45.12173741578107,0.8203952257414739,103779.99605629646
16.5711,107.3825,16.246653516500725,107.24686057726342,BASE_3,COW_014,J_00019,residential,2.2,81.18780575339689,1.4761419227890342,186731.95323281284
16.5711,107.3825,16.450794259691136,107.72511393206908,BASE_3,COW_014,J_00020,residential,5.7,43.7829900289721,0.7960543641631291,100700.87706663583
16.5711,107.3825,16.511533614699083,107.71541068050291,BASE_3,COW_014,J_00021,normal,1.0,45.90788557796515,0.8346888286902755,105588.13682931985
16.5711,107.3825,16.470087079506218,107.63918470164964,BASE_3,COW_014,J_00022,residential,4.7,33.537424838448686,0.609771360699067,77136.07712843198
16.5711,107.3825,16.442016856115924,107.72822832866149,BASE_3,COW_014,J_00023,residential,5.7,43.73354656398715,0.7951553920724936,100587.15709717044
16.5711,107.3825,16.506029242964782,107.62567129678769,BASE_3,COW_014,J_00024,residential,2.2,31.00406919195122,0.5637103489445676,71309.3591414878
16.5711,107.3825,16.579685501922715,107.58736154579384,BASE_3,COW_014,J_00025,residential,2.2,26.08903507690214,0.4743460923073116,60004.78067687492
16.5711,107.3825,16.66393035346636,107.35559637793077,BASE_3,COW_014,J_00026,residential,2.2,15.676080536652687,0.2850196461209579,36054.98523430118
16.5711,107.3825,16.438453094761204,107.73677161213271,BASE_3,COW_014,J_00027,residential,5.7,44.75776127343299,0.8137774776987816,102942.85092889587
16.5711,107.3825,16.248164304494374,107.23238633470594,BASE_3,COW_014,J_00028,residential,2.2,83.9906951283357,1.5271035477879218,193178.59879517212
16.5711,107.3825,16.467401830416172,107.74412044338574,BASE_3,COW_014,J_00029,residential,3.7,45.85272639731558,0.8336859344966469,105461.27071382583
16.5711,107.3825,16.22769573648302,108.07312412860249,BASE_3,COW_014,J_00030,hospitals,6.0,93.9260582866194,1.7077465143021708,216029.93405922462
16.5711,107.3825,16.6567619206231,107.3495614668992,BASE_3,COW_014,J_00031,residential,2.2,13.982922584174037,0.2542349560758916,32160.721943600285
16.5711,107.3825,16.23642580060988,107.25634003768069,BASE_3,COW_014,J_00032,residential,2.2,79.6315388569769,1.4478461610359437,183152.53937104688
16.5711,107.3825,16.649846477639887,107.33861595874995,BASE_3,COW_014,J_00033,residential,2.2,13.545088216499451,0.24627433120908093,31153.702897948737
16.5711,107.3825,16.582166947493878,107.35875602850297,BASE_3,COW_014,J_00034,residential,3.7,3.254223817669946,0.0591677057758172,7484.714780640876
16.5711,107.3825,16.54268106207316,107.42173424731372,BASE_3,COW_014,J_00035,residential,3.7,5.826572613560712,0.10593768388292203,13401.117011189637
16.5711,107.3825,16.63762488123805,107.42379895451036,BASE_3,COW_014,J_00036,residential,2.2,11.085041988440144,0.201546217971639,25495.59657341233
16.5711,107.3825,16.161742476623008,107.72726450231792,BASE_3,COW_014,J_00037,residential,5.2,71.29254832214826,1.2962281513117866,163972.861140941
16.5711,107.3825,16.4617079129225,107.7055620386572,BASE_3,COW_014,J_00038,residential,8.7,39.82397061841874,0.724072193062159,91595.13242236311
16.5711,107.3825,16.672385358081804,107.36627022634389,BASE_3,COW_014,J_00039,residential,2.2,15.118885420782565,0.27488882583241026,34773.4364677999
16.5711,107.3825,16.659521457681674,107.4522269483472,BASE_3,COW_014,J_00040,residential,2.2,15.43882781432044,0.28070596026037165,35509.303972937014
16.5711,107.3825,16.66522777932196,107.36875091304154,BASE_3,COW_014,J_00041,residential,2.2,14.506897365542144,0.26376177028258446,33365.86394074693
16.5711,107.3825,16.660820621499212,107.38427458078796,BASE_3,COW_014,J_00042,residential,2.2,12.967312629342588,0.2357693205335016,29824.819047487952
16.5711,107.3825,16.62511390305801,107.5150854990652,BASE_3,COW_014,J_00043,residential,2.2,23.30420534827635,0.42371282451411546,53599.67230103561
16.5711,107.3825,16.59440422417168,107.38514305632124,BASE_3,COW_014,J_00044,residential,3.7,3.5485933602061803,0.06451987927647601,8161.764728474215
16.5711,107.3825,16.290663014244483,107.98452104257804,BASE_3,COW_014,J_00045,residential,2.2,80.80753287419451,1.4692278704399002,185857.32561064736
16.5711,107.3825,16.633195073021646,107.507332913964,BASE_3,COW_014,J_00046,residential,2.2,22.382714001161023,0.4069584363847459,51480.24220267036
16.5711,107.3825,16.64547217362694,107.47963578206634,BASE_3,COW_014,J_00047,residential,2.2,18.767749731748236,0.34123181330451335,43165.82438302094
16.5711,107.3825,16.275156728172423,107.9790458824707,BASE_3,COW_014,J_00048,residential,2.2,78.45387310055295,1.4264340563736901,180443.9081312718
16.5711,107.3825,16.34363572772629,107.9189163333372,BASE_3,COW_014,J_00049,residential,3.7,70.8417886898467,1.2880325216335762,162936.1139866474
16.5711,107.3825,16.570555932832004,107.34394499346718,BASE_3,COW_014,J_00050,residential,2.2,5.53238603808449,0.10058883705608164,12724.487887594327
16.5711,107.3825,16.50665956554493,107.64903907436688,BASE_3,COW_014,J_00051,residential,2.2,33.887773383368206,0.6161413342430583,77941.87878174687
16.5711,107.3825,16.448260129769277,107.64861740367776,BASE_3,COW_014,J_00052,normal,1.0,35.66302023721609,0.6484185497675652,82024.946545597
16.5711,107.3825,16.664330238141044,107.44405209681626,BASE_3,COW_014,J_00053,residential,2.2,15.484235678278791,0.2815315577868871,35613.74206004122
16.5711,107.3825,16.710100944408335,107.36367785595424,BASE_3,COW_014,J_00054,residential,2.2,20.622370278971093,0.3749521868903835,47431.45164163352
16.5711,107.3825,16.480897966159755,107.68092090339064,BASE_3,COW_014,J_00055,normal,1.0,36.19458475422508,0.6580833591677288,83247.54493471769
16.5711,107.3825,16.14765835550746,107.73729962770445,BASE_3,COW_014,J_00056,residential,2.2,73.40090774196854,1.3345619589448825,168822.08780652765
16.5711,107.3825,16.373443668977306,107.85603136854854,BASE_3,COW_014,J_00057,normal,1.0,62.58837155609435,1.1379703919289883,143953.254579017
16.5711,107.3825,16.236211589375223,107.22393073902197,BASE_3,COW_014,J_00058,residential,2.2,84.23100105464415,1.5314727464480755,193731.30242568156
16.5711,107.3825,16.410861708638596,107.70818685325207,BASE_3,COW_014,J_00059,residential,2.2,42.32453190018476,0.7695369436397229,97346.42337042495
16.5711,107.3825,16.421865835419105,107.82715158327233,BASE_3,COW_014,J_00060,normal,1.0,57.31825197647385,1.0421500359358882,131831.97954588986
16.5711,107.3825,16.307299072885844,107.99887024033504,BASE_3,COW_014,J_00061,residential,2.2,82.26445574347228,1.4957173771540415,189208.24820998625
16.5711,107.3825,16.125824585720828,107.33690100951722,BASE_3,COW_014,J_00062,residential,4.2,93.20721934501957,1.6946767153639921,214376.604493545
16.5711,107.3825,16.11106359177746,107.3459286850522,BASE_3,COW_014,J_00063,residential,4.2,94.8882647852156,1.7252411779130108,218243.00900599587
16.5711,107.3825,16.397552183845967,107.73878502140444,BASE_3,COW_014,J_00064,residential,2.2,46.2958343538778,0.8417424427977782,106480.41901391894
16.5711,107.3825,16.282173515285585,108.00397198020616,BASE_3,COW_014,J_00065,normal,1.0,81.89930944046175,1.4890783534629408,188368.41171306203
16.5711,107.3825,16.313228802378926,108.00400545253144,BASE_3,COW_014,J_00066,residential,2.2,83.23631417184707,1.5133875303972195,191443.52259524827
16.5711,107.3825,16.096950630612657,107.33875248677712,BASE_3,COW_014,J_00067,residential,4.2,96.29284722724321,1.7507790404953312,221473.5486226594
16.5711,107.3825,16.393605717506578,107.47491737817752,BASE_3,COW_014,J_00068,normal,1.0,31.318305393325794,0.5694237344241053,72032.10240464933
16.5711,107.3825,16.586617352569917,107.32618309940084,BASE_3,COW_014,J_00069,residential,2.2,10.476321702177993,0.19047857640323623,24095.539915009384
16.5711,107.3825,16.271244454586103,108.00910347085969,BASE_3,COW_014,J_00070,normal,1.0,81.40534702489614,1.4800972186344754,187232.29815726113
16.5711,107.3825,16.30225806317275,107.20372544535816,BASE_3,COW_014,J_00071,residential,2.2,88.44245169290308,1.6080445762346014,203417.63889367707
16.5711,107.3825,16.402115481041722,107.47520524289446,BASE_3,COW_014,J_00072,normal,1.0,29.99480907667802,0.5453601650305094,68988.06087635945
16.5711,107.3825,16.52378765566236,107.3139491709039,BASE_3,COW_014,J_00073,residential,2.2,10.896083839538445,0.19811061526433535,25060.992830938423
16.5711,107.3825,16.086551495132397,107.35884214702251,BASE_3,COW_014,J_00074,residential,2.2,98.2389472570352,1.78616267740064,225949.57869118097
16.5711,107.3825,16.523931313921075,107.32725410709553,BASE_3,COW_014,J_00075,residential,2.2,10.267388869088354,0.18667979761978826,23614.994398903214
16.5711,107.3825,16.480643081216858,107.47700505517273,BASE_3,COW_014,J_00076,normal,1.0,26.778789565577092,0.4868870830104926,61591.21600082731
16.5711,107.3825,16.535483366486226,107.31505993488494,BASE_3,COW_014,J_00077,residential,2.2,10.997840216883677,0.19996073121606686,25295.032498832457
16.5711,107.3825,16.381819827596345,107.05380788572604,BASE_3,COW_014,J_00078,residential,2.2,114.32617514618167,2.0786577299305757,262950.2028362178
16.5711,107.3825,16.327586846766124,107.17172432241124,BASE_3,COW_014,J_00079,residential,2.2,93.06211799808771,1.6920385090561403,214042.87139560175
16.5711,107.3825,16.367586886950164,107.12413208129658,BASE_3,COW_014,J_00080,residential,2.2,100.2562728775464,1.822841325046298,230589.4276183567
16.5711,107.3825,16.517165018434337,107.2838374887184,BASE_3,COW_014,J_00081,residential,2.2,14.763640470740226,0.2684298267407314,33956.37308270252
16.5711,107.3825,16.438981227586616,107.5139975441275,BASE_3,COW_014,J_00082,normal,1.0,23.99893613489759,0.4363442933617744,55197.55311026446
16.5711,107.3825,16.312890221356728,108.01470279736397,BASE_3,COW_014,J_00083,residential,2.2,84.58341176867586,1.5378802139759247,194541.84706795448
16.5711,107.3825,16.216133505596858,108.06041050509896,BASE_3,COW_014,J_00084,normal,1.0,96.17760134307223,1.7486836607831313,221208.4830890661
16.5711,107.3825,16.330519603057706,107.61988581167678,BASE_3,COW_014,J_00085,normal,1.0,46.171511062714956,0.8394820193220901,106194.4754442444
16.5711,107.3825,16.32326506375919,107.92873922428788,BASE_3,COW_014,J_00086,residential,3.7,73.73083789565807,1.340560689011965,169580.92716001355
16.5711,107.3825,16.358389326577083,107.03428028491932,BASE_3,COW_014,J_00087,residential,2.2,44.025615904672996,0.8004657437213272,101258.91658074789
16.5711,107.3825,16.272059177144055,108.03095994999136,BASE_3,COW_014,J_00088,normal,1.0,84.16998605054351,1.5303633827371548,193590.96791625008
16.5711,107.3825,16.299009021086444,107.34745474017085,BASE_3,COW_014,J_00089,residential,2.2,60.36761541250193,1.097593007500035,138845.51544875442
16.5711,107.3825,16.289493969176597,107.38769133922136,BASE_3,COW_014,J_00090,residential,2.2,55.79810290909872,1.0145109619836132,128335.63669092706
16.5711,107.3825,16.274536262786913,107.7786320156488,BASE_3,COW_014,J_00091,normal,1.0,59.0725078978939,1.0740455981435255,135866.76816515598
16.5711,107.3825,16.37762949107703,107.59628086752136,BASE_3,COW_014,J_00092,normal,1.0,36.3703604287811,0.6612792805232927,83651.82898619653
16.5711,107.3825,16.392506992461776,107.68160012426344,BASE_3,COW_014,J_00093,normal,1.0,40.97859532912196,0.7450653696203993,94250.76925698051
16.5711,107.3825,16.291495847254687,107.78281049017544,BASE_3,COW_014,J_00094,normal,1.0,57.02158689916305,1.036756125439328,131149.649868075
16.5711,107.3825,16.262949238810066,107.68704525300502,BASE_3,COW_014,J_00095,normal,1.0,60.0511953870925,1.0918399161289545,138117.74939031273
16.5711,107.3825,16.370696626026824,107.74702732165454,BASE_3,COW_014,J_00096,normal,1.0,47.894942871348185,0.8708171431154216,110158.36860410082
16.5711,107.3825,16.14425462175665,107.75122345243598,BASE_3,COW_014,J_00097,residential,2.2,75.10238765635205,1.365497957388219,172735.49160960971
16.5711,107.3825,16.592471780445756,107.3124838483418,BASE_3,COW_014,J_00098,residential,2.2,13.432478375445127,0.24422687955354777,30894.70026352379
16.5711,107.3825,16.730071045230396,107.4000535954682,BASE_3,COW_014,J_00099,residential,2.2,21.804293191436667,0.39644169438975757,50149.87434030433
16.5711,107.3825,16.113219935355232,107.63177648157864,BASE_3,COW_014,J_00100,normal,1.0,84.44661614558545,1.5353930208288264,194227.21713484655
16.5711,107.3825,16.371149471798947,107.7561813090597,BASE_3,COW_014,J_00101,normal,1.0,49.73345717114701,0.9042446758390366,114386.95149363812
16.5711,107.3825,16.31521698231939,107.71719159344256,BASE_3,COW_014,J_00102,normal,1.0,51.02175923253176,0.9276683496823955,117350.04623482304
16.5711,107.3825,16.31007366662314,107.75139680413022,BASE_3,COW_014,J_00103,residential,3.7,53.434273940738386,0.9715322534679707,122898.83006369829
16.5711,107.3825,16.350004077412255,107.686440633005,BASE_3,COW_014,J_00104,normal,1.0,47.36207389149339,0.8611286162089707,108932.7699504348
16.5711,107.3825,16.329646285748634,107.41288768408508,BASE_3,COW_014,J_00105,residential,2.2,49.05827673320269,0.8919686678764125,112834.03648636618
16.5711,107.3825,16.381411409546235,107.6209067584559,BASE_3,COW_014,J_00106,normal,1.0,37.80094212303495,0.6872898567824537,86942.16688298038
16.5711,107.3825,16.352378211756804,107.48687496708726,BASE_3,COW_014,J_00107,normal,1.0,39.132881267496714,0.7115069321363039,90005.62691524244
16.5711,107.3825,16.356730759468014,107.53688054729449,BASE_3,COW_014,J_00108,normal,1.0,40.86527409616558,0.7430049835666469,93990.13042118083
16.5711,107.3825,16.341878021653464,107.73230095956784,BASE_3,COW_014,J_00109,residential,3.7,49.66289813264468,0.9029617842299033,114224.66570508276
16.5711,107.3825,16.310138893373413,107.08295978611184,BASE_3,COW_014,J_00110,residential,2.2,117.40257132040506,2.1345922058255464,270025.91403693164
16.1604,107.698,16.472873908455245,107.6106799943142,BASE_4,COW_015,J_00000,residential,9.7,46.74762204911851,0.9349524409823702,107519.53071297257
16.1604,107.698,16.45396757555403,107.61918797095066,BASE_4,COW_015,J_00001,residential,7.2,44.05034248739112,0.8810068497478224,101315.78772099958
16.1604,107.698,16.47154095544053,107.55669854007874,BASE_4,COW_015,J_00002,residential,5.7,51.11586503997163,1.0223173007994326,117566.48959193475
16.1604,107.698,16.463456332330566,107.5546957781065,BASE_4,COW_015,J_00003,residential,5.7,49.95209107127686,0.9990418214255372,114889.80946393678
16.1604,107.698,16.490724152243274,107.5839987846654,BASE_4,COW_015,J_00004,residential,2.2,50.16826329831136,1.003365265966227,115387.00558611612
16.1604,107.698,16.468886116113154,107.5392851750938,BASE_4,COW_015,J_00005,residential,3.7,52.416074446765,1.0483214889353,120556.97122755951
16.1604,107.698,16.459945898804236,107.55707170860308,BASE_4,COW_015,J_00006,residential,5.7,49.49138108922673,0.9898276217845345,113830.17650522148
16.1604,107.698,16.448139316005754,107.62900374280078,BASE_4,COW_015,J_00007,residential,4.7,42.71274988621868,0.8542549977243736,98239.32473830297
16.1604,107.698,16.50770560492689,107.5513454513049,BASE_4,COW_015,J_00008,residential,2.2,53.302443844770465,1.0660488768954093,122595.62084297207
16.1604,107.698,16.535924521807456,107.68855230948328,BASE_4,COW_015,J_00009,normal,1.0,54.41771424313934,1.088354284862787,125160.74275922049
16.1604,107.698,16.550328251701867,107.62620844418208,BASE_4,COW_015,J_00010,residential,2.2,55.632178659359624,1.1126435731871924,127954.01091652714
16.1604,107.698,16.559754907577233,107.61871360688176,BASE_4,COW_015,J_00011,residential,2.2,57.045072385701786,1.1409014477140358,131203.6664871141
16.1604,107.698,16.523274223294226,107.69330456813202,BASE_4,COW_015,J_00012,normal,1.0,53.04859643535294,1.060971928707059,122011.77180131177
16.1604,107.698,16.273160931116365,107.87468923427582,BASE_4,COW_015,J_00013,hospitals,6.0,39.78388914899534,0.7956777829799069,91502.94504268929
16.1604,107.698,16.52305861296173,107.70145268388114,BASE_4,COW_015,J_00014,normal,1.0,52.42030692841973,1.0484061385683945,120566.70593536537
16.1604,107.698,16.561389109775824,107.60322552654831,BASE_4,COW_015,J_00015,residential,2.2,57.0299359723136,1.1405987194462721,131168.85273632128
16.1604,107.698,16.53350103835496,107.54083599980493,BASE_4,COW_015,J_00016,residential,2.2,57.995711655134734,1.1599142331026946,133390.1368068099
16.1604,107.698,16.54518944601392,107.42752759281646,BASE_4,COW_015,J_00017,residential,3.7,66.33357681020665,1.326671536204133,152567.2266634753
16.1604,107.698,16.516409753854667,107.71063204761622,BASE_4,COW_015,J_00018,normal,1.0,51.11134513807087,1.0222269027614173,117556.093817563
16.1604,107.698,16.246653516500725,107.24686057726342,BASE_4,COW_015,J_00019,residential,2.2,95.57527572979255,1.911505514595851,219823.13417852286
16.1604,107.698,16.450794259691136,107.72511393206908,BASE_4,COW_015,J_00020,residential,5.7,41.71816379713956,0.8343632759427912,95951.776733421
16.1604,107.698,16.511533614699083,107.71541068050291,BASE_4,COW_015,J_00021,normal,1.0,50.53584509342698,1.0107169018685396,116232.44371488204
16.1604,107.698,16.470087079506218,107.63918470164964,BASE_4,COW_015,J_00022,residential,4.7,44.204560594487056,0.8840912118897412,101670.48936732023
16.1604,107.698,16.442016856115924,107.72822832866149,BASE_4,COW_015,J_00023,residential,5.7,40.280242117377924,0.8056048423475585,92644.55686996922
16.1604,107.698,16.506029242964782,107.62567129678769,BASE_4,COW_015,J_00024,residential,2.2,49.60580681951647,0.9921161363903294,114093.35568488788
16.1604,107.698,16.579685501922715,107.58736154579384,BASE_4,COW_015,J_00025,residential,2.2,59.86407835646547,1.1972815671293093,137687.38021987057
16.1604,107.698,16.66393035346636,107.35559637793077,BASE_4,COW_015,J_00026,residential,2.2,83.47527429529978,1.6695054859059957,191993.1308791895
16.1604,107.698,16.438453094761204,107.73677161213271,BASE_4,COW_015,J_00027,residential,5.7,39.37935988006276,0.7875871976012552,90572.52772414434
16.1604,107.698,16.248164304494374,107.23238633470594,BASE_4,COW_015,J_00028,residential,2.2,98.37816510473138,1.9675633020946277,226269.77974088216
16.1604,107.698,16.467401830416172,107.74412044338574,BASE_4,COW_015,J_00029,residential,3.7,43.422753448247285,0.8684550689649457,99872.33293096875
16.1604,107.698,16.22769573648302,108.07312412860249,BASE_4,COW_015,J_00030,hospitals,6.0,67.7721995654404,1.355443991308808,155876.05900051293
16.1604,107.698,16.6567619206231,107.3495614668992,BASE_4,COW_015,J_00031,residential,2.2,82.01549381516824,1.6403098763033648,188635.63577488696
16.1604,107.698,16.23642580060988,107.25634003768069,BASE_4,COW_015,J_00032,residential,2.2,94.01900883337257,1.8803801766674513,216243.7203167569
16.1604,107.698,16.649846477639887,107.33861595874995,BASE_4,COW_015,J_00033,residential,2.2,84.28766707817638,1.6857533415635277,193861.63427980567
16.1604,107.698,16.582166947493878,107.35875602850297,BASE_4,COW_015,J_00034,residential,3.7,74.76467072895305,1.495293414579061,171958.74267659202
16.1604,107.698,16.54268106207316,107.42173424731372,BASE_4,COW_015,J_00035,residential,3.7,67.30893650669921,1.3461787301339843,154810.55396540818
16.1604,107.698,16.63762488123805,107.42379895451036,BASE_4,COW_015,J_00036,residential,2.2,74.76443681660494,1.4952887363320988,171958.20467819137
16.1604,107.698,16.161742476623008,107.72726450231792,BASE_4,COW_015,J_00037,residential,5.2,4.473945377174039,0.08947890754348078,10290.07436750029
16.1604,107.698,16.4617079129225,107.7055620386572,BASE_4,COW_015,J_00038,residential,8.7,40.96097720530505,0.819219544106101,94210.24757220161
16.1604,107.698,16.672385358081804,107.36627022634389,BASE_4,COW_015,J_00039,residential,2.2,82.29800318373158,1.6459600636746317,189285.40732258264
16.1604,107.698,16.659521457681674,107.4522269483472,BASE_4,COW_015,J_00040,residential,2.2,77.8448318328701,1.556896636657402,179043.11321560122
16.1604,107.698,16.66522777932196,107.36875091304154,BASE_4,COW_015,J_00041,residential,2.2,81.68601512849118,1.6337203025698235,187877.83479552972
16.1604,107.698,16.660820621499212,107.38427458078796,BASE_4,COW_015,J_00042,residential,2.2,79.85037801641901,1.5970075603283802,183655.86943776373
16.1604,107.698,16.62511390305801,107.5150854990652,BASE_4,COW_015,J_00043,residential,2.2,70.06305935533447,1.4012611871066896,161145.0365172693
16.1604,107.698,16.59440422417168,107.38514305632124,BASE_4,COW_015,J_00044,residential,3.7,74.29117222188312,1.4858234444376623,170869.69611033116
16.1604,107.698,16.290663014244483,107.98452104257804,BASE_4,COW_015,J_00045,residential,2.2,54.653674153015366,1.0930734830603073,125703.45055193534
16.1604,107.698,16.633195073021646,107.507332913964,BASE_4,COW_015,J_00046,residential,2.2,71.0371779025854,1.420743558051708,163385.5091759464
16.1604,107.698,16.64547217362694,107.47963578206634,BASE_4,COW_015,J_00047,residential,2.2,74.51590991544228,1.4903181983088456,171386.59280551726
16.1604,107.698,16.275156728172423,107.9790458824707,BASE_4,COW_015,J_00048,residential,2.2,52.30001437937378,1.0460002875874757,120290.03307255969
16.1604,107.698,16.34363572772629,107.9189163333372,BASE_4,COW_015,J_00049,residential,3.7,52.17738302543857,1.0435476605087715,120007.98095850872
16.1604,107.698,16.570555932832004,107.34394499346718,BASE_4,COW_015,J_00050,residential,2.2,77.04283294936748,1.5408566589873496,177198.5157835452
16.1604,107.698,16.50665956554493,107.64903907436688,BASE_4,COW_015,J_00051,residential,2.2,49.87511588277103,0.9975023176554205,114712.76653037337
16.1604,107.698,16.448260129769277,107.64861740367776,BASE_4,COW_015,J_00052,normal,1.0,41.0447399408367,0.820894798816734,94402.9018639244
16.1604,107.698,16.664330238141044,107.44405209681626,BASE_4,COW_015,J_00053,residential,2.2,78.86122593285623,1.5772245186571245,181380.81964556934
16.1604,107.698,16.710100944408335,107.36367785595424,BASE_4,COW_015,J_00054,residential,2.2,87.34982340879,1.7469964681758001,200904.593840217
16.1604,107.698,16.480897966159755,107.68092090339064,BASE_4,COW_015,J_00055,normal,1.0,44.61848647902103,0.8923697295804206,102622.51890174836
16.1604,107.698,16.14765835550746,107.73729962770445,BASE_4,COW_015,J_00056,residential,2.2,6.582304796994355,0.1316460959398871,15139.301033087017
16.1604,107.698,16.373443668977306,107.85603136854854,BASE_4,COW_015,J_00057,normal,1.0,51.19537344785953,1.0239074689571905,117749.35893007692
16.1604,107.698,16.236211589375223,107.22393073902197,BASE_4,COW_015,J_00058,residential,2.2,98.61847103103982,1.9723694206207965,226822.48337139157
16.1604,107.698,16.410861708638596,107.70818685325207,BASE_4,COW_015,J_00059,residential,2.2,34.921799053700475,0.6984359810740095,80320.13782351109
16.1604,107.698,16.421865835419105,107.82715158327233,BASE_4,COW_015,J_00060,normal,1.0,45.925253868239025,0.9185050773647805,105628.08389694976
16.1604,107.698,16.307299072885844,107.99887024033504,BASE_4,COW_015,J_00061,residential,2.2,56.11059702229309,1.122211940445862,129054.3731512741
16.1604,107.698,16.125824585720828,107.33690100951722,BASE_4,COW_015,J_00062,residential,4.2,107.59468932141523,2.1518937864283045,247467.78543925504
16.1604,107.698,16.11106359177746,107.3459286850522,BASE_4,COW_015,J_00063,residential,4.2,109.27573476161126,2.185514695232225,251334.1899517059
16.1604,107.698,16.397552183845967,107.73878502140444,BASE_4,COW_015,J_00064,residential,2.2,33.1081391710571,0.662162783421142,76148.72009343133
16.1604,107.698,16.282173515285585,108.00397198020616,BASE_4,COW_015,J_00065,normal,1.0,55.74545071928259,1.1149090143856517,128214.53665434995
16.1604,107.698,16.313228802378926,108.00400545253144,BASE_4,COW_015,J_00066,residential,2.2,57.082455450667915,1.1416491090133583,131289.6475365362
16.1604,107.698,16.096950630612657,107.33875248677712,BASE_4,COW_015,J_00067,residential,4.2,110.6803172036389,2.213606344072778,254564.72956836945
16.1604,107.698,16.393605717506578,107.47491737817752,BASE_4,COW_015,J_00068,normal,1.0,57.27478741390163,1.1454957482780326,131732.01105197374
16.1604,107.698,16.586617352569917,107.32618309940084,BASE_4,COW_015,J_00069,residential,2.2,81.99957255683752,1.6399914511367504,188599.0168807263
16.1604,107.698,16.271244454586103,108.00910347085969,BASE_4,COW_015,J_00070,normal,1.0,55.25148830371696,1.1050297660743391,127078.42309854901
16.1604,107.698,16.30225806317275,107.20372544535816,BASE_4,COW_015,J_00071,residential,2.2,102.82992166929876,2.0565984333859753,236508.81983938714
16.1604,107.698,16.402115481041722,107.47520524289446,BASE_4,COW_015,J_00072,normal,1.0,57.43387856275286,1.1486775712550572,132097.92069433158
16.1604,107.698,16.52378765566236,107.3139491709039,BASE_4,COW_015,J_00073,residential,2.2,73.04545486831586,1.4609090973663172,168004.54619712647
16.1604,107.698,16.086551495132397,107.35884214702251,BASE_4,COW_015,J_00074,residential,2.2,112.62641723343089,2.2525283446686175,259040.75963689105
16.1604,107.698,16.523931313921075,107.32725410709553,BASE_4,COW_015,J_00075,residential,2.2,71.20036121124095,1.424007224224819,163760.83078585417
16.1604,107.698,16.480643081216858,107.47700505517273,BASE_4,COW_015,J_00076,normal,1.0,54.13252333643881,1.0826504667287762,124504.80367380926
16.1604,107.698,16.535483366486226,107.31505993488494,BASE_4,COW_015,J_00077,residential,2.2,74.9042962477682,1.498085924955364,172279.88136986687
16.1604,107.698,16.381819827596345,107.05380788572604,BASE_4,COW_015,J_00078,residential,2.2,128.71364512257733,2.5742729024515465,296041.38378192787
16.1604,107.698,16.327586846766124,107.17172432241124,BASE_4,COW_015,J_00079,residential,2.2,107.44958797448339,2.1489917594896677,247134.0523413118
16.1604,107.698,16.367586886950164,107.12413208129658,BASE_4,COW_015,J_00080,residential,2.2,114.64374285394207,2.2928748570788415,263680.60856406676
16.1604,107.698,16.517165018434337,107.2838374887184,BASE_4,COW_015,J_00081,residential,2.2,76.91301149951757,1.5382602299903514,176899.92644889042
16.1604,107.698,16.438981227586616,107.5139975441275,BASE_4,COW_015,J_00082,normal,1.0,49.2557459823309,0.985114919646618,113288.21575936108
16.1604,107.698,16.312890221356728,108.01470279736397,BASE_4,COW_015,J_00083,residential,2.2,58.429553047496704,1.1685910609499341,134387.97200924242
16.1604,107.698,16.216133505596858,108.06041050509896,BASE_4,COW_015,J_00084,normal,1.0,70.02374262189318,1.4004748524378636,161054.6080303543
16.1604,107.698,16.330519603057706,107.61988581167678,BASE_4,COW_015,J_00085,normal,1.0,38.68832599738923,0.7737665199477846,88983.14979399522
16.1604,107.698,16.32326506375919,107.92873922428788,BASE_4,COW_015,J_00086,residential,3.7,49.64707639360605,0.992941527872121,114188.27570529391
16.1604,107.698,16.358389326577083,107.03428028491932,BASE_4,COW_015,J_00087,residential,2.2,74.19202222516638,1.4838404445033277,170641.6511178827
16.1604,107.698,16.272059177144055,108.03095994999136,BASE_4,COW_015,J_00088,normal,1.0,58.016127329364394,1.160322546587288,133437.0928575381
16.1604,107.698,16.299009021086444,107.34745474017085,BASE_4,COW_015,J_00089,residential,2.2,74.75508538889761,1.4951017077779523,171936.6963944645
16.1604,107.698,16.289493969176597,107.38769133922136,BASE_4,COW_015,J_00090,residential,2.2,70.1855728854944,1.403711457709888,161426.8176366371
16.1604,107.698,16.274536262786913,107.7786320156488,BASE_4,COW_015,J_00091,normal,1.0,26.91427644846623,0.5382855289693246,61902.83583147232
16.1604,107.698,16.37762949107703,107.59628086752136,BASE_4,COW_015,J_00092,normal,1.0,43.88237046852041,0.8776474093704083,100929.45207759696
16.1604,107.698,16.392506992461776,107.68160012426344,BASE_4,COW_015,J_00093,normal,1.0,36.470654198165214,0.7294130839633043,83882.50465578
16.1604,107.698,16.291495847254687,107.78281049017544,BASE_4,COW_015,J_00094,normal,1.0,29.662406883965403,0.5932481376793081,68223.53583312043
16.1604,107.698,16.262949238810066,107.68704525300502,BASE_4,COW_015,J_00095,normal,1.0,17.066809050378215,0.3413361810075643,39253.660815869895
16.1604,107.698,16.370696626026824,107.74702732165454,BASE_4,COW_015,J_00096,normal,1.0,31.027525609301517,0.6205505121860303,71363.3089013935
16.1604,107.698,16.14425462175665,107.75122345243598,BASE_4,COW_015,J_00097,residential,2.2,8.283784711377853,0.16567569422755707,19052.70483616906
16.1604,107.698,16.592471780445756,107.3124838483418,BASE_4,COW_015,J_00098,residential,2.2,84.95572923010482,1.6991145846020965,195398.1772292411
16.1604,107.698,16.730071045230396,107.4000535954682,BASE_4,COW_015,J_00099,residential,2.2,87.86062733468675,1.7572125466937352,202079.44286977954
16.1604,107.698,16.113219935355232,107.63177648157864,BASE_4,COW_015,J_00100,normal,1.0,13.94246105797829,0.2788492211595658,32067.66043335007
16.1604,107.698,16.371149471798947,107.7561813090597,BASE_4,COW_015,J_00101,normal,1.0,32.86603990910036,0.6573207981820072,75591.89179093082
16.1604,107.698,16.31521698231939,107.71719159344256,BASE_4,COW_015,J_00102,normal,1.0,22.04754787531951,0.4409509575063902,50709.36011323487
16.1604,107.698,16.31007366662314,107.75139680413022,BASE_4,COW_015,J_00103,residential,3.7,26.495402370245767,0.5299080474049154,60939.425451565265
16.1604,107.698,16.350004077412255,107.686440633005,BASE_4,COW_015,J_00104,normal,1.0,31.852439556907164,0.6370487911381433,73260.61098088647
16.1604,107.698,16.329646285748634,107.41288768408508,BASE_4,COW_015,J_00105,residential,2.2,63.44574670959837,1.2689149341919674,145925.21743207626
16.1604,107.698,16.381411409546235,107.6209067584559,BASE_4,COW_015,J_00106,normal,1.0,34.034530982388524,0.6806906196477704,78279.42125949361
16.1604,107.698,16.352378211756804,107.48687496708726,BASE_4,COW_015,J_00107,normal,1.0,52.700241271208434,1.0540048254241687,121210.5549237794
16.1604,107.698,16.356730759468014,107.53688054729449,BASE_4,COW_015,J_00108,normal,1.0,49.81477815667769,0.9962955631335538,114573.98976035869
16.1604,107.698,16.341878021653464,107.73230095956784,BASE_4,COW_015,J_00109,residential,3.7,27.03146853584163,0.5406293707168326,62172.377632435746
16.1604,107.698,16.310138893373413,107.08295978611184,BASE_4,COW_015,J_00110,residential,2.2,131.79004129680084,2.6358008259360166,303117.0949826419
16.1604,107.698,16.472873908455245,107.6106799943142,BASE_4,COW_016,J_00000,residential,9.7,46.74762204911851,0.8499567645294275,107519.53071297257
16.1604,107.698,16.45396757555403,107.61918797095066,BASE_4,COW_016,J_00001,residential,7.2,44.05034248739112,0.8009153179525658,101315.78772099958
16.1604,107.698,16.47154095544053,107.55669854007874,BASE_4,COW_016,J_00002,residential,5.7,51.11586503997163,0.9293793643631205,117566.48959193475
16.1604,107.698,16.463456332330566,107.5546957781065,BASE_4,COW_016,J_00003,residential,5.7,49.95209107127686,0.9082198376595793,114889.80946393678
16.1604,107.698,16.490724152243274,107.5839987846654,BASE_4,COW_016,J_00004,residential,2.2,50.16826329831136,0.9121502417874793,115387.00558611612
16.1604,107.698,16.468886116113154,107.5392851750938,BASE_4,COW_016,J_00005,residential,3.7,52.416074446765,0.9530195353957273,120556.97122755951
16.1604,107.698,16.459945898804236,107.55707170860308,BASE_4,COW_016,J_00006,residential,5.7,49.49138108922673,0.8998432925313951,113830.17650522148
16.1604,107.698,16.448139316005754,107.62900374280078,BASE_4,COW_016,J_00007,residential,4.7,42.71274988621868,0.7765954524767033,98239.32473830297
16.1604,107.698,16.50770560492689,107.5513454513049,BASE_4,COW_016,J_00008,residential,2.2,53.302443844770465,0.9691353426321903,122595.62084297207
16.1604,107.698,16.535924521807456,107.68855230948328,BASE_4,COW_016,J_00009,normal,1.0,54.41771424313934,0.9894129862388972,125160.74275922049
16.1604,107.698,16.550328251701867,107.62620844418208,BASE_4,COW_016,J_00010,residential,2.2,55.632178659359624,1.0114941574429022,127954.01091652714
16.1604,107.698,16.559754907577233,107.61871360688176,BASE_4,COW_016,J_00011,residential,2.2,57.045072385701786,1.037183134285487,131203.6664871141
16.1604,107.698,16.523274223294226,107.69330456813202,BASE_4,COW_016,J_00012,normal,1.0,53.04859643535294,0.9645199351882353,122011.77180131177
16.1604,107.698,16.273160931116365,107.87468923427582,BASE_4,COW_016,J_00013,hospitals,6.0,39.78388914899534,0.7233434390726426,91502.94504268929
16.1604,107.698,16.52305861296173,107.70145268388114,BASE_4,COW_016,J_00014,normal,1.0,52.42030692841973,0.9530964896076314,120566.70593536537
16.1604,107.698,16.561389109775824,107.60322552654831,BASE_4,COW_016,J_00015,residential,2.2,57.0299359723136,1.0369079267693382,131168.85273632128
16.1604,107.698,16.53350103835496,107.54083599980493,BASE_4,COW_016,J_00016,residential,2.2,57.995711655134734,1.0544674846388133,133390.1368068099
16.1604,107.698,16.54518944601392,107.42752759281646,BASE_4,COW_016,J_00017,residential,3.7,66.33357681020665,1.2060650329128482,152567.2266634753
16.1604,107.698,16.516409753854667,107.71063204761622,BASE_4,COW_016,J_00018,normal,1.0,51.11134513807087,0.9292971843285612,117556.093817563
16.1604,107.698,16.246653516500725,107.24686057726342,BASE_4,COW_016,J_00019,residential,2.2,95.57527572979255,1.7377322859962283,219823.13417852286
16.1604,107.698,16.450794259691136,107.72511393206908,BASE_4,COW_016,J_00020,residential,5.7,41.71816379713956,0.7585120690389011,95951.776733421
16.1604,107.698,16.511533614699083,107.71541068050291,BASE_4,COW_016,J_00021,normal,1.0,50.53584509342698,0.9188335471532177,116232.44371488204
16.1604,107.698,16.470087079506218,107.63918470164964,BASE_4,COW_016,J_00022,residential,4.7,44.204560594487056,0.8037192835361283,101670.48936732023
16.1604,107.698,16.442016856115924,107.72822832866149,BASE_4,COW_016,J_00023,residential,5.7,40.280242117377924,0.7323680384977804,92644.55686996922
16.1604,107.698,16.506029242964782,107.62567129678769,BASE_4,COW_016,J_00024,residential,2.2,49.60580681951647,0.9019237603548449,114093.35568488788
16.1604,107.698,16.579685501922715,107.58736154579384,BASE_4,COW_016,J_00025,residential,2.2,59.86407835646547,1.088437788299372,137687.38021987057
16.1604,107.698,16.66393035346636,107.35559637793077,BASE_4,COW_016,J_00026,residential,2.2,83.47527429529978,1.5177322599145415,191993.1308791895
16.1604,107.698,16.438453094761204,107.73677161213271,BASE_4,COW_016,J_00027,residential,5.7,39.37935988006276,0.7159883614556865,90572.52772414434
16.1604,107.698,16.248164304494374,107.23238633470594,BASE_4,COW_016,J_00028,residential,2.2,98.37816510473138,1.788693910995116,226269.77974088216
16.1604,107.698,16.467401830416172,107.74412044338574,BASE_4,COW_016,J_00029,residential,3.7,43.422753448247285,0.7895046081499506,99872.33293096875
16.1604,107.698,16.22769573648302,108.07312412860249,BASE_4,COW_016,J_00030,hospitals,6.0,67.7721995654404,1.2322218102807345,155876.05900051293
16.1604,107.698,16.6567619206231,107.3495614668992,BASE_4,COW_016,J_00031,residential,2.2,82.01549381516824,1.4911907966394227,188635.63577488696
16.1604,107.698,16.23642580060988,107.25634003768069,BASE_4,COW_016,J_00032,residential,2.2,94.01900883337257,1.7094365242431375,216243.7203167569
16.1604,107.698,16.649846477639887,107.33861595874995,BASE_4,COW_016,J_00033,residential,2.2,84.28766707817638,1.532503037785025,193861.63427980567
16.1604,107.698,16.582166947493878,107.35875602850297,BASE_4,COW_016,J_00034,residential,3.7,74.76467072895305,1.359357649617328,171958.74267659202
16.1604,107.698,16.54268106207316,107.42173424731372,BASE_4,COW_016,J_00035,residential,3.7,67.30893650669921,1.2237988455763493,154810.55396540818
16.1604,107.698,16.63762488123805,107.42379895451036,BASE_4,COW_016,J_00036,residential,2.2,74.76443681660494,1.3593533966655444,171958.20467819137
16.1604,107.698,16.161742476623008,107.72726450231792,BASE_4,COW_016,J_00037,residential,5.2,4.473945377174039,0.08134446140316434,10290.07436750029
16.1604,107.698,16.4617079129225,107.7055620386572,BASE_4,COW_016,J_00038,residential,8.7,40.96097720530505,0.7447450400964555,94210.24757220161
16.1604,107.698,16.672385358081804,107.36627022634389,BASE_4,COW_016,J_00039,residential,2.2,82.29800318373158,1.4963273306133014,189285.40732258264
16.1604,107.698,16.659521457681674,107.4522269483472,BASE_4,COW_016,J_00040,residential,2.2,77.8448318328701,1.4153605787794563,179043.11321560122
16.1604,107.698,16.66522777932196,107.36875091304154,BASE_4,COW_016,J_00041,residential,2.2,81.68601512849118,1.485200275063476,187877.83479552972
16.1604,107.698,16.660820621499212,107.38427458078796,BASE_4,COW_016,J_00042,residential,2.2,79.85037801641901,1.4518250548439822,183655.86943776373
16.1604,107.698,16.62511390305801,107.5150854990652,BASE_4,COW_016,J_00043,residential,2.2,70.06305935533447,1.2738738064606268,161145.0365172693
16.1604,107.698,16.59440422417168,107.38514305632124,BASE_4,COW_016,J_00044,residential,3.7,74.29117222188312,1.3507485858524202,170869.69611033116
16.1604,107.698,16.290663014244483,107.98452104257804,BASE_4,COW_016,J_00045,residential,2.2,54.653674153015366,0.9937031664184612,125703.45055193534
16.1604,107.698,16.633195073021646,107.507332913964,BASE_4,COW_016,J_00046,residential,2.2,71.0371779025854,1.29158505277428,163385.5091759464
16.1604,107.698,16.64547217362694,107.47963578206634,BASE_4,COW_016,J_00047,residential,2.2,74.51590991544228,1.3548347257353142,171386.59280551726
16.1604,107.698,16.275156728172423,107.9790458824707,BASE_4,COW_016,J_00048,residential,2.2,52.30001437937378,0.9509093523522505,120290.03307255969
16.1604,107.698,16.34363572772629,107.9189163333372,BASE_4,COW_016,J_00049,residential,3.7,52.17738302543857,0.9486796913716105,120007.98095850872
16.1604,107.698,16.570555932832004,107.34394499346718,BASE_4,COW_016,J_00050,residential,2.2,77.04283294936748,1.4007787808975904,177198.5157835452
16.1604,107.698,16.50665956554493,107.64903907436688,BASE_4,COW_016,J_00051,residential,2.2,49.87511588277103,0.9068202887776551,114712.76653037337
16.1604,107.698,16.448260129769277,107.64861740367776,BASE_4,COW_016,J_00052,normal,1.0,41.0447399408367,0.7462679989243036,94402.9018639244
16.1604,107.698,16.664330238141044,107.44405209681626,BASE_4,COW_016,J_00053,residential,2.2,78.86122593285623,1.433840471506477,181380.81964556934
16.1604,107.698,16.710100944408335,107.36367785595424,BASE_4,COW_016,J_00054,residential,2.2,87.34982340879,1.5881786074325455,200904.593840217
16.1604,107.698,16.480897966159755,107.68092090339064,BASE_4,COW_016,J_00055,normal,1.0,44.61848647902103,0.8112452087094733,102622.51890174836
16.1604,107.698,16.14765835550746,107.73729962770445,BASE_4,COW_016,J_00056,residential,2.2,6.582304796994355,0.119678269036261,15139.301033087017
16.1604,107.698,16.373443668977306,107.85603136854854,BASE_4,COW_016,J_00057,normal,1.0,51.19537344785953,0.9308249717792642,117749.35893007692
16.1604,107.698,16.236211589375223,107.22393073902197,BASE_4,COW_016,J_00058,residential,2.2,98.61847103103982,1.7930631096552694,226822.48337139157
16.1604,107.698,16.410861708638596,107.70818685325207,BASE_4,COW_016,J_00059,residential,2.2,34.921799053700475,0.6349418009763723,80320.13782351109
16.1604,107.698,16.421865835419105,107.82715158327233,BASE_4,COW_016,J_00060,normal,1.0,45.925253868239025,0.8350046157861641,105628.08389694976
16.1604,107.698,16.307299072885844,107.99887024033504,BASE_4,COW_016,J_00061,residential,2.2,56.11059702229309,1.0201926731326016,129054.3731512741
16.1604,107.698,16.125824585720828,107.33690100951722,BASE_4,COW_016,J_00062,residential,4.2,107.59468932141523,1.956267078571186,247467.78543925504
16.1604,107.698,16.11106359177746,107.3459286850522,BASE_4,COW_016,J_00063,residential,4.2,109.27573476161126,1.9868315411202047,251334.1899517059
16.1604,107.698,16.397552183845967,107.73878502140444,BASE_4,COW_016,J_00064,residential,2.2,33.1081391710571,0.6019661667464927,76148.72009343133
16.1604,107.698,16.282173515285585,108.00397198020616,BASE_4,COW_016,J_00065,normal,1.0,55.74545071928259,1.0135536494415016,128214.53665434995
16.1604,107.698,16.313228802378926,108.00400545253144,BASE_4,COW_016,J_00066,residential,2.2,57.082455450667915,1.0378628263757803,131289.6475365362
16.1604,107.698,16.096950630612657,107.33875248677712,BASE_4,COW_016,J_00067,residential,4.2,110.6803172036389,2.0123694037025253,254564.72956836945
16.1604,107.698,16.393605717506578,107.47491737817752,BASE_4,COW_016,J_00068,normal,1.0,57.27478741390163,1.0413597711618479,131732.01105197374
16.1604,107.698,16.586617352569917,107.32618309940084,BASE_4,COW_016,J_00069,residential,2.2,81.99957255683752,1.4909013192152276,188599.0168807263
16.1604,107.698,16.271244454586103,108.00910347085969,BASE_4,COW_016,J_00070,normal,1.0,55.25148830371696,1.0045725146130358,127078.42309854901
16.1604,107.698,16.30225806317275,107.20372544535816,BASE_4,COW_016,J_00071,residential,2.2,102.82992166929876,1.8696349394417955,236508.81983938714
16.1604,107.698,16.402115481041722,107.47520524289446,BASE_4,COW_016,J_00072,normal,1.0,57.43387856275286,1.0442523375045973,132097.92069433158
16.1604,107.698,16.52378765566236,107.3139491709039,BASE_4,COW_016,J_00073,residential,2.2,73.04545486831586,1.3280991794239247,168004.54619712647
16.1604,107.698,16.086551495132397,107.35884214702251,BASE_4,COW_016,J_00074,residential,2.2,112.62641723343089,2.047753040607834,259040.75963689105
16.1604,107.698,16.523931313921075,107.32725410709553,BASE_4,COW_016,J_00075,residential,2.2,71.20036121124095,1.2945520220225626,163760.83078585417
16.1604,107.698,16.480643081216858,107.47700505517273,BASE_4,COW_016,J_00076,normal,1.0,54.13252333643881,0.9842276970261602,124504.80367380926
16.1604,107.698,16.535483366486226,107.31505993488494,BASE_4,COW_016,J_00077,residential,2.2,74.9042962477682,1.3618962954139673,172279.88136986687
16.1604,107.698,16.381819827596345,107.05380788572604,BASE_4,COW_016,J_00078,residential,2.2,128.71364512257733,2.34024809313777,296041.38378192787
16.1604,107.698,16.327586846766124,107.17172432241124,BASE_4,COW_016,J_00079,residential,2.2,107.44958797448339,1.9536288722633344,247134.0523413118
16.1604,107.698,16.367586886950164,107.12413208129658,BASE_4,COW_016,J_00080,residential,2.2,114.64374285394207,2.0844316882534923,263680.60856406676
16.1604,107.698,16.517165018434337,107.2838374887184,BASE_4,COW_016,J_00081,residential,2.2,76.91301149951757,1.3984183909003194,176899.92644889042
16.1604,107.698,16.438981227586616,107.5139975441275,BASE_4,COW_016,J_00082,normal,1.0,49.2557459823309,0.8955590178605618,113288.21575936108
16.1604,107.698,16.312890221356728,108.01470279736397,BASE_4,COW_016,J_00083,residential,2.2,58.429553047496704,1.0623555099544855,134387.97200924242
16.1604,107.698,16.216133505596858,108.06041050509896,BASE_4,COW_016,J_00084,normal,1.0,70.02374262189318,1.273158956761694,161054.6080303543
16.1604,107.698,16.330519603057706,107.61988581167678,BASE_4,COW_016,J_00085,normal,1.0,38.68832599738923,0.7034241090434405,88983.14979399522
16.1604,107.698,16.32326506375919,107.92873922428788,BASE_4,COW_016,J_00086,residential,3.7,49.64707639360605,0.9026741162473827,114188.27570529391
16.1604,107.698,16.358389326577083,107.03428028491932,BASE_4,COW_016,J_00087,residential,2.2,74.19202222516638,1.3489458586393888,170641.6511178827
16.1604,107.698,16.272059177144055,108.03095994999136,BASE_4,COW_016,J_00088,normal,1.0,58.016127329364394,1.0548386787157162,133437.0928575381
16.1604,107.698,16.299009021086444,107.34745474017085,BASE_4,COW_016,J_00089,residential,2.2,74.75508538889761,1.3591833707072294,171936.6963944645
16.1604,107.698,16.289493969176597,107.38769133922136,BASE_4,COW_016,J_00090,residential,2.2,70.1855728854944,1.276101325190807,161426.8176366371
16.1604,107.698,16.274536262786913,107.7786320156488,BASE_4,COW_016,J_00091,normal,1.0,26.91427644846623,0.48935048088120414,61902.83583147232
16.1604,107.698,16.37762949107703,107.59628086752136,BASE_4,COW_016,J_00092,normal,1.0,43.88237046852041,0.7978612812458257,100929.45207759696
16.1604,107.698,16.392506992461776,107.68160012426344,BASE_4,COW_016,J_00093,normal,1.0,36.470654198165214,0.6631028036030039,83882.50465578
16.1604,107.698,16.291495847254687,107.78281049017544,BASE_4,COW_016,J_00094,normal,1.0,29.662406883965403,0.539316488799371,68223.53583312043
16.1604,107.698,16.262949238810066,107.68704525300502,BASE_4,COW_016,J_00095,normal,1.0,17.066809050378215,0.3103056190977857,39253.660815869895
16.1604,107.698,16.370696626026824,107.74702732165454,BASE_4,COW_016,J_00096,normal,1.0,31.027525609301517,0.5641368292600276,71363.3089013935
16.1604,107.698,16.14425462175665,107.75122345243598,BASE_4,COW_016,J_00097,residential,2.2,8.283784711377853,0.15061426747959733,19052.70483616906
16.1604,107.698,16.592471780445756,107.3124838483418,BASE_4,COW_016,J_00098,residential,2.2,84.95572923010482,1.5446496223655422,195398.1772292411
16.1604,107.698,16.730071045230396,107.4000535954682,BASE_4,COW_016,J_00099,residential,2.2,87.86062733468675,1.5974659515397591,202079.44286977954
16.1604,107.698,16.113219935355232,107.63177648157864,BASE_4,COW_016,J_00100,normal,1.0,13.94246105797829,0.25349929196324167,32067.66043335007
16.1604,107.698,16.371149471798947,107.7561813090597,BASE_4,COW_016,J_00101,normal,1.0,32.86603990910036,0.5975643619836429,75591.89179093082
16.1604,107.698,16.31521698231939,107.71719159344256,BASE_4,COW_016,J_00102,normal,1.0,22.04754787531951,0.40086450682399105,50709.36011323487
16.1604,107.698,16.31007366662314,107.75139680413022,BASE_4,COW_016,J_00103,residential,3.7,26.495402370245767,0.481734588549923,60939.425451565265
16.1604,107.698,16.350004077412255,107.686440633005,BASE_4,COW_016,J_00104,normal,1.0,31.852439556907164,0.5791352646710394,73260.61098088647
16.1604,107.698,16.329646285748634,107.41288768408508,BASE_4,COW_016,J_00105,residential,2.2,63.44574670959837,1.1535590310836066,145925.21743207626
16.1604,107.698,16.381411409546235,107.6209067584559,BASE_4,COW_016,J_00106,normal,1.0,34.034530982388524,0.6188096542252459,78279.42125949361
16.1604,107.698,16.352378211756804,107.48687496708726,BASE_4,COW_016,J_00107,normal,1.0,52.700241271208434,0.9581862049310624,121210.5549237794
16.1604,107.698,16.356730759468014,107.53688054729449,BASE_4,COW_016,J_00108,normal,1.0,49.81477815667769,0.9057232392123217,114573.98976035869
16.1604,107.698,16.341878021653464,107.73230095956784,BASE_4,COW_016,J_00109,residential,3.7,27.03146853584163,0.4914812461062114,62172.377632435746
16.1604,107.698,16.310138893373413,107.08295978611184,BASE_4,COW_016,J_00110,residential,2.2,131.79004129680084,2.3961825690327423,303117.0949826419
16.1604,107.698,16.472873908455245,107.6106799943142,BASE_4,COW_017,J_00000,residential,9.7,46.74762204911851,0.8499567645294275,107519.53071297257
16.1604,107.698,16.45396757555403,107.61918797095066,BASE_4,COW_017,J_00001,residential,7.2,44.05034248739112,0.8009153179525658,101315.78772099958
16.1604,107.698,16.47154095544053,107.55669854007874,BASE_4,COW_017,J_00002,residential,5.7,51.11586503997163,0.9293793643631205,117566.48959193475
16.1604,107.698,16.463456332330566,107.5546957781065,BASE_4,COW_017,J_00003,residential,5.7,49.95209107127686,0.9082198376595793,114889.80946393678
16.1604,107.698,16.490724152243274,107.5839987846654,BASE_4,COW_017,J_00004,residential,2.2,50.16826329831136,0.9121502417874793,115387.00558611612
16.1604,107.698,16.468886116113154,107.5392851750938,BASE_4,COW_017,J_00005,residential,3.7,52.416074446765,0.9530195353957273,120556.97122755951
16.1604,107.698,16.459945898804236,107.55707170860308,BASE_4,COW_017,J_00006,residential,5.7,49.49138108922673,0.8998432925313951,113830.17650522148
16.1604,107.698,16.448139316005754,107.62900374280078,BASE_4,COW_017,J_00007,residential,4.7,42.71274988621868,0.7765954524767033,98239.32473830297
16.1604,107.698,16.50770560492689,107.5513454513049,BASE_4,COW_017,J_00008,residential,2.2,53.302443844770465,0.9691353426321903,122595.62084297207
16.1604,107.698,16.535924521807456,107.68855230948328,BASE_4,COW_017,J_00009,normal,1.0,54.41771424313934,0.9894129862388972,125160.74275922049
16.1604,107.698,16.550328251701867,107.62620844418208,BASE_4,COW_017,J_00010,residential,2.2,55.632178659359624,1.0114941574429022,127954.01091652714
16.1604,107.698,16.559754907577233,107.61871360688176,BASE_4,COW_017,J_00011,residential,2.2,57.045072385701786,1.037183134285487,131203.6664871141
16.1604,107.698,16.523274223294226,107.69330456813202,BASE_4,COW_017,J_00012,normal,1.0,53.04859643535294,0.9645199351882353,122011.77180131177
16.1604,107.698,16.273160931116365,107.87468923427582,BASE_4,COW_017,J_00013,hospitals,6.0,39.78388914899534,0.7233434390726426,91502.94504268929
16.1604,107.698,16.52305861296173,107.70145268388114,BASE_4,COW_017,J_00014,normal,1.0,52.42030692841973,0.9530964896076314,120566.70593536537
16.1604,107.698,16.561389109775824,107.60322552654831,BASE_4,COW_017,J_00015,residential,2.2,57.0299359723136,1.0369079267693382,131168.85273632128
16.1604,107.698,16.53350103835496,107.54083599980493,BASE_4,COW_017,J_00016,residential,2.2,57.995711655134734,1.0544674846388133,133390.1368068099
16.1604,107.698,16.54518944601392,107.42752759281646,BASE_4,COW_017,J_00017,residential,3.7,66.33357681020665,1.2060650329128482,152567.2266634753
16.1604,107.698,16.516409753854667,107.71063204761622,BASE_4,COW_017,J_00018,normal,1.0,51.11134513807087,0.9292971843285612,117556.093817563
16.1604,107.698,16.246653516500725,107.24686057726342,BASE_4,COW_017,J_00019,residential,2.2,95.57527572979255,1.7377322859962283,219823.13417852286
16.1604,107.698,16.450794259691136,107.72511393206908,BASE_4,COW_017,J_00020,residential,5.7,41.71816379713956,0.7585120690389011,95951.776733421
16.1604,107.698,16.511533614699083,107.71541068050291,BASE_4,COW_017,J_00021,normal,1.0,50.53584509342698,0.9188335471532177,116232.44371488204
16.1604,107.698,16.470087079506218,107.63918470164964,BASE_4,COW_017,J_00022,residential,4.7,44.204560594487056,0.8037192835361283,101670.48936732023
16.1604,107.698,16.442016856115924,107.72822832866149,BASE_4,COW_017,J_00023,residential,5.7,40.280242117377924,0.7323680384977804,92644.55686996922
16.1604,107.698,16.506029242964782,107.62567129678769,BASE_4,COW_017,J_00024,residential,2.2,49.60580681951647,0.9019237603548449,114093.35568488788
16.1604,107.698,16.579685501922715,107.58736154579384,BASE_4,COW_017,J_00025,residential,2.2,59.86407835646547,1.088437788299372,137687.38021987057
16.1604,107.698,16.66393035346636,107.35559637793077,BASE_4,COW_017,J_00026,residential,2.2,83.47527429529978,1.5177322599145415,191993.1308791895
16.1604,107.698,16.438453094761204,107.73677161213271,BASE_4,COW_017,J_00027,residential,5.7,39.37935988006276,0.7159883614556865,90572.52772414434
16.1604,107.698,16.248164304494374,107.23238633470594,BASE_4,COW_017,J_00028,residential,2.2,98.37816510473138,1.788693910995116,226269.77974088216
16.1604,107.698,16.467401830416172,107.74412044338574,BASE_4,COW_017,J_00029,residential,3.7,43.422753448247285,0.7895046081499506,99872.33293096875
16.1604,107.698,16.22769573648302,108.07312412860249,BASE_4,COW_017,J_00030,hospitals,6.0,67.7721995654404,1.2322218102807345,155876.05900051293
16.1604,107.698,16.6567619206231,107.3495614668992,BASE_4,COW_017,J_00031,residential,2.2,82.01549381516824,1.4911907966394227,188635.63577488696
16.1604,107.698,16.23642580060988,107.25634003768069,BASE_4,COW_017,J_00032,residential,2.2,94.01900883337257,1.7094365242431375,216243.7203167569
16.1604,107.698,16.649846477639887,107.33861595874995,BASE_4,COW_017,J_00033,residential,2.2,84.28766707817638,1.532503037785025,193861.63427980567
16.1604,107.698,16.582166947493878,107.35875602850297,BASE_4,COW_017,J_00034,residential,3.7,74.76467072895305,1.359357649617328,171958.74267659202
16.1604,107.698,16.54268106207316,107.42173424731372,BASE_4,COW_017,J_00035,residential,3.7,67.30893650669921,1.2237988455763493,154810.55396540818
16.1604,107.698,16.63762488123805,107.42379895451036,BASE_4,COW_017,J_00036,residential,2.2,74.76443681660494,1.3593533966655444,171958.20467819137
16.1604,107.698,16.161742476623008,107.72726450231792,BASE_4,COW_017,J_00037,residential,5.2,4.473945377174039,0.08134446140316434,10290.07436750029
16.1604,107.698,16.4617079129225,107.7055620386572,BASE_4,COW_017,J_00038,residential,8.7,40.96097720530505,0.7447450400964555,94210.24757220161
16.1604,107.698,16.672385358081804,107.36627022634389,BASE_4,COW_017,J_00039,residential,2.2,82.29800318373158,1.4963273306133014,189285.40732258264
16.1604,107.698,16.659521457681674,107.4522269483472,BASE_4,COW_017,J_00040,residential,2.2,77.8448318328701,1.4153605787794563,179043.11321560122
16.1604,107.698,16.66522777932196,107.36875091304154,BASE_4,COW_017,J_00041,residential,2.2,81.68601512849118,1.485200275063476,187877.83479552972
16.1604,107.698,16.660820621499212,107.38427458078796,BASE_4,COW_017,J_00042,residential,2.2,79.85037801641901,1.4518250548439822,183655.86943776373
16.1604,107.698,16.62511390305801,107.5150854990652,BASE_4,COW_017,J_00043,residential,2.2,70.06305935533447,1.2738738064606268,161145.0365172693
16.1604,107.698,16.59440422417168,107.38514305632124,BASE_4,COW_017,J_00044,residential,3.7,74.29117222188312,1.3507485858524202,170869.69611033116
16.1604,107.698,16.290663014244483,107.98452104257804,BASE_4,COW_017,J_00045,residential,2.2,54.653674153015366,0.9937031664184612,125703.45055193534
16.1604,107.698,16.633195073021646,107.507332913964,BASE_4,COW_017,J_00046,residential,2.2,71.0371779025854,1.29158505277428,163385.5091759464
16.1604,107.698,16.64547217362694,107.47963578206634,BASE_4,COW_017,J_00047,residential,2.2,74.51590991544228,1.3548347257353142,171386.59280551726
16.1604,107.698,16.275156728172423,107.9790458824707,BASE_4,COW_017,J_00048,residential,2.2,52.30001437937378,0.9509093523522505,120290.03307255969
16.1604,107.698,16.34363572772629,107.9189163333372,BASE_4,COW_017,J_00049,residential,3.7,52.17738302543857,0.9486796913716105,120007.98095850872
16.1604,107.698,16.570555932832004,107.34394499346718,BASE_4,COW_017,J_00050,residential,2.2,77.04283294936748,1.4007787808975904,177198.5157835452
16.1604,107.698,16.50665956554493,107.64903907436688,BASE_4,COW_017,J_00051,residential,2.2,49.87511588277103,0.9068202887776551,114712.76653037337
16.1604,107.698,16.448260129769277,107.64861740367776,BASE_4,COW_017,J_00052,normal,1.0,41.0447399408367,0.7462679989243036,94402.9018639244
16.1604,107.698,16.664330238141044,107.44405209681626,BASE_4,COW_017,J_00053,residential,2.2,78.86122593285623,1.433840471506477,181380.81964556934
16.1604,107.698,16.710100944408335,107.36367785595424,BASE_4,COW_017,J_00054,residential,2.2,87.34982340879,1.5881786074325455,200904.593840217
16.1604,107.698,16.480897966159755,107.68092090339064,BASE_4,COW_017,J_00055,normal,1.0,44.61848647902103,0.8112452087094733,102622.51890174836
16.1604,107.698,16.14765835550746,107.73729962770445,BASE_4,COW_017,J_00056,residential,2.2,6.582304796994355,0.119678269036261,15139.301033087017
16.1604,107.698,16.373443668977306,107.85603136854854,BASE_4,COW_017,J_00057,normal,1.0,51.19537344785953,0.9308249717792642,117749.35893007692
16.1604,107.698,16.236211589375223,107.22393073902197,BASE_4,COW_017,J_00058,residential,2.2,98.61847103103982,1.7930631096552694,226822.48337139157
16.1604,107.698,16.410861708638596,107.70818685325207,BASE_4,COW_017,J_00059,residential,2.2,34.921799053700475,0.6349418009763723,80320.13782351109
16.1604,107.698,16.421865835419105,107.82715158327233,BASE_4,COW_017,J_00060,normal,1.0,45.925253868239025,0.8350046157861641,105628.08389694976
16.1604,107.698,16.307299072885844,107.99887024033504,BASE_4,COW_017,J_00061,residential,2.2,56.11059702229309,1.0201926731326016,129054.3731512741
16.1604,107.698,16.125824585720828,107.33690100951722,BASE_4,COW_017,J_00062,residential,4.2,107.59468932141523,1.956267078571186,247467.78543925504
16.1604,107.698,16.11106359177746,107.3459286850522,BASE_4,COW_017,J_00063,residential,4.2,109.27573476161126,1.9868315411202047,251334.1899517059
16.1604,107.698,16.397552183845967,107.73878502140444,BASE_4,COW_017,J_00064,residential,2.2,33.1081391710571,0.6019661667464927,76148.72009343133
16.1604,107.698,16.282173515285585,108.00397198020616,BASE_4,COW_017,J_00065,normal,1.0,55.74545071928259,1.0135536494415016,128214.53665434995
16.1604,107.698,16.313228802378926,108.00400545253144,BASE_4,COW_017,J_00066,residential,2.2,57.082455450667915,1.0378628263757803,131289.6475365362
16.1604,107.698,16.096950630612657,107.33875248677712,BASE_4,COW_017,J_00067,residential,4.2,110.6803172036389,2.0123694037025253,254564.72956836945
16.1604,107.698,16.393605717506578,107.47491737817752,BASE_4,COW_017,J_00068,normal,1.0,57.27478741390163,1.0413597711618479,131732.01105197374
16.1604,107.698,16.586617352569917,107.32618309940084,BASE_4,COW_017,J_00069,residential,2.2,81.99957255683752,1.4909013192152276,188599.0168807263
16.1604,107.698,16.271244454586103,108.00910347085969,BASE_4,COW_017,J_00070,normal,1.0,55.25148830371696,1.0045725146130358,127078.42309854901
16.1604,107.698,16.30225806317275,107.20372544535816,BASE_4,COW_017,J_00071,residential,2.2,102.82992166929876,1.8696349394417955,236508.81983938714
16.1604,107.698,16.402115481041722,107.47520524289446,BASE_4,COW_017,J_00072,normal,1.0,57.43387856275286,1.0442523375045973,132097.92069433158
16.1604,107.698,16.52378765566236,107.3139491709039,BASE_4,COW_017,J_00073,residential,2.2,73.04545486831586,1.3280991794239247,168004.54619712647
16.1604,107.698,16.086551495132397,107.35884214702251,BASE_4,COW_017,J_00074,residential,2.2,112.62641723343089,2.047753040607834,259040.75963689105
16.1604,107.698,16.523931313921075,107.32725410709553,BASE_4,COW_017,J_00075,residential,2.2,71.20036121124095,1.2945520220225626,163760.83078585417
16.1604,107.698,16.480643081216858,107.47700505517273,BASE_4,COW_017,J_00076,normal,1.0,54.13252333643881,0.9842276970261602,124504.80367380926
16.1604,107.698,16.535483366486226,107.31505993488494,BASE_4,COW_017,J_00077,residential,2.2,74.9042962477682,1.3618962954139673,172279.88136986687
16.1604,107.698,16.381819827596345,107.05380788572604,BASE_4,COW_017,J_00078,residential,2.2,128.71364512257733,2.34024809313777,296041.38378192787
16.1604,107.698,16.327586846766124,107.17172432241124,BASE_4,COW_017,J_00079,residential,2.2,107.44958797448339,1.9536288722633344,247134.0523413118
16.1604,107.698,16.367586886950164,107.12413208129658,BASE_4,COW_017,J_00080,residential,2.2,114.64374285394207,2.0844316882534923,263680.60856406676
16.1604,107.698,16.517165018434337,107.2838374887184,BASE_4,COW_017,J_00081,residential,2.2,76.91301149951757,1.3984183909003194,176899.92644889042
16.1604,107.698,16.438981227586616,107.5139975441275,BASE_4,COW_017,J_00082,normal,1.0,49.2557459823309,0.8955590178605618,113288.21575936108
16.1604,107.698,16.312890221356728,108.01470279736397,BASE_4,COW_017,J_00083,residential,2.2,58.429553047496704,1.0623555099544855,134387.97200924242
16.1604,107.698,16.216133505596858,108.06041050509896,BASE_4,COW_017,J_00084,normal,1.0,70.02374262189318,1.273158956761694,161054.6080303543
16.1604,107.698,16.330519603057706,107.61988581167678,BASE_4,COW_017,J_00085,normal,1.0,38.68832599738923,0.7034241090434405,88983.14979399522
16.1604,107.698,16.32326506375919,107.92873922428788,BASE_4,COW_017,J_00086,residential,3.7,49.64707639360605,0.9026741162473827,114188.27570529391
16.1604,107.698,16.358389326577083,107.03428028491932,BASE_4,COW_017,J_00087,residential,2.2,74.19202222516638,1.3489458586393888,170641.6511178827
16.1604,107.698,16.272059177144055,108.03095994999136,BASE_4,COW_017,J_00088,normal,1.0,58.016127329364394,1.0548386787157162,133437.0928575381
16.1604,107.698,16.299009021086444,107.34745474017085,BASE_4,COW_017,J_00089,residential,2.2,74.75508538889761,1.3591833707072294,171936.6963944645
16.1604,107.698,16.289493969176597,107.38769133922136,BASE_4,COW_017,J_00090,residential,2.2,70.1855728854944,1.276101325190807,161426.8176366371
16.1604,107.698,16.274536262786913,107.7786320156488,BASE_4,COW_017,J_00091,normal,1.0,26.91427644846623,0.48935048088120414,61902.83583147232
16.1604,107.698,16.37762949107703,107.59628086752136,BASE_4,COW_017,J_00092,normal,1.0,43.88237046852041,0.7978612812458257,100929.45207759696
16.1604,107.698,16.392506992461776,107.68160012426344,BASE_4,COW_017,J_00093,normal,1.0,36.470654198165214,0.6631028036030039,83882.50465578
16.1604,107.698,16.291495847254687,107.78281049017544,BASE_4,COW_017,J_00094,normal,1.0,29.662406883965403,0.539316488799371,68223.53583312043
16.1604,107.698,16.262949238810066,107.68704525300502,BASE_4,COW_017,J_00095,normal,1.0,17.066809050378215,0.3103056190977857,39253.660815869895
16.1604,107.698,16.370696626026824,107.74702732165454,BASE_4,COW_017,J_00096,normal,1.0,31.027525609301517,0.5641368292600276,71363.3089013935
16.1604,107.698,16.14425462175665,107.75122345243598,BASE_4,COW_017,J_00097,residential,2.2,8.283784711377853,0.15061426747959733,19052.70483616906
16.1604,107.698,16.592471780445756,107.3124838483418,BASE_4,COW_017,J_00098,residential,2.2,84.95572923010482,1.5446496223655422,195398.1772292411
16.1604,107.698,16.730071045230396,107.4000535954682,BASE_4,COW_017,J_00099,residential,2.2,87.86062733468675,1.5974659515397591,202079.44286977954
16.1604,107.698,16.113219935355232,107.63177648157864,BASE_4,COW_017,J_00100,normal,1.0,13.94246105797829,0.25349929196324167,32067.66043335007
16.1604,107.698,16.371149471798947,107.7561813090597,BASE_4,COW_017,J_00101,normal,1.0,32.86603990910036,0.5975643619836429,75591.89179093082
16.1604,107.698,16.31521698231939,107.71719159344256,BASE_4,COW_017,J_00102,normal,1.0,22.04754787531951,0.40086450682399105,50709.36011323487
16.1604,107.698,16.31007366662314,107.75139680413022,BASE_4,COW_017,J_00103,residential,3.7,26.495402370245767,0.481734588549923,60939.425451565265
16.1604,107.698,16.350004077412255,107.686440633005,BASE_4,COW_017,J_00104,normal,1.0,31.852439556907164,0.5791352646710394,73260.61098088647
16.1604,107.698,16.329646285748634,107.41288768408508,BASE_4,COW_017,J_00105,residential,2.2,63.44574670959837,1.1535590310836066,145925.21743207626
16.1604,107.698,16.381411409546235,107.6209067584559,BASE_4,COW_017,J_00106,normal,1.0,34.034530982388524,0.6188096542252459,78279.42125949361
16.1604,107.698,16.352378211756804,107.48687496708726,BASE_4,COW_017,J_00107,normal,1.0,52.700241271208434,0.9581862049310624,121210.5549237794
16.1604,107.698,16.356730759468014,107.53688054729449,BASE_4,COW_017,J_00108,normal,1.0,49.81477815667769,0.9057232392123217,114573.98976035869
16.1604,107.698,16.341878021653464,107.73230095956784,BASE_4,COW_017,J_00109,residential,3.7,27.03146853584163,0.4914812461062114,62172.377632435746
16.1604,107.698,16.310138893373413,107.08295978611184,BASE_4,COW_017,J_00110,residential,2.2,131.79004129680084,2.3961825690327423,303117.0949826419
16.1604,107.698,16.472873908455245,107.6106799943142,BASE_4,COW_018,J_00000,residential,9.7,46.74762204911851,0.7791270341519752,107519.53071297257
16.1604,107.698,16.45396757555403,107.61918797095066,BASE_4,COW_018,J_00001,residential,7.2,44.05034248739112,0.734172374789852,101315.78772099958
16.1604,107.698,16.47154095544053,107.55669854007874,BASE_4,COW_018,J_00002,residential,5.7,51.11586503997163,0.8519310839995272,117566.48959193475
16.1604,107.698,16.463456332330566,107.5546957781065,BASE_4,COW_018,J_00003,residential,5.7,49.95209107127686,0.8325348511879477,114889.80946393678
16.1604,107.698,16.490724152243274,107.5839987846654,BASE_4,COW_018,J_00004,residential,2.2,50.16826329831136,0.8361377216385226,115387.00558611612
16.1604,107.698,16.468886116113154,107.5392851750938,BASE_4,COW_018,J_00005,residential,3.7,52.416074446765,0.8736012407794167,120556.97122755951
16.1604,107.698,16.459945898804236,107.55707170860308,BASE_4,COW_018,J_00006,residential,5.7,49.49138108922673,0.8248563514871121,113830.17650522148
16.1604,107.698,16.448139316005754,107.62900374280078,BASE_4,COW_018,J_00007,residential,4.7,42.71274988621868,0.7118791647703113,98239.32473830297
16.1604,107.698,16.50770560492689,107.5513454513049,BASE_4,COW_018,J_00008,residential,2.2,53.302443844770465,0.8883740640795078,122595.62084297207
16.1604,107.698,16.535924521807456,107.68855230948328,BASE_4,COW_018,J_00009,normal,1.0,54.41771424313934,0.9069619040523224,125160.74275922049
16.1604,107.698,16.550328251701867,107.62620844418208,BASE_4,COW_018,J_00010,residential,2.2,55.632178659359624,0.9272029776559937,127954.01091652714
16.1604,107.698,16.559754907577233,107.61871360688176,BASE_4,COW_018,J_00011,residential,2.2,57.045072385701786,0.9507512064283631,131203.6664871141
16.1604,107.698,16.523274223294226,107.69330456813202,BASE_4,COW_018,J_00012,normal,1.0,53.04859643535294,0.884143273922549,122011.77180131177
16.1604,107.698,16.273160931116365,107.87468923427582,BASE_4,COW_018,J_00013,hospitals,6.0,39.78388914899534,0.6630648191499223,91502.94504268929
16.1604,107.698,16.52305861296173,107.70145268388114,BASE_4,COW_018,J_00014,normal,1.0,52.42030692841973,0.8736717821403288,120566.70593536537
16.1604,107.698,16.561389109775824,107.60322552654831,BASE_4,COW_018,J_00015,residential,2.2,57.0299359723136,0.9504989328718934,131168.85273632128
16.1604,107.698,16.53350103835496,107.54083599980493,BASE_4,COW_018,J_00016,residential,2.2,57.995711655134734,0.9665951942522456,133390.1368068099
16.1604,107.698,16.54518944601392,107.42752759281646,BASE_4,COW_018,J_00017,residential,3.7,66.33357681020665,1.1055596135034442,152567.2266634753
16.1604,107.698,16.516409753854667,107.71063204761622,BASE_4,COW_018,J_00018,normal,1.0,51.11134513807087,0.8518557523011812,117556.093817563
16.1604,107.698,16.246653516500725,107.24686057726342,BASE_4,COW_018,J_00019,residential,2.2,95.57527572979255,1.5929212621632092,219823.13417852286
16.1604,107.698,16.450794259691136,107.72511393206908,BASE_4,COW_018,J_00020,residential,5.7,41.71816379713956,0.695302729952326,95951.776733421
16.1604,107.698,16.511533614699083,107.71541068050291,BASE_4,COW_018,J_00021,normal,1.0,50.53584509342698,0.8422640848904497,116232.44371488204
16.1604,107.698,16.470087079506218,107.63918470164964,BASE_4,COW_018,J_00022,residential,4.7,44.204560594487056,0.7367426765747843,101670.48936732023
16.1604,107.698,16.442016856115924,107.72822832866149,BASE_4,COW_018,J_00023,residential,5.7,40.280242117377924,0.6713373686229654,92644.55686996922
16.1604,107.698,16.506029242964782,107.62567129678769,BASE_4,COW_018,J_00024,residential,2.2,49.60580681951647,0.8267634469919412,114093.35568488788
16.1604,107.698,16.579685501922715,107.58736154579384,BASE_4,COW_018,J_00025,residential,2.2,59.86407835646547,0.9977346392744245,137687.38021987057
16.1604,107.698,16.66393035346636,107.35559637793077,BASE_4,COW_018,J_00026,residential,2.2,83.47527429529978,1.3912545715883298,191993.1308791895
16.1604,107.698,16.438453094761204,107.73677161213271,BASE_4,COW_018,J_00027,residential,5.7,39.37935988006276,0.6563226646677126,90572.52772414434
16.1604,107.698,16.248164304494374,107.23238633470594,BASE_4,COW_018,J_00028,residential,2.2,98.37816510473138,1.6396360850788563,226269.77974088216
16.1604,107.698,16.467401830416172,107.74412044338574,BASE_4,COW_018,J_00029,residential,3.7,43.422753448247285,0.7237125574707881,99872.33293096875
16.1604,107.698,16.22769573648302,108.07312412860249,BASE_4,COW_018,J_00030,hospitals,6.0,67.7721995654404,1.1295366594240066,155876.05900051293
16.1604,107.698,16.6567619206231,107.3495614668992,BASE_4,COW_018,J_00031,residential,2.2,82.01549381516824,1.3669248969194707,188635.63577488696
16.1604,107.698,16.23642580060988,107.25634003768069,BASE_4,COW_018,J_00032,residential,2.2,94.01900883337257,1.5669834805562095,216243.7203167569
16.1604,107.698,16.649846477639887,107.33861595874995,BASE_4,COW_018,J_00033,residential,2.2,84.28766707817638,1.4047944513029398,193861.63427980567
16.1604,107.698,16.582166947493878,107.35875602850297,BASE_4,COW_018,J_00034,residential,3.7,74.76467072895305,1.2460778454825507,171958.74267659202
16.1604,107.698,16.54268106207316,107.42173424731372,BASE_4,COW_018,J_00035,residential,3.7,67.30893650669921,1.1218156084449868,154810.55396540818
16.1604,107.698,16.63762488123805,107.42379895451036,BASE_4,COW_018,J_00036,residential,2.2,74.76443681660494,1.2460739469434157,171958.20467819137
16.1604,107.698,16.161742476623008,107.72726450231792,BASE_4,COW_018,J_00037,residential,5.2,4.473945377174039,0.07456575628623399,10290.07436750029
16.1604,107.698,16.4617079129225,107.7055620386572,BASE_4,COW_018,J_00038,residential,8.7,40.96097720530505,0.6826829534217508,94210.24757220161
16.1604,107.698,16.672385358081804,107.36627022634389,BASE_4,COW_018,J_00039,residential,2.2,82.29800318373158,1.3716333863955263,189285.40732258264
16.1604,107.698,16.659521457681674,107.4522269483472,BASE_4,COW_018,J_00040,residential,2.2,77.8448318328701,1.2974138638811683,179043.11321560122
16.1604,107.698,16.66522777932196,107.36875091304154,BASE_4,COW_018,J_00041,residential,2.2,81.68601512849118,1.361433585474853,187877.83479552972
16.1604,107.698,16.660820621499212,107.38427458078796,BASE_4,COW_018,J_00042,residential,2.2,79.85037801641901,1.3308396336069837,183655.86943776373
16.1604,107.698,16.62511390305801,107.5150854990652,BASE_4,COW_018,J_00043,residential,2.2,70.06305935533447,1.1677176559222413,161145.0365172693
16.1604,107.698,16.59440422417168,107.38514305632124,BASE_4,COW_018,J_00044,residential,3.7,74.29117222188312,1.238186203698052,170869.69611033116
16.1604,107.698,16.290663014244483,107.98452104257804,BASE_4,COW_018,J_00045,residential,2.2,54.653674153015366,0.9108945692169228,125703.45055193534
16.1604,107.698,16.633195073021646,107.507332913964,BASE_4,COW_018,J_00046,residential,2.2,71.0371779025854,1.18395296504309,163385.5091759464
16.1604,107.698,16.64547217362694,107.47963578206634,BASE_4,COW_018,J_00047,residential,2.2,74.51590991544228,1.241931831924038,171386.59280551726
16.1604,107.698,16.275156728172423,107.9790458824707,BASE_4,COW_018,J_00048,residential,2.2,52.30001437937378,0.8716669063228963,120290.03307255969
16.1604,107.698,16.34363572772629,107.9189163333372,BASE_4,COW_018,J_00049,residential,3.7,52.17738302543857,0.8696230504239763,120007.98095850872
16.1604,107.698,16.570555932832004,107.34394499346718,BASE_4,COW_018,J_00050,residential,2.2,77.04283294936748,1.2840472158227914,177198.5157835452
16.1604,107.698,16.50665956554493,107.64903907436688,BASE_4,COW_018,J_00051,residential,2.2,49.87511588277103,0.8312519313795171,114712.76653037337
16.1604,107.698,16.448260129769277,107.64861740367776,BASE_4,COW_018,J_00052,normal,1.0,41.0447399408367,0.684078999013945,94402.9018639244
16.1604,107.698,16.664330238141044,107.44405209681626,BASE_4,COW_018,J_00053,residential,2.2,78.86122593285623,1.3143537655476039,181380.81964556934
16.1604,107.698,16.710100944408335,107.36367785595424,BASE_4,COW_018,J_00054,residential,2.2,87.34982340879,1.4558303901465,200904.593840217
16.1604,107.698,16.480897966159755,107.68092090339064,BASE_4,COW_018,J_00055,normal,1.0,44.61848647902103,0.7436414413170171,102622.51890174836
16.1604,107.698,16.14765835550746,107.73729962770445,BASE_4,COW_018,J_00056,residential,2.2,6.582304796994355,0.10970507994990591,15139.301033087017
16.1604,107.698,16.373443668977306,107.85603136854854,BASE_4,COW_018,J_00057,normal,1.0,51.19537344785953,0.8532562241309922,117749.35893007692
16.1604,107.698,16.236211589375223,107.22393073902197,BASE_4,COW_018,J_00058,residential,2.2,98.61847103103982,1.6436411838506637,226822.48337139157
16.1604,107.698,16.410861708638596,107.70818685325207,BASE_4,COW_018,J_00059,residential,2.2,34.921799053700475,0.5820299842283413,80320.13782351109
16.1604,107.698,16.421865835419105,107.82715158327233,BASE_4,COW_018,J_00060,normal,1.0,45.925253868239025,0.7654208978039837,105628.08389694976
16.1604,107.698,16.307299072885844,107.99887024033504,BASE_4,COW_018,J_00061,residential,2.2,56.11059702229309,0.9351766170382182,129054.3731512741
16.1604,107.698,16.125824585720828,107.33690100951722,BASE_4,COW_018,J_00062,residential,4.2,107.59468932141523,1.7932448220235873,247467.78543925504
16.1604,107.698,16.11106359177746,107.3459286850522,BASE_4,COW_018,J_00063,residential,4.2,109.27573476161126,1.8212622460268544,251334.1899517059
16.1604,107.698,16.397552183845967,107.73878502140444,BASE_4,COW_018,J_00064,residential,2.2,33.1081391710571,0.5518023195176183,76148.72009343133
16.1604,107.698,16.282173515285585,108.00397198020616,BASE_4,COW_018,J_00065,normal,1.0,55.74545071928259,0.9290908453213764,128214.53665434995
16.1604,107.698,16.313228802378926,108.00400545253144,BASE_4,COW_018,J_00066,residential,2.2,57.082455450667915,0.9513742575111319,131289.6475365362
16.1604,107.698,16.096950630612657,107.33875248677712,BASE_4,COW_018,J_00067,residential,4.2,110.6803172036389,1.8446719533939815,254564.72956836945
16.1604,107.698,16.393605717506578,107.47491737817752,BASE_4,COW_018,J_00068,normal,1.0,57.27478741390163,0.9545797902316938,131732.01105197374
16.1604,107.698,16.586617352569917,107.32618309940084,BASE_4,COW_018,J_00069,residential,2.2,81.99957255683752,1.3666595426139587,188599.0168807263
16.1604,107.698,16.271244454586103,108.00910347085969,BASE_4,COW_018,J_00070,normal,1.0,55.25148830371696,0.9208581383952826,127078.42309854901
16.1604,107.698,16.30225806317275,107.20372544535816,BASE_4,COW_018,J_00071,residential,2.2,102.82992166929876,1.713832027821646,236508.81983938714
16.1604,107.698,16.402115481041722,107.47520524289446,BASE_4,COW_018,J_00072,normal,1.0,57.43387856275286,0.9572313093792143,132097.92069433158
16.1604,107.698,16.52378765566236,107.3139491709039,BASE_4,COW_018,J_00073,residential,2.2,73.04545486831586,1.2174242478052644,168004.54619712647
16.1604,107.698,16.086551495132397,107.35884214702251,BASE_4,COW_018,J_00074,residential,2.2,112.62641723343089,1.8771069538905147,259040.75963689105
16.1604,107.698,16.523931313921075,107.32725410709553,BASE_4,COW_018,J_00075,residential,2.2,71.20036121124095,1.1866726868540158,163760.83078585417
16.1604,107.698,16.480643081216858,107.47700505517273,BASE_4,COW_018,J_00076,normal,1.0,54.13252333643881,0.9022087222739802,124504.80367380926
16.1604,107.698,16.535483366486226,107.31505993488494,BASE_4,COW_018,J_00077,residential,2.2,74.9042962477682,1.2484049374628035,172279.88136986687
16.1604,107.698,16.381819827596345,107.05380788572604,BASE_4,COW_018,J_00078,residential,2.2,128.71364512257733,2.1452274187096223,296041.38378192787
16.1604,107.698,16.327586846766124,107.17172432241124,BASE_4,COW_018,J_00079,residential,2.2,107.44958797448339,1.79082646624139,247134.0523413118
16.1604,107.698,16.367586886950164,107.12413208129658,BASE_4,COW_018,J_00080,residential,2.2,114.64374285394207,1.9107290475657013,263680.60856406676
16.1604,107.698,16.517165018434337,107.2838374887184,BASE_4,COW_018,J_00081,residential,2.2,76.91301149951757,1.2818835249919593,176899.92644889042
16.1604,107.698,16.438981227586616,107.5139975441275,BASE_4,COW_018,J_00082,normal,1.0,49.2557459823309,0.820929099705515,113288.21575936108
16.1604,107.698,16.312890221356728,108.01470279736397,BASE_4,COW_018,J_00083,residential,2.2,58.429553047496704,0.9738258841249451,134387.97200924242
16.1604,107.698,16.216133505596858,108.06041050509896,BASE_4,COW_018,J_00084,normal,1.0,70.02374262189318,1.167062377031553,161054.6080303543
16.1604,107.698,16.330519603057706,107.61988581167678,BASE_4,COW_018,J_00085,normal,1.0,38.68832599738923,0.6448054332898204,88983.14979399522
16.1604,107.698,16.32326506375919,107.92873922428788,BASE_4,COW_018,J_00086,residential,3.7,49.64707639360605,0.8274512732267675,114188.27570529391
16.1604,107.698,16.358389326577083,107.03428028491932,BASE_4,COW_018,J_00087,residential,2.2,74.19202222516638,1.236533703752773,170641.6511178827
16.1604,107.698,16.272059177144055,108.03095994999136,BASE_4,COW_018,J_00088,normal,1.0,58.016127329364394,0.9669354554894066,133437.0928575381
16.1604,107.698,16.299009021086444,107.34745474017085,BASE_4,COW_018,J_00089,residential,2.2,74.75508538889761,1.2459180898149602,171936.6963944645
16.1604,107.698,16.289493969176597,107.38769133922136,BASE_4,COW_018,J_00090,residential,2.2,70.1855728854944,1.1697595480915732,161426.8176366371
16.1604,107.698,16.274536262786913,107.7786320156488,BASE_4,COW_018,J_00091,normal,1.0,26.91427644846623,0.4485712741411038,61902.83583147232
16.1604,107.698,16.37762949107703,107.59628086752136,BASE_4,COW_018,J_00092,normal,1.0,43.88237046852041,0.7313728411420068,100929.45207759696
16.1604,107.698,16.392506992461776,107.68160012426344,BASE_4,COW_018,J_00093,normal,1.0,36.470654198165214,0.6078442366360869,83882.50465578
16.1604,107.698,16.291495847254687,107.78281049017544,BASE_4,COW_018,J_00094,normal,1.0,29.662406883965403,0.49437344806609007,68223.53583312043
16.1604,107.698,16.262949238810066,107.68704525300502,BASE_4,COW_018,J_00095,normal,1.0,17.066809050378215,0.2844468175063036,39253.660815869895
16.1604,107.698,16.370696626026824,107.74702732165454,BASE_4,COW_018,J_00096,normal,1.0,31.027525609301517,0.5171254268216919,71363.3089013935
16.1604,107.698,16.14425462175665,107.75122345243598,BASE_4,COW_018,J_00097,residential,2.2,8.283784711377853,0.13806307852296423,19052.70483616906
16.1604,107.698,16.592471780445756,107.3124838483418,BASE_4,COW_018,J_00098,residential,2.2,84.95572923010482,1.415928820501747,195398.1772292411
16.1604,107.698,16.730071045230396,107.4000535954682,BASE_4,COW_018,J_00099,residential,2.2,87.86062733468675,1.464343788911446,202079.44286977954
16.1604,107.698,16.113219935355232,107.63177648157864,BASE_4,COW_018,J_00100,normal,1.0,13.94246105797829,0.23237435096630485,32067.66043335007
16.1604,107.698,16.371149471798947,107.7561813090597,BASE_4,COW_018,J_00101,normal,1.0,32.86603990910036,0.5477673318183393,75591.89179093082
16.1604,107.698,16.31521698231939,107.71719159344256,BASE_4,COW_018,J_00102,normal,1.0,22.04754787531951,0.36745913125532514,50709.36011323487
16.1604,107.698,16.31007366662314,107.75139680413022,BASE_4,COW_018,J_00103,residential,3.7,26.495402370245767,0.4415900395040961,60939.425451565265
16.1604,107.698,16.350004077412255,107.686440633005,BASE_4,COW_018,J_00104,normal,1.0,31.852439556907164,0.5308739926151194,73260.61098088647
16.1604,107.698,16.329646285748634,107.41288768408508,BASE_4,COW_018,J_00105,residential,2.2,63.44574670959837,1.0574291118266395,145925.21743207626
16.1604,107.698,16.381411409546235,107.6209067584559,BASE_4,COW_018,J_00106,normal,1.0,34.034530982388524,0.5672421830398088,78279.42125949361
16.1604,107.698,16.352378211756804,107.48687496708726,BASE_4,COW_018,J_00107,normal,1.0,52.700241271208434,0.8783373545201406,121210.5549237794
16.1604,107.698,16.356730759468014,107.53688054729449,BASE_4,COW_018,J_00108,normal,1.0,49.81477815667769,0.8302463026112948,114573.98976035869
16.1604,107.698,16.341878021653464,107.73230095956784,BASE_4,COW_018,J_00109,residential,3.7,27.03146853584163,0.4505244755973605,62172.377632435746
16.1604,107.698,16.310138893373413,107.08295978611184,BASE_4,COW_018,J_00110,residential,2.2,131.79004129680084,2.1965006882800138,303117.0949826419
16.585,107.4884,16.472873908455245,107.6106799943142,BASE_5,COW_019,J_00000,residential,9.7,22.06426176222267,0.4412852352444534,50747.802053112144
16.585,107.4884,16.45396757555403,107.61918797095066,BASE_5,COW_019,J_00001,residential,7.2,23.22376347003699,0.4644752694007398,53414.655981085074
16.585,107.4884,16.47154095544053,107.55669854007874,BASE_5,COW_019,J_00002,residential,5.7,17.65318561038861,0.3530637122077722,40602.32690389381
16.585,107.4884,16.463456332330566,107.5546957781065,BASE_5,COW_019,J_00003,residential,5.7,18.816959579083402,0.37633919158166806,43279.00703189182
16.585,107.4884,16.490724152243274,107.5839987846654,BASE_5,COW_019,J_00004,residential,2.2,17.483555950514855,0.3496711190102971,40212.17868618417
16.585,107.4884,16.468886116113154,107.5392851750938,BASE_5,COW_019,J_00005,residential,3.7,17.904376268721364,0.3580875253744273,41180.06541805914
16.585,107.4884,16.459945898804236,107.55707170860308,BASE_5,COW_019,J_00006,residential,5.7,19.277669561133546,0.3855533912226709,44338.63999060715
16.585,107.4884,16.448139316005754,107.62900374280078,BASE_5,COW_019,J_00007,residential,4.7,24.69874249570675,0.493974849914135,56807.107740125524
16.585,107.4884,16.50770560492689,107.5513454513049,BASE_5,COW_019,J_00008,residential,2.2,12.803183213561395,0.2560636642712279,29447.32139119121
16.585,107.4884,16.535924521807456,107.68855230948328,BASE_5,COW_019,J_00009,normal,1.0,29.27252350496695,0.585450470099339,67326.80406142399
16.585,107.4884,16.550328251701867,107.62620844418208,BASE_5,COW_019,J_00010,residential,2.2,19.213778850757848,0.38427557701515697,44191.69135674305
16.585,107.4884,16.559754907577233,107.61871360688176,BASE_5,COW_019,J_00011,residential,2.2,20.626672577100017,0.41253345154200033,47441.346927330036
16.585,107.4884,16.523274223294226,107.69330456813202,BASE_5,COW_019,J_00012,normal,1.0,30.777313149226718,0.6155462629845343,70787.82024322145
16.585,107.4884,16.273160931116365,107.87468923427582,BASE_5,COW_019,J_00013,hospitals,6.0,58.62298982578708,1.1724597965157415,134832.8765993103
16.585,107.4884,16.52305861296173,107.70145268388114,BASE_5,COW_019,J_00014,normal,1.0,31.225966158746065,0.6245193231749213,71819.72216511595
16.585,107.4884,16.561389109775824,107.60322552654831,BASE_5,COW_019,J_00015,residential,2.2,16.2603417964485,0.32520683592897,37398.78613183155
16.585,107.4884,16.53350103835496,107.54083599980493,BASE_5,COW_019,J_00016,residential,2.2,10.183469831957636,0.2036693966391527,23421.98061350256
16.585,107.4884,16.54518944601392,107.42752759281646,BASE_5,COW_019,J_00017,residential,3.7,11.702550972935853,0.23405101945871706,26915.867237752464
16.585,107.4884,16.516409753854667,107.71063204761622,BASE_5,COW_019,J_00018,normal,1.0,32.4704298506488,0.6494085970129759,74681.98865649223
16.585,107.4884,16.246653516500725,107.24686057726342,BASE_5,COW_019,J_00019,residential,2.2,77.3592588872969,1.547185177745938,177926.29544078288
16.585,107.4884,16.450794259691136,107.72511393206908,BASE_5,COW_019,J_00020,residential,5.7,35.673378084885556,0.7134675616977111,82048.76959523678
16.585,107.4884,16.511533614699083,107.71541068050291,BASE_5,COW_019,J_00021,normal,1.0,33.25657801283289,0.6651315602566578,76490.12942951564
16.585,107.4884,16.470087079506218,107.63918470164964,BASE_5,COW_019,J_00022,residential,4.7,25.82961900690833,0.5165923801381667,59408.12371588916
16.585,107.4884,16.442016856115924,107.72822832866149,BASE_5,COW_019,J_00023,residential,5.7,35.623934619900595,0.7124786923980119,81935.04962577137
16.585,107.4884,16.506029242964782,107.62567129678769,BASE_5,COW_019,J_00024,residential,2.2,22.89445724786472,0.45788914495729444,52657.25167008886
16.585,107.4884,16.579685501922715,107.58736154579384,BASE_5,COW_019,J_00025,residential,2.2,13.2614489405588,0.265228978811176,30501.33256328524
16.585,107.4884,16.66393035346636,107.35559637793077,BASE_5,COW_019,J_00026,residential,2.2,18.945802969366174,0.3789160593873235,43575.3468295422
16.585,107.4884,16.438453094761204,107.73677161213271,BASE_5,COW_019,J_00027,residential,5.7,36.64814932934644,0.7329629865869287,84290.7434574968
16.585,107.4884,16.248164304494374,107.23238633470594,BASE_5,COW_019,J_00028,residential,2.2,80.16214826223573,1.6032429652447147,184372.9410031422
16.585,107.4884,16.467401830416172,107.74412044338574,BASE_5,COW_019,J_00029,residential,3.7,37.74311445322905,0.754862289064581,86809.1632424268
16.585,107.4884,16.22769573648302,108.07312412860249,BASE_5,COW_019,J_00030,hospitals,6.0,86.61130024223195,1.732226004844639,199205.99055713348
16.585,107.4884,16.6567619206231,107.3495614668992,BASE_5,COW_019,J_00031,residential,2.2,19.406385704361533,0.3881277140872307,44634.68712003153
16.585,107.4884,16.23642580060988,107.25634003768069,BASE_5,COW_019,J_00032,residential,2.2,75.80299199087692,1.5160598398175384,174346.88157901692
16.585,107.4884,16.649846477639887,107.33861595874995,BASE_5,COW_019,J_00033,residential,2.2,21.80223555186963,0.43604471103739256,50145.14176930015
16.585,107.4884,16.582166947493878,107.35875602850297,BASE_5,COW_019,J_00034,residential,3.7,19.19763670446692,0.3839527340893384,44154.56442027391
16.585,107.4884,16.54268106207316,107.42173424731372,BASE_5,COW_019,J_00035,residential,3.7,12.67791066942841,0.2535582133885682,29159.194539685344
16.585,107.4884,16.63762488123805,107.42379895451036,BASE_5,COW_019,J_00036,residential,2.2,10.234965490671419,0.20469930981342838,23540.420628544263
16.585,107.4884,16.161742476623008,107.72726450231792,BASE_5,COW_019,J_00037,residential,5.2,65.56684539920045,1.311336907984009,150803.74441816102
16.585,107.4884,16.4617079129225,107.7055620386572,BASE_5,COW_019,J_00038,residential,8.7,31.71435867433223,0.6342871734866447,72943.02495096413
16.585,107.4884,16.672385358081804,107.36627022634389,BASE_5,COW_019,J_00039,residential,2.2,17.76853185779794,0.3553706371559588,40867.623272935256
16.585,107.4884,16.659521457681674,107.4522269483472,BASE_5,COW_019,J_00040,residential,2.2,14.474607878551254,0.2894921575710251,33291.598120667884
16.585,107.4884,16.66522777932196,107.36875091304154,BASE_5,COW_019,J_00041,residential,2.2,17.156543802557515,0.3431308760511503,39460.05074588228
16.585,107.4884,16.660820621499212,107.38427458078796,BASE_5,COW_019,J_00042,residential,2.2,15.320906690485367,0.30641813380970734,35238.08538811634
16.585,107.4884,16.62511390305801,107.5150854990652,BASE_5,COW_019,J_00043,residential,2.2,22.339985412507165,0.4467997082501433,51381.96644876648
16.585,107.4884,16.59440422417168,107.38514305632124,BASE_5,COW_019,J_00044,residential,3.7,14.027912134889702,0.28055824269779406,32264.197910246316
16.585,107.4884,16.290663014244483,107.98452104257804,BASE_5,COW_019,J_00045,residential,2.2,73.4927748298071,1.4698554965961421,169033.38210855634
16.585,107.4884,16.633195073021646,107.507332913964,BASE_5,COW_019,J_00046,residential,2.2,21.418494065391837,0.4283698813078367,49262.53635040123
16.585,107.4884,16.64547217362694,107.47963578206634,BASE_5,COW_019,J_00047,residential,2.2,17.80352979597905,0.35607059591958096,40948.11853075181
16.585,107.4884,16.275156728172423,107.9790458824707,BASE_5,COW_019,J_00048,residential,2.2,71.13911505616555,1.422782301123311,163619.96462918076
16.585,107.4884,16.34363572772629,107.9189163333372,BASE_5,COW_019,J_00049,residential,3.7,62.732176745760164,1.2546435349152032,144284.0065152484
16.585,107.4884,16.570555932832004,107.34394499346718,BASE_5,COW_019,J_00050,residential,2.2,21.52597341653729,0.43051946833074584,49509.738858035766
16.585,107.4884,16.50665956554493,107.64903907436688,BASE_5,COW_019,J_00051,residential,2.2,25.778161439281703,0.5155632287856341,59289.77131034792
16.585,107.4884,16.448260129769277,107.64861740367776,BASE_5,COW_019,J_00052,normal,1.0,28.346140669883972,0.5669228133976795,65196.12354073313
16.585,107.4884,16.664330238141044,107.44405209681626,BASE_5,COW_019,J_00053,residential,2.2,14.520015742509607,0.29040031485019213,33396.03620777209
16.585,107.4884,16.710100944408335,107.36367785595424,BASE_5,COW_019,J_00054,residential,2.2,22.80894351662865,0.456178870332573,52460.57008824589
16.585,107.4884,16.480897966159755,107.68092090339064,BASE_5,COW_019,J_00055,normal,1.0,28.084972810138595,0.561699456202772,64595.43746331877
16.585,107.4884,16.14765835550746,107.73729962770445,BASE_5,COW_019,J_00056,residential,2.2,67.67520481902078,1.3535040963804155,155652.97108374778
16.585,107.4884,16.373443668977306,107.85603136854854,BASE_5,COW_019,J_00057,normal,1.0,54.478759612007835,1.0895751922401566,125301.14710761802
16.585,107.4884,16.236211589375223,107.22393073902197,BASE_5,COW_019,J_00058,residential,2.2,80.40245418854417,1.6080490837708834,184925.6446336516
16.585,107.4884,16.410861708638596,107.70818685325207,BASE_5,COW_019,J_00059,residential,2.2,35.00765233285268,0.7001530466570536,80517.60036556116
16.585,107.4884,16.421865835419105,107.82715158327233,BASE_5,COW_019,J_00060,normal,1.0,49.20864003238733,0.9841728006477466,113179.87207449086
16.585,107.4884,16.307299072885844,107.99887024033504,BASE_5,COW_019,J_00061,residential,2.2,74.94969769908488,1.4989939539816977,172384.30470789524
16.585,107.4884,16.125824585720828,107.33690100951722,BASE_5,COW_019,J_00062,residential,4.2,89.37867247891958,1.7875734495783917,205570.94670151503
16.585,107.4884,16.11106359177746,107.3459286850522,BASE_5,COW_019,J_00063,residential,4.2,91.05971791911561,1.8211943583823123,209437.3512139659
16.585,107.4884,16.397552183845967,107.73878502140444,BASE_5,COW_019,J_00064,residential,2.2,38.97895478654564,0.7795790957309129,89651.59600905498
16.585,107.4884,16.282173515285585,108.00397198020616,BASE_5,COW_019,J_00065,normal,1.0,74.58455139607435,1.491691027921487,171544.46821097098
16.585,107.4884,16.313228802378926,108.00400545253144,BASE_5,COW_019,J_00066,residential,2.2,75.92155612745967,1.5184311225491933,174619.57909315723
16.585,107.4884,16.096950630612657,107.33875248677712,BASE_5,COW_019,J_00067,residential,4.2,92.46430036114323,1.8492860072228645,212667.89083062942
16.585,107.4884,16.393605717506578,107.47491737817752,BASE_5,COW_019,J_00068,normal,1.0,27.489758527225796,0.5497951705445159,63226.44461261933
16.585,107.4884,16.586617352569917,107.32618309940084,BASE_5,COW_019,J_00069,residential,2.2,26.061224592596147,0.521224491851923,59940.81656297114
16.585,107.4884,16.271244454586103,108.00910347085969,BASE_5,COW_019,J_00070,normal,1.0,74.09058898050874,1.4818117796101749,170408.35465517011
16.585,107.4884,16.30225806317275,107.20372544535816,BASE_5,COW_019,J_00071,residential,2.2,84.61390482680311,1.6922780965360622,194611.98110164714
16.585,107.4884,16.402115481041722,107.47520524289446,BASE_5,COW_019,J_00072,normal,1.0,26.166262210578022,0.5233252442115605,60182.40308432945
16.585,107.4884,16.52378765566236,107.3139491709039,BASE_5,COW_019,J_00073,residential,2.2,26.020914930618765,0.5204182986123753,59848.10434042316
16.585,107.4884,16.086551495132397,107.35884214702251,BASE_5,COW_019,J_00074,residential,2.2,94.41040039093524,1.8882080078187047,217143.92089915104
16.585,107.4884,16.523931313921075,107.32725410709553,BASE_5,COW_019,J_00075,residential,2.2,25.392219960168664,0.5078443992033733,58402.10590838792
16.585,107.4884,16.480643081216858,107.47700505517273,BASE_5,COW_019,J_00076,normal,1.0,41.176031122376386,0.8235206224475278,94704.87158146569
16.585,107.4884,16.535483366486226,107.31505993488494,BASE_5,COW_019,J_00077,residential,2.2,26.268296027220256,0.5253659205444051,60417.080862606585
16.585,107.4884,16.381819827596345,107.05380788572604,BASE_5,COW_019,J_00078,residential,2.2,110.49762828008168,2.209952565601634,254144.54504418786
16.585,107.4884,16.327586846766124,107.17172432241124,BASE_5,COW_019,J_00079,residential,2.2,89.23357113198774,1.7846714226397549,205237.2136035718
16.585,107.4884,16.367586886950164,107.12413208129658,BASE_5,COW_019,J_00080,residential,2.2,96.42772601144641,1.9285545202289283,221783.76982632675
16.585,107.4884,16.517165018434337,107.2838374887184,BASE_5,COW_019,J_00081,residential,2.2,29.888471561820552,0.597769431236411,68743.48459218728
16.585,107.4884,16.438981227586616,107.5139975441275,BASE_5,COW_019,J_00082,normal,1.0,19.08197814678487,0.3816395629356974,43888.5497376052
16.585,107.4884,16.312890221356728,108.01470279736397,BASE_5,COW_019,J_00083,residential,2.2,77.26865372428846,1.5453730744857692,177717.90356586344
16.585,107.4884,16.216133505596858,108.06041050509896,BASE_5,COW_019,J_00084,normal,1.0,88.8628432986848,1.7772568659736958,204384.53958697504
16.585,107.4884,16.330519603057706,107.61988581167678,BASE_5,COW_019,J_00085,normal,1.0,40.73190754485222,0.8146381508970444,93683.3873531601
16.585,107.4884,16.32326506375919,107.92873922428788,BASE_5,COW_019,J_00086,residential,3.7,65.62122595157146,1.3124245190314292,150928.81968861437
16.585,107.4884,16.358389326577083,107.03428028491932,BASE_5,COW_019,J_00087,residential,2.2,54.587208827902906,1.0917441765580582,125550.58030417668
16.585,107.4884,16.272059177144055,108.03095994999136,BASE_5,COW_019,J_00088,normal,1.0,76.85522800615612,1.5371045601231226,176767.0244141591
16.585,107.4884,16.299009021086444,107.34745474017085,BASE_5,COW_019,J_00089,residential,2.2,56.53906854640195,1.130781370928039,130039.85765672449
16.585,107.4884,16.289493969176597,107.38769133922136,BASE_5,COW_019,J_00090,residential,2.2,51.96955604299875,1.0393911208599749,119529.97889889711
16.585,107.4884,16.274536262786913,107.7786320156488,BASE_5,COW_019,J_00091,normal,1.0,51.7594962521288,1.035189925042576,119046.84137989624
16.585,107.4884,16.37762949107703,107.59628086752136,BASE_5,COW_019,J_00092,normal,1.0,31.317561689159994,0.6263512337831999,72030.39188506799
16.585,107.4884,16.392506992461776,107.68160012426344,BASE_5,COW_019,J_00093,normal,1.0,33.665583683356886,0.6733116736671377,77430.84247172084
16.585,107.4884,16.291495847254687,107.78281049017544,BASE_5,COW_019,J_00094,normal,1.0,49.708575253397946,0.9941715050679589,114329.72308281528
16.585,107.4884,16.262949238810066,107.68704525300502,BASE_5,COW_019,J_00095,normal,1.0,53.67844892495099,1.0735689784990199,123460.43252738728
16.585,107.4884,16.370696626026824,107.74702732165454,BASE_5,COW_019,J_00096,normal,1.0,40.57806330401603,0.8115612660803205,93329.54559923687
16.585,107.4884,16.14425462175665,107.75122345243598,BASE_5,COW_019,J_00097,residential,2.2,69.37668473340429,1.3875336946680858,159566.37488682987
16.585,107.4884,16.592471780445756,107.3124838483418,BASE_5,COW_019,J_00098,residential,2.2,29.017381265863317,0.5803476253172664,66739.97691148563
16.585,107.4884,16.730071045230396,107.4000535954682,BASE_5,COW_019,J_00099,residential,2.2,23.990866429094197,0.4798173285818839,55178.99278691666
16.585,107.4884,16.113219935355232,107.63177648157864,BASE_5,COW_019,J_00100,normal,1.0,78.72091322263765,1.574418264452753,181058.1004120666
16.585,107.4884,16.371149471798947,107.7561813090597,BASE_5,COW_019,J_00101,normal,1.0,42.41657760381485,0.8483315520762971,97558.12848877416
16.585,107.4884,16.31521698231939,107.71719159344256,BASE_5,COW_019,J_00102,normal,1.0,44.64901277039026,0.8929802554078051,102692.72937189759
16.585,107.4884,16.31007366662314,107.75139680413022,BASE_5,COW_019,J_00103,residential,3.7,46.121262294973285,0.9224252458994657,106078.90327843855
16.585,107.4884,16.350004077412255,107.686440633005,BASE_5,COW_019,J_00104,normal,1.0,40.05622225026946,0.8011244450053892,92129.31117561975
16.585,107.4884,16.329646285748634,107.41288768408508,BASE_5,COW_019,J_00105,residential,2.2,45.22972986710272,0.9045945973420544,104028.37869433625
16.585,107.4884,16.381411409546235,107.6209067584559,BASE_5,COW_019,J_00106,normal,1.0,32.88398413492222,0.6576796826984445,75633.16351032112
16.585,107.4884,16.352378211756804,107.48687496708726,BASE_5,COW_019,J_00107,normal,1.0,35.30433440139668,0.7060866880279336,81199.96912321236
16.585,107.4884,16.356730759468014,107.53688054729449,BASE_5,COW_019,J_00108,normal,1.0,35.948316108052836,0.7189663221610567,82681.12704852152
16.585,107.4884,16.341878021653464,107.73230095956784,BASE_5,COW_019,J_00109,residential,3.7,42.349886486879576,0.8469977297375916,97404.73891982302
16.585,107.4884,16.310138893373413,107.08295978611184,BASE_5,COW_019,J_00110,residential,2.2,113.57402445430507,2.2714804890861013,261220.25624490168
16.585,107.4884,16.472873908455245,107.6106799943142,BASE_5,COW_020,J_00000,residential,9.7,22.06426176222267,0.4011683956767758,50747.802053112144
16.585,107.4884,16.45396757555403,107.61918797095066,BASE_5,COW_020,J_00001,residential,7.2,23.22376347003699,0.42225024490976343,53414.655981085074
16.585,107.4884,16.47154095544053,107.55669854007874,BASE_5,COW_020,J_00002,residential,5.7,17.65318561038861,0.32096701109797476,40602.32690389381
16.585,107.4884,16.463456332330566,107.5546957781065,BASE_5,COW_020,J_00003,residential,5.7,18.816959579083402,0.3421265378015164,43279.00703189182
16.585,107.4884,16.490724152243274,107.5839987846654,BASE_5,COW_020,J_00004,residential,2.2,17.483555950514855,0.31788283546390644,40212.17868618417
16.585,107.4884,16.468886116113154,107.5392851750938,BASE_5,COW_020,J_00005,residential,3.7,17.904376268721364,0.3255341139767521,41180.06541805914
16.585,107.4884,16.459945898804236,107.55707170860308,BASE_5,COW_020,J_00006,residential,5.7,19.277669561133546,0.35050308292970084,44338.63999060715
16.585,107.4884,16.448139316005754,107.62900374280078,BASE_5,COW_020,J_00007,residential,4.7,24.69874249570675,0.44906804537648637,56807.107740125524
16.585,107.4884,16.50770560492689,107.5513454513049,BASE_5,COW_020,J_00008,residential,2.2,12.803183213561395,0.2327851493374799,29447.32139119121
16.585,107.4884,16.535924521807456,107.68855230948328,BASE_5,COW_020,J_00009,normal,1.0,29.27252350496695,0.5322277000903082,67326.80406142399
16.585,107.4884,16.550328251701867,107.62620844418208,BASE_5,COW_020,J_00010,residential,2.2,19.213778850757848,0.3493414336501427,44191.69135674305
16.585,107.4884,16.559754907577233,107.61871360688176,BASE_5,COW_020,J_00011,residential,2.2,20.626672577100017,0.37503041049272756,47441.346927330036
16.585,107.4884,16.523274223294226,107.69330456813202,BASE_5,COW_020,J_00012,normal,1.0,30.777313149226718,0.5595875118041221,70787.82024322145
16.585,107.4884,16.273160931116365,107.87468923427582,BASE_5,COW_020,J_00013,hospitals,6.0,58.62298982578708,1.0658725422870379,134832.8765993103
16.585,107.4884,16.52305861296173,107.70145268388114,BASE_5,COW_020,J_00014,normal,1.0,31.225966158746065,0.5677448392499285,71819.72216511595
16.585,107.4884,16.561389109775824,107.60322552654831,BASE_5,COW_020,J_00015,residential,2.2,16.2603417964485,0.2956425781172455,37398.78613183155
16.585,107.4884,16.53350103835496,107.54083599980493,BASE_5,COW_020,J_00016,residential,2.2,10.183469831957636,0.1851539969446843,23421.98061350256
16.585,107.4884,16.54518944601392,107.42752759281646,BASE_5,COW_020,J_00017,residential,3.7,11.702550972935853,0.21277365405337914,26915.867237752464
16.585,107.4884,16.516409753854667,107.71063204761622,BASE_5,COW_020,J_00018,normal,1.0,32.4704298506488,0.5903714518299782,74681.98865649223
16.585,107.4884,16.246653516500725,107.24686057726342,BASE_5,COW_020,J_00019,residential,2.2,77.3592588872969,1.4065319797690345,177926.29544078288
16.585,107.4884,16.450794259691136,107.72511393206908,BASE_5,COW_020,J_00020,residential,5.7,35.673378084885556,0.6486068742706464,82048.76959523678
16.585,107.4884,16.511533614699083,107.71541068050291,BASE_5,COW_020,J_00021,normal,1.0,33.25657801283289,0.6046650547787799,76490.12942951564
16.585,107.4884,16.470087079506218,107.63918470164964,BASE_5,COW_020,J_00022,residential,4.7,25.82961900690833,0.4696294364892424,59408.12371588916
16.585,107.4884,16.442016856115924,107.72822832866149,BASE_5,COW_020,J_00023,residential,5.7,35.623934619900595,0.6477079021800108,81935.04962577137
16.585,107.4884,16.506029242964782,107.62567129678769,BASE_5,COW_020,J_00024,residential,2.2,22.89445724786472,0.4162628590520859,52657.25167008886
16.585,107.4884,16.579685501922715,107.58736154579384,BASE_5,COW_020,J_00025,residential,2.2,13.2614489405588,0.24111725346470547,30501.33256328524
16.585,107.4884,16.66393035346636,107.35559637793077,BASE_5,COW_020,J_00026,residential,2.2,18.945802969366174,0.3444691448975668,43575.3468295422
16.585,107.4884,16.438453094761204,107.73677161213271,BASE_5,COW_020,J_00027,residential,5.7,36.64814932934644,0.6663299878062989,84290.7434574968
16.585,107.4884,16.248164304494374,107.23238633470594,BASE_5,COW_020,J_00028,residential,2.2,80.16214826223573,1.4574936047679223,184372.9410031422
16.585,107.4884,16.467401830416172,107.74412044338574,BASE_5,COW_020,J_00029,residential,3.7,37.74311445322905,0.6862384446041645,86809.1632424268
16.585,107.4884,16.22769573648302,108.07312412860249,BASE_5,COW_020,J_00030,hospitals,6.0,86.61130024223195,1.5747509134951263,199205.99055713348
16.585,107.4884,16.6567619206231,107.3495614668992,BASE_5,COW_020,J_00031,residential,2.2,19.406385704361533,0.35284337644293695,44634.68712003153
16.585,107.4884,16.23642580060988,107.25634003768069,BASE_5,COW_020,J_00032,residential,2.2,75.80299199087692,1.378236218015944,174346.88157901692
16.585,107.4884,16.649846477639887,107.33861595874995,BASE_5,COW_020,J_00033,residential,2.2,21.80223555186963,0.396404282761266,50145.14176930015
16.585,107.4884,16.582166947493878,107.35875602850297,BASE_5,COW_020,J_00034,residential,3.7,19.19763670446692,0.3490479400812167,44154.56442027391
16.585,107.4884,16.54268106207316,107.42173424731372,BASE_5,COW_020,J_00035,residential,3.7,12.67791066942841,0.2305074667168802,29159.194539685344
16.585,107.4884,16.63762488123805,107.42379895451036,BASE_5,COW_020,J_00036,residential,2.2,10.234965490671419,0.18609028164857125,23540.420628544263
16.585,107.4884,16.161742476623008,107.72726450231792,BASE_5,COW_020,J_00037,residential,5.2,65.56684539920045,1.1921244618036444,150803.74441816102
16.585,107.4884,16.4617079129225,107.7055620386572,BASE_5,COW_020,J_00038,residential,8.7,31.71435867433223,0.576624703169677,72943.02495096413
16.585,107.4884,16.672385358081804,107.36627022634389,BASE_5,COW_020,J_00039,residential,2.2,17.76853185779794,0.32306421559632614,40867.623272935256
16.585,107.4884,16.659521457681674,107.4522269483472,BASE_5,COW_020,J_00040,residential,2.2,14.474607878551254,0.2631746887009319,33291.598120667884
16.585,107.4884,16.66522777932196,107.36875091304154,BASE_5,COW_020,J_00041,residential,2.2,17.156543802557515,0.3119371600465003,39460.05074588228
16.585,107.4884,16.660820621499212,107.38427458078796,BASE_5,COW_020,J_00042,residential,2.2,15.320906690485367,0.27856193982700667,35238.08538811634
16.585,107.4884,16.62511390305801,107.5150854990652,BASE_5,COW_020,J_00043,residential,2.2,22.339985412507165,0.40618155295467573,51381.96644876648
16.585,107.4884,16.59440422417168,107.38514305632124,BASE_5,COW_020,J_00044,residential,3.7,14.027912134889702,0.2550529479070855,32264.197910246316
16.585,107.4884,16.290663014244483,107.98452104257804,BASE_5,COW_020,J_00045,residential,2.2,73.4927748298071,1.3362322696328564,169033.38210855634
16.585,107.4884,16.633195073021646,107.507332913964,BASE_5,COW_020,J_00046,residential,2.2,21.418494065391837,0.38942716482530615,49262.53635040123
16.585,107.4884,16.64547217362694,107.47963578206634,BASE_5,COW_020,J_00047,residential,2.2,17.80352979597905,0.3237005417450736,40948.11853075181
16.585,107.4884,16.275156728172423,107.9790458824707,BASE_5,COW_020,J_00048,residential,2.2,71.13911505616555,1.2934384555666463,163619.96462918076
16.585,107.4884,16.34363572772629,107.9189163333372,BASE_5,COW_020,J_00049,residential,3.7,62.732176745760164,1.140585031741094,144284.0065152484
16.585,107.4884,16.570555932832004,107.34394499346718,BASE_5,COW_020,J_00050,residential,2.2,21.52597341653729,0.3913813348461326,49509.738858035766
16.585,107.4884,16.50665956554493,107.64903907436688,BASE_5,COW_020,J_00051,residential,2.2,25.778161439281703,0.4686938443505764,59289.77131034792
16.585,107.4884,16.448260129769277,107.64861740367776,BASE_5,COW_020,J_00052,normal,1.0,28.346140669883972,0.5153843758160722,65196.12354073313
16.585,107.4884,16.664330238141044,107.44405209681626,BASE_5,COW_020,J_00053,residential,2.2,14.520015742509607,0.26400028622744737,33396.03620777209
16.585,107.4884,16.710100944408335,107.36367785595424,BASE_5,COW_020,J_00054,residential,2.2,22.80894351662865,0.4147080639387027,52460.57008824589
16.585,107.4884,16.480897966159755,107.68092090339064,BASE_5,COW_020,J_00055,normal,1.0,28.084972810138595,0.5106358692752472,64595.43746331877
16.585,107.4884,16.14765835550746,107.73729962770445,BASE_5,COW_020,J_00056,residential,2.2,67.67520481902078,1.2304582694367414,155652.97108374778
16.585,107.4884,16.373443668977306,107.85603136854854,BASE_5,COW_020,J_00057,normal,1.0,54.478759612007835,0.9905229020365061,125301.14710761802
16.585,107.4884,16.236211589375223,107.22393073902197,BASE_5,COW_020,J_00058,residential,2.2,80.40245418854417,1.4618628034280758,184925.6446336516
16.585,107.4884,16.410861708638596,107.70818685325207,BASE_5,COW_020,J_00059,residential,2.2,35.00765233285268,0.6365027696882305,80517.60036556116
16.585,107.4884,16.421865835419105,107.82715158327233,BASE_5,COW_020,J_00060,normal,1.0,49.20864003238733,0.8947025460434059,113179.87207449086
16.585,107.4884,16.307299072885844,107.99887024033504,BASE_5,COW_020,J_00061,residential,2.2,74.94969769908488,1.3627217763469979,172384.30470789524
16.585,107.4884,16.125824585720828,107.33690100951722,BASE_5,COW_020,J_00062,residential,4.2,89.37867247891958,1.6250667723439924,205570.94670151503
16.585,107.4884,16.11106359177746,107.3459286850522,BASE_5,COW_020,J_00063,residential,4.2,91.05971791911561,1.6556312348930111,209437.3512139659
16.585,107.4884,16.397552183845967,107.73878502140444,BASE_5,COW_020,J_00064,residential,2.2,38.97895478654564,0.7087082688462845,89651.59600905498
16.585,107.4884,16.282173515285585,108.00397198020616,BASE_5,COW_020,J_00065,normal,1.0,74.58455139607435,1.3560827526558972,171544.46821097098
16.585,107.4884,16.313228802378926,108.00400545253144,BASE_5,COW_020,J_00066,residential,2.2,75.92155612745967,1.3803919295901756,174619.57909315723
16.585,107.4884,16.096950630612657,107.33875248677712,BASE_5,COW_020,J_00067,residential,4.2,92.46430036114323,1.6811690974753315,212667.89083062942
16.585,107.4884,16.393605717506578,107.47491737817752,BASE_5,COW_020,J_00068,normal,1.0,27.489758527225796,0.49981379140410537,63226.44461261933
16.585,107.4884,16.586617352569917,107.32618309940084,BASE_5,COW_020,J_00069,residential,2.2,26.061224592596147,0.4738404471381118,59940.81656297114
16.585,107.4884,16.271244454586103,108.00910347085969,BASE_5,COW_020,J_00070,normal,1.0,74.09058898050874,1.3471016178274318,170408.35465517011
16.585,107.4884,16.30225806317275,107.20372544535816,BASE_5,COW_020,J_00071,residential,2.2,84.61390482680311,1.538434633214602,194611.98110164714
16.585,107.4884,16.402115481041722,107.47520524289446,BASE_5,COW_020,J_00072,normal,1.0,26.166262210578022,0.4757502220105095,60182.40308432945
16.585,107.4884,16.52378765566236,107.3139491709039,BASE_5,COW_020,J_00073,residential,2.2,26.020914930618765,0.47310754419306844,59848.10434042316
16.585,107.4884,16.086551495132397,107.35884214702251,BASE_5,COW_020,J_00074,residential,2.2,94.41040039093524,1.7165527343806406,217143.92089915104
16.585,107.4884,16.523931313921075,107.32725410709553,BASE_5,COW_020,J_00075,residential,2.2,25.392219960168664,0.46167672654852115,58402.10590838792
16.585,107.4884,16.480643081216858,107.47700505517273,BASE_5,COW_020,J_00076,normal,1.0,41.176031122376386,0.7486551113159343,94704.87158146569
16.585,107.4884,16.535483366486226,107.31505993488494,BASE_5,COW_020,J_00077,residential,2.2,26.268296027220256,0.47760538231309557,60417.080862606585
16.585,107.4884,16.381819827596345,107.05380788572604,BASE_5,COW_020,J_00078,residential,2.2,110.49762828008168,2.009047786910576,254144.54504418786
16.585,107.4884,16.327586846766124,107.17172432241124,BASE_5,COW_020,J_00079,residential,2.2,89.23357113198774,1.6224285660361408,205237.2136035718
16.585,107.4884,16.367586886950164,107.12413208129658,BASE_5,COW_020,J_00080,residential,2.2,96.42772601144641,1.7532313820262984,221783.76982632675
16.585,107.4884,16.517165018434337,107.2838374887184,BASE_5,COW_020,J_00081,residential,2.2,29.888471561820552,0.5434267556694646,68743.48459218728
16.585,107.4884,16.438981227586616,107.5139975441275,BASE_5,COW_020,J_00082,normal,1.0,19.08197814678487,0.3469450572142704,43888.5497376052
16.585,107.4884,16.312890221356728,108.01470279736397,BASE_5,COW_020,J_00083,residential,2.2,77.26865372428846,1.404884613168881,177717.90356586344
16.585,107.4884,16.216133505596858,108.06041050509896,BASE_5,COW_020,J_00084,normal,1.0,88.8628432986848,1.6156880599760872,204384.53958697504
16.585,107.4884,16.330519603057706,107.61988581167678,BASE_5,COW_020,J_00085,normal,1.0,40.73190754485222,0.7405801371791313,93683.3873531601
16.585,107.4884,16.32326506375919,107.92873922428788,BASE_5,COW_020,J_00086,residential,3.7,65.62122595157146,1.193113199119481,150928.81968861437
16.585,107.4884,16.358389326577083,107.03428028491932,BASE_5,COW_020,J_00087,residential,2.2,54.587208827902906,0.9924947059618711,125550.58030417668
16.585,107.4884,16.272059177144055,108.03095994999136,BASE_5,COW_020,J_00088,normal,1.0,76.85522800615612,1.3973677819301114,176767.0244141591
16.585,107.4884,16.299009021086444,107.34745474017085,BASE_5,COW_020,J_00089,residential,2.2,56.53906854640195,1.0279830644800354,130039.85765672449
16.585,107.4884,16.289493969176597,107.38769133922136,BASE_5,COW_020,J_00090,residential,2.2,51.96955604299875,0.9449010189636136,119529.97889889711
16.585,107.4884,16.274536262786913,107.7786320156488,BASE_5,COW_020,J_00091,normal,1.0,51.7594962521288,0.9410817500387054,119046.84137989624
16.585,107.4884,16.37762949107703,107.59628086752136,BASE_5,COW_020,J_00092,normal,1.0,31.317561689159994,0.5694102125301818,72030.39188506799
16.585,107.4884,16.392506992461776,107.68160012426344,BASE_5,COW_020,J_00093,normal,1.0,33.665583683356886,0.6121015215155797,77430.84247172084
16.585,107.4884,16.291495847254687,107.78281049017544,BASE_5,COW_020,J_00094,normal,1.0,49.708575253397946,0.9037922773345081,114329.72308281528
16.585,107.4884,16.262949238810066,107.68704525300502,BASE_5,COW_020,J_00095,normal,1.0,53.67844892495099,0.9759717986354726,123460.43252738728
16.585,107.4884,16.370696626026824,107.74702732165454,BASE_5,COW_020,J_00096,normal,1.0,40.57806330401603,0.7377829691639277,93329.54559923687
16.585,107.4884,16.14425462175665,107.75122345243598,BASE_5,COW_020,J_00097,residential,2.2,69.37668473340429,1.261394267880078,159566.37488682987
16.585,107.4884,16.592471780445756,107.3124838483418,BASE_5,COW_020,J_00098,residential,2.2,29.017381265863317,0.527588750288424,66739.97691148563
16.585,107.4884,16.730071045230396,107.4000535954682,BASE_5,COW_020,J_00099,residential,2.2,23.990866429094197,0.4361975714380763,55178.99278691666
16.585,107.4884,16.113219935355232,107.63177648157864,BASE_5,COW_020,J_00100,normal,1.0,78.72091322263765,1.4312893313206845,181058.1004120666
16.585,107.4884,16.371149471798947,107.7561813090597,BASE_5,COW_020,J_00101,normal,1.0,42.41657760381485,0.7712105018875427,97558.12848877416
16.585,107.4884,16.31521698231939,107.71719159344256,BASE_5,COW_020,J_00102,normal,1.0,44.64901277039026,0.8118002321889137,102692.72937189759
16.585,107.4884,16.31007366662314,107.75139680413022,BASE_5,COW_020,J_00103,residential,3.7,46.121262294973285,0.8385684053631506,106078.90327843855
16.585,107.4884,16.350004077412255,107.686440633005,BASE_5,COW_020,J_00104,normal,1.0,40.05622225026946,0.7282949500048992,92129.31117561975
16.585,107.4884,16.329646285748634,107.41288768408508,BASE_5,COW_020,J_00105,residential,2.2,45.22972986710272,0.822358724856413,104028.37869433625
16.585,107.4884,16.381411409546235,107.6209067584559,BASE_5,COW_020,J_00106,normal,1.0,32.88398413492222,0.5978906206349495,75633.16351032112
16.585,107.4884,16.352378211756804,107.48687496708726,BASE_5,COW_020,J_00107,normal,1.0,35.30433440139668,0.6418969891163033,81199.96912321236
16.585,107.4884,16.356730759468014,107.53688054729449,BASE_5,COW_020,J_00108,normal,1.0,35.948316108052836,0.6536057474191425,82681.12704852152
16.585,107.4884,16.341878021653464,107.73230095956784,BASE_5,COW_020,J_00109,residential,3.7,42.349886486879576,0.7699979361250832,97404.73891982302
16.585,107.4884,16.310138893373413,107.08295978611184,BASE_5,COW_020,J_00110,residential,2.2,113.57402445430507,2.0649822628055468,261220.25624490168
