base_id,cow_id,base_lat,base_lon,site_id,site_lat,site_lon,distance_km,travel_time_hr,travel_cost_vnd
BASE_1,COW_001,16.4832781,107.5715416,J_00000,16.470828921881164,107.60955399746234,4.283074281911706,0.08566148563823411,9851.070848396923
BASE_1,COW_001,16.4832781,107.5715416,J_00001,16.470362127018827,107.55930326094062,1.940504610970926,0.03881009221941852,4463.16060523313
BASE_1,COW_001,16.4832781,107.5715416,J_00002,16.47424359958971,107.55772818698266,1.7828656689940168,0.03565731337988034,4100.591038686239
BASE_1,COW_001,16.4832781,107.5715416,J_00003,16.49348337564258,107.59002065245971,2.273700306003,0.04547400612006,5229.5107038069
BASE_1,COW_001,16.4832781,107.5715416,J_00004,16.478745441146955,107.55129534455035,2.216838854541901,0.04433677709083802,5098.729365446372
BASE_1,COW_001,16.4832781,107.5715416,J_00005,16.487027304858945,107.54731760776494,2.616289076142456,0.05232578152284912,6017.464875127649
BASE_1,COW_001,16.4832781,107.5715416,J_00006,16.532160339026593,107.44578496129934,14.467033580503681,0.28934067161007365,33274.177235158466
BASE_1,COW_001,16.4832781,107.5715416,J_00007,16.476934281241164,107.53317577214604,4.151199586811534,0.08302399173623068,9547.759049666527
BASE_1,COW_001,16.4832781,107.5715416,J_00008,16.54063239867831,107.44448001783373,14.972148344099843,0.29944296688199684,34435.941191429636
BASE_1,COW_001,16.4832781,107.5715416,J_00009,16.531547558962664,107.69012324181722,13.734386936420913,0.2746877387284183,31589.0899537681
BASE_1,COW_001,16.4832781,107.5715416,J_00010,16.52738878877641,107.68921427085154,13.470178488683036,0.2694035697736607,30981.410523970982
BASE_1,COW_001,16.4832781,107.5715416,J_00011,16.53789357129583,107.68082715522364,13.138692629894189,0.2627738525978838,30218.993048756634
BASE_1,COW_001,16.4832781,107.5715416,J_00012,16.524835706155326,107.69309264998252,13.75824484464177,0.2751648968928354,31643.963142676068
BASE_1,COW_001,16.4832781,107.5715416,J_00013,16.2729315745512,107.87292622951324,39.75994298695093,0.7951988597390186,91447.86886998714
BASE_1,COW_001,16.4832781,107.5715416,J_00014,16.52317642712633,107.701478157211,14.546133656749157,0.29092267313498316,33456.107410523065
BASE_1,COW_001,16.4832781,107.5715416,J_00015,16.564129718701782,107.59382455637665,9.298814862037279,0.18597629724074558,21387.274182685742
BASE_1,COW_001,16.4832781,107.5715416,J_00016,16.55503728513068,107.61353852963492,9.14947733458867,0.18298954669177342,21043.797869553942
BASE_1,COW_001,16.4832781,107.5715416,J_00017,16.56802006575831,107.6179667081558,10.643456868100245,0.21286913736200488,24479.95079663056
BASE_1,COW_001,16.4832781,107.5715416,J_00018,16.493997607340088,107.53193954239708,4.387470291395548,0.08774940582791096,10091.18167020976
BASE_1,COW_001,16.4832781,107.5715416,J_00019,16.543546895491804,107.42583058377517,16.917959239636904,0.3383591847927381,38911.30625116488
BASE_1,COW_001,16.4832781,107.5715416,J_00020,16.242503801359586,107.2454051174484,43.90373366830049,0.8780746733660098,100978.58743709112
BASE_1,COW_001,16.4832781,107.5715416,J_00021,16.45055723769587,107.72225686630698,16.478088375703905,0.3295617675140781,37899.60326411898
BASE_1,COW_001,16.4832781,107.5715416,J_00022,16.504833393469443,107.6291677934963,6.595018595228442,0.13190037190456885,15168.542769025416
BASE_1,COW_001,16.4832781,107.5715416,J_00023,16.57986665656081,107.58768387995444,10.87712901950087,0.2175425803900174,25017.396744852
BASE_1,COW_001,16.4832781,107.5715416,J_00024,16.23991207988329,107.25090001724132,43.61894828141821,0.8723789656283643,100323.58104726189
BASE_1,COW_001,16.4832781,107.5715416,J_00025,16.250014260366132,107.24074792938237,43.79835247487538,0.8759670494975076,100736.21069221337
BASE_1,COW_001,16.4832781,107.5715416,J_00026,16.459357749451215,107.7205673132457,16.1119261508206,0.32223852301641204,37057.43014688738
BASE_1,COW_001,16.4832781,107.5715416,J_00027,16.656791523009364,107.34955392909389,30.528521898811174,0.6105704379762235,70215.6003672657
BASE_1,COW_001,16.4832781,107.5715416,J_00028,16.230739178703335,108.0800528964888,61.09152667748251,1.2218305335496502,140510.51135820977
BASE_1,COW_001,16.4832781,107.5715416,J_00029,16.582372023215015,107.36897627611086,24.241920747450987,0.48483841494901975,55756.41771913727
BASE_1,COW_001,16.4832781,107.5715416,J_00030,16.23582074671607,107.25576696739624,43.4995085803224,0.869990171606448,100048.86973474151
BASE_1,COW_001,16.4832781,107.5715416,J_00031,16.267972860818134,107.22291398151737,44.23217556224741,0.8846435112449482,101734.00379316905
BASE_1,COW_001,16.4832781,107.5715416,J_00032,16.15816879245868,107.72785909820898,39.81361176821465,0.796272235364293,91571.3070668937
BASE_1,COW_001,16.4832781,107.5715416,J_00033,16.597430221109658,107.50487743972349,14.546840484163639,0.2909368096832728,33457.73311357637
BASE_1,COW_001,16.4832781,107.5715416,J_00034,16.66429736358062,107.48232283480873,22.261288074686167,0.44522576149372334,51200.96257177818
BASE_1,COW_001,16.4832781,107.5715416,J_00035,16.461689838165945,107.7055674468512,14.49151919513515,0.289830383902703,33330.494148810845
BASE_1,COW_001,16.4832781,107.5715416,J_00036,16.268139796636127,107.2187570048448,44.59575462649181,0.8919150925298363,102570.23564093116
BASE_1,COW_001,16.4832781,107.5715416,J_00037,16.56508206793363,107.52621803008316,10.299759065224148,0.20599518130448297,23689.44585001554
BASE_1,COW_001,16.4832781,107.5715416,J_00038,16.46918567451601,107.70508512969802,14.325571875575102,0.28651143751150204,32948.815313822735
BASE_1,COW_001,16.4832781,107.5715416,J_00039,16.569871522873257,107.536183895912,10.340188014457029,0.20680376028914058,23782.432433251168
BASE_1,COW_001,16.4832781,107.5715416,J_00040,16.666607075648248,107.36250567880695,30.197062917872383,0.6039412583574477,69453.24471110648
BASE_1,COW_001,16.4832781,107.5715416,J_00041,16.665155641834726,107.3688001600834,29.595148004882386,0.5919029600976478,68068.84041122948
BASE_1,COW_001,16.4832781,107.5715416,J_00042,16.51315499139435,107.5606764490754,3.518330394045989,0.07036660788091978,8092.159906305775
BASE_1,COW_001,16.4832781,107.5715416,J_00043,16.64927714226641,107.41145471933169,25.13596539698891,0.5027193079397783,57812.720413074494
BASE_1,COW_001,16.4832781,107.5715416,J_00044,16.57166890824097,107.49529040517794,12.754331632724952,0.25508663265449905,29334.96275526739
BASE_1,COW_001,16.4832781,107.5715416,J_00045,16.63143941985154,107.5110583130454,17.691149418548846,0.3538229883709769,40689.64366266235
BASE_1,COW_001,16.4832781,107.5715416,J_00046,16.59440973361349,107.38534822450936,23.37974854683841,0.4675949709367682,53773.421657728344
BASE_1,COW_001,16.4832781,107.5715416,J_00047,16.599347151767944,107.49633576858352,15.193265203324689,0.30386530406649376,34944.50996764679
BASE_1,COW_001,16.4832781,107.5715416,J_00048,16.28167999352194,107.97816386593117,48.828387860898346,0.976567757217967,112305.2920800662
BASE_1,COW_001,16.4832781,107.5715416,J_00049,16.277599338947514,107.9824641404575,49.445032823771804,0.9889006564754361,113723.57549467515
BASE_1,COW_001,16.4832781,107.5715416,J_00050,16.462928914647218,107.64012940439612,7.655597542397739,0.1531119508479548,17607.8743475148
BASE_1,COW_001,16.4832781,107.5715416,J_00051,16.601594932702508,107.48296237382375,16.19368570172318,0.3238737140344636,37245.477113963316
BASE_1,COW_001,16.4832781,107.5715416,J_00052,16.34480069014235,107.90990007727194,39.23789597349909,0.7847579194699819,90247.16073904792
BASE_1,COW_001,16.4832781,107.5715416,J_00053,16.586804944456667,107.58305427522006,11.576889076231796,0.23153778152463592,26626.84487533313
BASE_1,COW_001,16.4832781,107.5715416,J_00054,16.619028870649785,107.4534404914762,19.654860965167725,0.3930972193033545,45206.18021988577
BASE_1,COW_001,16.4832781,107.5715416,J_00055,16.282227234021125,107.2142450904469,44.18878195817056,0.8837756391634112,101634.19850379229
BASE_1,COW_001,16.4832781,107.5715416,J_00056,16.435088326817397,107.65074059522672,10.002104308468564,0.20004208616937127,23004.839909477698
BASE_1,COW_001,16.4832781,107.5715416,J_00057,16.371952558474792,107.86327621053776,33.48713476393172,0.6697426952786344,77020.40995704295
BASE_1,COW_001,16.4832781,107.5715416,J_00058,16.605809254100482,107.44852928114123,18.90930828090315,0.378186165618063,43491.40904607725
BASE_1,COW_001,16.4832781,107.5715416,J_00059,16.604451821387112,107.44540383479944,19.03471445546266,0.3806942891092532,43779.84324756412
BASE_1,COW_001,16.4832781,107.5715416,J_00060,16.41077084398415,107.70813735661868,16.649563295203063,0.33299126590406125,38293.99557896704
BASE_1,COW_001,16.4832781,107.5715416,J_00061,16.423400400047356,107.82881823459424,28.232699031540218,0.5646539806308044,64935.207772542504
BASE_1,COW_001,16.4832781,107.5715416,J_00062,16.392061127207906,107.71969303091058,18.775770165871737,0.37551540331743477,43184.271381504994
BASE_1,COW_001,16.4832781,107.5715416,J_00063,16.51352049869946,107.39836603004166,18.767159920561962,0.37534319841123925,43164.46781729251
BASE_1,COW_001,16.4832781,107.5715416,J_00064,16.12581966029344,107.33689825793644,46.97829422553878,0.9395658845107756,108050.0767187392
BASE_1,COW_001,16.4832781,107.5715416,J_00065,16.58814063386911,107.58112744571652,11.704868363761346,0.23409736727522693,26921.197236651096
BASE_1,COW_001,16.4832781,107.5715416,J_00066,16.311065134737067,108.00316203108642,49.86535691122862,0.9973071382245725,114690.32089582583
BASE_1,COW_001,16.4832781,107.5715416,J_00067,16.51365978864296,107.39155449638712,19.484737082515583,0.38969474165031165,44814.89528978584
BASE_1,COW_001,16.4832781,107.5715416,J_00068,16.52448692518508,107.36199005595924,22.80614543073668,0.4561229086147336,52454.13449069436
BASE_1,COW_001,16.4832781,107.5715416,J_00069,16.59106004686489,107.57447245809988,11.98887695961341,0.2397775391922682,27574.417007110846
BASE_1,COW_001,16.4832781,107.5715416,J_00070,16.514385209681947,107.35917522677836,22.90445128377322,0.4580890256754644,52680.237952678406
BASE_1,COW_001,16.4832781,107.5715416,J_00071,16.500172317744823,107.387722313213,19.68871791182914,0.3937743582365828,45284.05119720702
BASE_1,COW_001,16.4832781,107.5715416,J_00072,16.393597378184786,107.47492481043388,14.339359840450827,0.28678719680901654,32980.5276330369
BASE_1,COW_001,16.4832781,107.5715416,J_00073,16.311140756886953,108.00574411813372,50.116566211616394,1.002331324232328,115268.10228671771
BASE_1,COW_001,16.4832781,107.5715416,J_00074,16.521508537272283,107.40421975752768,18.338463349763174,0.36676926699526347,42178.4657044553
BASE_1,COW_001,16.4832781,107.5715416,J_00075,16.402154789177548,107.47526188616476,13.667511322592642,0.2733502264518528,31435.276041963076
BASE_1,COW_001,16.4832781,107.5715416,J_00076,16.588713873543426,107.3252892,28.748699983177303,0.5749739996635461,66122.00996130779
BASE_1,COW_001,16.4832781,107.5715416,J_00077,16.08851719650639,107.38588473919135,48.16086256319254,0.9632172512638507,110769.98389534284
BASE_1,COW_001,16.4832781,107.5715416,J_00078,16.527850544725265,107.37652351643136,21.373994578449732,0.42747989156899463,49160.187530434385
BASE_1,COW_001,16.4832781,107.5715416,J_00079,16.085892686488275,107.36589613925749,49.33845598486546,0.9867691196973092,113478.44876519057
BASE_1,COW_001,16.4832781,107.5715416,J_00080,16.291495257578905,108.0261164720742,52.974875839541845,1.059497516790837,121842.21443094625
BASE_1,COW_001,16.4832781,107.5715416,J_00081,16.382115370526147,107.0536835996094,56.36490874822307,1.1272981749644615,129639.29012091307
BASE_1,COW_001,16.4832781,107.5715416,J_00082,16.376677240357246,107.04298993910136,57.60508035795649,1.1521016071591297,132491.68482329993
BASE_1,COW_001,16.4832781,107.5715416,J_00083,16.145727559220454,107.74412376098628,41.80907929403759,0.8361815858807518,96160.88237628645
BASE_1,COW_001,16.4832781,107.5715416,J_00084,16.327564155367586,107.1717988691137,46.021061508087755,0.9204212301617551,105848.44146860184
BASE_1,COW_001,16.4832781,107.5715416,J_00085,16.536406972867166,107.35115792249393,24.226536254973734,0.4845307250994747,55721.03338643959
BASE_1,COW_001,16.4832781,107.5715416,J_00086,16.516865528399663,107.28775679746394,30.485589794903632,0.6097117958980727,70116.85652827835
BASE_1,COW_001,16.4832781,107.5715416,J_00087,16.286613968463637,108.0076708460382,51.40880303127137,1.0281760606254273,118240.24697192415
BASE_1,COW_001,16.4832781,107.5715416,J_00088,16.31580618944039,108.01104614910422,50.445411643690484,1.0089082328738097,116024.44678048811
BASE_1,COW_001,16.4832781,107.5715416,J_00089,16.612873091094567,107.40389222873738,22.956059789426956,0.4591211957885391,52798.937515681995
BASE_1,COW_001,16.4832781,107.5715416,J_00090,16.330456476800176,107.6200542865036,17.763424540349806,0.35526849080699613,40855.876442804554
BASE_1,COW_001,16.4832781,107.5715416,J_00091,16.286166291524196,108.0212320394954,52.742394311901855,1.054847886238037,121307.50691737427
BASE_1,COW_001,16.4832781,107.5715416,J_00092,16.276565522813957,108.0303636867135,54.076142031873495,1.08152284063747,124375.12667330905
BASE_1,COW_001,16.4832781,107.5715416,J_00093,16.343745314767705,107.94446775635662,42.69637796707433,0.8539275593414867,98201.66932427097
BASE_1,COW_001,16.4832781,107.5715416,J_00094,16.374390937218454,107.4611604849838,16.887653684975625,0.3377530736995125,38841.60347544394
BASE_1,COW_001,16.4832781,107.5715416,J_00095,16.563745734293335,107.33058047516714,27.200907734138298,0.5440181546827659,62562.08778851808
BASE_1,COW_001,16.4832781,107.5715416,J_00096,16.333238096088046,107.95986908838688,44.655138356457066,0.8931027671291413,102706.81821985125
BASE_1,COW_001,16.4832781,107.5715416,J_00097,16.345740957020553,107.15320156741336,47.16940507950651,0.9433881015901302,108489.63168286497
BASE_1,COW_001,16.4832781,107.5715416,J_00098,16.219107397405065,108.05398556961838,59.26708286529003,1.1853416573058007,136314.29059016707
BASE_1,COW_001,16.4832781,107.5715416,J_00099,16.422942208064033,107.46784915441106,12.934035569270156,0.2586807113854031,29748.281809321357
BASE_1,COW_001,16.4832781,107.5715416,J_00100,16.402644021436732,107.75780974463012,21.794694071270424,0.43589388142540847,50127.796363921974
BASE_1,COW_001,16.4832781,107.5715416,J_00101,16.37524964320665,107.59276945006624,12.223717558621932,0.24447435117243863,28114.550384830443
BASE_1,COW_001,16.4832781,107.5715416,J_00102,16.547556620418277,107.3098233592149,28.80203184856716,0.5760406369713432,66244.67325170447
BASE_1,COW_001,16.4832781,107.5715416,J_00103,16.30681962375361,107.38568972103658,27.893443914803267,0.5578688782960654,64154.921004047515
BASE_1,COW_001,16.4832781,107.5715416,J_00104,16.380155048074425,107.67675752946212,16.04405790585031,0.3208811581170062,36901.33318345571
BASE_1,COW_001,16.4832781,107.5715416,J_00105,16.730113981967406,107.400003273698,32.97633133313873,0.6595266266627746,75845.56206621908
BASE_1,COW_001,16.4832781,107.5715416,J_00106,16.369866099155256,107.60485959798804,13.101951880664986,0.2620390376132997,30134.489325529466
BASE_1,COW_001,16.4832781,107.5715416,J_00107,16.113891588725753,107.66074099746874,42.1627108159762,0.8432542163195239,96974.23487674525
BASE_1,COW_001,16.4832781,107.5715416,J_00108,16.362255190888888,107.77612445102936,25.636442476506456,0.5127288495301291,58963.81769596485
BASE_1,COW_001,16.4832781,107.5715416,J_00109,16.309746863677077,107.75132688590683,27.205336079713213,0.5441067215942642,62572.27298334039
BASE_1,COW_001,16.4832781,107.5715416,J_00110,16.32186391385828,107.73943123957228,25.354831214499647,0.5070966242899929,58316.11179334919
BASE_1,COW_001,16.4832781,107.5715416,J_00111,16.372264871840603,107.6709710682885,16.273808769172355,0.3254761753834471,37429.760169096415
BASE_1,COW_001,16.4832781,107.5715416,J_00112,16.329782686393113,107.41267661232116,24.05140154445488,0.48102803088909757,55318.22355224622
BASE_1,COW_001,16.4832781,107.5715416,J_00113,16.320008469677312,107.70521742737984,23.085049881445446,0.4617009976289089,53095.61472732453
BASE_1,COW_001,16.4832781,107.5715416,J_00114,16.74059460183718,107.3850389961322,34.83650849792243,0.6967301699584486,80123.9695452216
BASE_1,COW_001,16.4832781,107.5715416,J_00115,16.347584401325978,107.53061376748612,15.707278005382229,0.31414556010764455,36126.739412379124
BASE_1,COW_001,16.4832781,107.5715416,J_00116,16.510544056993798,107.49977339066342,8.230514122622703,0.16461028245245404,18930.182482032214
BASE_1,COW_002,16.4832781,107.5715416,J_00000,16.470828921881164,107.60955399746234,4.283074281911706,0.07787407785294011,9851.070848396923
BASE_1,COW_002,16.4832781,107.5715416,J_00001,16.470362127018827,107.55930326094062,1.940504610970926,0.0352819020176532,4463.16060523313
BASE_1,COW_002,16.4832781,107.5715416,J_00002,16.47424359958971,107.55772818698266,1.7828656689940168,0.03241573943625485,4100.591038686239
BASE_1,COW_002,16.4832781,107.5715416,J_00003,16.49348337564258,107.59002065245971,2.273700306003,0.04134000556369091,5229.5107038069
BASE_1,COW_002,16.4832781,107.5715416,J_00004,16.478745441146955,107.55129534455035,2.216838854541901,0.040306160991670927,5098.729365446372
BASE_1,COW_002,16.4832781,107.5715416,J_00005,16.487027304858945,107.54731760776494,2.616289076142456,0.0475688922934992,6017.464875127649
BASE_1,COW_002,16.4832781,107.5715416,J_00006,16.532160339026593,107.44578496129934,14.467033580503681,0.26303697419097605,33274.177235158466
BASE_1,COW_002,16.4832781,107.5715416,J_00007,16.476934281241164,107.53317577214604,4.151199586811534,0.07547635612384607,9547.759049666527
BASE_1,COW_002,16.4832781,107.5715416,J_00008,16.54063239867831,107.44448001783373,14.972148344099843,0.2722208789836335,34435.941191429636
BASE_1,COW_002,16.4832781,107.5715416,J_00009,16.531547558962664,107.69012324181722,13.734386936420913,0.24971612611674388,31589.0899537681
BASE_1,COW_002,16.4832781,107.5715416,J_00010,16.52738878877641,107.68921427085154,13.470178488683036,0.2449123361578734,30981.410523970982
BASE_1,COW_002,16.4832781,107.5715416,J_00011,16.53789357129583,107.68082715522364,13.138692629894189,0.2388853205435307,30218.993048756634
BASE_1,COW_002,16.4832781,107.5715416,J_00012,16.524835706155326,107.69309264998252,13.75824484464177,0.250149906266214,31643.963142676068
BASE_1,COW_002,16.4832781,107.5715416,J_00013,16.2729315745512,107.87292622951324,39.75994298695093,0.7229080543081988,91447.86886998714
BASE_1,COW_002,16.4832781,107.5715416,J_00014,16.52317642712633,107.701478157211,14.546133656749157,0.26447515739543925,33456.107410523065
BASE_1,COW_002,16.4832781,107.5715416,J_00015,16.564129718701782,107.59382455637665,9.298814862037279,0.16906936112795054,21387.274182685742
BASE_1,COW_002,16.4832781,107.5715416,J_00016,16.55503728513068,107.61353852963492,9.14947733458867,0.16635413335615765,21043.797869553942
BASE_1,COW_002,16.4832781,107.5715416,J_00017,16.56802006575831,107.6179667081558,10.643456868100245,0.19351739760182263,24479.95079663056
BASE_1,COW_002,16.4832781,107.5715416,J_00018,16.493997607340088,107.53193954239708,4.387470291395548,0.07977218711628269,10091.18167020976
BASE_1,COW_002,16.4832781,107.5715416,J_00019,16.543546895491804,107.42583058377517,16.917959239636904,0.3075992589024892,38911.30625116488
BASE_1,COW_002,16.4832781,107.5715416,J_00020,16.242503801359586,107.2454051174484,43.90373366830049,0.7982497030600089,100978.58743709112
BASE_1,COW_002,16.4832781,107.5715416,J_00021,16.45055723769587,107.72225686630698,16.478088375703905,0.2996016068309801,37899.60326411898
BASE_1,COW_002,16.4832781,107.5715416,J_00022,16.504833393469443,107.6291677934963,6.595018595228442,0.1199094290041535,15168.542769025416
BASE_1,COW_002,16.4832781,107.5715416,J_00023,16.57986665656081,107.58768387995444,10.87712901950087,0.1977659821727431,25017.396744852
BASE_1,COW_002,16.4832781,107.5715416,J_00024,16.23991207988329,107.25090001724132,43.61894828141821,0.7930717869348766,100323.58104726189
BASE_1,COW_002,16.4832781,107.5715416,J_00025,16.250014260366132,107.24074792938237,43.79835247487538,0.7963336813613705,100736.21069221337
BASE_1,COW_002,16.4832781,107.5715416,J_00026,16.459357749451215,107.7205673132457,16.1119261508206,0.2929441118331018,37057.43014688738
BASE_1,COW_002,16.4832781,107.5715416,J_00027,16.656791523009364,107.34955392909389,30.528521898811174,0.5550640345238396,70215.6003672657
BASE_1,COW_002,16.4832781,107.5715416,J_00028,16.230739178703335,108.0800528964888,61.09152667748251,1.110755030499682,140510.51135820977
BASE_1,COW_002,16.4832781,107.5715416,J_00029,16.582372023215015,107.36897627611086,24.241920747450987,0.4407621954081998,55756.41771913727
BASE_1,COW_002,16.4832781,107.5715416,J_00030,16.23582074671607,107.25576696739624,43.4995085803224,0.7909001560058618,100048.86973474151
BASE_1,COW_002,16.4832781,107.5715416,J_00031,16.267972860818134,107.22291398151737,44.23217556224741,0.8042213738590439,101734.00379316905
BASE_1,COW_002,16.4832781,107.5715416,J_00032,16.15816879245868,107.72785909820898,39.81361176821465,0.7238838503311754,91571.3070668937
BASE_1,COW_002,16.4832781,107.5715416,J_00033,16.597430221109658,107.50487743972349,14.546840484163639,0.26448800880297524,33457.73311357637
BASE_1,COW_002,16.4832781,107.5715416,J_00034,16.66429736358062,107.48232283480873,22.261288074686167,0.4047506922670212,51200.96257177818
BASE_1,COW_002,16.4832781,107.5715416,J_00035,16.461689838165945,107.7055674468512,14.49151919513515,0.2634821671842754,33330.494148810845
BASE_1,COW_002,16.4832781,107.5715416,J_00036,16.268139796636127,107.2187570048448,44.59575462649181,0.8108319022998511,102570.23564093116
BASE_1,COW_002,16.4832781,107.5715416,J_00037,16.56508206793363,107.52621803008316,10.299759065224148,0.18726834664043904,23689.44585001554
BASE_1,COW_002,16.4832781,107.5715416,J_00038,16.46918567451601,107.70508512969802,14.325571875575102,0.2604649431922746,32948.815313822735
BASE_1,COW_002,16.4832781,107.5715416,J_00039,16.569871522873257,107.536183895912,10.340188014457029,0.18800341844467325,23782.432433251168
BASE_1,COW_002,16.4832781,107.5715416,J_00040,16.666607075648248,107.36250567880695,30.197062917872383,0.5490375075976797,69453.24471110648
BASE_1,COW_002,16.4832781,107.5715416,J_00041,16.665155641834726,107.3688001600834,29.595148004882386,0.5380936000887706,68068.84041122948
BASE_1,COW_002,16.4832781,107.5715416,J_00042,16.51315499139435,107.5606764490754,3.518330394045989,0.06396964352810888,8092.159906305775
BASE_1,COW_002,16.4832781,107.5715416,J_00043,16.64927714226641,107.41145471933169,25.13596539698891,0.45701755267252564,57812.720413074494
BASE_1,COW_002,16.4832781,107.5715416,J_00044,16.57166890824097,107.49529040517794,12.754331632724952,0.2318969387768173,29334.96275526739
BASE_1,COW_002,16.4832781,107.5715416,J_00045,16.63143941985154,107.5110583130454,17.691149418548846,0.32165726215543355,40689.64366266235
BASE_1,COW_002,16.4832781,107.5715416,J_00046,16.59440973361349,107.38534822450936,23.37974854683841,0.4250863372152438,53773.421657728344
BASE_1,COW_002,16.4832781,107.5715416,J_00047,16.599347151767944,107.49633576858352,15.193265203324689,0.2762411855149943,34944.50996764679
BASE_1,COW_002,16.4832781,107.5715416,J_00048,16.28167999352194,107.97816386593117,48.828387860898346,0.8877888701981518,112305.2920800662
BASE_1,COW_002,16.4832781,107.5715416,J_00049,16.277599338947514,107.9824641404575,49.445032823771804,0.899000596795851,113723.57549467515
BASE_1,COW_002,16.4832781,107.5715416,J_00050,16.462928914647218,107.64012940439612,7.655597542397739,0.1391926825890498,17607.8743475148
BASE_1,COW_002,16.4832781,107.5715416,J_00051,16.601594932702508,107.48296237382375,16.19368570172318,0.29443064912223965,37245.477113963316
BASE_1,COW_002,16.4832781,107.5715416,J_00052,16.34480069014235,107.90990007727194,39.23789597349909,0.7134162904272562,90247.16073904792
BASE_1,COW_002,16.4832781,107.5715416,J_00053,16.586804944456667,107.58305427522006,11.576889076231796,0.21048889229512355,26626.84487533313
BASE_1,COW_002,16.4832781,107.5715416,J_00054,16.619028870649785,107.4534404914762,19.654860965167725,0.357361108457595,45206.18021988577
BASE_1,COW_002,16.4832781,107.5715416,J_00055,16.282227234021125,107.2142450904469,44.18878195817056,0.8034323992394647,101634.19850379229
BASE_1,COW_002,16.4832781,107.5715416,J_00056,16.435088326817397,107.65074059522672,10.002104308468564,0.1818564419721557,23004.839909477698
BASE_1,COW_002,16.4832781,107.5715416,J_00057,16.371952558474792,107.86327621053776,33.48713476393172,0.6088569957078495,77020.40995704295
BASE_1,COW_002,16.4832781,107.5715416,J_00058,16.605809254100482,107.44852928114123,18.90930828090315,0.34380560510733,43491.40904607725
BASE_1,COW_002,16.4832781,107.5715416,J_00059,16.604451821387112,107.44540383479944,19.03471445546266,0.34608571737204835,43779.84324756412
BASE_1,COW_002,16.4832781,107.5715416,J_00060,16.41077084398415,107.70813735661868,16.649563295203063,0.3027193326400557,38293.99557896704
BASE_1,COW_002,16.4832781,107.5715416,J_00061,16.423400400047356,107.82881823459424,28.232699031540218,0.5133218005734586,64935.207772542504
BASE_1,COW_002,16.4832781,107.5715416,J_00062,16.392061127207906,107.71969303091058,18.775770165871737,0.3413776393794861,43184.271381504994
BASE_1,COW_002,16.4832781,107.5715416,J_00063,16.51352049869946,107.39836603004166,18.767159920561962,0.34122108946476293,43164.46781729251
BASE_1,COW_002,16.4832781,107.5715416,J_00064,16.12581966029344,107.33689825793644,46.97829422553878,0.8541508041007051,108050.0767187392
BASE_1,COW_002,16.4832781,107.5715416,J_00065,16.58814063386911,107.58112744571652,11.704868363761346,0.21281578843202448,26921.197236651096
BASE_1,COW_002,16.4832781,107.5715416,J_00066,16.311065134737067,108.00316203108642,49.86535691122862,0.9066428529314295,114690.32089582583
BASE_1,COW_002,16.4832781,107.5715416,J_00067,16.51365978864296,107.39155449638712,19.484737082515583,0.35426794695482877,44814.89528978584
BASE_1,COW_002,16.4832781,107.5715416,J_00068,16.52448692518508,107.36199005595924,22.80614543073668,0.41465718964975784,52454.13449069436
BASE_1,COW_002,16.4832781,107.5715416,J_00069,16.59106004686489,107.57447245809988,11.98887695961341,0.2179795810838802,27574.417007110846
BASE_1,COW_002,16.4832781,107.5715416,J_00070,16.514385209681947,107.35917522677836,22.90445128377322,0.4164445687958767,52680.237952678406
BASE_1,COW_002,16.4832781,107.5715416,J_00071,16.500172317744823,107.387722313213,19.68871791182914,0.35797668930598436,45284.05119720702
BASE_1,COW_002,16.4832781,107.5715416,J_00072,16.393597378184786,107.47492481043388,14.339359840450827,0.2607156334627423,32980.5276330369
BASE_1,COW_002,16.4832781,107.5715416,J_00073,16.311140756886953,108.00574411813372,50.116566211616394,0.9112102947566617,115268.10228671771
BASE_1,COW_002,16.4832781,107.5715416,J_00074,16.521508537272283,107.40421975752768,18.338463349763174,0.3334266063593304,42178.4657044553
BASE_1,COW_002,16.4832781,107.5715416,J_00075,16.402154789177548,107.47526188616476,13.667511322592642,0.24850020586532076,31435.276041963076
BASE_1,COW_002,16.4832781,107.5715416,J_00076,16.588713873543426,107.3252892,28.748699983177303,0.5227036360577691,66122.00996130779
BASE_1,COW_002,16.4832781,107.5715416,J_00077,16.08851719650639,107.38588473919135,48.16086256319254,0.8756520466035007,110769.98389534284
BASE_1,COW_002,16.4832781,107.5715416,J_00078,16.527850544725265,107.37652351643136,21.373994578449732,0.3886180832445406,49160.187530434385
BASE_1,COW_002,16.4832781,107.5715416,J_00079,16.085892686488275,107.36589613925749,49.33845598486546,0.8970628360884629,113478.44876519057
BASE_1,COW_002,16.4832781,107.5715416,J_00080,16.291495257578905,108.0261164720742,52.974875839541845,0.9631795607189426,121842.21443094625
BASE_1,COW_002,16.4832781,107.5715416,J_00081,16.382115370526147,107.0536835996094,56.36490874822307,1.024816522694965,129639.29012091307
BASE_1,COW_002,16.4832781,107.5715416,J_00082,16.376677240357246,107.04298993910136,57.60508035795649,1.0473650974173907,132491.68482329993
BASE_1,COW_002,16.4832781,107.5715416,J_00083,16.145727559220454,107.74412376098628,41.80907929403759,0.7601650780734107,96160.88237628645
BASE_1,COW_002,16.4832781,107.5715416,J_00084,16.327564155367586,107.1717988691137,46.021061508087755,0.8367465728743229,105848.44146860184
BASE_1,COW_002,16.4832781,107.5715416,J_00085,16.536406972867166,107.35115792249393,24.226536254973734,0.4404824773631588,55721.03338643959
BASE_1,COW_002,16.4832781,107.5715416,J_00086,16.516865528399663,107.28775679746394,30.485589794903632,0.5542834508164297,70116.85652827835
BASE_1,COW_002,16.4832781,107.5715416,J_00087,16.286613968463637,108.0076708460382,51.40880303127137,0.9347055096594794,118240.24697192415
BASE_1,COW_002,16.4832781,107.5715416,J_00088,16.31580618944039,108.01104614910422,50.445411643690484,0.9171893026125543,116024.44678048811
BASE_1,COW_002,16.4832781,107.5715416,J_00089,16.612873091094567,107.40389222873738,22.956059789426956,0.41738290526230826,52798.937515681995
BASE_1,COW_002,16.4832781,107.5715416,J_00090,16.330456476800176,107.6200542865036,17.763424540349806,0.3229713552790874,40855.876442804554
BASE_1,COW_002,16.4832781,107.5715416,J_00091,16.286166291524196,108.0212320394954,52.742394311901855,0.958952623852761,121307.50691737427
BASE_1,COW_002,16.4832781,107.5715416,J_00092,16.276565522813957,108.0303636867135,54.076142031873495,0.9832025823976999,124375.12667330905
BASE_1,COW_002,16.4832781,107.5715416,J_00093,16.343745314767705,107.94446775635662,42.69637796707433,0.7762977812195333,98201.66932427097
BASE_1,COW_002,16.4832781,107.5715416,J_00094,16.374390937218454,107.4611604849838,16.887653684975625,0.3070482488177386,38841.60347544394
BASE_1,COW_002,16.4832781,107.5715416,J_00095,16.563745734293335,107.33058047516714,27.200907734138298,0.4945619588025145,62562.08778851808
BASE_1,COW_002,16.4832781,107.5715416,J_00096,16.333238096088046,107.95986908838688,44.655138356457066,0.8119116064810376,102706.81821985125
BASE_1,COW_002,16.4832781,107.5715416,J_00097,16.345740957020553,107.15320156741336,47.16940507950651,0.8576255469001184,108489.63168286497
BASE_1,COW_002,16.4832781,107.5715416,J_00098,16.219107397405065,108.05398556961838,59.26708286529003,1.077583324823455,136314.29059016707
BASE_1,COW_002,16.4832781,107.5715416,J_00099,16.422942208064033,107.46784915441106,12.934035569270156,0.2351642830776392,29748.281809321357
BASE_1,COW_002,16.4832781,107.5715416,J_00100,16.402644021436732,107.75780974463012,21.794694071270424,0.39626716493218955,50127.796363921974
BASE_1,COW_002,16.4832781,107.5715416,J_00101,16.37524964320665,107.59276945006624,12.223717558621932,0.2222494101567624,28114.550384830443
BASE_1,COW_002,16.4832781,107.5715416,J_00102,16.547556620418277,107.3098233592149,28.80203184856716,0.5236733063375848,66244.67325170447
BASE_1,COW_002,16.4832781,107.5715416,J_00103,16.30681962375361,107.38568972103658,27.893443914803267,0.5071535257236958,64154.921004047515
BASE_1,COW_002,16.4832781,107.5715416,J_00104,16.380155048074425,107.67675752946212,16.04405790585031,0.2917101437427329,36901.33318345571
BASE_1,COW_002,16.4832781,107.5715416,J_00105,16.730113981967406,107.400003273698,32.97633133313873,0.5995696606025224,75845.56206621908
BASE_1,COW_002,16.4832781,107.5715416,J_00106,16.369866099155256,107.60485959798804,13.101951880664986,0.23821730692118157,30134.489325529466
BASE_1,COW_002,16.4832781,107.5715416,J_00107,16.113891588725753,107.66074099746874,42.1627108159762,0.7665947421086582,96974.23487674525
BASE_1,COW_002,16.4832781,107.5715416,J_00108,16.362255190888888,107.77612445102936,25.636442476506456,0.466117135936481,58963.81769596485
BASE_1,COW_002,16.4832781,107.5715416,J_00109,16.309746863677077,107.75132688590683,27.205336079713213,0.4946424741766039,62572.27298334039
BASE_1,COW_002,16.4832781,107.5715416,J_00110,16.32186391385828,107.73943123957228,25.354831214499647,0.46099693117272084,58316.11179334919
BASE_1,COW_002,16.4832781,107.5715416,J_00111,16.372264871840603,107.6709710682885,16.273808769172355,0.2958874321667701,37429.760169096415
BASE_1,COW_002,16.4832781,107.5715416,J_00112,16.329782686393113,107.41267661232116,24.05140154445488,0.4372982098991796,55318.22355224622
BASE_1,COW_002,16.4832781,107.5715416,J_00113,16.320008469677312,107.70521742737984,23.085049881445446,0.4197281796626445,53095.61472732453
BASE_1,COW_002,16.4832781,107.5715416,J_00114,16.74059460183718,107.3850389961322,34.83650849792243,0.6333910635985897,80123.9695452216
BASE_1,COW_002,16.4832781,107.5715416,J_00115,16.347584401325978,107.53061376748612,15.707278005382229,0.28558687282513145,36126.739412379124
BASE_1,COW_002,16.4832781,107.5715416,J_00116,16.510544056993798,107.49977339066342,8.230514122622703,0.14964571132041277,18930.182482032214
BASE_1,COW_003,16.4832781,107.5715416,J_00000,16.470828921881164,107.60955399746234,4.283074281911706,0.07138457136519509,9851.070848396923
BASE_1,COW_003,16.4832781,107.5715416,J_00001,16.470362127018827,107.55930326094062,1.940504610970926,0.0323417435161821,4463.16060523313
BASE_1,COW_003,16.4832781,107.5715416,J_00002,16.47424359958971,107.55772818698266,1.7828656689940168,0.029714427816566948,4100.591038686239
BASE_1,COW_003,16.4832781,107.5715416,J_00003,16.49348337564258,107.59002065245971,2.273700306003,0.03789500510005,5229.5107038069
BASE_1,COW_003,16.4832781,107.5715416,J_00004,16.478745441146955,107.55129534455035,2.216838854541901,0.03694731424236501,5098.729365446372
BASE_1,COW_003,16.4832781,107.5715416,J_00005,16.487027304858945,107.54731760776494,2.616289076142456,0.0436048179357076,6017.464875127649
BASE_1,COW_003,16.4832781,107.5715416,J_00006,16.532160339026593,107.44578496129934,14.467033580503681,0.24111722634172802,33274.177235158466
BASE_1,COW_003,16.4832781,107.5715416,J_00007,16.476934281241164,107.53317577214604,4.151199586811534,0.06918665978019223,9547.759049666527
BASE_1,COW_003,16.4832781,107.5715416,J_00008,16.54063239867831,107.44448001783373,14.972148344099843,0.24953580573499737,34435.941191429636
BASE_1,COW_003,16.4832781,107.5715416,J_00009,16.531547558962664,107.69012324181722,13.734386936420913,0.22890644894034856,31589.0899537681
BASE_1,COW_003,16.4832781,107.5715416,J_00010,16.52738878877641,107.68921427085154,13.470178488683036,0.22450297481138393,30981.410523970982
BASE_1,COW_003,16.4832781,107.5715416,J_00011,16.53789357129583,107.68082715522364,13.138692629894189,0.2189782104982365,30218.993048756634
BASE_1,COW_003,16.4832781,107.5715416,J_00012,16.524835706155326,107.69309264998252,13.75824484464177,0.2293040807440295,31643.963142676068
BASE_1,COW_003,16.4832781,107.5715416,J_00013,16.2729315745512,107.87292622951324,39.75994298695093,0.6626657164491822,91447.86886998714
BASE_1,COW_003,16.4832781,107.5715416,J_00014,16.52317642712633,107.701478157211,14.546133656749157,0.24243556094581928,33456.107410523065
BASE_1,COW_003,16.4832781,107.5715416,J_00015,16.564129718701782,107.59382455637665,9.298814862037279,0.15498024770062133,21387.274182685742
BASE_1,COW_003,16.4832781,107.5715416,J_00016,16.55503728513068,107.61353852963492,9.14947733458867,0.15249128890981117,21043.797869553942
BASE_1,COW_003,16.4832781,107.5715416,J_00017,16.56802006575831,107.6179667081558,10.643456868100245,0.17739094780167075,24479.95079663056
BASE_1,COW_003,16.4832781,107.5715416,J_00018,16.493997607340088,107.53193954239708,4.387470291395548,0.07312450485659247,10091.18167020976
BASE_1,COW_003,16.4832781,107.5715416,J_00019,16.543546895491804,107.42583058377517,16.917959239636904,0.28196598732728173,38911.30625116488
BASE_1,COW_003,16.4832781,107.5715416,J_00020,16.242503801359586,107.2454051174484,43.90373366830049,0.7317288944716748,100978.58743709112
BASE_1,COW_003,16.4832781,107.5715416,J_00021,16.45055723769587,107.72225686630698,16.478088375703905,0.27463480626173176,37899.60326411898
BASE_1,COW_003,16.4832781,107.5715416,J_00022,16.504833393469443,107.6291677934963,6.595018595228442,0.1099169765871407,15168.542769025416
BASE_1,COW_003,16.4832781,107.5715416,J_00023,16.57986665656081,107.58768387995444,10.87712901950087,0.18128548365834785,25017.396744852
BASE_1,COW_003,16.4832781,107.5715416,J_00024,16.23991207988329,107.25090001724132,43.61894828141821,0.7269824713569703,100323.58104726189
BASE_1,COW_003,16.4832781,107.5715416,J_00025,16.250014260366132,107.24074792938237,43.79835247487538,0.729972541247923,100736.21069221337
BASE_1,COW_003,16.4832781,107.5715416,J_00026,16.459357749451215,107.7205673132457,16.1119261508206,0.2685321025136767,37057.43014688738
BASE_1,COW_003,16.4832781,107.5715416,J_00027,16.656791523009364,107.34955392909389,30.528521898811174,0.5088086983135196,70215.6003672657
BASE_1,COW_003,16.4832781,107.5715416,J_00028,16.230739178703335,108.0800528964888,61.09152667748251,1.0181921112913752,140510.51135820977
BASE_1,COW_003,16.4832781,107.5715416,J_00029,16.582372023215015,107.36897627611086,24.241920747450987,0.40403201245751647,55756.41771913727
BASE_1,COW_003,16.4832781,107.5715416,J_00030,16.23582074671607,107.25576696739624,43.4995085803224,0.72499180967204,100048.86973474151
BASE_1,COW_003,16.4832781,107.5715416,J_00031,16.267972860818134,107.22291398151737,44.23217556224741,0.7372029260374569,101734.00379316905
BASE_1,COW_003,16.4832781,107.5715416,J_00032,16.15816879245868,107.72785909820898,39.81361176821465,0.6635601961369109,91571.3070668937
BASE_1,COW_003,16.4832781,107.5715416,J_00033,16.597430221109658,107.50487743972349,14.546840484163639,0.2424473414027273,33457.73311357637
BASE_1,COW_003,16.4832781,107.5715416,J_00034,16.66429736358062,107.48232283480873,22.261288074686167,0.37102146791143614,51200.96257177818
BASE_1,COW_003,16.4832781,107.5715416,J_00035,16.461689838165945,107.7055674468512,14.49151919513515,0.24152531991891915,33330.494148810845
BASE_1,COW_003,16.4832781,107.5715416,J_00036,16.268139796636127,107.2187570048448,44.59575462649181,0.7432625771081969,102570.23564093116
BASE_1,COW_003,16.4832781,107.5715416,J_00037,16.56508206793363,107.52621803008316,10.299759065224148,0.17166265108706913,23689.44585001554
BASE_1,COW_003,16.4832781,107.5715416,J_00038,16.46918567451601,107.70508512969802,14.325571875575102,0.23875953125958504,32948.815313822735
BASE_1,COW_003,16.4832781,107.5715416,J_00039,16.569871522873257,107.536183895912,10.340188014457029,0.17233646690761714,23782.432433251168
BASE_1,COW_003,16.4832781,107.5715416,J_00040,16.666607075648248,107.36250567880695,30.197062917872383,0.5032843819645397,69453.24471110648
BASE_1,COW_003,16.4832781,107.5715416,J_00041,16.665155641834726,107.3688001600834,29.595148004882386,0.49325246674803974,68068.84041122948
BASE_1,COW_003,16.4832781,107.5715416,J_00042,16.51315499139435,107.5606764490754,3.518330394045989,0.05863883990076648,8092.159906305775
BASE_1,COW_003,16.4832781,107.5715416,J_00043,16.64927714226641,107.41145471933169,25.13596539698891,0.4189327566164819,57812.720413074494
BASE_1,COW_003,16.4832781,107.5715416,J_00044,16.57166890824097,107.49529040517794,12.754331632724952,0.2125721938787492,29334.96275526739
BASE_1,COW_003,16.4832781,107.5715416,J_00045,16.63143941985154,107.5110583130454,17.691149418548846,0.29485249030914745,40689.64366266235
BASE_1,COW_003,16.4832781,107.5715416,J_00046,16.59440973361349,107.38534822450936,23.37974854683841,0.38966247578064017,53773.421657728344
BASE_1,COW_003,16.4832781,107.5715416,J_00047,16.599347151767944,107.49633576858352,15.193265203324689,0.25322108672207816,34944.50996764679
BASE_1,COW_003,16.4832781,107.5715416,J_00048,16.28167999352194,107.97816386593117,48.828387860898346,0.8138064643483057,112305.2920800662
BASE_1,COW_003,16.4832781,107.5715416,J_00049,16.277599338947514,107.9824641404575,49.445032823771804,0.8240838803961967,113723.57549467515
BASE_1,COW_003,16.4832781,107.5715416,J_00050,16.462928914647218,107.64012940439612,7.655597542397739,0.12759329237329567,17607.8743475148
BASE_1,COW_003,16.4832781,107.5715416,J_00051,16.601594932702508,107.48296237382375,16.19368570172318,0.26989476169538634,37245.477113963316
BASE_1,COW_003,16.4832781,107.5715416,J_00052,16.34480069014235,107.90990007727194,39.23789597349909,0.6539649328916516,90247.16073904792
BASE_1,COW_003,16.4832781,107.5715416,J_00053,16.586804944456667,107.58305427522006,11.576889076231796,0.19294815127052992,26626.84487533313
BASE_1,COW_003,16.4832781,107.5715416,J_00054,16.619028870649785,107.4534404914762,19.654860965167725,0.3275810160861287,45206.18021988577
BASE_1,COW_003,16.4832781,107.5715416,J_00055,16.282227234021125,107.2142450904469,44.18878195817056,0.7364796993028426,101634.19850379229
BASE_1,COW_003,16.4832781,107.5715416,J_00056,16.435088326817397,107.65074059522672,10.002104308468564,0.16670173847447606,23004.839909477698
BASE_1,COW_003,16.4832781,107.5715416,J_00057,16.371952558474792,107.86327621053776,33.48713476393172,0.5581189127321954,77020.40995704295
BASE_1,COW_003,16.4832781,107.5715416,J_00058,16.605809254100482,107.44852928114123,18.90930828090315,0.3151551380150525,43491.40904607725
BASE_1,COW_003,16.4832781,107.5715416,J_00059,16.604451821387112,107.44540383479944,19.03471445546266,0.31724524092437767,43779.84324756412
BASE_1,COW_003,16.4832781,107.5715416,J_00060,16.41077084398415,107.70813735661868,16.649563295203063,0.2774927215867177,38293.99557896704
BASE_1,COW_003,16.4832781,107.5715416,J_00061,16.423400400047356,107.82881823459424,28.232699031540218,0.4705449838590036,64935.207772542504
BASE_1,COW_003,16.4832781,107.5715416,J_00062,16.392061127207906,107.71969303091058,18.775770165871737,0.31292950276452897,43184.271381504994
BASE_1,COW_003,16.4832781,107.5715416,J_00063,16.51352049869946,107.39836603004166,18.767159920561962,0.3127859986760327,43164.46781729251
BASE_1,COW_003,16.4832781,107.5715416,J_00064,16.12581966029344,107.33689825793644,46.97829422553878,0.7829715704256464,108050.0767187392
BASE_1,COW_003,16.4832781,107.5715416,J_00065,16.58814063386911,107.58112744571652,11.704868363761346,0.19508113939602242,26921.197236651096
BASE_1,COW_003,16.4832781,107.5715416,J_00066,16.311065134737067,108.00316203108642,49.86535691122862,0.8310892818538104,114690.32089582583
BASE_1,COW_003,16.4832781,107.5715416,J_00067,16.51365978864296,107.39155449638712,19.484737082515583,0.32474561804192636,44814.89528978584
BASE_1,COW_003,16.4832781,107.5715416,J_00068,16.52448692518508,107.36199005595924,22.80614543073668,0.3801024238456113,52454.13449069436
BASE_1,COW_003,16.4832781,107.5715416,J_00069,16.59106004686489,107.57447245809988,11.98887695961341,0.19981461599355685,27574.417007110846
BASE_1,COW_003,16.4832781,107.5715416,J_00070,16.514385209681947,107.35917522677836,22.90445128377322,0.38174085472955366,52680.237952678406
BASE_1,COW_003,16.4832781,107.5715416,J_00071,16.500172317744823,107.387722313213,19.68871791182914,0.3281452985304857,45284.05119720702
BASE_1,COW_003,16.4832781,107.5715416,J_00072,16.393597378184786,107.47492481043388,14.339359840450827,0.23898933067418046,32980.5276330369
BASE_1,COW_003,16.4832781,107.5715416,J_00073,16.311140756886953,108.00574411813372,50.116566211616394,0.8352761035269399,115268.10228671771
BASE_1,COW_003,16.4832781,107.5715416,J_00074,16.521508537272283,107.40421975752768,18.338463349763174,0.3056410558293862,42178.4657044553
BASE_1,COW_003,16.4832781,107.5715416,J_00075,16.402154789177548,107.47526188616476,13.667511322592642,0.22779185537654403,31435.276041963076
BASE_1,COW_003,16.4832781,107.5715416,J_00076,16.588713873543426,107.3252892,28.748699983177303,0.4791449997196217,66122.00996130779
BASE_1,COW_003,16.4832781,107.5715416,J_00077,16.08851719650639,107.38588473919135,48.16086256319254,0.8026810427198756,110769.98389534284
BASE_1,COW_003,16.4832781,107.5715416,J_00078,16.527850544725265,107.37652351643136,21.373994578449732,0.3562332429741622,49160.187530434385
BASE_1,COW_003,16.4832781,107.5715416,J_00079,16.085892686488275,107.36589613925749,49.33845598486546,0.8223075997477577,113478.44876519057
BASE_1,COW_003,16.4832781,107.5715416,J_00080,16.291495257578905,108.0261164720742,52.974875839541845,0.8829145973256974,121842.21443094625
BASE_1,COW_003,16.4832781,107.5715416,J_00081,16.382115370526147,107.0536835996094,56.36490874822307,0.9394151458037179,129639.29012091307
BASE_1,COW_003,16.4832781,107.5715416,J_00082,16.376677240357246,107.04298993910136,57.60508035795649,0.9600846726326081,132491.68482329993
BASE_1,COW_003,16.4832781,107.5715416,J_00083,16.145727559220454,107.74412376098628,41.80907929403759,0.6968179882339598,96160.88237628645
BASE_1,COW_003,16.4832781,107.5715416,J_00084,16.327564155367586,107.1717988691137,46.021061508087755,0.7670176918014626,105848.44146860184
BASE_1,COW_003,16.4832781,107.5715416,J_00085,16.536406972867166,107.35115792249393,24.226536254973734,0.4037756042495622,55721.03338643959
BASE_1,COW_003,16.4832781,107.5715416,J_00086,16.516865528399663,107.28775679746394,30.485589794903632,0.5080931632483938,70116.85652827835
BASE_1,COW_003,16.4832781,107.5715416,J_00087,16.286613968463637,108.0076708460382,51.40880303127137,0.8568133838545228,118240.24697192415
BASE_1,COW_003,16.4832781,107.5715416,J_00088,16.31580618944039,108.01104614910422,50.445411643690484,0.8407568607281747,116024.44678048811
BASE_1,COW_003,16.4832781,107.5715416,J_00089,16.612873091094567,107.40389222873738,22.956059789426956,0.38260099649044926,52798.937515681995
BASE_1,COW_003,16.4832781,107.5715416,J_00090,16.330456476800176,107.6200542865036,17.763424540349806,0.2960570756724968,40855.876442804554
BASE_1,COW_003,16.4832781,107.5715416,J_00091,16.286166291524196,108.0212320394954,52.742394311901855,0.8790399051983643,121307.50691737427
BASE_1,COW_003,16.4832781,107.5715416,J_00092,16.276565522813957,108.0303636867135,54.076142031873495,0.9012690338645583,124375.12667330905
BASE_1,COW_003,16.4832781,107.5715416,J_00093,16.343745314767705,107.94446775635662,42.69637796707433,0.7116062994512389,98201.66932427097
BASE_1,COW_003,16.4832781,107.5715416,J_00094,16.374390937218454,107.4611604849838,16.887653684975625,0.28146089474959374,38841.60347544394
BASE_1,COW_003,16.4832781,107.5715416,J_00095,16.563745734293335,107.33058047516714,27.200907734138298,0.4533484622356383,62562.08778851808
BASE_1,COW_003,16.4832781,107.5715416,J_00096,16.333238096088046,107.95986908838688,44.655138356457066,0.744252305940951,102706.81821985125
BASE_1,COW_003,16.4832781,107.5715416,J_00097,16.345740957020553,107.15320156741336,47.16940507950651,0.7861567513251085,108489.63168286497
BASE_1,COW_003,16.4832781,107.5715416,J_00098,16.219107397405065,108.05398556961838,59.26708286529003,0.9877847144215005,136314.29059016707
BASE_1,COW_003,16.4832781,107.5715416,J_00099,16.422942208064033,107.46784915441106,12.934035569270156,0.21556725948783592,29748.281809321357
BASE_1,COW_003,16.4832781,107.5715416,J_00100,16.402644021436732,107.75780974463012,21.794694071270424,0.3632449011878404,50127.796363921974
BASE_1,COW_003,16.4832781,107.5715416,J_00101,16.37524964320665,107.59276945006624,12.223717558621932,0.2037286259770322,28114.550384830443
BASE_1,COW_003,16.4832781,107.5715416,J_00102,16.547556620418277,107.3098233592149,28.80203184856716,0.48003386414278604,66244.67325170447
BASE_1,COW_003,16.4832781,107.5715416,J_00103,16.30681962375361,107.38568972103658,27.893443914803267,0.4648907319133878,64154.921004047515
BASE_1,COW_003,16.4832781,107.5715416,J_00104,16.380155048074425,107.67675752946212,16.04405790585031,0.26740096509750516,36901.33318345571
BASE_1,COW_003,16.4832781,107.5715416,J_00105,16.730113981967406,107.400003273698,32.97633133313873,0.5496055222189788,75845.56206621908
BASE_1,COW_003,16.4832781,107.5715416,J_00106,16.369866099155256,107.60485959798804,13.101951880664986,0.21836586467774977,30134.489325529466
BASE_1,COW_003,16.4832781,107.5715416,J_00107,16.113891588725753,107.66074099746874,42.1627108159762,0.7027118469329366,96974.23487674525
BASE_1,COW_003,16.4832781,107.5715416,J_00108,16.362255190888888,107.77612445102936,25.636442476506456,0.4272740412751076,58963.81769596485
BASE_1,COW_003,16.4832781,107.5715416,J_00109,16.309746863677077,107.75132688590683,27.205336079713213,0.45342226799522023,62572.27298334039
BASE_1,COW_003,16.4832781,107.5715416,J_00110,16.32186391385828,107.73943123957228,25.354831214499647,0.42258052024166076,58316.11179334919
BASE_1,COW_003,16.4832781,107.5715416,J_00111,16.372264871840603,107.6709710682885,16.273808769172355,0.2712301461528726,37429.760169096415
BASE_1,COW_003,16.4832781,107.5715416,J_00112,16.329782686393113,107.41267661232116,24.05140154445488,0.4008566924075813,55318.22355224622
BASE_1,COW_003,16.4832781,107.5715416,J_00113,16.320008469677312,107.70521742737984,23.085049881445446,0.3847508313574241,53095.61472732453
BASE_1,COW_003,16.4832781,107.5715416,J_00114,16.74059460183718,107.3850389961322,34.83650849792243,0.5806084749653738,80123.9695452216
BASE_1,COW_003,16.4832781,107.5715416,J_00115,16.347584401325978,107.53061376748612,15.707278005382229,0.26178796675637045,36126.739412379124
BASE_1,COW_003,16.4832781,107.5715416,J_00116,16.510544056993798,107.49977339066342,8.230514122622703,0.13717523537704504,18930.182482032214
BASE_1,COW_004,16.4832781,107.5715416,J_00000,16.470828921881164,107.60955399746234,4.283074281911706,0.07138457136519509,9851.070848396923
BASE_1,COW_004,16.4832781,107.5715416,J_00001,16.470362127018827,107.55930326094062,1.940504610970926,0.0323417435161821,4463.16060523313
BASE_1,COW_004,16.4832781,107.5715416,J_00002,16.47424359958971,107.55772818698266,1.7828656689940168,0.029714427816566948,4100.591038686239
BASE_1,COW_004,16.4832781,107.5715416,J_00003,16.49348337564258,107.59002065245971,2.273700306003,0.03789500510005,5229.5107038069
BASE_1,COW_004,16.4832781,107.5715416,J_00004,16.478745441146955,107.55129534455035,2.216838854541901,0.03694731424236501,5098.729365446372
BASE_1,COW_004,16.4832781,107.5715416,J_00005,16.487027304858945,107.54731760776494,2.616289076142456,0.0436048179357076,6017.464875127649
BASE_1,COW_004,16.4832781,107.5715416,J_00006,16.532160339026593,107.44578496129934,14.467033580503681,0.24111722634172802,33274.177235158466
BASE_1,COW_004,16.4832781,107.5715416,J_00007,16.476934281241164,107.53317577214604,4.151199586811534,0.06918665978019223,9547.759049666527
BASE_1,COW_004,16.4832781,107.5715416,J_00008,16.54063239867831,107.44448001783373,14.972148344099843,0.24953580573499737,34435.941191429636
BASE_1,COW_004,16.4832781,107.5715416,J_00009,16.531547558962664,107.69012324181722,13.734386936420913,0.22890644894034856,31589.0899537681
BASE_1,COW_004,16.4832781,107.5715416,J_00010,16.52738878877641,107.68921427085154,13.470178488683036,0.22450297481138393,30981.410523970982
BASE_1,COW_004,16.4832781,107.5715416,J_00011,16.53789357129583,107.68082715522364,13.138692629894189,0.2189782104982365,30218.993048756634
BASE_1,COW_004,16.4832781,107.5715416,J_00012,16.524835706155326,107.69309264998252,13.75824484464177,0.2293040807440295,31643.963142676068
BASE_1,COW_004,16.4832781,107.5715416,J_00013,16.2729315745512,107.87292622951324,39.75994298695093,0.6626657164491822,91447.86886998714
BASE_1,COW_004,16.4832781,107.5715416,J_00014,16.52317642712633,107.701478157211,14.546133656749157,0.24243556094581928,33456.107410523065
BASE_1,COW_004,16.4832781,107.5715416,J_00015,16.564129718701782,107.59382455637665,9.298814862037279,0.15498024770062133,21387.274182685742
BASE_1,COW_004,16.4832781,107.5715416,J_00016,16.55503728513068,107.61353852963492,9.14947733458867,0.15249128890981117,21043.797869553942
BASE_1,COW_004,16.4832781,107.5715416,J_00017,16.56802006575831,107.6179667081558,10.643456868100245,0.17739094780167075,24479.95079663056
BASE_1,COW_004,16.4832781,107.5715416,J_00018,16.493997607340088,107.53193954239708,4.387470291395548,0.07312450485659247,10091.18167020976
BASE_1,COW_004,16.4832781,107.5715416,J_00019,16.543546895491804,107.42583058377517,16.917959239636904,0.28196598732728173,38911.30625116488
BASE_1,COW_004,16.4832781,107.5715416,J_00020,16.242503801359586,107.2454051174484,43.90373366830049,0.7317288944716748,100978.58743709112
BASE_1,COW_004,16.4832781,107.5715416,J_00021,16.45055723769587,107.72225686630698,16.478088375703905,0.27463480626173176,37899.60326411898
BASE_1,COW_004,16.4832781,107.5715416,J_00022,16.504833393469443,107.6291677934963,6.595018595228442,0.1099169765871407,15168.542769025416
BASE_1,COW_004,16.4832781,107.5715416,J_00023,16.57986665656081,107.58768387995444,10.87712901950087,0.18128548365834785,25017.396744852
BASE_1,COW_004,16.4832781,107.5715416,J_00024,16.23991207988329,107.25090001724132,43.61894828141821,0.7269824713569703,100323.58104726189
BASE_1,COW_004,16.4832781,107.5715416,J_00025,16.250014260366132,107.24074792938237,43.79835247487538,0.729972541247923,100736.21069221337
BASE_1,COW_004,16.4832781,107.5715416,J_00026,16.459357749451215,107.7205673132457,16.1119261508206,0.2685321025136767,37057.43014688738
BASE_1,COW_004,16.4832781,107.5715416,J_00027,16.656791523009364,107.34955392909389,30.528521898811174,0.5088086983135196,70215.6003672657
BASE_1,COW_004,16.4832781,107.5715416,J_00028,16.230739178703335,108.0800528964888,61.09152667748251,1.0181921112913752,140510.51135820977
BASE_1,COW_004,16.4832781,107.5715416,J_00029,16.582372023215015,107.36897627611086,24.241920747450987,0.40403201245751647,55756.41771913727
BASE_1,COW_004,16.4832781,107.5715416,J_00030,16.23582074671607,107.25576696739624,43.4995085803224,0.72499180967204,100048.86973474151
BASE_1,COW_004,16.4832781,107.5715416,J_00031,16.267972860818134,107.22291398151737,44.23217556224741,0.7372029260374569,101734.00379316905
BASE_1,COW_004,16.4832781,107.5715416,J_00032,16.15816879245868,107.72785909820898,39.81361176821465,0.6635601961369109,91571.3070668937
BASE_1,COW_004,16.4832781,107.5715416,J_00033,16.597430221109658,107.50487743972349,14.546840484163639,0.2424473414027273,33457.73311357637
BASE_1,COW_004,16.4832781,107.5715416,J_00034,16.66429736358062,107.48232283480873,22.261288074686167,0.37102146791143614,51200.96257177818
BASE_1,COW_004,16.4832781,107.5715416,J_00035,16.461689838165945,107.7055674468512,14.49151919513515,0.24152531991891915,33330.494148810845
BASE_1,COW_004,16.4832781,107.5715416,J_00036,16.268139796636127,107.2187570048448,44.59575462649181,0.7432625771081969,102570.23564093116
BASE_1,COW_004,16.4832781,107.5715416,J_00037,16.56508206793363,107.52621803008316,10.299759065224148,0.17166265108706913,23689.44585001554
BASE_1,COW_004,16.4832781,107.5715416,J_00038,16.46918567451601,107.70508512969802,14.325571875575102,0.23875953125958504,32948.815313822735
BASE_1,COW_004,16.4832781,107.5715416,J_00039,16.569871522873257,107.536183895912,10.340188014457029,0.17233646690761714,23782.432433251168
BASE_1,COW_004,16.4832781,107.5715416,J_00040,16.666607075648248,107.36250567880695,30.197062917872383,0.5032843819645397,69453.24471110648
BASE_1,COW_004,16.4832781,107.5715416,J_00041,16.665155641834726,107.3688001600834,29.595148004882386,0.49325246674803974,68068.84041122948
BASE_1,COW_004,16.4832781,107.5715416,J_00042,16.51315499139435,107.5606764490754,3.518330394045989,0.05863883990076648,8092.159906305775
BASE_1,COW_004,16.4832781,107.5715416,J_00043,16.64927714226641,107.41145471933169,25.13596539698891,0.4189327566164819,57812.720413074494
BASE_1,COW_004,16.4832781,107.5715416,J_00044,16.57166890824097,107.49529040517794,12.754331632724952,0.2125721938787492,29334.96275526739
BASE_1,COW_004,16.4832781,107.5715416,J_00045,16.63143941985154,107.5110583130454,17.691149418548846,0.29485249030914745,40689.64366266235
BASE_1,COW_004,16.4832781,107.5715416,J_00046,16.59440973361349,107.38534822450936,23.37974854683841,0.38966247578064017,53773.421657728344
BASE_1,COW_004,16.4832781,107.5715416,J_00047,16.599347151767944,107.49633576858352,15.193265203324689,0.25322108672207816,34944.50996764679
BASE_1,COW_004,16.4832781,107.5715416,J_00048,16.28167999352194,107.97816386593117,48.828387860898346,0.8138064643483057,112305.2920800662
BASE_1,COW_004,16.4832781,107.5715416,J_00049,16.277599338947514,107.9824641404575,49.445032823771804,0.8240838803961967,113723.57549467515
BASE_1,COW_004,16.4832781,107.5715416,J_00050,16.462928914647218,107.64012940439612,7.655597542397739,0.12759329237329567,17607.8743475148
BASE_1,COW_004,16.4832781,107.5715416,J_00051,16.601594932702508,107.48296237382375,16.19368570172318,0.26989476169538634,37245.477113963316
BASE_1,COW_004,16.4832781,107.5715416,J_00052,16.34480069014235,107.90990007727194,39.23789597349909,0.6539649328916516,90247.16073904792
BASE_1,COW_004,16.4832781,107.5715416,J_00053,16.586804944456667,107.58305427522006,11.576889076231796,0.19294815127052992,26626.84487533313
BASE_1,COW_004,16.4832781,107.5715416,J_00054,16.619028870649785,107.4534404914762,19.654860965167725,0.3275810160861287,45206.18021988577
BASE_1,COW_004,16.4832781,107.5715416,J_00055,16.282227234021125,107.2142450904469,44.18878195817056,0.7364796993028426,101634.19850379229
BASE_1,COW_004,16.4832781,107.5715416,J_00056,16.435088326817397,107.65074059522672,10.002104308468564,0.16670173847447606,23004.839909477698
BASE_1,COW_004,16.4832781,107.5715416,J_00057,16.371952558474792,107.86327621053776,33.48713476393172,0.5581189127321954,77020.40995704295
BASE_1,COW_004,16.4832781,107.5715416,J_00058,16.605809254100482,107.44852928114123,18.90930828090315,0.3151551380150525,43491.40904607725
BASE_1,COW_004,16.4832781,107.5715416,J_00059,16.604451821387112,107.44540383479944,19.03471445546266,0.31724524092437767,43779.84324756412
BASE_1,COW_004,16.4832781,107.5715416,J_00060,16.41077084398415,107.70813735661868,16.649563295203063,0.2774927215867177,38293.99557896704
BASE_1,COW_004,16.4832781,107.5715416,J_00061,16.423400400047356,107.82881823459424,28.232699031540218,0.4705449838590036,64935.207772542504
BASE_1,COW_004,16.4832781,107.5715416,J_00062,16.392061127207906,107.71969303091058,18.775770165871737,0.31292950276452897,43184.271381504994
BASE_1,COW_004,16.4832781,107.5715416,J_00063,16.51352049869946,107.39836603004166,18.767159920561962,0.3127859986760327,43164.46781729251
BASE_1,COW_004,16.4832781,107.5715416,J_00064,16.12581966029344,107.33689825793644,46.97829422553878,0.7829715704256464,108050.0767187392
BASE_1,COW_004,16.4832781,107.5715416,J_00065,16.58814063386911,107.58112744571652,11.704868363761346,0.19508113939602242,26921.197236651096
BASE_1,COW_004,16.4832781,107.5715416,J_00066,16.311065134737067,108.00316203108642,49.86535691122862,0.8310892818538104,114690.32089582583
BASE_1,COW_004,16.4832781,107.5715416,J_00067,16.51365978864296,107.39155449638712,19.484737082515583,0.32474561804192636,44814.89528978584
BASE_1,COW_004,16.4832781,107.5715416,J_00068,16.52448692518508,107.36199005595924,22.80614543073668,0.3801024238456113,52454.13449069436
BASE_1,COW_004,16.4832781,107.5715416,J_00069,16.59106004686489,107.57447245809988,11.98887695961341,0.19981461599355685,27574.417007110846
BASE_1,COW_004,16.4832781,107.5715416,J_00070,16.514385209681947,107.35917522677836,22.90445128377322,0.38174085472955366,52680.237952678406
BASE_1,COW_004,16.4832781,107.5715416,J_00071,16.500172317744823,107.387722313213,19.68871791182914,0.3281452985304857,45284.05119720702
BASE_1,COW_004,16.4832781,107.5715416,J_00072,16.393597378184786,107.47492481043388,14.339359840450827,0.23898933067418046,32980.5276330369
BASE_1,COW_004,16.4832781,107.5715416,J_00073,16.311140756886953,108.00574411813372,50.116566211616394,0.8352761035269399,115268.10228671771
BASE_1,COW_004,16.4832781,107.5715416,J_00074,16.521508537272283,107.40421975752768,18.338463349763174,0.3056410558293862,42178.4657044553
BASE_1,COW_004,16.4832781,107.5715416,J_00075,16.402154789177548,107.47526188616476,13.667511322592642,0.22779185537654403,31435.276041963076
BASE_1,COW_004,16.4832781,107.5715416,J_00076,16.588713873543426,107.3252892,28.748699983177303,0.4791449997196217,66122.00996130779
BASE_1,COW_004,16.4832781,107.5715416,J_00077,16.08851719650639,107.38588473919135,48.16086256319254,0.8026810427198756,110769.98389534284
BASE_1,COW_004,16.4832781,107.5715416,J_00078,16.527850544725265,107.37652351643136,21.373994578449732,0.3562332429741622,49160.187530434385
BASE_1,COW_004,16.4832781,107.5715416,J_00079,16.085892686488275,107.36589613925749,49.33845598486546,0.8223075997477577,113478.44876519057
BASE_1,COW_004,16.4832781,107.5715416,J_00080,16.291495257578905,108.0261164720742,52.974875839541845,0.8829145973256974,121842.21443094625
BASE_1,COW_004,16.4832781,107.5715416,J_00081,16.382115370526147,107.0536835996094,56.36490874822307,0.9394151458037179,129639.29012091307
BASE_1,COW_004,16.4832781,107.5715416,J_00082,16.376677240357246,107.04298993910136,57.60508035795649,0.9600846726326081,132491.68482329993
BASE_1,COW_004,16.4832781,107.5715416,J_00083,16.145727559220454,107.74412376098628,41.80907929403759,0.6968179882339598,96160.88237628645
BASE_1,COW_004,16.4832781,107.5715416,J_00084,16.327564155367586,107.1717988691137,46.021061508087755,0.7670176918014626,105848.44146860184
BASE_1,COW_004,16.4832781,107.5715416,J_00085,16.536406972867166,107.35115792249393,24.226536254973734,0.4037756042495622,55721.03338643959
BASE_1,COW_004,16.4832781,107.5715416,J_00086,16.516865528399663,107.28775679746394,30.485589794903632,0.5080931632483938,70116.85652827835
BASE_1,COW_004,16.4832781,107.5715416,J_00087,16.286613968463637,108.0076708460382,51.40880303127137,0.8568133838545228,118240.24697192415
BASE_1,COW_004,16.4832781,107.5715416,J_00088,16.31580618944039,108.01104614910422,50.445411643690484,0.8407568607281747,116024.44678048811
BASE_1,COW_004,16.4832781,107.5715416,J_00089,16.612873091094567,107.40389222873738,22.956059789426956,0.38260099649044926,52798.937515681995
BASE_1,COW_004,16.4832781,107.5715416,J_00090,16.330456476800176,107.6200542865036,17.763424540349806,0.2960570756724968,40855.876442804554
BASE_1,COW_004,16.4832781,107.5715416,J_00091,16.286166291524196,108.0212320394954,52.742394311901855,0.8790399051983643,121307.50691737427
BASE_1,COW_004,16.4832781,107.5715416,J_00092,16.276565522813957,108.0303636867135,54.076142031873495,0.9012690338645583,124375.12667330905
BASE_1,COW_004,16.4832781,107.5715416,J_00093,16.343745314767705,107.94446775635662,42.69637796707433,0.7116062994512389,98201.66932427097
BASE_1,COW_004,16.4832781,107.5715416,J_00094,16.374390937218454,107.4611604849838,16.887653684975625,0.28146089474959374,38841.60347544394
BASE_1,COW_004,16.4832781,107.5715416,J_00095,16.563745734293335,107.33058047516714,27.200907734138298,0.4533484622356383,62562.08778851808
BASE_1,COW_004,16.4832781,107.5715416,J_00096,16.333238096088046,107.95986908838688,44.655138356457066,0.744252305940951,102706.81821985125
BASE_1,COW_004,16.4832781,107.5715416,J_00097,16.345740957020553,107.15320156741336,47.16940507950651,0.7861567513251085,108489.63168286497
BASE_1,COW_004,16.4832781,107.5715416,J_00098,16.219107397405065,108.05398556961838,59.26708286529003,0.9877847144215005,136314.29059016707
BASE_1,COW_004,16.4832781,107.5715416,J_00099,16.422942208064033,107.46784915441106,12.934035569270156,0.21556725948783592,29748.281809321357
BASE_1,COW_004,16.4832781,107.5715416,J_00100,16.402644021436732,107.75780974463012,21.794694071270424,0.3632449011878404,50127.796363921974
BASE_1,COW_004,16.4832781,107.5715416,J_00101,16.37524964320665,107.59276945006624,12.223717558621932,0.2037286259770322,28114.550384830443
BASE_1,COW_004,16.4832781,107.5715416,J_00102,16.547556620418277,107.3098233592149,28.80203184856716,0.48003386414278604,66244.67325170447
BASE_1,COW_004,16.4832781,107.5715416,J_00103,16.30681962375361,107.38568972103658,27.893443914803267,0.4648907319133878,64154.921004047515
BASE_1,COW_004,16.4832781,107.5715416,J_00104,16.380155048074425,107.67675752946212,16.04405790585031,0.26740096509750516,36901.33318345571
BASE_1,COW_004,16.4832781,107.5715416,J_00105,16.730113981967406,107.400003273698,32.97633133313873,0.5496055222189788,75845.56206621908
BASE_1,COW_004,16.4832781,107.5715416,J_00106,16.369866099155256,107.60485959798804,13.101951880664986,0.21836586467774977,30134.489325529466
BASE_1,COW_004,16.4832781,107.5715416,J_00107,16.113891588725753,107.66074099746874,42.1627108159762,0.7027118469329366,96974.23487674525
BASE_1,COW_004,16.4832781,107.5715416,J_00108,16.362255190888888,107.77612445102936,25.636442476506456,0.4272740412751076,58963.81769596485
BASE_1,COW_004,16.4832781,107.5715416,J_00109,16.309746863677077,107.75132688590683,27.205336079713213,0.45342226799522023,62572.27298334039
BASE_1,COW_004,16.4832781,107.5715416,J_00110,16.32186391385828,107.73943123957228,25.354831214499647,0.42258052024166076,58316.11179334919
BASE_1,COW_004,16.4832781,107.5715416,J_00111,16.372264871840603,107.6709710682885,16.273808769172355,0.2712301461528726,37429.760169096415
BASE_1,COW_004,16.4832781,107.5715416,J_00112,16.329782686393113,107.41267661232116,24.05140154445488,0.4008566924075813,55318.22355224622
BASE_1,COW_004,16.4832781,107.5715416,J_00113,16.320008469677312,107.70521742737984,23.085049881445446,0.3847508313574241,53095.61472732453
BASE_1,COW_004,16.4832781,107.5715416,J_00114,16.74059460183718,107.3850389961322,34.83650849792243,0.5806084749653738,80123.9695452216
BASE_1,COW_004,16.4832781,107.5715416,J_00115,16.347584401325978,107.53061376748612,15.707278005382229,0.26178796675637045,36126.739412379124
BASE_1,COW_004,16.4832781,107.5715416,J_00116,16.510544056993798,107.49977339066342,8.230514122622703,0.13717523537704504,18930.182482032214
BASE_2,COW_005,16.4626288,107.6022722,J_00000,16.470828921881164,107.60955399746234,1.1976375809693138,0.023952751619386276,2754.566436229422
BASE_2,COW_005,16.4626288,107.6022722,J_00001,16.470362127018827,107.55930326094062,4.661956401773189,0.09323912803546378,10722.499724078334
BASE_2,COW_005,16.4626288,107.6022722,J_00002,16.47424359958971,107.55772818698266,4.922325781971212,0.09844651563942425,11321.349298533787
BASE_2,COW_005,16.4626288,107.6022722,J_00003,16.49348337564258,107.59002065245971,3.671165353505454,0.07342330707010908,8443.680313062545
BASE_2,COW_005,16.4626288,107.6022722,J_00004,16.478745441146955,107.55129534455035,5.723559279374346,0.11447118558748691,13164.186342560995
BASE_2,COW_005,16.4626288,107.6022722,J_00005,16.487027304858945,107.54731760776494,6.457360704184114,0.1291472140836823,14851.929619623463
BASE_2,COW_005,16.4626288,107.6022722,J_00006,16.532160339026593,107.44578496129934,18.388613486557446,0.3677722697311489,42293.811019082124
BASE_2,COW_005,16.4626288,107.6022722,J_00007,16.476934281241164,107.53317577214604,7.537682959880957,0.15075365919761916,17336.6708077262
BASE_2,COW_005,16.4626288,107.6022722,J_00008,16.54063239867831,107.44448001783373,18.927363289939677,0.37854726579879355,43532.935566861255
BASE_2,COW_005,16.4626288,107.6022722,J_00009,16.531547558962664,107.69012324181722,12.10200276495124,0.2420400552990248,27834.606359387853
BASE_2,COW_005,16.4626288,107.6022722,J_00010,16.52738878877641,107.68921427085154,11.737992078811057,0.23475984157622115,26997.38178126543
BASE_2,COW_005,16.4626288,107.6022722,J_00011,16.53789357129583,107.68082715522364,11.839977101752085,0.2367995420350417,27231.947334029795
BASE_2,COW_005,16.4626288,107.6022722,J_00012,16.524835706155326,107.69309264998252,11.900035357071301,0.23800070714142602,27370.08132126399
BASE_2,COW_005,16.4626288,107.6022722,J_00013,16.2729315745512,107.87292622951324,35.759381399434616,0.7151876279886923,82246.57721869962
BASE_2,COW_005,16.4626288,107.6022722,J_00014,16.52317642712633,107.701478157211,12.538238525128648,0.25076477050257295,28837.94860779589
BASE_2,COW_005,16.4626288,107.6022722,J_00015,16.564129718701782,107.59382455637665,11.322261241488862,0.22644522482977725,26041.200855424384
BASE_2,COW_005,16.4626288,107.6022722,J_00016,16.55503728513068,107.61353852963492,10.34531736243613,0.20690634724872262,23794.2299336031
BASE_2,COW_005,16.4626288,107.6022722,J_00017,16.56802006575831,107.6179667081558,11.83781177023512,0.23675623540470242,27226.967071540777
BASE_2,COW_005,16.4626288,107.6022722,J_00018,16.493997607340088,107.53193954239708,8.270900352473635,0.1654180070494727,19023.07081068936
BASE_2,COW_005,16.4626288,107.6022722,J_00019,16.543546895491804,107.42583058377517,20.852305821069674,0.4170461164213935,47960.30338846025
BASE_2,COW_005,16.4626288,107.6022722,J_00020,16.242503801359586,107.2454051174484,45.265173759716234,0.9053034751943246,104109.89964734734
BASE_2,COW_005,16.4626288,107.6022722,J_00021,16.45055723769587,107.72225686630698,12.865354141966312,0.25730708283932624,29590.314526522518
BASE_2,COW_005,16.4626288,107.6022722,J_00022,16.504833393469443,107.6291677934963,5.499779944372628,0.10999559888745257,12649.493872057044
BASE_2,COW_005,16.4626288,107.6022722,J_00023,16.57986665656081,107.58768387995444,13.128690390868229,0.26257380781736456,30195.987898996926
BASE_2,COW_005,16.4626288,107.6022722,J_00024,16.23991207988329,107.25090001724132,44.93151992892387,0.8986303985784774,103342.4958365249
BASE_2,COW_005,16.4626288,107.6022722,J_00025,16.250014260366132,107.24074792938237,45.24137314177762,0.9048274628355525,104055.15822608853
BASE_2,COW_005,16.4626288,107.6022722,J_00026,16.459357749451215,107.7205673132457,12.619921677151776,0.25239843354303554,29025.819857449085
BASE_2,COW_005,16.4626288,107.6022722,J_00027,16.656791523009364,107.34955392909389,34.52016464782066,0.6904032929564131,79396.37868998751
BASE_2,COW_005,16.4626288,107.6022722,J_00028,16.230739178703335,108.0800528964888,57.129130578562496,1.1425826115712499,131397.00033069373
BASE_2,COW_005,16.4626288,107.6022722,J_00029,16.582372023215015,107.36897627611086,28.21009227601552,0.5642018455203104,64883.21223483569
BASE_2,COW_005,16.4626288,107.6022722,J_00030,16.23582074671607,107.25576696739624,44.754247213822005,0.8950849442764401,102934.7685917906
BASE_2,COW_005,16.4626288,107.6022722,J_00031,16.267972860818134,107.22291398151737,45.89782851097048,0.9179565702194096,105565.00557523209
BASE_2,COW_005,16.4626288,107.6022722,J_00032,16.15816879245868,107.72785909820898,36.4108552627345,0.72821710525469,83744.96710428935
BASE_2,COW_005,16.4626288,107.6022722,J_00033,16.597430221109658,107.50487743972349,18.233690644618072,0.36467381289236145,41937.488482621564
BASE_2,COW_005,16.4626288,107.6022722,J_00034,16.66429736358062,107.48232283480873,25.81273666339031,0.5162547332678062,59369.29432579772
BASE_2,COW_005,16.4626288,107.6022722,J_00035,16.461689838165945,107.7055674468512,11.015561457838286,0.22031122915676574,25335.79135302806
BASE_2,COW_005,16.4626288,107.6022722,J_00036,16.268139796636127,107.2187570048448,46.280702005003285,0.9256140401000656,106445.61461150755
BASE_2,COW_005,16.4626288,107.6022722,J_00037,16.56508206793363,107.52621803008316,13.982982467978449,0.279659649359569,32160.859676350432
BASE_2,COW_005,16.4626288,107.6022722,J_00038,16.46918567451601,107.70508512969802,10.987638298750841,0.21975276597501683,25271.568087126936
BASE_2,COW_005,16.4626288,107.6022722,J_00039,16.569871522873257,107.536183895912,13.850653903842897,0.27701307807685793,31856.503978838664
BASE_2,COW_005,16.4626288,107.6022722,J_00040,16.666607075648248,107.36250567880695,34.168234275001964,0.6833646855000393,78586.93883250451
BASE_2,COW_005,16.4626288,107.6022722,J_00041,16.665155641834726,107.3688001600834,33.5610000999043,0.671220001998086,77190.30022977988
BASE_2,COW_005,16.4626288,107.6022722,J_00042,16.51315499139435,107.5606764490754,7.157822934853552,0.14315645869707105,16462.992750163172
BASE_2,COW_005,16.4626288,107.6022722,J_00043,16.64927714226641,107.41145471933169,29.058357928949054,0.581167158578981,66834.22323658282
BASE_2,COW_005,16.4626288,107.6022722,J_00044,16.57166890824097,107.49529040517794,16.64575896676726,0.3329151793353452,38285.2456235647
BASE_2,COW_005,16.4626288,107.6022722,J_00045,16.63143941985154,107.5110583130454,21.139362999365872,0.4227872599873174,48620.534898541504
BASE_2,COW_005,16.4626288,107.6022722,J_00046,16.59440973361349,107.38534822450936,27.376017289837293,0.5475203457967459,62964.83976662577
BASE_2,COW_005,16.4626288,107.6022722,J_00047,16.599347151767944,107.49633576858352,18.93772619281264,0.3787545238562528,43556.77024346907
BASE_2,COW_005,16.4626288,107.6022722,J_00048,16.28167999352194,107.97816386593117,44.866908703446654,0.8973381740689331,103193.8900179273
BASE_2,COW_005,16.4626288,107.6022722,J_00049,16.277599338947514,107.9824641404575,45.48126903242054,0.9096253806484108,104606.91877456725
BASE_2,COW_005,16.4626288,107.6022722,J_00050,16.462928914647218,107.64012940439612,4.0370932937913295,0.08074186587582659,9285.314575720058
BASE_2,COW_005,16.4626288,107.6022722,J_00051,16.601594932702508,107.48296237382375,20.013176124119145,0.4002635224823829,46030.305085474036
BASE_2,COW_005,16.4626288,107.6022722,J_00052,16.34480069014235,107.90990007727194,35.33322897847513,0.7066645795695026,81266.4266504928
BASE_2,COW_005,16.4626288,107.6022722,J_00053,16.586804944456667,107.58305427522006,13.95891201364114,0.2791782402728228,32105.49763137462
BASE_2,COW_005,16.4626288,107.6022722,J_00054,16.619028870649785,107.4534404914762,23.53984832425885,0.470796966485177,54141.65114579535
BASE_2,COW_005,16.4626288,107.6022722,J_00055,16.282227234021125,107.2142450904469,46.00114750684115,0.920022950136823,105802.63926573464
BASE_2,COW_005,16.4626288,107.6022722,J_00056,16.435088326817397,107.65074059522672,6.007929929341362,0.12015859858682724,13818.238837485133
BASE_2,COW_005,16.4626288,107.6022722,J_00057,16.371952558474792,107.86327621053776,29.608676245248255,0.5921735249049651,68099.955364071
BASE_2,COW_005,16.4626288,107.6022722,J_00058,16.605809254100482,107.44852928114123,22.848637528065247,0.45697275056130493,52551.86631455007
BASE_2,COW_005,16.4626288,107.6022722,J_00059,16.604451821387112,107.44540383479944,22.984992763985936,0.45969985527971874,52865.48335716765
BASE_2,COW_005,16.4626288,107.6022722,J_00060,16.41077084398415,107.70813735661868,12.677863022149108,0.25355726044298216,29159.084950942946
BASE_2,COW_005,16.4626288,107.6022722,J_00061,16.423400400047356,107.82881823459424,24.55111478233027,0.4910222956466054,56467.56399935962
BASE_2,COW_005,16.4626288,107.6022722,J_00062,16.392061127207906,107.71969303091058,14.778793966180091,0.2955758793236018,33991.22612221421
BASE_2,COW_005,16.4626288,107.6022722,J_00063,16.51352049869946,107.39836603004166,22.465377006217302,0.44930754012434604,51670.36711429979
BASE_2,COW_005,16.4626288,107.6022722,J_00064,16.12581966029344,107.33689825793644,46.955313877139695,0.9391062775427939,107997.2219174213
BASE_2,COW_005,16.4626288,107.6022722,J_00065,16.58814063386911,107.58112744571652,14.13713408870812,0.2827426817741624,32515.408404028676
BASE_2,COW_005,16.4626288,107.6022722,J_00066,16.311065134737067,108.00316203108642,45.96703866839419,0.9193407733678838,105724.18893730664
BASE_2,COW_005,16.4626288,107.6022722,J_00067,16.51365978864296,107.39155449638712,23.17272310108496,0.46345446202169915,53297.263132495405
BASE_2,COW_005,16.4626288,107.6022722,J_00068,16.52448692518508,107.36199005595924,26.526047956292008,0.5305209591258402,61009.910299471616
BASE_2,COW_005,16.4626288,107.6022722,J_00069,16.59106004686489,107.57447245809988,14.585143703443368,0.29170287406886736,33545.83051791975
BASE_2,COW_005,16.4626288,107.6022722,J_00070,16.514385209681947,107.35917522677836,26.550762680555028,0.5310152536111006,61066.754165276565
BASE_2,COW_005,16.4626288,107.6022722,J_00071,16.500172317744823,107.387722313213,23.25441060245708,0.46508821204914164,53485.144385651285
BASE_2,COW_005,16.4626288,107.6022722,J_00072,16.393597378184786,107.47492481043388,15.60124024728802,0.3120248049457604,35882.85256876245
BASE_2,COW_005,16.4626288,107.6022722,J_00073,16.311140756886953,108.00574411813372,46.22034672374401,0.9244069344748802,106306.79746461121
BASE_2,COW_005,16.4626288,107.6022722,J_00074,16.521508537272283,107.40421975752768,22.108081753277244,0.44216163506554484,50848.588032537664
BASE_2,COW_005,16.4626288,107.6022722,J_00075,16.402154789177548,107.47526188616476,15.123253806081665,0.3024650761216333,34783.48375398783
BASE_2,COW_005,16.4626288,107.6022722,J_00076,16.588713873543426,107.3252892,32.6863313699366,0.6537266273987321,75178.56215085418
BASE_2,COW_005,16.4626288,107.6022722,J_00077,16.08851719650639,107.38588473919135,47.58117948457905,0.951623589691581,109436.71281453183
BASE_2,COW_005,16.4626288,107.6022722,J_00078,16.527850544725265,107.37652351643136,25.13786675052123,0.5027573350104246,57817.09352619883
BASE_2,COW_005,16.4626288,107.6022722,J_00079,16.085892686488275,107.36589613925749,48.90246649899749,0.9780493299799499,112475.67294769423
BASE_2,COW_005,16.4626288,107.6022722,J_00080,16.291495257578905,108.0261164720742,49.05810689946408,0.9811621379892815,112833.64586876739
BASE_2,COW_005,16.4626288,107.6022722,J_00081,16.382115370526147,107.0536835996094,59.192606024547565,1.1838521204909513,136142.9938564594
BASE_2,COW_005,16.4626288,107.6022722,J_00082,16.376677240357246,107.04298993910136,60.41383166879586,1.2082766333759172,138951.8128382305
BASE_2,COW_005,16.4626288,107.6022722,J_00083,16.145727559220454,107.74412376098628,38.35214979307895,0.767042995861579,88209.94452408158
BASE_2,COW_005,16.4626288,107.6022722,J_00084,16.327564155367586,107.1717988691137,48.313663075611345,0.9662732615122269,111121.4250739061
BASE_2,COW_005,16.4626288,107.6022722,J_00085,16.536406972867166,107.35115792249393,28.001541761757533,0.5600308352351506,64403.54605204233
BASE_2,COW_005,16.4626288,107.6022722,J_00086,16.516865528399663,107.28775679746394,34.07209670596864,0.6814419341193728,78365.82242372788
BASE_2,COW_005,16.4626288,107.6022722,J_00087,16.286613968463637,108.0076708460382,47.472187063880384,0.9494437412776077,109186.03024692489
BASE_2,COW_005,16.4626288,107.6022722,J_00088,16.31580618944039,108.01104614910422,46.5626069140364,0.9312521382807281,107093.99590228373
BASE_2,COW_005,16.4626288,107.6022722,J_00089,16.612873091094567,107.40389222873738,26.949407924462726,0.5389881584892545,61983.63822626427
BASE_2,COW_005,16.4626288,107.6022722,J_00090,16.330456476800176,107.6200542865036,14.818796130684492,0.29637592261368984,34083.23110057433
BASE_2,COW_005,16.4626288,107.6022722,J_00091,16.286166291524196,108.0212320394954,48.813957832065206,0.9762791566413042,112272.10301374998
BASE_2,COW_005,16.4626288,107.6022722,J_00092,16.276565522813957,108.0303636867135,50.139564595368434,1.0027912919073687,115320.9985693474
BASE_2,COW_005,16.4626288,107.6022722,J_00093,16.343745314767705,107.94446775635662,38.82165546150709,0.7764331092301419,89289.80756146631
BASE_2,COW_005,16.4626288,107.6022722,J_00094,16.374390937218454,107.4611604849838,17.9667001768805,0.35933400353761,41323.410406825154
BASE_2,COW_005,16.4626288,107.6022722,J_00095,16.563745734293335,107.33058047516714,31.07044930894317,0.6214089861788634,71462.03341056929
BASE_2,COW_005,16.4626288,107.6022722,J_00096,16.333238096088046,107.95986908838688,40.768688163955886,0.8153737632791177,93767.98277709854
BASE_2,COW_005,16.4626288,107.6022722,J_00097,16.345740957020553,107.15320156741336,49.63368884332048,0.9926737768664096,114157.4843396371
BASE_2,COW_005,16.4626288,107.6022722,J_00098,16.219107397405065,108.05398556961838,55.284716397766324,1.1056943279553264,127154.84771486254
BASE_2,COW_005,16.4626288,107.6022722,J_00099,16.422942208064033,107.46784915441106,14.9997035375215,0.29999407075043,34499.31813629945
BASE_2,COW_005,16.4626288,107.6022722,J_00100,16.402644021436732,107.75780974463012,17.879274895945322,0.3575854979189064,41122.332260674244
BASE_2,COW_005,16.4626288,107.6022722,J_00101,16.37524964320665,107.59276945006624,9.768842629373399,0.19537685258746798,22468.338047558816
BASE_2,COW_005,16.4626288,107.6022722,J_00102,16.547556620418277,107.3098233592149,32.577633276020975,0.6515526655204195,74928.55653484825
BASE_2,COW_005,16.4626288,107.6022722,J_00103,16.30681962375361,107.38568972103658,28.878984852787664,0.5775796970557533,66421.66516141163
BASE_2,COW_005,16.4626288,107.6022722,J_00104,16.380155048074425,107.67675752946212,12.133290989104827,0.24266581978209653,27906.569274941103
BASE_2,COW_005,16.4626288,107.6022722,J_00105,16.730113981967406,107.400003273698,36.73190429830171,0.7346380859660342,84483.37988609393
BASE_2,COW_005,16.4626288,107.6022722,J_00106,16.369866099155256,107.60485959798804,10.318433015027756,0.20636866030055512,23732.39593456384
BASE_2,COW_005,16.4626288,107.6022722,J_00107,16.113891588725753,107.66074099746874,39.27673526712742,0.7855347053425484,90336.49111439307
BASE_2,COW_005,16.4626288,107.6022722,J_00108,16.362255190888888,107.77612445102936,21.643484377090452,0.43286968754180905,49780.01406730804
BASE_2,COW_005,16.4626288,107.6022722,J_00109,16.309746863677077,107.75132688590683,23.27721250842711,0.4655442501685422,53537.58876938235
BASE_2,COW_005,16.4626288,107.6022722,J_00110,16.32186391385828,107.73943123957228,21.426037271282087,0.4285207454256417,49279.8857239488
BASE_2,COW_005,16.4626288,107.6022722,J_00111,16.372264871840603,107.6709710682885,12.436031978227076,0.24872063956454152,28602.873549922275
BASE_2,COW_005,16.4626288,107.6022722,J_00112,16.329782686393113,107.41267661232116,25.044867017354754,0.5008973403470951,57603.19413991593
BASE_2,COW_005,16.4626288,107.6022722,J_00113,16.320008469677312,107.70521742737984,19.28978048965255,0.385795609793051,44366.49512620086
BASE_2,COW_005,16.4626288,107.6022722,J_00114,16.74059460183718,107.3850389961322,38.61568559594178,0.7723137119188356,88816.07687066609
BASE_2,COW_005,16.4626288,107.6022722,J_00115,16.347584401325978,107.53061376748612,14.902009896674876,0.2980401979334975,34274.62276235221
BASE_2,COW_005,16.4626288,107.6022722,J_00116,16.510544056993798,107.49977339066342,12.158315837300588,0.24316631674601175,27964.126425791354
BASE_2,COW_006,16.4626288,107.6022722,J_00000,16.470828921881164,107.60955399746234,1.1976375809693138,0.021775228744896614,2754.566436229422
BASE_2,COW_006,16.4626288,107.6022722,J_00001,16.470362127018827,107.55930326094062,4.661956401773189,0.08476284366860344,10722.499724078334
BASE_2,COW_006,16.4626288,107.6022722,J_00002,16.47424359958971,107.55772818698266,4.922325781971212,0.08949683239947659,11321.349298533787
BASE_2,COW_006,16.4626288,107.6022722,J_00003,16.49348337564258,107.59002065245971,3.671165353505454,0.06674846097282644,8443.680313062545
BASE_2,COW_006,16.4626288,107.6022722,J_00004,16.478745441146955,107.55129534455035,5.723559279374346,0.10406471417044265,13164.186342560995
BASE_2,COW_006,16.4626288,107.6022722,J_00005,16.487027304858945,107.54731760776494,6.457360704184114,0.11740655825789298,14851.929619623463
BASE_2,COW_006,16.4626288,107.6022722,J_00006,16.532160339026593,107.44578496129934,18.388613486557446,0.33433842702831723,42293.811019082124
BASE_2,COW_006,16.4626288,107.6022722,J_00007,16.476934281241164,107.53317577214604,7.537682959880957,0.1370487810887447,17336.6708077262
BASE_2,COW_006,16.4626288,107.6022722,J_00008,16.54063239867831,107.44448001783373,18.927363289939677,0.3441338779989032,43532.935566861255
BASE_2,COW_006,16.4626288,107.6022722,J_00009,16.531547558962664,107.69012324181722,12.10200276495124,0.2200364139082044,27834.606359387853
BASE_2,COW_006,16.4626288,107.6022722,J_00010,16.52738878877641,107.68921427085154,11.737992078811057,0.21341803779656468,26997.38178126543
BASE_2,COW_006,16.4626288,107.6022722,J_00011,16.53789357129583,107.68082715522364,11.839977101752085,0.215272310940947,27231.947334029795
BASE_2,COW_006,16.4626288,107.6022722,J_00012,16.524835706155326,107.69309264998252,11.900035357071301,0.2163642792194782,27370.08132126399
BASE_2,COW_006,16.4626288,107.6022722,J_00013,16.2729315745512,107.87292622951324,35.759381399434616,0.6501705708988113,82246.57721869962
BASE_2,COW_006,16.4626288,107.6022722,J_00014,16.52317642712633,107.701478157211,12.538238525128648,0.22796797318415724,28837.94860779589
BASE_2,COW_006,16.4626288,107.6022722,J_00015,16.564129718701782,107.59382455637665,11.322261241488862,0.2058592952997975,26041.200855424384
BASE_2,COW_006,16.4626288,107.6022722,J_00016,16.55503728513068,107.61353852963492,10.34531736243613,0.18809667931702057,23794.2299336031
BASE_2,COW_006,16.4626288,107.6022722,J_00017,16.56802006575831,107.6179667081558,11.83781177023512,0.21523294127700218,27226.967071540777
BASE_2,COW_006,16.4626288,107.6022722,J_00018,16.493997607340088,107.53193954239708,8.270900352473635,0.15038000640861154,19023.07081068936
BASE_2,COW_006,16.4626288,107.6022722,J_00019,16.543546895491804,107.42583058377517,20.852305821069674,0.3791328331103577,47960.30338846025
BASE_2,COW_006,16.4626288,107.6022722,J_00020,16.242503801359586,107.2454051174484,45.265173759716234,0.8230031592675678,104109.89964734734
BASE_2,COW_006,16.4626288,107.6022722,J_00021,16.45055723769587,107.72225686630698,12.865354141966312,0.23391552985393296,29590.314526522518
BASE_2,COW_006,16.4626288,107.6022722,J_00022,16.504833393469443,107.6291677934963,5.499779944372628,0.09999599898859324,12649.493872057044
BASE_2,COW_006,16.4626288,107.6022722,J_00023,16.57986665656081,107.58768387995444,13.128690390868229,0.23870346165214962,30195.987898996926
BASE_2,COW_006,16.4626288,107.6022722,J_00024,16.23991207988329,107.25090001724132,44.93151992892387,0.816936725980434,103342.4958365249
BASE_2,COW_006,16.4626288,107.6022722,J_00025,16.250014260366132,107.24074792938237,45.24137314177762,0.8225704207595931,104055.15822608853
BASE_2,COW_006,16.4626288,107.6022722,J_00026,16.459357749451215,107.7205673132457,12.619921677151776,0.22945312140275956,29025.819857449085
BASE_2,COW_006,16.4626288,107.6022722,J_00027,16.656791523009364,107.34955392909389,34.52016464782066,0.6276393572331028,79396.37868998751
BASE_2,COW_006,16.4626288,107.6022722,J_00028,16.230739178703335,108.0800528964888,57.129130578562496,1.0387114650647726,131397.00033069373
BASE_2,COW_006,16.4626288,107.6022722,J_00029,16.582372023215015,107.36897627611086,28.21009227601552,0.5129107686548277,64883.21223483569
BASE_2,COW_006,16.4626288,107.6022722,J_00030,16.23582074671607,107.25576696739624,44.754247213822005,0.8137135857058546,102934.7685917906
BASE_2,COW_006,16.4626288,107.6022722,J_00031,16.267972860818134,107.22291398151737,45.89782851097048,0.8345059729267359,105565.00557523209
BASE_2,COW_006,16.4626288,107.6022722,J_00032,16.15816879245868,107.72785909820898,36.4108552627345,0.6620155502315364,83744.96710428935
BASE_2,COW_006,16.4626288,107.6022722,J_00033,16.597430221109658,107.50487743972349,18.233690644618072,0.33152164808396495,41937.488482621564
BASE_2,COW_006,16.4626288,107.6022722,J_00034,16.66429736358062,107.48232283480873,25.81273666339031,0.46932248478891475,59369.29432579772
BASE_2,COW_006,16.4626288,107.6022722,J_00035,16.461689838165945,107.7055674468512,11.015561457838286,0.20028293559705976,25335.79135302806
BASE_2,COW_006,16.4626288,107.6022722,J_00036,16.268139796636127,107.2187570048448,46.280702005003285,0.841467309181878,106445.61461150755
BASE_2,COW_006,16.4626288,107.6022722,J_00037,16.56508206793363,107.52621803008316,13.982982467978449,0.2542360448723354,32160.859676350432
BASE_2,COW_006,16.4626288,107.6022722,J_00038,16.46918567451601,107.70508512969802,10.987638298750841,0.19977524179546985,25271.568087126936
BASE_2,COW_006,16.4626288,107.6022722,J_00039,16.569871522873257,107.536183895912,13.850653903842897,0.25183007097896176,31856.503978838664
BASE_2,COW_006,16.4626288,107.6022722,J_00040,16.666607075648248,107.36250567880695,34.168234275001964,0.6212406231818539,78586.93883250451
BASE_2,COW_006,16.4626288,107.6022722,J_00041,16.665155641834726,107.3688001600834,33.5610000999043,0.6102000018164417,77190.30022977988
BASE_2,COW_006,16.4626288,107.6022722,J_00042,16.51315499139435,107.5606764490754,7.157822934853552,0.1301422351791555,16462.992750163172
BASE_2,COW_006,16.4626288,107.6022722,J_00043,16.64927714226641,107.41145471933169,29.058357928949054,0.5283337805263464,66834.22323658282
BASE_2,COW_006,16.4626288,107.6022722,J_00044,16.57166890824097,107.49529040517794,16.64575896676726,0.302650163032132,38285.2456235647
BASE_2,COW_006,16.4626288,107.6022722,J_00045,16.63143941985154,107.5110583130454,21.139362999365872,0.38435205453392496,48620.534898541504
BASE_2,COW_006,16.4626288,107.6022722,J_00046,16.59440973361349,107.38534822450936,27.376017289837293,0.4977457689061326,62964.83976662577
BASE_2,COW_006,16.4626288,107.6022722,J_00047,16.599347151767944,107.49633576858352,18.93772619281264,0.3443222944147753,43556.77024346907
BASE_2,COW_006,16.4626288,107.6022722,J_00048,16.28167999352194,107.97816386593117,44.866908703446654,0.8157619764263028,103193.8900179273
BASE_2,COW_006,16.4626288,107.6022722,J_00049,16.277599338947514,107.9824641404575,45.48126903242054,0.826932164225828,104606.91877456725
BASE_2,COW_006,16.4626288,107.6022722,J_00050,16.462928914647218,107.64012940439612,4.0370932937913295,0.07340169625075145,9285.314575720058
BASE_2,COW_006,16.4626288,107.6022722,J_00051,16.601594932702508,107.48296237382375,20.013176124119145,0.363875929529439,46030.305085474036
BASE_2,COW_006,16.4626288,107.6022722,J_00052,16.34480069014235,107.90990007727194,35.33322897847513,0.6424223450631841,81266.4266504928
BASE_2,COW_006,16.4626288,107.6022722,J_00053,16.586804944456667,107.58305427522006,13.95891201364114,0.2537984002480207,32105.49763137462
BASE_2,COW_006,16.4626288,107.6022722,J_00054,16.619028870649785,107.4534404914762,23.53984832425885,0.4279972422592518,54141.65114579535
BASE_2,COW_006,16.4626288,107.6022722,J_00055,16.282227234021125,107.2142450904469,46.00114750684115,0.8363845001243846,105802.63926573464
BASE_2,COW_006,16.4626288,107.6022722,J_00056,16.435088326817397,107.65074059522672,6.007929929341362,0.1092350896243884,13818.238837485133
BASE_2,COW_006,16.4626288,107.6022722,J_00057,16.371952558474792,107.86327621053776,29.608676245248255,0.5383395680954228,68099.955364071
BASE_2,COW_006,16.4626288,107.6022722,J_00058,16.605809254100482,107.44852928114123,22.848637528065247,0.4154297732375499,52551.86631455007
BASE_2,COW_006,16.4626288,107.6022722,J_00059,16.604451821387112,107.44540383479944,22.984992763985936,0.41790895934519884,52865.48335716765
BASE_2,COW_006,16.4626288,107.6022722,J_00060,16.41077084398415,107.70813735661868,12.677863022149108,0.23050660040271104,29159.084950942946
BASE_2,COW_006,16.4626288,107.6022722,J_00061,16.423400400047356,107.82881823459424,24.55111478233027,0.44638390513327764,56467.56399935962
BASE_2,COW_006,16.4626288,107.6022722,J_00062,16.392061127207906,107.71969303091058,14.778793966180091,0.26870534483963804,33991.22612221421
BASE_2,COW_006,16.4626288,107.6022722,J_00063,16.51352049869946,107.39836603004166,22.465377006217302,0.4084614001130419,51670.36711429979
BASE_2,COW_006,16.4626288,107.6022722,J_00064,16.12581966029344,107.33689825793644,46.955313877139695,0.8537329795843581,107997.2219174213
BASE_2,COW_006,16.4626288,107.6022722,J_00065,16.58814063386911,107.58112744571652,14.13713408870812,0.2570388016128749,32515.408404028676
BASE_2,COW_006,16.4626288,107.6022722,J_00066,16.311065134737067,108.00316203108642,45.96703866839419,0.8357643394253489,105724.18893730664
BASE_2,COW_006,16.4626288,107.6022722,J_00067,16.51365978864296,107.39155449638712,23.17272310108496,0.4213222382015447,53297.263132495405
BASE_2,COW_006,16.4626288,107.6022722,J_00068,16.52448692518508,107.36199005595924,26.526047956292008,0.4822917810234911,61009.910299471616
BASE_2,COW_006,16.4626288,107.6022722,J_00069,16.59106004686489,107.57447245809988,14.585143703443368,0.2651844309716976,33545.83051791975
BASE_2,COW_006,16.4626288,107.6022722,J_00070,16.514385209681947,107.35917522677836,26.550762680555028,0.48274113964645504,61066.754165276565
BASE_2,COW_006,16.4626288,107.6022722,J_00071,16.500172317744823,107.387722313213,23.25441060245708,0.42280746549921966,53485.144385651285
BASE_2,COW_006,16.4626288,107.6022722,J_00072,16.393597378184786,107.47492481043388,15.60124024728802,0.2836589135870549,35882.85256876245
BASE_2,COW_006,16.4626288,107.6022722,J_00073,16.311140756886953,108.00574411813372,46.22034672374401,0.8403699404317092,106306.79746461121
BASE_2,COW_006,16.4626288,107.6022722,J_00074,16.521508537272283,107.40421975752768,22.108081753277244,0.401965122786859,50848.588032537664
BASE_2,COW_006,16.4626288,107.6022722,J_00075,16.402154789177548,107.47526188616476,15.123253806081665,0.27496825101966665,34783.48375398783
BASE_2,COW_006,16.4626288,107.6022722,J_00076,16.588713873543426,107.3252892,32.6863313699366,0.5942969339988473,75178.56215085418
BASE_2,COW_006,16.4626288,107.6022722,J_00077,16.08851719650639,107.38588473919135,47.58117948457905,0.8651123542650737,109436.71281453183
BASE_2,COW_006,16.4626288,107.6022722,J_00078,16.527850544725265,107.37652351643136,25.13786675052123,0.4570521227367496,57817.09352619883
BASE_2,COW_006,16.4626288,107.6022722,J_00079,16.085892686488275,107.36589613925749,48.90246649899749,0.8891357545272272,112475.67294769423
BASE_2,COW_006,16.4626288,107.6022722,J_00080,16.291495257578905,108.0261164720742,49.05810689946408,0.8919655799902559,112833.64586876739
BASE_2,COW_006,16.4626288,107.6022722,J_00081,16.382115370526147,107.0536835996094,59.192606024547565,1.0762292004463194,136142.9938564594
BASE_2,COW_006,16.4626288,107.6022722,J_00082,16.376677240357246,107.04298993910136,60.41383166879586,1.0984333030690157,138951.8128382305
BASE_2,COW_006,16.4626288,107.6022722,J_00083,16.145727559220454,107.74412376098628,38.35214979307895,0.6973118144196173,88209.94452408158
BASE_2,COW_006,16.4626288,107.6022722,J_00084,16.327564155367586,107.1717988691137,48.313663075611345,0.8784302377383881,111121.4250739061
BASE_2,COW_006,16.4626288,107.6022722,J_00085,16.536406972867166,107.35115792249393,28.001541761757533,0.5091189411228643,64403.54605204233
BASE_2,COW_006,16.4626288,107.6022722,J_00086,16.516865528399663,107.28775679746394,34.07209670596864,0.619492667381248,78365.82242372788
BASE_2,COW_006,16.4626288,107.6022722,J_00087,16.286613968463637,108.0076708460382,47.472187063880384,0.8631306738887342,109186.03024692489
BASE_2,COW_006,16.4626288,107.6022722,J_00088,16.31580618944039,108.01104614910422,46.5626069140364,0.84659285298248,107093.99590228373
BASE_2,COW_006,16.4626288,107.6022722,J_00089,16.612873091094567,107.40389222873738,26.949407924462726,0.4899892349902314,61983.63822626427
BASE_2,COW_006,16.4626288,107.6022722,J_00090,16.330456476800176,107.6200542865036,14.818796130684492,0.26943265692153623,34083.23110057433
BASE_2,COW_006,16.4626288,107.6022722,J_00091,16.286166291524196,108.0212320394954,48.813957832065206,0.8875265060375492,112272.10301374998
BASE_2,COW_006,16.4626288,107.6022722,J_00092,16.276565522813957,108.0303636867135,50.139564595368434,0.911628447188517,115320.9985693474
BASE_2,COW_006,16.4626288,107.6022722,J_00093,16.343745314767705,107.94446775635662,38.82165546150709,0.7058482811183108,89289.80756146631
BASE_2,COW_006,16.4626288,107.6022722,J_00094,16.374390937218454,107.4611604849838,17.9667001768805,0.3266672759432818,41323.410406825154
BASE_2,COW_006,16.4626288,107.6022722,J_00095,16.563745734293335,107.33058047516714,31.07044930894317,0.5649172601626031,71462.03341056929
BASE_2,COW_006,16.4626288,107.6022722,J_00096,16.333238096088046,107.95986908838688,40.768688163955886,0.7412488757082888,93767.98277709854
BASE_2,COW_006,16.4626288,107.6022722,J_00097,16.345740957020553,107.15320156741336,49.63368884332048,0.9024307062421905,114157.4843396371
BASE_2,COW_006,16.4626288,107.6022722,J_00098,16.219107397405065,108.05398556961838,55.284716397766324,1.0051766617775695,127154.84771486254
BASE_2,COW_006,16.4626288,107.6022722,J_00099,16.422942208064033,107.46784915441106,14.9997035375215,0.2727218825003909,34499.31813629945
BASE_2,COW_006,16.4626288,107.6022722,J_00100,16.402644021436732,107.75780974463012,17.879274895945322,0.325077725380824,41122.332260674244
BASE_2,COW_006,16.4626288,107.6022722,J_00101,16.37524964320665,107.59276945006624,9.768842629373399,0.1776153205340618,22468.338047558816
BASE_2,COW_006,16.4626288,107.6022722,J_00102,16.547556620418277,107.3098233592149,32.577633276020975,0.5923206050185632,74928.55653484825
BASE_2,COW_006,16.4626288,107.6022722,J_00103,16.30681962375361,107.38568972103658,28.878984852787664,0.5250724518688666,66421.66516141163
BASE_2,COW_006,16.4626288,107.6022722,J_00104,16.380155048074425,107.67675752946212,12.133290989104827,0.22060529071099685,27906.569274941103
BASE_2,COW_006,16.4626288,107.6022722,J_00105,16.730113981967406,107.400003273698,36.73190429830171,0.6678528054236674,84483.37988609393
BASE_2,COW_006,16.4626288,107.6022722,J_00106,16.369866099155256,107.60485959798804,10.318433015027756,0.18760787300050466,23732.39593456384
BASE_2,COW_006,16.4626288,107.6022722,J_00107,16.113891588725753,107.66074099746874,39.27673526712742,0.7141224594023168,90336.49111439307
BASE_2,COW_006,16.4626288,107.6022722,J_00108,16.362255190888888,107.77612445102936,21.643484377090452,0.39351789776528096,49780.01406730804
BASE_2,COW_006,16.4626288,107.6022722,J_00109,16.309746863677077,107.75132688590683,23.27721250842711,0.4232220456077656,53537.58876938235
BASE_2,COW_006,16.4626288,107.6022722,J_00110,16.32186391385828,107.73943123957228,21.426037271282087,0.38956431402331065,49279.8857239488
BASE_2,COW_006,16.4626288,107.6022722,J_00111,16.372264871840603,107.6709710682885,12.436031978227076,0.2261096723314014,28602.873549922275
BASE_2,COW_006,16.4626288,107.6022722,J_00112,16.329782686393113,107.41267661232116,25.044867017354754,0.45536121849735917,57603.19413991593
BASE_2,COW_006,16.4626288,107.6022722,J_00113,16.320008469677312,107.70521742737984,19.28978048965255,0.35072328163004635,44366.49512620086
BASE_2,COW_006,16.4626288,107.6022722,J_00114,16.74059460183718,107.3850389961322,38.61568559594178,0.7021033744716687,88816.07687066609
BASE_2,COW_006,16.4626288,107.6022722,J_00115,16.347584401325978,107.53061376748612,14.902009896674876,0.27094563448499775,34274.62276235221
BASE_2,COW_006,16.4626288,107.6022722,J_00116,16.510544056993798,107.49977339066342,12.158315837300588,0.22106028795091978,27964.126425791354
BASE_2,COW_007,16.4626288,107.6022722,J_00000,16.470828921881164,107.60955399746234,1.1976375809693138,0.021775228744896614,2754.566436229422
BASE_2,COW_007,16.4626288,107.6022722,J_00001,16.470362127018827,107.55930326094062,4.661956401773189,0.08476284366860344,10722.499724078334
BASE_2,COW_007,16.4626288,107.6022722,J_00002,16.47424359958971,107.55772818698266,4.922325781971212,0.08949683239947659,11321.349298533787
BASE_2,COW_007,16.4626288,107.6022722,J_00003,16.49348337564258,107.59002065245971,3.671165353505454,0.06674846097282644,8443.680313062545
BASE_2,COW_007,16.4626288,107.6022722,J_00004,16.478745441146955,107.55129534455035,5.723559279374346,0.10406471417044265,13164.186342560995
BASE_2,COW_007,16.4626288,107.6022722,J_00005,16.487027304858945,107.54731760776494,6.457360704184114,0.11740655825789298,14851.929619623463
BASE_2,COW_007,16.4626288,107.6022722,J_00006,16.532160339026593,107.44578496129934,18.388613486557446,0.33433842702831723,42293.811019082124
BASE_2,COW_007,16.4626288,107.6022722,J_00007,16.476934281241164,107.53317577214604,7.537682959880957,0.1370487810887447,17336.6708077262
BASE_2,COW_007,16.4626288,107.6022722,J_00008,16.54063239867831,107.44448001783373,18.927363289939677,0.3441338779989032,43532.935566861255
BASE_2,COW_007,16.4626288,107.6022722,J_00009,16.531547558962664,107.69012324181722,12.10200276495124,0.2200364139082044,27834.606359387853
BASE_2,COW_007,16.4626288,107.6022722,J_00010,16.52738878877641,107.68921427085154,11.737992078811057,0.21341803779656468,26997.38178126543
BASE_2,COW_007,16.4626288,107.6022722,J_00011,16.53789357129583,107.68082715522364,11.839977101752085,0.215272310940947,27231.947334029795
BASE_2,COW_007,16.4626288,107.6022722,J_00012,16.524835706155326,107.69309264998252,11.900035357071301,0.2163642792194782,27370.08132126399
BASE_2,COW_007,16.4626288,107.6022722,J_00013,16.2729315745512,107.87292622951324,35.759381399434616,0.6501705708988113,82246.57721869962
BASE_2,COW_007,16.4626288,107.6022722,J_00014,16.52317642712633,107.701478157211,12.538238525128648,0.22796797318415724,28837.94860779589
BASE_2,COW_007,16.4626288,107.6022722,J_00015,16.564129718701782,107.59382455637665,11.322261241488862,0.2058592952997975,26041.200855424384
BASE_2,COW_007,16.4626288,107.6022722,J_00016,16.55503728513068,107.61353852963492,10.34531736243613,0.18809667931702057,23794.2299336031
BASE_2,COW_007,16.4626288,107.6022722,J_00017,16.56802006575831,107.6179667081558,11.83781177023512,0.21523294127700218,27226.967071540777
BASE_2,COW_007,16.4626288,107.6022722,J_00018,16.493997607340088,107.53193954239708,8.270900352473635,0.15038000640861154,19023.07081068936
BASE_2,COW_007,16.4626288,107.6022722,J_00019,16.543546895491804,107.42583058377517,20.852305821069674,0.3791328331103577,47960.30338846025
BASE_2,COW_007,16.4626288,107.6022722,J_00020,16.242503801359586,107.2454051174484,45.265173759716234,0.8230031592675678,104109.89964734734
BASE_2,COW_007,16.4626288,107.6022722,J_00021,16.45055723769587,107.72225686630698,12.865354141966312,0.23391552985393296,29590.314526522518
BASE_2,COW_007,16.4626288,107.6022722,J_00022,16.504833393469443,107.6291677934963,5.499779944372628,0.09999599898859324,12649.493872057044
BASE_2,COW_007,16.4626288,107.6022722,J_00023,16.57986665656081,107.58768387995444,13.128690390868229,0.23870346165214962,30195.987898996926
BASE_2,COW_007,16.4626288,107.6022722,J_00024,16.23991207988329,107.25090001724132,44.93151992892387,0.816936725980434,103342.4958365249
BASE_2,COW_007,16.4626288,107.6022722,J_00025,16.250014260366132,107.24074792938237,45.24137314177762,0.8225704207595931,104055.15822608853
BASE_2,COW_007,16.4626288,107.6022722,J_00026,16.459357749451215,107.7205673132457,12.619921677151776,0.22945312140275956,29025.819857449085
BASE_2,COW_007,16.4626288,107.6022722,J_00027,16.656791523009364,107.34955392909389,34.52016464782066,0.6276393572331028,79396.37868998751
BASE_2,COW_007,16.4626288,107.6022722,J_00028,16.230739178703335,108.0800528964888,57.129130578562496,1.0387114650647726,131397.00033069373
BASE_2,COW_007,16.4626288,107.6022722,J_00029,16.582372023215015,107.36897627611086,28.21009227601552,0.5129107686548277,64883.21223483569
BASE_2,COW_007,16.4626288,107.6022722,J_00030,16.23582074671607,107.25576696739624,44.754247213822005,0.8137135857058546,102934.7685917906
BASE_2,COW_007,16.4626288,107.6022722,J_00031,16.267972860818134,107.22291398151737,45.89782851097048,0.8345059729267359,105565.00557523209
BASE_2,COW_007,16.4626288,107.6022722,J_00032,16.15816879245868,107.72785909820898,36.4108552627345,0.6620155502315364,83744.96710428935
BASE_2,COW_007,16.4626288,107.6022722,J_00033,16.597430221109658,107.50487743972349,18.233690644618072,0.33152164808396495,41937.488482621564
BASE_2,COW_007,16.4626288,107.6022722,J_00034,16.66429736358062,107.48232283480873,25.81273666339031,0.46932248478891475,59369.29432579772
BASE_2,COW_007,16.4626288,107.6022722,J_00035,16.461689838165945,107.7055674468512,11.015561457838286,0.20028293559705976,25335.79135302806
BASE_2,COW_007,16.4626288,107.6022722,J_00036,16.268139796636127,107.2187570048448,46.280702005003285,0.841467309181878,106445.61461150755
BASE_2,COW_007,16.4626288,107.6022722,J_00037,16.56508206793363,107.52621803008316,13.982982467978449,0.2542360448723354,32160.859676350432
BASE_2,COW_007,16.4626288,107.6022722,J_00038,16.46918567451601,107.70508512969802,10.987638298750841,0.19977524179546985,25271.568087126936
BASE_2,COW_007,16.4626288,107.6022722,J_00039,16.569871522873257,107.536183895912,13.850653903842897,0.25183007097896176,31856.503978838664
BASE_2,COW_007,16.4626288,107.6022722,J_00040,16.666607075648248,107.36250567880695,34.168234275001964,0.6212406231818539,78586.93883250451
BASE_2,COW_007,16.4626288,107.6022722,J_00041,16.665155641834726,107.3688001600834,33.5610000999043,0.6102000018164417,77190.30022977988
BASE_2,COW_007,16.4626288,107.6022722,J_00042,16.51315499139435,107.5606764490754,7.157822934853552,0.1301422351791555,16462.992750163172
BASE_2,COW_007,16.4626288,107.6022722,J_00043,16.64927714226641,107.41145471933169,29.058357928949054,0.5283337805263464,66834.22323658282
BASE_2,COW_007,16.4626288,107.6022722,J_00044,16.57166890824097,107.49529040517794,16.64575896676726,0.302650163032132,38285.2456235647
BASE_2,COW_007,16.4626288,107.6022722,J_00045,16.63143941985154,107.5110583130454,21.139362999365872,0.38435205453392496,48620.534898541504
BASE_2,COW_007,16.4626288,107.6022722,J_00046,16.59440973361349,107.38534822450936,27.376017289837293,0.4977457689061326,62964.83976662577
BASE_2,COW_007,16.4626288,107.6022722,J_00047,16.599347151767944,107.49633576858352,18.93772619281264,0.3443222944147753,43556.77024346907
BASE_2,COW_007,16.4626288,107.6022722,J_00048,16.28167999352194,107.97816386593117,44.866908703446654,0.8157619764263028,103193.8900179273
BASE_2,COW_007,16.4626288,107.6022722,J_00049,16.277599338947514,107.9824641404575,45.48126903242054,0.826932164225828,104606.91877456725
BASE_2,COW_007,16.4626288,107.6022722,J_00050,16.462928914647218,107.64012940439612,4.0370932937913295,0.07340169625075145,9285.314575720058
BASE_2,COW_007,16.4626288,107.6022722,J_00051,16.601594932702508,107.48296237382375,20.013176124119145,0.363875929529439,46030.305085474036
BASE_2,COW_007,16.4626288,107.6022722,J_00052,16.34480069014235,107.90990007727194,35.33322897847513,0.6424223450631841,81266.4266504928
BASE_2,COW_007,16.4626288,107.6022722,J_00053,16.586804944456667,107.58305427522006,13.95891201364114,0.2537984002480207,32105.49763137462
BASE_2,COW_007,16.4626288,107.6022722,J_00054,16.619028870649785,107.4534404914762,23.53984832425885,0.4279972422592518,54141.65114579535
BASE_2,COW_007,16.4626288,107.6022722,J_00055,16.282227234021125,107.2142450904469,46.00114750684115,0.8363845001243846,105802.63926573464
BASE_2,COW_007,16.4626288,107.6022722,J_00056,16.435088326817397,107.65074059522672,6.007929929341362,0.1092350896243884,13818.238837485133
BASE_2,COW_007,16.4626288,107.6022722,J_00057,16.371952558474792,107.86327621053776,29.608676245248255,0.5383395680954228,68099.955364071
BASE_2,COW_007,16.4626288,107.6022722,J_00058,16.605809254100482,107.44852928114123,22.848637528065247,0.4154297732375499,52551.86631455007
BASE_2,COW_007,16.4626288,107.6022722,J_00059,16.604451821387112,107.44540383479944,22.984992763985936,0.41790895934519884,52865.48335716765
BASE_2,COW_007,16.4626288,107.6022722,J_00060,16.41077084398415,107.70813735661868,12.677863022149108,0.23050660040271104,29159.084950942946
BASE_2,COW_007,16.4626288,107.6022722,J_00061,16.423400400047356,107.82881823459424,24.55111478233027,0.44638390513327764,56467.56399935962
BASE_2,COW_007,16.4626288,107.6022722,J_00062,16.392061127207906,107.71969303091058,14.778793966180091,0.26870534483963804,33991.22612221421
BASE_2,COW_007,16.4626288,107.6022722,J_00063,16.51352049869946,107.39836603004166,22.465377006217302,0.4084614001130419,51670.36711429979
BASE_2,COW_007,16.4626288,107.6022722,J_00064,16.12581966029344,107.33689825793644,46.955313877139695,0.8537329795843581,107997.2219174213
BASE_2,COW_007,16.4626288,107.6022722,J_00065,16.58814063386911,107.58112744571652,14.13713408870812,0.2570388016128749,32515.408404028676
BASE_2,COW_007,16.4626288,107.6022722,J_00066,16.311065134737067,108.00316203108642,45.96703866839419,0.8357643394253489,105724.18893730664
BASE_2,COW_007,16.4626288,107.6022722,J_00067,16.51365978864296,107.39155449638712,23.17272310108496,0.4213222382015447,53297.263132495405
BASE_2,COW_007,16.4626288,107.6022722,J_00068,16.52448692518508,107.36199005595924,26.526047956292008,0.4822917810234911,61009.910299471616
BASE_2,COW_007,16.4626288,107.6022722,J_00069,16.59106004686489,107.57447245809988,14.585143703443368,0.2651844309716976,33545.83051791975
BASE_2,COW_007,16.4626288,107.6022722,J_00070,16.514385209681947,107.35917522677836,26.550762680555028,0.48274113964645504,61066.754165276565
BASE_2,COW_007,16.4626288,107.6022722,J_00071,16.500172317744823,107.387722313213,23.25441060245708,0.42280746549921966,53485.144385651285
BASE_2,COW_007,16.4626288,107.6022722,J_00072,16.393597378184786,107.47492481043388,15.60124024728802,0.2836589135870549,35882.85256876245
BASE_2,COW_007,16.4626288,107.6022722,J_00073,16.311140756886953,108.00574411813372,46.22034672374401,0.8403699404317092,106306.79746461121
BASE_2,COW_007,16.4626288,107.6022722,J_00074,16.521508537272283,107.40421975752768,22.108081753277244,0.401965122786859,50848.588032537664
BASE_2,COW_007,16.4626288,107.6022722,J_00075,16.402154789177548,107.47526188616476,15.123253806081665,0.27496825101966665,34783.48375398783
BASE_2,COW_007,16.4626288,107.6022722,J_00076,16.588713873543426,107.3252892,32.6863313699366,0.5942969339988473,75178.56215085418
BASE_2,COW_007,16.4626288,107.6022722,J_00077,16.08851719650639,107.38588473919135,47.58117948457905,0.8651123542650737,109436.71281453183
BASE_2,COW_007,16.4626288,107.6022722,J_00078,16.527850544725265,107.37652351643136,25.13786675052123,0.4570521227367496,57817.09352619883
BASE_2,COW_007,16.4626288,107.6022722,J_00079,16.085892686488275,107.36589613925749,48.90246649899749,0.8891357545272272,112475.67294769423
BASE_2,COW_007,16.4626288,107.6022722,J_00080,16.291495257578905,108.0261164720742,49.05810689946408,0.8919655799902559,112833.64586876739
BASE_2,COW_007,16.4626288,107.6022722,J_00081,16.382115370526147,107.0536835996094,59.192606024547565,1.0762292004463194,136142.9938564594
BASE_2,COW_007,16.4626288,107.6022722,J_00082,16.376677240357246,107.04298993910136,60.41383166879586,1.0984333030690157,138951.8128382305
BASE_2,COW_007,16.4626288,107.6022722,J_00083,16.145727559220454,107.74412376098628,38.35214979307895,0.6973118144196173,88209.94452408158
BASE_2,COW_007,16.4626288,107.6022722,J_00084,16.327564155367586,107.1717988691137,48.313663075611345,0.8784302377383881,111121.4250739061
BASE_2,COW_007,16.4626288,107.6022722,J_00085,16.536406972867166,107.35115792249393,28.001541761757533,0.5091189411228643,64403.54605204233
BASE_2,COW_007,16.4626288,107.6022722,J_00086,16.516865528399663,107.28775679746394,34.07209670596864,0.619492667381248,78365.82242372788
BASE_2,COW_007,16.4626288,107.6022722,J_00087,16.286613968463637,108.0076708460382,47.472187063880384,0.8631306738887342,109186.03024692489
BASE_2,COW_007,16.4626288,107.6022722,J_00088,16.31580618944039,108.01104614910422,46.5626069140364,0.84659285298248,107093.99590228373
BASE_2,COW_007,16.4626288,107.6022722,J_00089,16.612873091094567,107.40389222873738,26.949407924462726,0.4899892349902314,61983.63822626427
BASE_2,COW_007,16.4626288,107.6022722,J_00090,16.330456476800176,107.6200542865036,14.818796130684492,0.26943265692153623,34083.23110057433
BASE_2,COW_007,16.4626288,107.6022722,J_00091,16.286166291524196,108.0212320394954,48.813957832065206,0.8875265060375492,112272.10301374998
BASE_2,COW_007,16.4626288,107.6022722,J_00092,16.276565522813957,108.0303636867135,50.139564595368434,0.911628447188517,115320.9985693474
BASE_2,COW_007,16.4626288,107.6022722,J_00093,16.343745314767705,107.94446775635662,38.82165546150709,0.7058482811183108,89289.80756146631
BASE_2,COW_007,16.4626288,107.6022722,J_00094,16.374390937218454,107.4611604849838,17.9667001768805,0.3266672759432818,41323.410406825154
BASE_2,COW_007,16.4626288,107.6022722,J_00095,16.563745734293335,107.33058047516714,31.07044930894317,0.5649172601626031,71462.03341056929
BASE_2,COW_007,16.4626288,107.6022722,J_00096,16.333238096088046,107.95986908838688,40.768688163955886,0.7412488757082888,93767.98277709854
BASE_2,COW_007,16.4626288,107.6022722,J_00097,16.345740957020553,107.15320156741336,49.63368884332048,0.9024307062421905,114157.4843396371
BASE_2,COW_007,16.4626288,107.6022722,J_00098,16.219107397405065,108.05398556961838,55.284716397766324,1.0051766617775695,127154.84771486254
BASE_2,COW_007,16.4626288,107.6022722,J_00099,16.422942208064033,107.46784915441106,14.9997035375215,0.2727218825003909,34499.31813629945
BASE_2,COW_007,16.4626288,107.6022722,J_00100,16.402644021436732,107.75780974463012,17.879274895945322,0.325077725380824,41122.332260674244
BASE_2,COW_007,16.4626288,107.6022722,J_00101,16.37524964320665,107.59276945006624,9.768842629373399,0.1776153205340618,22468.338047558816
BASE_2,COW_007,16.4626288,107.6022722,J_00102,16.547556620418277,107.3098233592149,32.577633276020975,0.5923206050185632,74928.55653484825
BASE_2,COW_007,16.4626288,107.6022722,J_00103,16.30681962375361,107.38568972103658,28.878984852787664,0.5250724518688666,66421.66516141163
BASE_2,COW_007,16.4626288,107.6022722,J_00104,16.380155048074425,107.67675752946212,12.133290989104827,0.22060529071099685,27906.569274941103
BASE_2,COW_007,16.4626288,107.6022722,J_00105,16.730113981967406,107.400003273698,36.73190429830171,0.6678528054236674,84483.37988609393
BASE_2,COW_007,16.4626288,107.6022722,J_00106,16.369866099155256,107.60485959798804,10.318433015027756,0.18760787300050466,23732.39593456384
BASE_2,COW_007,16.4626288,107.6022722,J_00107,16.113891588725753,107.66074099746874,39.27673526712742,0.7141224594023168,90336.49111439307
BASE_2,COW_007,16.4626288,107.6022722,J_00108,16.362255190888888,107.77612445102936,21.643484377090452,0.39351789776528096,49780.01406730804
BASE_2,COW_007,16.4626288,107.6022722,J_00109,16.309746863677077,107.75132688590683,23.27721250842711,0.4232220456077656,53537.58876938235
BASE_2,COW_007,16.4626288,107.6022722,J_00110,16.32186391385828,107.73943123957228,21.426037271282087,0.38956431402331065,49279.8857239488
BASE_2,COW_007,16.4626288,107.6022722,J_00111,16.372264871840603,107.6709710682885,12.436031978227076,0.2261096723314014,28602.873549922275
BASE_2,COW_007,16.4626288,107.6022722,J_00112,16.329782686393113,107.41267661232116,25.044867017354754,0.45536121849735917,57603.19413991593
BASE_2,COW_007,16.4626288,107.6022722,J_00113,16.320008469677312,107.70521742737984,19.28978048965255,0.35072328163004635,44366.49512620086
BASE_2,COW_007,16.4626288,107.6022722,J_00114,16.74059460183718,107.3850389961322,38.61568559594178,0.7021033744716687,88816.07687066609
BASE_2,COW_007,16.4626288,107.6022722,J_00115,16.347584401325978,107.53061376748612,14.902009896674876,0.27094563448499775,34274.62276235221
BASE_2,COW_007,16.4626288,107.6022722,J_00116,16.510544056993798,107.49977339066342,12.158315837300588,0.22106028795091978,27964.126425791354
BASE_2,COW_008,16.4626288,107.6022722,J_00000,16.470828921881164,107.60955399746234,1.1976375809693138,0.019960626349488565,2754.566436229422
BASE_2,COW_008,16.4626288,107.6022722,J_00001,16.470362127018827,107.55930326094062,4.661956401773189,0.07769927336288648,10722.499724078334
BASE_2,COW_008,16.4626288,107.6022722,J_00002,16.47424359958971,107.55772818698266,4.922325781971212,0.08203876303285354,11321.349298533787
BASE_2,COW_008,16.4626288,107.6022722,J_00003,16.49348337564258,107.59002065245971,3.671165353505454,0.0611860892250909,8443.680313062545
BASE_2,COW_008,16.4626288,107.6022722,J_00004,16.478745441146955,107.55129534455035,5.723559279374346,0.0953926546562391,13164.186342560995
BASE_2,COW_008,16.4626288,107.6022722,J_00005,16.487027304858945,107.54731760776494,6.457360704184114,0.10762267840306856,14851.929619623463
BASE_2,COW_008,16.4626288,107.6022722,J_00006,16.532160339026593,107.44578496129934,18.388613486557446,0.3064768914426241,42293.811019082124
BASE_2,COW_008,16.4626288,107.6022722,J_00007,16.476934281241164,107.53317577214604,7.537682959880957,0.12562804933134927,17336.6708077262
BASE_2,COW_008,16.4626288,107.6022722,J_00008,16.54063239867831,107.44448001783373,18.927363289939677,0.31545605483232797,43532.935566861255
BASE_2,COW_008,16.4626288,107.6022722,J_00009,16.531547558962664,107.69012324181722,12.10200276495124,0.20170004608252068,27834.606359387853
BASE_2,COW_008,16.4626288,107.6022722,J_00010,16.52738878877641,107.68921427085154,11.737992078811057,0.19563320131351764,26997.38178126543
BASE_2,COW_008,16.4626288,107.6022722,J_00011,16.53789357129583,107.68082715522364,11.839977101752085,0.1973329516958681,27231.947334029795
BASE_2,COW_008,16.4626288,107.6022722,J_00012,16.524835706155326,107.69309264998252,11.900035357071301,0.198333922617855,27370.08132126399
BASE_2,COW_008,16.4626288,107.6022722,J_00013,16.2729315745512,107.87292622951324,35.759381399434616,0.5959896899905769,82246.57721869962
BASE_2,COW_008,16.4626288,107.6022722,J_00014,16.52317642712633,107.701478157211,12.538238525128648,0.20897064208547747,28837.94860779589
BASE_2,COW_008,16.4626288,107.6022722,J_00015,16.564129718701782,107.59382455637665,11.322261241488862,0.18870435402481436,26041.200855424384
BASE_2,COW_008,16.4626288,107.6022722,J_00016,16.55503728513068,107.61353852963492,10.34531736243613,0.17242195604060218,23794.2299336031
BASE_2,COW_008,16.4626288,107.6022722,J_00017,16.56802006575831,107.6179667081558,11.83781177023512,0.197296862837252,27226.967071540777
BASE_2,COW_008,16.4626288,107.6022722,J_00018,16.493997607340088,107.53193954239708,8.270900352473635,0.1378483392078939,19023.07081068936
BASE_2,COW_008,16.4626288,107.6022722,J_00019,16.543546895491804,107.42583058377517,20.852305821069674,0.3475384303511612,47960.30338846025
BASE_2,COW_008,16.4626288,107.6022722,J_00020,16.242503801359586,107.2454051174484,45.265173759716234,0.7544195626619372,104109.89964734734
BASE_2,COW_008,16.4626288,107.6022722,J_00021,16.45055723769587,107.72225686630698,12.865354141966312,0.21442256903277188,29590.314526522518
BASE_2,COW_008,16.4626288,107.6022722,J_00022,16.504833393469443,107.6291677934963,5.499779944372628,0.09166299907287714,12649.493872057044
BASE_2,COW_008,16.4626288,107.6022722,J_00023,16.57986665656081,107.58768387995444,13.128690390868229,0.21881150651447048,30195.987898996926
BASE_2,COW_008,16.4626288,107.6022722,J_00024,16.23991207988329,107.25090001724132,44.93151992892387,0.7488586654820645,103342.4958365249
BASE_2,COW_008,16.4626288,107.6022722,J_00025,16.250014260366132,107.24074792938237,45.24137314177762,0.7540228856962937,104055.15822608853
BASE_2,COW_008,16.4626288,107.6022722,J_00026,16.459357749451215,107.7205673132457,12.619921677151776,0.21033202795252962,29025.819857449085
BASE_2,COW_008,16.4626288,107.6022722,J_00027,16.656791523009364,107.34955392909389,34.52016464782066,0.5753360774636777,79396.37868998751
BASE_2,COW_008,16.4626288,107.6022722,J_00028,16.230739178703335,108.0800528964888,57.129130578562496,0.9521521763093749,131397.00033069373
BASE_2,COW_008,16.4626288,107.6022722,J_00029,16.582372023215015,107.36897627611086,28.21009227601552,0.47016820460025865,64883.21223483569
BASE_2,COW_008,16.4626288,107.6022722,J_00030,16.23582074671607,107.25576696739624,44.754247213822005,0.7459041202303668,102934.7685917906
BASE_2,COW_008,16.4626288,107.6022722,J_00031,16.267972860818134,107.22291398151737,45.89782851097048,0.7649638085161746,105565.00557523209
BASE_2,COW_008,16.4626288,107.6022722,J_00032,16.15816879245868,107.72785909820898,36.4108552627345,0.6068475877122417,83744.96710428935
BASE_2,COW_008,16.4626288,107.6022722,J_00033,16.597430221109658,107.50487743972349,18.233690644618072,0.3038948440769679,41937.488482621564
BASE_2,COW_008,16.4626288,107.6022722,J_00034,16.66429736358062,107.48232283480873,25.81273666339031,0.43021227772317183,59369.29432579772
BASE_2,COW_008,16.4626288,107.6022722,J_00035,16.461689838165945,107.7055674468512,11.015561457838286,0.18359269096397143,25335.79135302806
BASE_2,COW_008,16.4626288,107.6022722,J_00036,16.268139796636127,107.2187570048448,46.280702005003285,0.7713450334167214,106445.61461150755
BASE_2,COW_008,16.4626288,107.6022722,J_00037,16.56508206793363,107.52621803008316,13.982982467978449,0.23304970779964082,32160.859676350432
BASE_2,COW_008,16.4626288,107.6022722,J_00038,16.46918567451601,107.70508512969802,10.987638298750841,0.1831273049791807,25271.568087126936
BASE_2,COW_008,16.4626288,107.6022722,J_00039,16.569871522873257,107.536183895912,13.850653903842897,0.23084423173071494,31856.503978838664
BASE_2,COW_008,16.4626288,107.6022722,J_00040,16.666607075648248,107.36250567880695,34.168234275001964,0.5694705712500328,78586.93883250451
BASE_2,COW_008,16.4626288,107.6022722,J_00041,16.665155641834726,107.3688001600834,33.5610000999043,0.5593500016650716,77190.30022977988
BASE_2,COW_008,16.4626288,107.6022722,J_00042,16.51315499139435,107.5606764490754,7.157822934853552,0.11929704891422586,16462.992750163172
BASE_2,COW_008,16.4626288,107.6022722,J_00043,16.64927714226641,107.41145471933169,29.058357928949054,0.4843059654824842,66834.22323658282
BASE_2,COW_008,16.4626288,107.6022722,J_00044,16.57166890824097,107.49529040517794,16.64575896676726,0.2774293161127877,38285.2456235647
BASE_2,COW_008,16.4626288,107.6022722,J_00045,16.63143941985154,107.5110583130454,21.139362999365872,0.3523227166560979,48620.534898541504
BASE_2,COW_008,16.4626288,107.6022722,J_00046,16.59440973361349,107.38534822450936,27.376017289837293,0.4562669548306216,62964.83976662577
BASE_2,COW_008,16.4626288,107.6022722,J_00047,16.599347151767944,107.49633576858352,18.93772619281264,0.31562876988021066,43556.77024346907
BASE_2,COW_008,16.4626288,107.6022722,J_00048,16.28167999352194,107.97816386593117,44.866908703446654,0.747781811724111,103193.8900179273
BASE_2,COW_008,16.4626288,107.6022722,J_00049,16.277599338947514,107.9824641404575,45.48126903242054,0.7580211505403424,104606.91877456725
BASE_2,COW_008,16.4626288,107.6022722,J_00050,16.462928914647218,107.64012940439612,4.0370932937913295,0.0672848882298555,9285.314575720058
BASE_2,COW_008,16.4626288,107.6022722,J_00051,16.601594932702508,107.48296237382375,20.013176124119145,0.3335529354019858,46030.305085474036
BASE_2,COW_008,16.4626288,107.6022722,J_00052,16.34480069014235,107.90990007727194,35.33322897847513,0.5888871496412521,81266.4266504928
BASE_2,COW_008,16.4626288,107.6022722,J_00053,16.586804944456667,107.58305427522006,13.95891201364114,0.23264853356068566,32105.49763137462
BASE_2,COW_008,16.4626288,107.6022722,J_00054,16.619028870649785,107.4534404914762,23.53984832425885,0.39233080540431414,54141.65114579535
BASE_2,COW_008,16.4626288,107.6022722,J_00055,16.282227234021125,107.2142450904469,46.00114750684115,0.7666857917806859,105802.63926573464
BASE_2,COW_008,16.4626288,107.6022722,J_00056,16.435088326817397,107.65074059522672,6.007929929341362,0.10013216548902269,13818.238837485133
BASE_2,COW_008,16.4626288,107.6022722,J_00057,16.371952558474792,107.86327621053776,29.608676245248255,0.49347793742080426,68099.955364071
BASE_2,COW_008,16.4626288,107.6022722,J_00058,16.605809254100482,107.44852928114123,22.848637528065247,0.3808106254677541,52551.86631455007
BASE_2,COW_008,16.4626288,107.6022722,J_00059,16.604451821387112,107.44540383479944,22.984992763985936,0.3830832127330989,52865.48335716765
BASE_2,COW_008,16.4626288,107.6022722,J_00060,16.41077084398415,107.70813735661868,12.677863022149108,0.21129771703581846,29159.084950942946
BASE_2,COW_008,16.4626288,107.6022722,J_00061,16.423400400047356,107.82881823459424,24.55111478233027,0.4091852463721712,56467.56399935962
BASE_2,COW_008,16.4626288,107.6022722,J_00062,16.392061127207906,107.71969303091058,14.778793966180091,0.24631323276966818,33991.22612221421
BASE_2,COW_008,16.4626288,107.6022722,J_00063,16.51352049869946,107.39836603004166,22.465377006217302,0.3744229501036217,51670.36711429979
BASE_2,COW_008,16.4626288,107.6022722,J_00064,16.12581966029344,107.33689825793644,46.955313877139695,0.782588564618995,107997.2219174213
BASE_2,COW_008,16.4626288,107.6022722,J_00065,16.58814063386911,107.58112744571652,14.13713408870812,0.23561890147846867,32515.408404028676
BASE_2,COW_008,16.4626288,107.6022722,J_00066,16.311065134737067,108.00316203108642,45.96703866839419,0.7661173111399031,105724.18893730664
BASE_2,COW_008,16.4626288,107.6022722,J_00067,16.51365978864296,107.39155449638712,23.17272310108496,0.3862120516847493,53297.263132495405
BASE_2,COW_008,16.4626288,107.6022722,J_00068,16.52448692518508,107.36199005595924,26.526047956292008,0.44210079927153345,61009.910299471616
BASE_2,COW_008,16.4626288,107.6022722,J_00069,16.59106004686489,107.57447245809988,14.585143703443368,0.2430857283907228,33545.83051791975
BASE_2,COW_008,16.4626288,107.6022722,J_00070,16.514385209681947,107.35917522677836,26.550762680555028,0.4425127113425838,61066.754165276565
BASE_2,COW_008,16.4626288,107.6022722,J_00071,16.500172317744823,107.387722313213,23.25441060245708,0.38757351004095136,53485.144385651285
BASE_2,COW_008,16.4626288,107.6022722,J_00072,16.393597378184786,107.47492481043388,15.60124024728802,0.2600206707881337,35882.85256876245
BASE_2,COW_008,16.4626288,107.6022722,J_00073,16.311140756886953,108.00574411813372,46.22034672374401,0.7703391120624001,106306.79746461121
BASE_2,COW_008,16.4626288,107.6022722,J_00074,16.521508537272283,107.40421975752768,22.108081753277244,0.3684680292212874,50848.588032537664
BASE_2,COW_008,16.4626288,107.6022722,J_00075,16.402154789177548,107.47526188616476,15.123253806081665,0.2520542301013611,34783.48375398783
BASE_2,COW_008,16.4626288,107.6022722,J_00076,16.588713873543426,107.3252892,32.6863313699366,0.5447721894989433,75178.56215085418
BASE_2,COW_008,16.4626288,107.6022722,J_00077,16.08851719650639,107.38588473919135,47.58117948457905,0.7930196580763176,109436.71281453183
BASE_2,COW_008,16.4626288,107.6022722,J_00078,16.527850544725265,107.37652351643136,25.13786675052123,0.41896444584202047,57817.09352619883
BASE_2,COW_008,16.4626288,107.6022722,J_00079,16.085892686488275,107.36589613925749,48.90246649899749,0.8150411083166248,112475.67294769423
BASE_2,COW_008,16.4626288,107.6022722,J_00080,16.291495257578905,108.0261164720742,49.05810689946408,0.817635114991068,112833.64586876739
BASE_2,COW_008,16.4626288,107.6022722,J_00081,16.382115370526147,107.0536835996094,59.192606024547565,0.9865434337424595,136142.9938564594
BASE_2,COW_008,16.4626288,107.6022722,J_00082,16.376677240357246,107.04298993910136,60.41383166879586,1.006897194479931,138951.8128382305
BASE_2,COW_008,16.4626288,107.6022722,J_00083,16.145727559220454,107.74412376098628,38.35214979307895,0.6392024965513159,88209.94452408158
BASE_2,COW_008,16.4626288,107.6022722,J_00084,16.327564155367586,107.1717988691137,48.313663075611345,0.8052277179268558,111121.4250739061
BASE_2,COW_008,16.4626288,107.6022722,J_00085,16.536406972867166,107.35115792249393,28.001541761757533,0.4666923626959589,64403.54605204233
BASE_2,COW_008,16.4626288,107.6022722,J_00086,16.516865528399663,107.28775679746394,34.07209670596864,0.5678682784328106,78365.82242372788
BASE_2,COW_008,16.4626288,107.6022722,J_00087,16.286613968463637,108.0076708460382,47.472187063880384,0.7912031177313398,109186.03024692489
BASE_2,COW_008,16.4626288,107.6022722,J_00088,16.31580618944039,108.01104614910422,46.5626069140364,0.7760434485672734,107093.99590228373
BASE_2,COW_008,16.4626288,107.6022722,J_00089,16.612873091094567,107.40389222873738,26.949407924462726,0.4491567987410454,61983.63822626427
BASE_2,COW_008,16.4626288,107.6022722,J_00090,16.330456476800176,107.6200542865036,14.818796130684492,0.2469799355114082,34083.23110057433
BASE_2,COW_008,16.4626288,107.6022722,J_00091,16.286166291524196,108.0212320394954,48.813957832065206,0.8135659638677535,112272.10301374998
BASE_2,COW_008,16.4626288,107.6022722,J_00092,16.276565522813957,108.0303636867135,50.139564595368434,0.8356594099228072,115320.9985693474
BASE_2,COW_008,16.4626288,107.6022722,J_00093,16.343745314767705,107.94446775635662,38.82165546150709,0.6470275910251182,89289.80756146631
BASE_2,COW_008,16.4626288,107.6022722,J_00094,16.374390937218454,107.4611604849838,17.9667001768805,0.29944500294800835,41323.410406825154
BASE_2,COW_008,16.4626288,107.6022722,J_00095,16.563745734293335,107.33058047516714,31.07044930894317,0.5178408218157196,71462.03341056929
BASE_2,COW_008,16.4626288,107.6022722,J_00096,16.333238096088046,107.95986908838688,40.768688163955886,0.6794781360659314,93767.98277709854
BASE_2,COW_008,16.4626288,107.6022722,J_00097,16.345740957020553,107.15320156741336,49.63368884332048,0.8272281473886747,114157.4843396371
BASE_2,COW_008,16.4626288,107.6022722,J_00098,16.219107397405065,108.05398556961838,55.284716397766324,0.921411939962772,127154.84771486254
BASE_2,COW_008,16.4626288,107.6022722,J_00099,16.422942208064033,107.46784915441106,14.9997035375215,0.24999505895869165,34499.31813629945
BASE_2,COW_008,16.4626288,107.6022722,J_00100,16.402644021436732,107.75780974463012,17.879274895945322,0.29798791493242205,41122.332260674244
BASE_2,COW_008,16.4626288,107.6022722,J_00101,16.37524964320665,107.59276945006624,9.768842629373399,0.16281404382288997,22468.338047558816
BASE_2,COW_008,16.4626288,107.6022722,J_00102,16.547556620418277,107.3098233592149,32.577633276020975,0.5429605546003496,74928.55653484825
BASE_2,COW_008,16.4626288,107.6022722,J_00103,16.30681962375361,107.38568972103658,28.878984852787664,0.4813164142131277,66421.66516141163
BASE_2,COW_008,16.4626288,107.6022722,J_00104,16.380155048074425,107.67675752946212,12.133290989104827,0.20222151648508044,27906.569274941103
BASE_2,COW_008,16.4626288,107.6022722,J_00105,16.730113981967406,107.400003273698,36.73190429830171,0.6121984049716951,84483.37988609393
BASE_2,COW_008,16.4626288,107.6022722,J_00106,16.369866099155256,107.60485959798804,10.318433015027756,0.17197388358379592,23732.39593456384
BASE_2,COW_008,16.4626288,107.6022722,J_00107,16.113891588725753,107.66074099746874,39.27673526712742,0.6546122544521237,90336.49111439307
BASE_2,COW_008,16.4626288,107.6022722,J_00108,16.362255190888888,107.77612445102936,21.643484377090452,0.3607247396181742,49780.01406730804
BASE_2,COW_008,16.4626288,107.6022722,J_00109,16.309746863677077,107.75132688590683,23.27721250842711,0.3879535418071185,53537.58876938235
BASE_2,COW_008,16.4626288,107.6022722,J_00110,16.32186391385828,107.73943123957228,21.426037271282087,0.3571006211880348,49279.8857239488
BASE_2,COW_008,16.4626288,107.6022722,J_00111,16.372264871840603,107.6709710682885,12.436031978227076,0.20726719963711793,28602.873549922275
BASE_2,COW_008,16.4626288,107.6022722,J_00112,16.329782686393113,107.41267661232116,25.044867017354754,0.4174144502892459,57603.19413991593
BASE_2,COW_008,16.4626288,107.6022722,J_00113,16.320008469677312,107.70521742737984,19.28978048965255,0.3214963414942092,44366.49512620086
BASE_2,COW_008,16.4626288,107.6022722,J_00114,16.74059460183718,107.3850389961322,38.61568559594178,0.6435947599323629,88816.07687066609
BASE_2,COW_008,16.4626288,107.6022722,J_00115,16.347584401325978,107.53061376748612,14.902009896674876,0.24836683161124792,34274.62276235221
BASE_2,COW_008,16.4626288,107.6022722,J_00116,16.510544056993798,107.49977339066342,12.158315837300588,0.20263859728834313,27964.126425791354
BASE_2,COW_009,16.4626288,107.6022722,J_00000,16.470828921881164,107.60955399746234,1.1976375809693138,0.019960626349488565,2754.566436229422
BASE_2,COW_009,16.4626288,107.6022722,J_00001,16.470362127018827,107.55930326094062,4.661956401773189,0.07769927336288648,10722.499724078334
BASE_2,COW_009,16.4626288,107.6022722,J_00002,16.47424359958971,107.55772818698266,4.922325781971212,0.08203876303285354,11321.349298533787
BASE_2,COW_009,16.4626288,107.6022722,J_00003,16.49348337564258,107.59002065245971,3.671165353505454,0.0611860892250909,8443.680313062545
BASE_2,COW_009,16.4626288,107.6022722,J_00004,16.478745441146955,107.55129534455035,5.723559279374346,0.0953926546562391,13164.186342560995
BASE_2,COW_009,16.4626288,107.6022722,J_00005,16.487027304858945,107.54731760776494,6.457360704184114,0.10762267840306856,14851.929619623463
BASE_2,COW_009,16.4626288,107.6022722,J_00006,16.532160339026593,107.44578496129934,18.388613486557446,0.3064768914426241,42293.811019082124
BASE_2,COW_009,16.4626288,107.6022722,J_00007,16.476934281241164,107.53317577214604,7.537682959880957,0.12562804933134927,17336.6708077262
BASE_2,COW_009,16.4626288,107.6022722,J_00008,16.54063239867831,107.44448001783373,18.927363289939677,0.31545605483232797,43532.935566861255
BASE_2,COW_009,16.4626288,107.6022722,J_00009,16.531547558962664,107.69012324181722,12.10200276495124,0.20170004608252068,27834.606359387853
BASE_2,COW_009,16.4626288,107.6022722,J_00010,16.52738878877641,107.68921427085154,11.737992078811057,0.19563320131351764,26997.38178126543
BASE_2,COW_009,16.4626288,107.6022722,J_00011,16.53789357129583,107.68082715522364,11.839977101752085,0.1973329516958681,27231.947334029795
BASE_2,COW_009,16.4626288,107.6022722,J_00012,16.524835706155326,107.69309264998252,11.900035357071301,0.198333922617855,27370.08132126399
BASE_2,COW_009,16.4626288,107.6022722,J_00013,16.2729315745512,107.87292622951324,35.759381399434616,0.5959896899905769,82246.57721869962
BASE_2,COW_009,16.4626288,107.6022722,J_00014,16.52317642712633,107.701478157211,12.538238525128648,0.20897064208547747,28837.94860779589
BASE_2,COW_009,16.4626288,107.6022722,J_00015,16.564129718701782,107.59382455637665,11.322261241488862,0.18870435402481436,26041.200855424384
BASE_2,COW_009,16.4626288,107.6022722,J_00016,16.55503728513068,107.61353852963492,10.34531736243613,0.17242195604060218,23794.2299336031
BASE_2,COW_009,16.4626288,107.6022722,J_00017,16.56802006575831,107.6179667081558,11.83781177023512,0.197296862837252,27226.967071540777
BASE_2,COW_009,16.4626288,107.6022722,J_00018,16.493997607340088,107.53193954239708,8.270900352473635,0.1378483392078939,19023.07081068936
BASE_2,COW_009,16.4626288,107.6022722,J_00019,16.543546895491804,107.42583058377517,20.852305821069674,0.3475384303511612,47960.30338846025
BASE_2,COW_009,16.4626288,107.6022722,J_00020,16.242503801359586,107.2454051174484,45.265173759716234,0.7544195626619372,104109.89964734734
BASE_2,COW_009,16.4626288,107.6022722,J_00021,16.45055723769587,107.72225686630698,12.865354141966312,0.21442256903277188,29590.314526522518
BASE_2,COW_009,16.4626288,107.6022722,J_00022,16.504833393469443,107.6291677934963,5.499779944372628,0.09166299907287714,12649.493872057044
BASE_2,COW_009,16.4626288,107.6022722,J_00023,16.57986665656081,107.58768387995444,13.128690390868229,0.21881150651447048,30195.987898996926
BASE_2,COW_009,16.4626288,107.6022722,J_00024,16.23991207988329,107.25090001724132,44.93151992892387,0.7488586654820645,103342.4958365249
BASE_2,COW_009,16.4626288,107.6022722,J_00025,16.250014260366132,107.24074792938237,45.24137314177762,0.7540228856962937,104055.15822608853
BASE_2,COW_009,16.4626288,107.6022722,J_00026,16.459357749451215,107.7205673132457,12.619921677151776,0.21033202795252962,29025.819857449085
BASE_2,COW_009,16.4626288,107.6022722,J_00027,16.656791523009364,107.34955392909389,34.52016464782066,0.5753360774636777,79396.37868998751
BASE_2,COW_009,16.4626288,107.6022722,J_00028,16.230739178703335,108.0800528964888,57.129130578562496,0.9521521763093749,131397.00033069373
BASE_2,COW_009,16.4626288,107.6022722,J_00029,16.582372023215015,107.36897627611086,28.21009227601552,0.47016820460025865,64883.21223483569
BASE_2,COW_009,16.4626288,107.6022722,J_00030,16.23582074671607,107.25576696739624,44.754247213822005,0.7459041202303668,102934.7685917906
BASE_2,COW_009,16.4626288,107.6022722,J_00031,16.267972860818134,107.22291398151737,45.89782851097048,0.7649638085161746,105565.00557523209
BASE_2,COW_009,16.4626288,107.6022722,J_00032,16.15816879245868,107.72785909820898,36.4108552627345,0.6068475877122417,83744.96710428935
BASE_2,COW_009,16.4626288,107.6022722,J_00033,16.597430221109658,107.50487743972349,18.233690644618072,0.3038948440769679,41937.488482621564
BASE_2,COW_009,16.4626288,107.6022722,J_00034,16.66429736358062,107.48232283480873,25.81273666339031,0.43021227772317183,59369.29432579772
BASE_2,COW_009,16.4626288,107.6022722,J_00035,16.461689838165945,107.7055674468512,11.015561457838286,0.18359269096397143,25335.79135302806
BASE_2,COW_009,16.4626288,107.6022722,J_00036,16.268139796636127,107.2187570048448,46.280702005003285,0.7713450334167214,106445.61461150755
BASE_2,COW_009,16.4626288,107.6022722,J_00037,16.56508206793363,107.52621803008316,13.982982467978449,0.23304970779964082,32160.859676350432
BASE_2,COW_009,16.4626288,107.6022722,J_00038,16.46918567451601,107.70508512969802,10.987638298750841,0.1831273049791807,25271.568087126936
BASE_2,COW_009,16.4626288,107.6022722,J_00039,16.569871522873257,107.536183895912,13.850653903842897,0.23084423173071494,31856.503978838664
BASE_2,COW_009,16.4626288,107.6022722,J_00040,16.666607075648248,107.36250567880695,34.168234275001964,0.5694705712500328,78586.93883250451
BASE_2,COW_009,16.4626288,107.6022722,J_00041,16.665155641834726,107.3688001600834,33.5610000999043,0.5593500016650716,77190.30022977988
BASE_2,COW_009,16.4626288,107.6022722,J_00042,16.51315499139435,107.5606764490754,7.157822934853552,0.11929704891422586,16462.992750163172
BASE_2,COW_009,16.4626288,107.6022722,J_00043,16.64927714226641,107.41145471933169,29.058357928949054,0.4843059654824842,66834.22323658282
BASE_2,COW_009,16.4626288,107.6022722,J_00044,16.57166890824097,107.49529040517794,16.64575896676726,0.2774293161127877,38285.2456235647
BASE_2,COW_009,16.4626288,107.6022722,J_00045,16.63143941985154,107.5110583130454,21.139362999365872,0.3523227166560979,48620.534898541504
BASE_2,COW_009,16.4626288,107.6022722,J_00046,16.59440973361349,107.38534822450936,27.376017289837293,0.4562669548306216,62964.83976662577
BASE_2,COW_009,16.4626288,107.6022722,J_00047,16.599347151767944,107.49633576858352,18.93772619281264,0.31562876988021066,43556.77024346907
BASE_2,COW_009,16.4626288,107.6022722,J_00048,16.28167999352194,107.97816386593117,44.866908703446654,0.747781811724111,103193.8900179273
BASE_2,COW_009,16.4626288,107.6022722,J_00049,16.277599338947514,107.9824641404575,45.48126903242054,0.7580211505403424,104606.91877456725
BASE_2,COW_009,16.4626288,107.6022722,J_00050,16.462928914647218,107.64012940439612,4.0370932937913295,0.0672848882298555,9285.314575720058
BASE_2,COW_009,16.4626288,107.6022722,J_00051,16.601594932702508,107.48296237382375,20.013176124119145,0.3335529354019858,46030.305085474036
BASE_2,COW_009,16.4626288,107.6022722,J_00052,16.34480069014235,107.90990007727194,35.33322897847513,0.5888871496412521,81266.4266504928
BASE_2,COW_009,16.4626288,107.6022722,J_00053,16.586804944456667,107.58305427522006,13.95891201364114,0.23264853356068566,32105.49763137462
BASE_2,COW_009,16.4626288,107.6022722,J_00054,16.619028870649785,107.4534404914762,23.53984832425885,0.39233080540431414,54141.65114579535
BASE_2,COW_009,16.4626288,107.6022722,J_00055,16.282227234021125,107.2142450904469,46.00114750684115,0.7666857917806859,105802.63926573464
BASE_2,COW_009,16.4626288,107.6022722,J_00056,16.435088326817397,107.65074059522672,6.007929929341362,0.10013216548902269,13818.238837485133
BASE_2,COW_009,16.4626288,107.6022722,J_00057,16.371952558474792,107.86327621053776,29.608676245248255,0.49347793742080426,68099.955364071
BASE_2,COW_009,16.4626288,107.6022722,J_00058,16.605809254100482,107.44852928114123,22.848637528065247,0.3808106254677541,52551.86631455007
BASE_2,COW_009,16.4626288,107.6022722,J_00059,16.604451821387112,107.44540383479944,22.984992763985936,0.3830832127330989,52865.48335716765
BASE_2,COW_009,16.4626288,107.6022722,J_00060,16.41077084398415,107.70813735661868,12.677863022149108,0.21129771703581846,29159.084950942946
BASE_2,COW_009,16.4626288,107.6022722,J_00061,16.423400400047356,107.82881823459424,24.55111478233027,0.4091852463721712,56467.56399935962
BASE_2,COW_009,16.4626288,107.6022722,J_00062,16.392061127207906,107.71969303091058,14.778793966180091,0.24631323276966818,33991.22612221421
BASE_2,COW_009,16.4626288,107.6022722,J_00063,16.51352049869946,107.39836603004166,22.465377006217302,0.3744229501036217,51670.36711429979
BASE_2,COW_009,16.4626288,107.6022722,J_00064,16.12581966029344,107.33689825793644,46.955313877139695,0.782588564618995,107997.2219174213
BASE_2,COW_009,16.4626288,107.6022722,J_00065,16.58814063386911,107.58112744571652,14.13713408870812,0.23561890147846867,32515.408404028676
BASE_2,COW_009,16.4626288,107.6022722,J_00066,16.311065134737067,108.00316203108642,45.96703866839419,0.7661173111399031,105724.18893730664
BASE_2,COW_009,16.4626288,107.6022722,J_00067,16.51365978864296,107.39155449638712,23.17272310108496,0.3862120516847493,53297.263132495405
BASE_2,COW_009,16.4626288,107.6022722,J_00068,16.52448692518508,107.36199005595924,26.526047956292008,0.44210079927153345,61009.910299471616
BASE_2,COW_009,16.4626288,107.6022722,J_00069,16.59106004686489,107.57447245809988,14.585143703443368,0.2430857283907228,33545.83051791975
BASE_2,COW_009,16.4626288,107.6022722,J_00070,16.514385209681947,107.35917522677836,26.550762680555028,0.4425127113425838,61066.754165276565
BASE_2,COW_009,16.4626288,107.6022722,J_00071,16.500172317744823,107.387722313213,23.25441060245708,0.38757351004095136,53485.144385651285
BASE_2,COW_009,16.4626288,107.6022722,J_00072,16.393597378184786,107.47492481043388,15.60124024728802,0.2600206707881337,35882.85256876245
BASE_2,COW_009,16.4626288,107.6022722,J_00073,16.311140756886953,108.00574411813372,46.22034672374401,0.7703391120624001,106306.79746461121
BASE_2,COW_009,16.4626288,107.6022722,J_00074,16.521508537272283,107.40421975752768,22.108081753277244,0.3684680292212874,50848.588032537664
BASE_2,COW_009,16.4626288,107.6022722,J_00075,16.402154789177548,107.47526188616476,15.123253806081665,0.2520542301013611,34783.48375398783
BASE_2,COW_009,16.4626288,107.6022722,J_00076,16.588713873543426,107.3252892,32.6863313699366,0.5447721894989433,75178.56215085418
BASE_2,COW_009,16.4626288,107.6022722,J_00077,16.08851719650639,107.38588473919135,47.58117948457905,0.7930196580763176,109436.71281453183
BASE_2,COW_009,16.4626288,107.6022722,J_00078,16.527850544725265,107.37652351643136,25.13786675052123,0.41896444584202047,57817.09352619883
BASE_2,COW_009,16.4626288,107.6022722,J_00079,16.085892686488275,107.36589613925749,48.90246649899749,0.8150411083166248,112475.67294769423
BASE_2,COW_009,16.4626288,107.6022722,J_00080,16.291495257578905,108.0261164720742,49.05810689946408,0.817635114991068,112833.64586876739
BASE_2,COW_009,16.4626288,107.6022722,J_00081,16.382115370526147,107.0536835996094,59.192606024547565,0.9865434337424595,136142.9938564594
BASE_2,COW_009,16.4626288,107.6022722,J_00082,16.376677240357246,107.04298993910136,60.41383166879586,1.006897194479931,138951.8128382305
BASE_2,COW_009,16.4626288,107.6022722,J_00083,16.145727559220454,107.74412376098628,38.35214979307895,0.6392024965513159,88209.94452408158
BASE_2,COW_009,16.4626288,107.6022722,J_00084,16.327564155367586,107.1717988691137,48.313663075611345,0.8052277179268558,111121.4250739061
BASE_2,COW_009,16.4626288,107.6022722,J_00085,16.536406972867166,107.35115792249393,28.001541761757533,0.4666923626959589,64403.54605204233
BASE_2,COW_009,16.4626288,107.6022722,J_00086,16.516865528399663,107.28775679746394,34.07209670596864,0.5678682784328106,78365.82242372788
BASE_2,COW_009,16.4626288,107.6022722,J_00087,16.286613968463637,108.0076708460382,47.472187063880384,0.7912031177313398,109186.03024692489
BASE_2,COW_009,16.4626288,107.6022722,J_00088,16.31580618944039,108.01104614910422,46.5626069140364,0.7760434485672734,107093.99590228373
BASE_2,COW_009,16.4626288,107.6022722,J_00089,16.612873091094567,107.40389222873738,26.949407924462726,0.4491567987410454,61983.63822626427
BASE_2,COW_009,16.4626288,107.6022722,J_00090,16.330456476800176,107.6200542865036,14.818796130684492,0.2469799355114082,34083.23110057433
BASE_2,COW_009,16.4626288,107.6022722,J_00091,16.286166291524196,108.0212320394954,48.813957832065206,0.8135659638677535,112272.10301374998
BASE_2,COW_009,16.4626288,107.6022722,J_00092,16.276565522813957,108.0303636867135,50.139564595368434,0.8356594099228072,115320.9985693474
BASE_2,COW_009,16.4626288,107.6022722,J_00093,16.343745314767705,107.94446775635662,38.82165546150709,0.6470275910251182,89289.80756146631
BASE_2,COW_009,16.4626288,107.6022722,J_00094,16.374390937218454,107.4611604849838,17.9667001768805,0.29944500294800835,41323.410406825154
BASE_2,COW_009,16.4626288,107.6022722,J_00095,16.563745734293335,107.33058047516714,31.07044930894317,0.5178408218157196,71462.03341056929
BASE_2,COW_009,16.4626288,107.6022722,J_00096,16.333238096088046,107.95986908838688,40.768688163955886,0.6794781360659314,93767.98277709854
BASE_2,COW_009,16.4626288,107.6022722,J_00097,16.345740957020553,107.15320156741336,49.63368884332048,0.8272281473886747,114157.4843396371
BASE_2,COW_009,16.4626288,107.6022722,J_00098,16.219107397405065,108.05398556961838,55.284716397766324,0.921411939962772,127154.84771486254
BASE_2,COW_009,16.4626288,107.6022722,J_00099,16.422942208064033,107.46784915441106,14.9997035375215,0.24999505895869165,34499.31813629945
BASE_2,COW_009,16.4626288,107.6022722,J_00100,16.402644021436732,107.75780974463012,17.879274895945322,0.29798791493242205,41122.332260674244
BASE_2,COW_009,16.4626288,107.6022722,J_00101,16.37524964320665,107.59276945006624,9.768842629373399,0.16281404382288997,22468.338047558816
BASE_2,COW_009,16.4626288,107.6022722,J_00102,16.547556620418277,107.3098233592149,32.577633276020975,0.5429605546003496,74928.55653484825
BASE_2,COW_009,16.4626288,107.6022722,J_00103,16.30681962375361,107.38568972103658,28.878984852787664,0.4813164142131277,66421.66516141163
BASE_2,COW_009,16.4626288,107.6022722,J_00104,16.380155048074425,107.67675752946212,12.133290989104827,0.20222151648508044,27906.569274941103
BASE_2,COW_009,16.4626288,107.6022722,J_00105,16.730113981967406,107.400003273698,36.73190429830171,0.6121984049716951,84483.37988609393
BASE_2,COW_009,16.4626288,107.6022722,J_00106,16.369866099155256,107.60485959798804,10.318433015027756,0.17197388358379592,23732.39593456384
BASE_2,COW_009,16.4626288,107.6022722,J_00107,16.113891588725753,107.66074099746874,39.27673526712742,0.6546122544521237,90336.49111439307
BASE_2,COW_009,16.4626288,107.6022722,J_00108,16.362255190888888,107.77612445102936,21.643484377090452,0.3607247396181742,49780.01406730804
BASE_2,COW_009,16.4626288,107.6022722,J_00109,16.309746863677077,107.75132688590683,23.27721250842711,0.3879535418071185,53537.58876938235
BASE_2,COW_009,16.4626288,107.6022722,J_00110,16.32186391385828,107.73943123957228,21.426037271282087,0.3571006211880348,49279.8857239488
BASE_2,COW_009,16.4626288,107.6022722,J_00111,16.372264871840603,107.6709710682885,12.436031978227076,0.20726719963711793,28602.873549922275
BASE_2,COW_009,16.4626288,107.6022722,J_00112,16.329782686393113,107.41267661232116,25.044867017354754,0.4174144502892459,57603.19413991593
BASE_2,COW_009,16.4626288,107.6022722,J_00113,16.320008469677312,107.70521742737984,19.28978048965255,0.3214963414942092,44366.49512620086
BASE_2,COW_009,16.4626288,107.6022722,J_00114,16.74059460183718,107.3850389961322,38.61568559594178,0.6435947599323629,88816.07687066609
BASE_2,COW_009,16.4626288,107.6022722,J_00115,16.347584401325978,107.53061376748612,14.902009896674876,0.24836683161124792,34274.62276235221
BASE_2,COW_009,16.4626288,107.6022722,J_00116,16.510544056993798,107.49977339066342,12.158315837300588,0.20263859728834313,27964.126425791354
BASE_2,COW_010,16.4626288,107.6022722,J_00000,16.470828921881164,107.60955399746234,1.1976375809693138,0.019960626349488565,2754.566436229422
BASE_2,COW_010,16.4626288,107.6022722,J_00001,16.470362127018827,107.55930326094062,4.661956401773189,0.07769927336288648,10722.499724078334
BASE_2,COW_010,16.4626288,107.6022722,J_00002,16.47424359958971,107.55772818698266,4.922325781971212,0.08203876303285354,11321.349298533787
BASE_2,COW_010,16.4626288,107.6022722,J_00003,16.49348337564258,107.59002065245971,3.671165353505454,0.0611860892250909,8443.680313062545
BASE_2,COW_010,16.4626288,107.6022722,J_00004,16.478745441146955,107.55129534455035,5.723559279374346,0.0953926546562391,13164.186342560995
BASE_2,COW_010,16.4626288,107.6022722,J_00005,16.487027304858945,107.54731760776494,6.457360704184114,0.10762267840306856,14851.929619623463
BASE_2,COW_010,16.4626288,107.6022722,J_00006,16.532160339026593,107.44578496129934,18.388613486557446,0.3064768914426241,42293.811019082124
BASE_2,COW_010,16.4626288,107.6022722,J_00007,16.476934281241164,107.53317577214604,7.537682959880957,0.12562804933134927,17336.6708077262
BASE_2,COW_010,16.4626288,107.6022722,J_00008,16.54063239867831,107.44448001783373,18.927363289939677,0.31545605483232797,43532.935566861255
BASE_2,COW_010,16.4626288,107.6022722,J_00009,16.531547558962664,107.69012324181722,12.10200276495124,0.20170004608252068,27834.606359387853
BASE_2,COW_010,16.4626288,107.6022722,J_00010,16.52738878877641,107.68921427085154,11.737992078811057,0.19563320131351764,26997.38178126543
BASE_2,COW_010,16.4626288,107.6022722,J_00011,16.53789357129583,107.68082715522364,11.839977101752085,0.1973329516958681,27231.947334029795
BASE_2,COW_010,16.4626288,107.6022722,J_00012,16.524835706155326,107.69309264998252,11.900035357071301,0.198333922617855,27370.08132126399
BASE_2,COW_010,16.4626288,107.6022722,J_00013,16.2729315745512,107.87292622951324,35.759381399434616,0.5959896899905769,82246.57721869962
BASE_2,COW_010,16.4626288,107.6022722,J_00014,16.52317642712633,107.701478157211,12.538238525128648,0.20897064208547747,28837.94860779589
BASE_2,COW_010,16.4626288,107.6022722,J_00015,16.564129718701782,107.59382455637665,11.322261241488862,0.18870435402481436,26041.200855424384
BASE_2,COW_010,16.4626288,107.6022722,J_00016,16.55503728513068,107.61353852963492,10.34531736243613,0.17242195604060218,23794.2299336031
BASE_2,COW_010,16.4626288,107.6022722,J_00017,16.56802006575831,107.6179667081558,11.83781177023512,0.197296862837252,27226.967071540777
BASE_2,COW_010,16.4626288,107.6022722,J_00018,16.493997607340088,107.53193954239708,8.270900352473635,0.1378483392078939,19023.07081068936
BASE_2,COW_010,16.4626288,107.6022722,J_00019,16.543546895491804,107.42583058377517,20.852305821069674,0.3475384303511612,47960.30338846025
BASE_2,COW_010,16.4626288,107.6022722,J_00020,16.242503801359586,107.2454051174484,45.265173759716234,0.7544195626619372,104109.89964734734
BASE_2,COW_010,16.4626288,107.6022722,J_00021,16.45055723769587,107.72225686630698,12.865354141966312,0.21442256903277188,29590.314526522518
BASE_2,COW_010,16.4626288,107.6022722,J_00022,16.504833393469443,107.6291677934963,5.499779944372628,0.09166299907287714,12649.493872057044
BASE_2,COW_010,16.4626288,107.6022722,J_00023,16.57986665656081,107.58768387995444,13.128690390868229,0.21881150651447048,30195.987898996926
BASE_2,COW_010,16.4626288,107.6022722,J_00024,16.23991207988329,107.25090001724132,44.93151992892387,0.7488586654820645,103342.4958365249
BASE_2,COW_010,16.4626288,107.6022722,J_00025,16.250014260366132,107.24074792938237,45.24137314177762,0.7540228856962937,104055.15822608853
BASE_2,COW_010,16.4626288,107.6022722,J_00026,16.459357749451215,107.7205673132457,12.619921677151776,0.21033202795252962,29025.819857449085
BASE_2,COW_010,16.4626288,107.6022722,J_00027,16.656791523009364,107.34955392909389,34.52016464782066,0.5753360774636777,79396.37868998751
BASE_2,COW_010,16.4626288,107.6022722,J_00028,16.230739178703335,108.0800528964888,57.129130578562496,0.9521521763093749,131397.00033069373
BASE_2,COW_010,16.4626288,107.6022722,J_00029,16.582372023215015,107.36897627611086,28.21009227601552,0.47016820460025865,64883.21223483569
BASE_2,COW_010,16.4626288,107.6022722,J_00030,16.23582074671607,107.25576696739624,44.754247213822005,0.7459041202303668,102934.7685917906
BASE_2,COW_010,16.4626288,107.6022722,J_00031,16.267972860818134,107.22291398151737,45.89782851097048,0.7649638085161746,105565.00557523209
BASE_2,COW_010,16.4626288,107.6022722,J_00032,16.15816879245868,107.72785909820898,36.4108552627345,0.6068475877122417,83744.96710428935
BASE_2,COW_010,16.4626288,107.6022722,J_00033,16.597430221109658,107.50487743972349,18.233690644618072,0.3038948440769679,41937.488482621564
BASE_2,COW_010,16.4626288,107.6022722,J_00034,16.66429736358062,107.48232283480873,25.81273666339031,0.43021227772317183,59369.29432579772
BASE_2,COW_010,16.4626288,107.6022722,J_00035,16.461689838165945,107.7055674468512,11.015561457838286,0.18359269096397143,25335.79135302806
BASE_2,COW_010,16.4626288,107.6022722,J_00036,16.268139796636127,107.2187570048448,46.280702005003285,0.7713450334167214,106445.61461150755
BASE_2,COW_010,16.4626288,107.6022722,J_00037,16.56508206793363,107.52621803008316,13.982982467978449,0.23304970779964082,32160.859676350432
BASE_2,COW_010,16.4626288,107.6022722,J_00038,16.46918567451601,107.70508512969802,10.987638298750841,0.1831273049791807,25271.568087126936
BASE_2,COW_010,16.4626288,107.6022722,J_00039,16.569871522873257,107.536183895912,13.850653903842897,0.23084423173071494,31856.503978838664
BASE_2,COW_010,16.4626288,107.6022722,J_00040,16.666607075648248,107.36250567880695,34.168234275001964,0.5694705712500328,78586.93883250451
BASE_2,COW_010,16.4626288,107.6022722,J_00041,16.665155641834726,107.3688001600834,33.5610000999043,0.5593500016650716,77190.30022977988
BASE_2,COW_010,16.4626288,107.6022722,J_00042,16.51315499139435,107.5606764490754,7.157822934853552,0.11929704891422586,16462.992750163172
BASE_2,COW_010,16.4626288,107.6022722,J_00043,16.64927714226641,107.41145471933169,29.058357928949054,0.4843059654824842,66834.22323658282
BASE_2,COW_010,16.4626288,107.6022722,J_00044,16.57166890824097,107.49529040517794,16.64575896676726,0.2774293161127877,38285.2456235647
BASE_2,COW_010,16.4626288,107.6022722,J_00045,16.63143941985154,107.5110583130454,21.139362999365872,0.3523227166560979,48620.534898541504
BASE_2,COW_010,16.4626288,107.6022722,J_00046,16.59440973361349,107.38534822450936,27.376017289837293,0.4562669548306216,62964.83976662577
BASE_2,COW_010,16.4626288,107.6022722,J_00047,16.599347151767944,107.49633576858352,18.93772619281264,0.31562876988021066,43556.77024346907
BASE_2,COW_010,16.4626288,107.6022722,J_00048,16.28167999352194,107.97816386593117,44.866908703446654,0.747781811724111,103193.8900179273
BASE_2,COW_010,16.4626288,107.6022722,J_00049,16.277599338947514,107.9824641404575,45.48126903242054,0.7580211505403424,104606.91877456725
BASE_2,COW_010,16.4626288,107.6022722,J_00050,16.462928914647218,107.64012940439612,4.0370932937913295,0.0672848882298555,9285.314575720058
BASE_2,COW_010,16.4626288,107.6022722,J_00051,16.601594932702508,107.48296237382375,20.013176124119145,0.3335529354019858,46030.305085474036
BASE_2,COW_010,16.4626288,107.6022722,J_00052,16.34480069014235,107.90990007727194,35.33322897847513,0.5888871496412521,81266.4266504928
BASE_2,COW_010,16.4626288,107.6022722,J_00053,16.586804944456667,107.58305427522006,13.95891201364114,0.23264853356068566,32105.49763137462
BASE_2,COW_010,16.4626288,107.6022722,J_00054,16.619028870649785,107.4534404914762,23.53984832425885,0.39233080540431414,54141.65114579535
BASE_2,COW_010,16.4626288,107.6022722,J_00055,16.282227234021125,107.2142450904469,46.00114750684115,0.7666857917806859,105802.63926573464
BASE_2,COW_010,16.4626288,107.6022722,J_00056,16.435088326817397,107.65074059522672,6.007929929341362,0.10013216548902269,13818.238837485133
BASE_2,COW_010,16.4626288,107.6022722,J_00057,16.371952558474792,107.86327621053776,29.608676245248255,0.49347793742080426,68099.955364071
BASE_2,COW_010,16.4626288,107.6022722,J_00058,16.605809254100482,107.44852928114123,22.848637528065247,0.3808106254677541,52551.86631455007
BASE_2,COW_010,16.4626288,107.6022722,J_00059,16.604451821387112,107.44540383479944,22.984992763985936,0.3830832127330989,52865.48335716765
BASE_2,COW_010,16.4626288,107.6022722,J_00060,16.41077084398415,107.70813735661868,12.677863022149108,0.21129771703581846,29159.084950942946
BASE_2,COW_010,16.4626288,107.6022722,J_00061,16.423400400047356,107.82881823459424,24.55111478233027,0.4091852463721712,56467.56399935962
BASE_2,COW_010,16.4626288,107.6022722,J_00062,16.392061127207906,107.71969303091058,14.778793966180091,0.24631323276966818,33991.22612221421
BASE_2,COW_010,16.4626288,107.6022722,J_00063,16.51352049869946,107.39836603004166,22.465377006217302,0.3744229501036217,51670.36711429979
BASE_2,COW_010,16.4626288,107.6022722,J_00064,16.12581966029344,107.33689825793644,46.955313877139695,0.782588564618995,107997.2219174213
BASE_2,COW_010,16.4626288,107.6022722,J_00065,16.58814063386911,107.58112744571652,14.13713408870812,0.23561890147846867,32515.408404028676
BASE_2,COW_010,16.4626288,107.6022722,J_00066,16.311065134737067,108.00316203108642,45.96703866839419,0.7661173111399031,105724.18893730664
BASE_2,COW_010,16.4626288,107.6022722,J_00067,16.51365978864296,107.39155449638712,23.17272310108496,0.3862120516847493,53297.263132495405
BASE_2,COW_010,16.4626288,107.6022722,J_00068,16.52448692518508,107.36199005595924,26.526047956292008,0.44210079927153345,61009.910299471616
BASE_2,COW_010,16.4626288,107.6022722,J_00069,16.59106004686489,107.57447245809988,14.585143703443368,0.2430857283907228,33545.83051791975
BASE_2,COW_010,16.4626288,107.6022722,J_00070,16.514385209681947,107.35917522677836,26.550762680555028,0.4425127113425838,61066.754165276565
BASE_2,COW_010,16.4626288,107.6022722,J_00071,16.500172317744823,107.387722313213,23.25441060245708,0.38757351004095136,53485.144385651285
BASE_2,COW_010,16.4626288,107.6022722,J_00072,16.393597378184786,107.47492481043388,15.60124024728802,0.2600206707881337,35882.85256876245
BASE_2,COW_010,16.4626288,107.6022722,J_00073,16.311140756886953,108.00574411813372,46.22034672374401,0.7703391120624001,106306.79746461121
BASE_2,COW_010,16.4626288,107.6022722,J_00074,16.521508537272283,107.40421975752768,22.108081753277244,0.3684680292212874,50848.588032537664
BASE_2,COW_010,16.4626288,107.6022722,J_00075,16.402154789177548,107.47526188616476,15.123253806081665,0.2520542301013611,34783.48375398783
BASE_2,COW_010,16.4626288,107.6022722,J_00076,16.588713873543426,107.3252892,32.6863313699366,0.5447721894989433,75178.56215085418
BASE_2,COW_010,16.4626288,107.6022722,J_00077,16.08851719650639,107.38588473919135,47.58117948457905,0.7930196580763176,109436.71281453183
BASE_2,COW_010,16.4626288,107.6022722,J_00078,16.527850544725265,107.37652351643136,25.13786675052123,0.41896444584202047,57817.09352619883
BASE_2,COW_010,16.4626288,107.6022722,J_00079,16.085892686488275,107.36589613925749,48.90246649899749,0.8150411083166248,112475.67294769423
BASE_2,COW_010,16.4626288,107.6022722,J_00080,16.291495257578905,108.0261164720742,49.05810689946408,0.817635114991068,112833.64586876739
BASE_2,COW_010,16.4626288,107.6022722,J_00081,16.382115370526147,107.0536835996094,59.192606024547565,0.9865434337424595,136142.9938564594
BASE_2,COW_010,16.4626288,107.6022722,J_00082,16.376677240357246,107.04298993910136,60.41383166879586,1.006897194479931,138951.8128382305
BASE_2,COW_010,16.4626288,107.6022722,J_00083,16.145727559220454,107.74412376098628,38.35214979307895,0.6392024965513159,88209.94452408158
BASE_2,COW_010,16.4626288,107.6022722,J_00084,16.327564155367586,107.1717988691137,48.313663075611345,0.8052277179268558,111121.4250739061
BASE_2,COW_010,16.4626288,107.6022722,J_00085,16.536406972867166,107.35115792249393,28.001541761757533,0.4666923626959589,64403.54605204233
BASE_2,COW_010,16.4626288,107.6022722,J_00086,16.516865528399663,107.28775679746394,34.07209670596864,0.5678682784328106,78365.82242372788
BASE_2,COW_010,16.4626288,107.6022722,J_00087,16.286613968463637,108.0076708460382,47.472187063880384,0.7912031177313398,109186.03024692489
BASE_2,COW_010,16.4626288,107.6022722,J_00088,16.31580618944039,108.01104614910422,46.5626069140364,0.7760434485672734,107093.99590228373
BASE_2,COW_010,16.4626288,107.6022722,J_00089,16.612873091094567,107.40389222873738,26.949407924462726,0.4491567987410454,61983.63822626427
BASE_2,COW_010,16.4626288,107.6022722,J_00090,16.330456476800176,107.6200542865036,14.818796130684492,0.2469799355114082,34083.23110057433
BASE_2,COW_010,16.4626288,107.6022722,J_00091,16.286166291524196,108.0212320394954,48.813957832065206,0.8135659638677535,112272.10301374998
BASE_2,COW_010,16.4626288,107.6022722,J_00092,16.276565522813957,108.0303636867135,50.139564595368434,0.8356594099228072,115320.9985693474
BASE_2,COW_010,16.4626288,107.6022722,J_00093,16.343745314767705,107.94446775635662,38.82165546150709,0.6470275910251182,89289.80756146631
BASE_2,COW_010,16.4626288,107.6022722,J_00094,16.374390937218454,107.4611604849838,17.9667001768805,0.29944500294800835,41323.410406825154
BASE_2,COW_010,16.4626288,107.6022722,J_00095,16.563745734293335,107.33058047516714,31.07044930894317,0.5178408218157196,71462.03341056929
BASE_2,COW_010,16.4626288,107.6022722,J_00096,16.333238096088046,107.95986908838688,40.768688163955886,0.6794781360659314,93767.98277709854
BASE_2,COW_010,16.4626288,107.6022722,J_00097,16.345740957020553,107.15320156741336,49.63368884332048,0.8272281473886747,114157.4843396371
BASE_2,COW_010,16.4626288,107.6022722,J_00098,16.219107397405065,108.05398556961838,55.284716397766324,0.921411939962772,127154.84771486254
BASE_2,COW_010,16.4626288,107.6022722,J_00099,16.422942208064033,107.46784915441106,14.9997035375215,0.24999505895869165,34499.31813629945
BASE_2,COW_010,16.4626288,107.6022722,J_00100,16.402644021436732,107.75780974463012,17.879274895945322,0.29798791493242205,41122.332260674244
BASE_2,COW_010,16.4626288,107.6022722,J_00101,16.37524964320665,107.59276945006624,9.768842629373399,0.16281404382288997,22468.338047558816
BASE_2,COW_010,16.4626288,107.6022722,J_00102,16.547556620418277,107.3098233592149,32.577633276020975,0.5429605546003496,74928.55653484825
BASE_2,COW_010,16.4626288,107.6022722,J_00103,16.30681962375361,107.38568972103658,28.878984852787664,0.4813164142131277,66421.66516141163
BASE_2,COW_010,16.4626288,107.6022722,J_00104,16.380155048074425,107.67675752946212,12.133290989104827,0.20222151648508044,27906.569274941103
BASE_2,COW_010,16.4626288,107.6022722,J_00105,16.730113981967406,107.400003273698,36.73190429830171,0.6121984049716951,84483.37988609393
BASE_2,COW_010,16.4626288,107.6022722,J_00106,16.369866099155256,107.60485959798804,10.318433015027756,0.17197388358379592,23732.39593456384
BASE_2,COW_010,16.4626288,107.6022722,J_00107,16.113891588725753,107.66074099746874,39.27673526712742,0.6546122544521237,90336.49111439307
BASE_2,COW_010,16.4626288,107.6022722,J_00108,16.362255190888888,107.77612445102936,21.643484377090452,0.3607247396181742,49780.01406730804
BASE_2,COW_010,16.4626288,107.6022722,J_00109,16.309746863677077,107.75132688590683,23.27721250842711,0.3879535418071185,53537.58876938235
BASE_2,COW_010,16.4626288,107.6022722,J_00110,16.32186391385828,107.73943123957228,21.426037271282087,0.3571006211880348,49279.8857239488
BASE_2,COW_010,16.4626288,107.6022722,J_00111,16.372264871840603,107.6709710682885,12.436031978227076,0.20726719963711793,28602.873549922275
BASE_2,COW_010,16.4626288,107.6022722,J_00112,16.329782686393113,107.41267661232116,25.044867017354754,0.4174144502892459,57603.19413991593
BASE_2,COW_010,16.4626288,107.6022722,J_00113,16.320008469677312,107.70521742737984,19.28978048965255,0.3214963414942092,44366.49512620086
BASE_2,COW_010,16.4626288,107.6022722,J_00114,16.74059460183718,107.3850389961322,38.61568559594178,0.6435947599323629,88816.07687066609
BASE_2,COW_010,16.4626288,107.6022722,J_00115,16.347584401325978,107.53061376748612,14.902009896674876,0.24836683161124792,34274.62276235221
BASE_2,COW_010,16.4626288,107.6022722,J_00116,16.510544056993798,107.49977339066342,12.158315837300588,0.20263859728834313,27964.126425791354
BASE_3,COW_011,16.5254677,107.3312759,J_00000,16.470828921881164,107.60955399746234,30.284825710634433,0.6056965142126887,69655.09913445919
BASE_3,COW_011,16.5254677,107.3312759,J_00001,16.470362127018827,107.55930326094062,25.07188952139726,0.5014377904279452,57665.345899213695
BASE_3,COW_011,16.5254677,107.3312759,J_00002,16.47424359958971,107.55772818698266,24.806207520945296,0.49612415041890595,57054.27729817418
BASE_3,COW_011,16.5254677,107.3312759,J_00003,16.49348337564258,107.59002065245971,27.81327037302247,0.5562654074604494,63970.52185795168
BASE_3,COW_011,16.5254677,107.3312759,J_00004,16.478745441146955,107.55129534455035,24.02574401106481,0.4805148802212962,55259.211225449064
BASE_3,COW_011,16.5254677,107.3312759,J_00005,16.487027304858945,107.54731760776494,23.425991930684766,0.46851983861369534,53879.78144057496
BASE_3,COW_011,16.5254677,107.3312759,J_00006,16.532160339026593,107.44578496129934,12.229329036264692,0.24458658072529385,28127.456783408794
BASE_3,COW_011,16.5254677,107.3312759,J_00007,16.476934281241164,107.53317577214604,22.19178829330355,0.443835765866071,51041.113074598165
BASE_3,COW_011,16.5254677,107.3312759,J_00008,16.54063239867831,107.44448001783373,12.184537970706566,0.24369075941413132,28024.437332625104
BASE_3,COW_011,16.5254677,107.3312759,J_00009,16.531547558962664,107.69012324181722,38.25915373950715,0.7651830747901429,87996.05360086643
BASE_3,COW_011,16.5254677,107.3312759,J_00010,16.52738878877641,107.68921427085154,38.157292748960614,0.7631458549792123,87761.77332260941
BASE_3,COW_011,16.5254677,107.3312759,J_00011,16.53789357129583,107.68082715522364,37.28721224362239,0.7457442448724478,85760.5881603315
BASE_3,COW_011,16.5254677,107.3312759,J_00012,16.524835706155326,107.69309264998252,38.570453933195026,0.7714090786639005,88712.04404634856
BASE_3,COW_011,16.5254677,107.3312759,J_00013,16.2729315745512,107.87292622951324,64.2407835891532,1.2848156717830639,147753.80225505235
BASE_3,COW_011,16.5254677,107.3312759,J_00014,16.52317642712633,107.701478157211,39.46529345768965,0.789305869153793,90770.17495268618
BASE_3,COW_011,16.5254677,107.3312759,J_00015,16.564129718701782,107.59382455637665,28.31363978532292,0.5662727957064584,65121.371506242715
BASE_3,COW_011,16.5254677,107.3312759,J_00016,16.55503728513068,107.61353852963492,30.266533053148002,0.6053306610629601,69613.0260222404
BASE_3,COW_011,16.5254677,107.3312759,J_00017,16.56802006575831,107.6179667081558,30.922542598160994,0.6184508519632199,71121.84797577029
BASE_3,COW_011,16.5254677,107.3312759,J_00018,16.493997607340088,107.53193954239708,21.677164043539435,0.4335432808707887,49857.4773001407
BASE_3,COW_011,16.5254677,107.3312759,J_00019,16.543546895491804,107.42583058377517,10.277756090637297,0.20555512181274593,23638.839008465784
BASE_3,COW_011,16.5254677,107.3312759,J_00020,16.242503801359586,107.2454051174484,32.7705698646701,0.655411397293402,75372.31068874123
BASE_3,COW_011,16.5254677,107.3312759,J_00021,16.45055723769587,107.72225686630698,42.511397729020814,0.8502279545804163,97776.21477674787
BASE_3,COW_011,16.5254677,107.3312759,J_00022,16.504833393469443,107.6291677934963,31.840294085188518,0.6368058817037704,73232.6763959336
BASE_3,COW_011,16.5254677,107.3312759,J_00023,16.57986665656081,107.58768387995444,27.991104328203626,0.5598220865640725,64379.53995486834
BASE_3,COW_011,16.5254677,107.3312759,J_00024,16.23991207988329,107.25090001724132,32.889711925870785,0.6577942385174157,75646.3374295028
BASE_3,COW_011,16.5254677,107.3312759,J_00025,16.250014260366132,107.24074792938237,32.115423869879336,0.6423084773975867,73865.47490072247
BASE_3,COW_011,16.5254677,107.3312759,J_00026,16.459357749451215,107.7205673132457,42.15221103223717,0.8430442206447434,96950.08537414549
BASE_3,COW_011,16.5254677,107.3312759,J_00027,16.656791523009364,107.34955392909389,14.731877380772476,0.2946375476154495,33883.31797577669
BASE_3,COW_011,16.5254677,107.3312759,J_00028,16.230739178703335,108.0800528964888,86.34279650467556,1.7268559300935111,198588.4319607538
BASE_3,COW_011,16.5254677,107.3312759,J_00029,16.582372023215015,107.36897627611086,7.495594191591021,0.14991188383182041,17239.866640659347
BASE_3,COW_011,16.5254677,107.3312759,J_00030,16.23582074671607,107.25576696739624,33.199362665095286,0.6639872533019058,76358.53412971916
BASE_3,COW_011,16.5254677,107.3312759,J_00031,16.267972860818134,107.22291398151737,30.877407760471463,0.6175481552094293,71018.03784908437
BASE_3,COW_011,16.5254677,107.3312759,J_00032,16.15816879245868,107.72785909820898,58.81094618493756,1.1762189236987513,135265.1762253564
BASE_3,COW_011,16.5254677,107.3312759,J_00033,16.597430221109658,107.50487743972349,20.158946325457993,0.4031789265091599,46365.576548553385
BASE_3,COW_011,16.5254677,107.3312759,J_00034,16.66429736358062,107.48232283480873,22.302228749790313,0.44604457499580624,51295.12612451772
BASE_3,COW_011,16.5254677,107.3312759,J_00035,16.461689838165945,107.7055674468512,40.53197962367084,0.8106395924734169,93223.55313444293
BASE_3,COW_011,16.5254677,107.3312759,J_00036,16.268139796636127,107.2187570048448,31.0290146717824,0.620580293435648,71366.73374509951
BASE_3,COW_011,16.5254677,107.3312759,J_00037,16.56508206793363,107.52621803008316,21.24082066168208,0.4248164132336416,48853.88752186878
BASE_3,COW_011,16.5254677,107.3312759,J_00038,16.46918567451601,107.70508512969802,40.342916535757276,0.8068583307151456,92788.70803224173
BASE_3,COW_011,16.5254677,107.3312759,J_00039,16.569871522873257,107.536183895912,22.39219503180418,0.44784390063608365,51502.048573149616
BASE_3,COW_011,16.5254677,107.3312759,J_00040,16.666607075648248,107.36250567880695,16.042949143710906,0.3208589828742181,36898.78303053509
BASE_3,COW_011,16.5254677,107.3312759,J_00041,16.665155641834726,107.3688001600834,16.039046157002428,0.3207809231400486,36889.80616110558
BASE_3,COW_011,16.5254677,107.3312759,J_00042,16.51315499139435,107.5606764490754,24.493593462827693,0.48987186925655385,56335.264964503695
BASE_3,COW_011,16.5254677,107.3312759,J_00043,16.64927714226641,107.41145471933169,16.20301308197898,0.3240602616395796,37266.93008855166
BASE_3,COW_011,16.5254677,107.3312759,J_00044,16.57166890824097,107.49529040517794,18.22136059828441,0.36442721196568817,41909.129376054145
BASE_3,COW_011,16.5254677,107.3312759,J_00045,16.63143941985154,107.5110583130454,22.493370941152705,0.4498674188230541,51734.75316465122
BASE_3,COW_011,16.5254677,107.3312759,J_00046,16.59440973361349,107.38534822450936,9.590717113940553,0.19181434227881106,22058.649362063272
BASE_3,COW_011,16.5254677,107.3312759,J_00047,16.599347151767944,107.49633576858352,19.415872037127027,0.38831744074254054,44656.50568539216
BASE_3,COW_011,16.5254677,107.3312759,J_00048,16.28167999352194,107.97816386593117,74.1364783112024,1.4827295662240478,170513.90011576551
BASE_3,COW_011,16.5254677,107.3312759,J_00049,16.277599338947514,107.9824641404575,74.73043988256386,1.4946087976512772,171880.01172989688
BASE_3,COW_011,16.5254677,107.3312759,J_00050,16.462928914647218,107.64012940439612,33.65592744538152,0.6731185489076305,77408.6331243775
BASE_3,COW_011,16.5254677,107.3312759,J_00051,16.601594932702508,107.48296237382375,18.24892054112282,0.3649784108224564,41972.51724458249
BASE_3,COW_011,16.5254677,107.3312759,J_00052,16.34480069014235,107.90990007727194,64.89870057245777,1.2979740114491554,149267.01131665288
BASE_3,COW_011,16.5254677,107.3312759,J_00053,16.586804944456667,107.58305427522006,27.688918581753637,0.5537783716350727,63684.512738033365
BASE_3,COW_011,16.5254677,107.3312759,J_00054,16.619028870649785,107.4534404914762,16.665797903542803,0.33331595807085607,38331.335178148445
BASE_3,COW_011,16.5254677,107.3312759,J_00055,16.282227234021125,107.2142450904469,29.78899332732687,0.5957798665465375,68514.6846528518
BASE_3,COW_011,16.5254677,107.3312759,J_00056,16.435088326817397,107.65074059522672,35.51503058392386,0.7103006116784772,81684.57034302488
BASE_3,COW_011,16.5254677,107.3312759,J_00057,16.371952558474792,107.86327621053776,59.24703219865929,1.1849406439731858,136268.17405691638
BASE_3,COW_011,16.5254677,107.3312759,J_00058,16.605809254100482,107.44852928114123,15.36161724100523,0.30723234482010464,35331.71965431203
BASE_3,COW_011,16.5254677,107.3312759,J_00059,16.604451821387112,107.44540383479944,15.003053245982173,0.30006106491964346,34507.022465759
BASE_3,COW_011,16.5254677,107.3312759,J_00060,16.41077084398415,107.70813735661868,42.16127849902494,0.8432255699804988,96970.94054775736
BASE_3,COW_011,16.5254677,107.3312759,J_00061,16.423400400047356,107.82881823459424,54.25328173254254,1.0850656346508507,124782.54798484784
BASE_3,COW_011,16.5254677,107.3312759,J_00062,16.392061127207906,107.71969303091058,43.9964499407081,0.879928998814162,101191.83486362862
BASE_3,COW_011,16.5254677,107.3312759,J_00063,16.51352049869946,107.39836603004166,7.274483778200949,0.14548967556401898,16731.31268986218
BASE_3,COW_011,16.5254677,107.3312759,J_00064,16.12581966029344,107.33689825793644,44.442884363244346,0.8888576872648869,102218.63403546199
BASE_3,COW_011,16.5254677,107.3312759,J_00065,16.58814063386911,107.58112744571652,27.527057844335836,0.5505411568867167,63312.233041972424
BASE_3,COW_011,16.5254677,107.3312759,J_00066,16.311065134737067,108.00316203108642,75.52533066734652,1.5105066133469305,173708.260534897
BASE_3,COW_011,16.5254677,107.3312759,J_00067,16.51365978864296,107.39155449638712,6.558770189769087,0.13117540379538173,15085.1714364689
BASE_3,COW_011,16.5254677,107.3312759,J_00068,16.52448692518508,107.36199005595924,3.276009649771744,0.06552019299543488,7534.822194475011
BASE_3,COW_011,16.5254677,107.3312759,J_00069,16.59106004686489,107.57447245809988,26.927366250407655,0.538547325008153,61932.94237593761
BASE_3,COW_011,16.5254677,107.3312759,J_00070,16.514385209681947,107.35917522677836,3.219394271909813,0.06438788543819626,7404.6068253925705
BASE_3,COW_011,16.5254677,107.3312759,J_00071,16.500172317744823,107.387722313213,6.6425839963839115,0.13285167992767824,15277.943191682996
BASE_3,COW_011,16.5254677,107.3312759,J_00072,16.393597378184786,107.47492481043388,21.205368654551027,0.42410737309102053,48772.34790546736
BASE_3,COW_011,16.5254677,107.3312759,J_00073,16.311140756886953,108.00574411813372,75.78404840263805,1.515680968052761,174303.31132606752
BASE_3,COW_011,16.5254677,107.3312759,J_00074,16.521508537272283,107.40421975752768,7.788481290303384,0.15576962580606768,17913.506967697784
BASE_3,COW_011,16.5254677,107.3312759,J_00075,16.402154789177548,107.47526188616476,20.585426094177993,0.4117085218835599,47346.480016609385
BASE_3,COW_011,16.5254677,107.3312759,J_00076,16.588713873543426,107.3252892,7.061541907444117,0.14123083814888235,16241.546387121469
BASE_3,COW_011,16.5254677,107.3312759,J_00077,16.08851719650639,107.38588473919135,48.934958334848176,0.9786991666969636,112550.40417015081
BASE_3,COW_011,16.5254677,107.3312759,J_00078,16.527850544725265,107.37652351643136,4.830721359316483,0.09661442718632966,11110.65912642791
BASE_3,COW_011,16.5254677,107.3312759,J_00079,16.085892686488275,107.36589613925749,49.01795590880661,0.9803591181761323,112741.2985902552
BASE_3,COW_011,16.5254677,107.3312759,J_00080,16.291495257578905,108.0261164720742,78.54952332814022,1.5709904665628045,180663.90365472253
BASE_3,COW_011,16.5254677,107.3312759,J_00081,16.382115370526147,107.0536835996094,33.62158446791373,0.6724316893582746,77329.64427620158
BASE_3,COW_011,16.5254677,107.3312759,J_00082,16.376677240357246,107.04298993910136,34.912725189923414,0.6982545037984683,80299.26793682385
BASE_3,COW_011,16.5254677,107.3312759,J_00083,16.145727559220454,107.74412376098628,61.02176318022702,1.2204352636045404,140350.05531452215
BASE_3,COW_011,16.5254677,107.3312759,J_00084,16.327564155367586,107.1717988691137,27.813160261850914,0.5562632052370183,63970.2686022571
BASE_3,COW_011,16.5254677,107.3312759,J_00085,16.536406972867166,107.35115792249393,2.4436582672595297,0.048873165345190595,5620.4140146969185
BASE_3,COW_011,16.5254677,107.3312759,J_00086,16.516865528399663,107.28775679746394,4.736899247049167,0.09473798494098334,10894.868268213084
BASE_3,COW_011,16.5254677,107.3312759,J_00087,16.286613968463637,108.0076708460382,76.88248644749964,1.5376497289499929,176829.71882924918
BASE_3,COW_011,16.5254677,107.3312759,J_00088,16.31580618944039,108.01104614910422,76.15985891180912,1.5231971782361824,175167.675497161
BASE_3,COW_011,16.5254677,107.3312759,J_00089,16.612873091094567,107.40389222873738,12.42401327431093,0.2484802654862186,28575.230530915138
BASE_3,COW_011,16.5254677,107.3312759,J_00090,16.330456476800176,107.6200542865036,37.667411119241876,0.7533482223848376,86635.04557425632
BASE_3,COW_011,16.5254677,107.3312759,J_00091,16.286166291524196,108.0212320394954,78.2585543925422,1.5651710878508438,179994.67510284705
BASE_3,COW_011,16.5254677,107.3312759,J_00092,16.276565522813957,108.0303636867135,79.54211942852771,1.5908423885705543,182946.87468561373
BASE_3,COW_011,16.5254677,107.3312759,J_00093,16.343745314767705,107.94446775635662,68.44855591621226,1.3689711183242452,157431.6786072882
BASE_3,COW_011,16.5254677,107.3312759,J_00094,16.374390937218454,107.4611604849838,21.77303035159373,0.43546060703187456,50077.96980866558
BASE_3,COW_011,16.5254677,107.3312759,J_00095,16.563745734293335,107.33058047516714,4.256968640856029,0.08513937281712058,9791.027873968867
BASE_3,COW_011,16.5254677,107.3312759,J_00096,16.333238096088046,107.95986908838688,70.3673916327288,1.4073478326545759,161845.00075527624
BASE_3,COW_011,16.5254677,107.3312759,J_00097,16.345740957020553,107.15320156741336,27.56952566101496,0.5513905132202992,63409.90902033441
BASE_3,COW_011,16.5254677,107.3312759,J_00098,16.219107397405065,108.05398556961838,84.29308371213706,1.6858616742427412,193874.09253791525
BASE_3,COW_011,16.5254677,107.3312759,J_00099,16.422942208064033,107.46784915441106,18.494399197469235,0.3698879839493847,42537.11815417924
BASE_3,COW_011,16.5254677,107.3312759,J_00100,16.402644021436732,107.75780974463012,47.489908592176675,0.9497981718435335,109226.78976200636
BASE_3,COW_011,16.5254677,107.3312759,J_00101,16.37524964320665,107.59276945006624,32.506358230573035,0.6501271646114607,74764.62393031798
BASE_3,COW_011,16.5254677,107.3312759,J_00102,16.547556620418277,107.3098233592149,3.3558938149376383,0.06711787629875277,7718.555774356568
BASE_3,COW_011,16.5254677,107.3312759,J_00103,16.30681962375361,107.38568972103658,24.99570900241512,0.49991418004830235,57490.13070555477
BASE_3,COW_011,16.5254677,107.3312759,J_00104,16.380155048074425,107.67675752946212,40.230249201694384,0.8046049840338877,92529.57316389709
BASE_3,COW_011,16.5254677,107.3312759,J_00105,16.730113981967406,107.400003273698,23.904781778331685,0.4780956355666337,54980.99809016287
BASE_3,COW_011,16.5254677,107.3312759,J_00106,16.369866099155256,107.60485959798804,33.92072638307864,0.6784145276615727,78017.67068108087
BASE_3,COW_011,16.5254677,107.3312759,J_00107,16.113891588725753,107.66074099746874,57.711217394220064,1.1542243478844012,132735.80000670615
BASE_3,COW_011,16.5254677,107.3312759,J_00108,16.362255190888888,107.77612445102936,50.79442316622789,1.0158884633245577,116827.17328232413
BASE_3,COW_011,16.5254677,107.3312759,J_00109,16.309746863677077,107.75132688590683,50.82024003133272,1.0164048006266544,116886.55207206526
BASE_3,COW_011,16.5254677,107.3312759,J_00110,16.32186391385828,107.73943123957228,49.06804981920502,0.9813609963841005,112856.51458417156
BASE_3,COW_011,16.5254677,107.3312759,J_00111,16.372264871840603,107.6709710682885,40.03197928799425,0.8006395857598849,92073.55236238676
BASE_3,COW_011,16.5254677,107.3312759,J_00112,16.329782686393113,107.41267661232116,23.427256944353164,0.4685451388870633,53882.69097201228
BASE_3,COW_011,16.5254677,107.3312759,J_00113,16.320008469677312,107.70521742737984,45.96380592749718,0.9192761185499435,105716.75363324351
BASE_3,COW_011,16.5254677,107.3312759,J_00114,16.74059460183718,107.3850389961322,24.59726864801197,0.4919453729602394,56573.71789042753
BASE_3,COW_011,16.5254677,107.3312759,J_00115,16.347584401325978,107.53061376748612,29.037994194259706,0.5807598838851942,66787.38664679733
BASE_3,COW_011,16.5254677,107.3312759,J_00116,16.510544056993798,107.49977339066342,18.039323788424618,0.3607864757684924,41490.44471337662
BASE_3,COW_012,16.5254677,107.3312759,J_00000,16.470828921881164,107.60955399746234,30.284825710634433,0.5506331947388079,69655.09913445919
BASE_3,COW_012,16.5254677,107.3312759,J_00001,16.470362127018827,107.55930326094062,25.07188952139726,0.45585253675267745,57665.345899213695
BASE_3,COW_012,16.5254677,107.3312759,J_00002,16.47424359958971,107.55772818698266,24.806207520945296,0.4510219549262781,57054.27729817418
BASE_3,COW_012,16.5254677,107.3312759,J_00003,16.49348337564258,107.59002065245971,27.81327037302247,0.5056958249640449,63970.52185795168
BASE_3,COW_012,16.5254677,107.3312759,J_00004,16.478745441146955,107.55129534455035,24.02574401106481,0.4368317092920874,55259.211225449064
BASE_3,COW_012,16.5254677,107.3312759,J_00005,16.487027304858945,107.54731760776494,23.425991930684766,0.4259271260124503,53879.78144057496
BASE_3,COW_012,16.5254677,107.3312759,J_00006,16.532160339026593,107.44578496129934,12.229329036264692,0.2223514370229944,28127.456783408794
BASE_3,COW_012,16.5254677,107.3312759,J_00007,16.476934281241164,107.53317577214604,22.19178829330355,0.40348705987824635,51041.113074598165
BASE_3,COW_012,16.5254677,107.3312759,J_00008,16.54063239867831,107.44448001783373,12.184537970706566,0.22153705401284665,28024.437332625104
BASE_3,COW_012,16.5254677,107.3312759,J_00009,16.531547558962664,107.69012324181722,38.25915373950715,0.6956209770819481,87996.05360086643
BASE_3,COW_012,16.5254677,107.3312759,J_00010,16.52738878877641,107.68921427085154,38.157292748960614,0.6937689590720112,87761.77332260941
BASE_3,COW_012,16.5254677,107.3312759,J_00011,16.53789357129583,107.68082715522364,37.28721224362239,0.6779493135204071,85760.5881603315
BASE_3,COW_012,16.5254677,107.3312759,J_00012,16.524835706155326,107.69309264998252,38.570453933195026,0.7012809806035459,88712.04404634856
BASE_3,COW_012,16.5254677,107.3312759,J_00013,16.2729315745512,107.87292622951324,64.2407835891532,1.1680142470755126,147753.80225505235
BASE_3,COW_012,16.5254677,107.3312759,J_00014,16.52317642712633,107.701478157211,39.46529345768965,0.7175507901398117,90770.17495268618
BASE_3,COW_012,16.5254677,107.3312759,J_00015,16.564129718701782,107.59382455637665,28.31363978532292,0.5147934506422349,65121.371506242715
BASE_3,COW_012,16.5254677,107.3312759,J_00016,16.55503728513068,107.61353852963492,30.266533053148002,0.5503006009663273,69613.0260222404
BASE_3,COW_012,16.5254677,107.3312759,J_00017,16.56802006575831,107.6179667081558,30.922542598160994,0.5622280472392908,71121.84797577029
BASE_3,COW_012,16.5254677,107.3312759,J_00018,16.493997607340088,107.53193954239708,21.677164043539435,0.3941302553370806,49857.4773001407
BASE_3,COW_012,16.5254677,107.3312759,J_00019,16.543546895491804,107.42583058377517,10.277756090637297,0.18686829255704177,23638.839008465784
BASE_3,COW_012,16.5254677,107.3312759,J_00020,16.242503801359586,107.2454051174484,32.7705698646701,0.5958285429940018,75372.31068874123
BASE_3,COW_012,16.5254677,107.3312759,J_00021,16.45055723769587,107.72225686630698,42.511397729020814,0.7729345041640148,97776.21477674787
BASE_3,COW_012,16.5254677,107.3312759,J_00022,16.504833393469443,107.6291677934963,31.840294085188518,0.5789144379125185,73232.6763959336
BASE_3,COW_012,16.5254677,107.3312759,J_00023,16.57986665656081,107.58768387995444,27.991104328203626,0.5089291696037023,64379.53995486834
BASE_3,COW_012,16.5254677,107.3312759,J_00024,16.23991207988329,107.25090001724132,32.889711925870785,0.5979947622885597,75646.3374295028
BASE_3,COW_012,16.5254677,107.3312759,J_00025,16.250014260366132,107.24074792938237,32.115423869879336,0.5839167976341697,73865.47490072247
BASE_3,COW_012,16.5254677,107.3312759,J_00026,16.459357749451215,107.7205673132457,42.15221103223717,0.7664038369497667,96950.08537414549
BASE_3,COW_012,16.5254677,107.3312759,J_00027,16.656791523009364,107.34955392909389,14.731877380772476,0.267852316014045,33883.31797577669
BASE_3,COW_012,16.5254677,107.3312759,J_00028,16.230739178703335,108.0800528964888,86.34279650467556,1.5698690273577376,198588.4319607538
BASE_3,COW_012,16.5254677,107.3312759,J_00029,16.582372023215015,107.36897627611086,7.495594191591021,0.1362835307562004,17239.866640659347
BASE_3,COW_012,16.5254677,107.3312759,J_00030,16.23582074671607,107.25576696739624,33.199362665095286,0.6036247757290052,76358.53412971916
BASE_3,COW_012,16.5254677,107.3312759,J_00031,16.267972860818134,107.22291398151737,30.877407760471463,0.5614074138267539,71018.03784908437
BASE_3,COW_012,16.5254677,107.3312759,J_00032,16.15816879245868,107.72785909820898,58.81094618493756,1.0692899306352284,135265.1762253564
BASE_3,COW_012,16.5254677,107.3312759,J_00033,16.597430221109658,107.50487743972349,20.158946325457993,0.36652629682650895,46365.576548553385
BASE_3,COW_012,16.5254677,107.3312759,J_00034,16.66429736358062,107.48232283480873,22.302228749790313,0.4054950681780057,51295.12612451772
BASE_3,COW_012,16.5254677,107.3312759,J_00035,16.461689838165945,107.7055674468512,40.53197962367084,0.7369450840667426,93223.55313444293
BASE_3,COW_012,16.5254677,107.3312759,J_00036,16.268139796636127,107.2187570048448,31.0290146717824,0.5641639031233163,71366.73374509951
BASE_3,COW_012,16.5254677,107.3312759,J_00037,16.56508206793363,107.52621803008316,21.24082066168208,0.38619673930331055,48853.88752186878
BASE_3,COW_012,16.5254677,107.3312759,J_00038,16.46918567451601,107.70508512969802,40.342916535757276,0.733507573377405,92788.70803224173
BASE_3,COW_012,16.5254677,107.3312759,J_00039,16.569871522873257,107.536183895912,22.39219503180418,0.407130818760076,51502.048573149616
BASE_3,COW_012,16.5254677,107.3312759,J_00040,16.666607075648248,107.36250567880695,16.042949143710906,0.2916899844311074,36898.78303053509
BASE_3,COW_012,16.5254677,107.3312759,J_00041,16.665155641834726,107.3688001600834,16.039046157002428,0.2916190210364078,36889.80616110558
BASE_3,COW_012,16.5254677,107.3312759,J_00042,16.51315499139435,107.5606764490754,24.493593462827693,0.4453380629605035,56335.264964503695
BASE_3,COW_012,16.5254677,107.3312759,J_00043,16.64927714226641,107.41145471933169,16.20301308197898,0.2946002378541633,37266.93008855166
BASE_3,COW_012,16.5254677,107.3312759,J_00044,16.57166890824097,107.49529040517794,18.22136059828441,0.3312974654233529,41909.129376054145
BASE_3,COW_012,16.5254677,107.3312759,J_00045,16.63143941985154,107.5110583130454,22.493370941152705,0.408970380748231,51734.75316465122
BASE_3,COW_012,16.5254677,107.3312759,J_00046,16.59440973361349,107.38534822450936,9.590717113940553,0.17437667479891913,22058.649362063272
BASE_3,COW_012,16.5254677,107.3312759,J_00047,16.599347151767944,107.49633576858352,19.415872037127027,0.3530158552204914,44656.50568539216
BASE_3,COW_012,16.5254677,107.3312759,J_00048,16.28167999352194,107.97816386593117,74.1364783112024,1.347935969294589,170513.90011576551
BASE_3,COW_012,16.5254677,107.3312759,J_00049,16.277599338947514,107.9824641404575,74.73043988256386,1.35873527059207,171880.01172989688
BASE_3,COW_012,16.5254677,107.3312759,J_00050,16.462928914647218,107.64012940439612,33.65592744538152,0.6119259535523913,77408.6331243775
BASE_3,COW_012,16.5254677,107.3312759,J_00051,16.601594932702508,107.48296237382375,18.24892054112282,0.3317985552931422,41972.51724458249
BASE_3,COW_012,16.5254677,107.3312759,J_00052,16.34480069014235,107.90990007727194,64.89870057245777,1.1799763740446867,149267.01131665288
BASE_3,COW_012,16.5254677,107.3312759,J_00053,16.586804944456667,107.58305427522006,27.688918581753637,0.5034348833046116,63684.512738033365
BASE_3,COW_012,16.5254677,107.3312759,J_00054,16.619028870649785,107.4534404914762,16.665797903542803,0.30301450733714186,38331.335178148445
BASE_3,COW_012,16.5254677,107.3312759,J_00055,16.282227234021125,107.2142450904469,29.78899332732687,0.5416180604968522,68514.6846528518
BASE_3,COW_012,16.5254677,107.3312759,J_00056,16.435088326817397,107.65074059522672,35.51503058392386,0.6457278287986157,81684.57034302488
BASE_3,COW_012,16.5254677,107.3312759,J_00057,16.371952558474792,107.86327621053776,59.24703219865929,1.0772187672483506,136268.17405691638
BASE_3,COW_012,16.5254677,107.3312759,J_00058,16.605809254100482,107.44852928114123,15.36161724100523,0.2793021316546406,35331.71965431203
BASE_3,COW_012,16.5254677,107.3312759,J_00059,16.604451821387112,107.44540383479944,15.003053245982173,0.27278278629058494,34507.022465759
BASE_3,COW_012,16.5254677,107.3312759,J_00060,16.41077084398415,107.70813735661868,42.16127849902494,0.7665686999822716,96970.94054775736
BASE_3,COW_012,16.5254677,107.3312759,J_00061,16.423400400047356,107.82881823459424,54.25328173254254,0.9864233042280461,124782.54798484784
BASE_3,COW_012,16.5254677,107.3312759,J_00062,16.392061127207906,107.71969303091058,43.9964499407081,0.7999354534674199,101191.83486362862
BASE_3,COW_012,16.5254677,107.3312759,J_00063,16.51352049869946,107.39836603004166,7.274483778200949,0.13226334142183543,16731.31268986218
BASE_3,COW_012,16.5254677,107.3312759,J_00064,16.12581966029344,107.33689825793644,44.442884363244346,0.808052442968079,102218.63403546199
BASE_3,COW_012,16.5254677,107.3312759,J_00065,16.58814063386911,107.58112744571652,27.527057844335836,0.5004919608061061,63312.233041972424
BASE_3,COW_012,16.5254677,107.3312759,J_00066,16.311065134737067,108.00316203108642,75.52533066734652,1.3731878303153913,173708.260534897
BASE_3,COW_012,16.5254677,107.3312759,J_00067,16.51365978864296,107.39155449638712,6.558770189769087,0.11925036708671066,15085.1714364689
BASE_3,COW_012,16.5254677,107.3312759,J_00068,16.52448692518508,107.36199005595924,3.276009649771744,0.05956381181403171,7534.822194475011
BASE_3,COW_012,16.5254677,107.3312759,J_00069,16.59106004686489,107.57447245809988,26.927366250407655,0.48958847728013916,61932.94237593761
BASE_3,COW_012,16.5254677,107.3312759,J_00070,16.514385209681947,107.35917522677836,3.219394271909813,0.05853444130745115,7404.6068253925705
BASE_3,COW_012,16.5254677,107.3312759,J_00071,16.500172317744823,107.387722313213,6.6425839963839115,0.12077425447970748,15277.943191682996
BASE_3,COW_012,16.5254677,107.3312759,J_00072,16.393597378184786,107.47492481043388,21.205368654551027,0.3855521573554732,48772.34790546736
BASE_3,COW_012,16.5254677,107.3312759,J_00073,16.311140756886953,108.00574411813372,75.78404840263805,1.3778917891388736,174303.31132606752
BASE_3,COW_012,16.5254677,107.3312759,J_00074,16.521508537272283,107.40421975752768,7.788481290303384,0.1416087507327888,17913.506967697784
BASE_3,COW_012,16.5254677,107.3312759,J_00075,16.402154789177548,107.47526188616476,20.585426094177993,0.3742804744395999,47346.480016609385
BASE_3,COW_012,16.5254677,107.3312759,J_00076,16.588713873543426,107.3252892,7.061541907444117,0.1283916710444385,16241.546387121469
BASE_3,COW_012,16.5254677,107.3312759,J_00077,16.08851719650639,107.38588473919135,48.934958334848176,0.8897265151790578,112550.40417015081
BASE_3,COW_012,16.5254677,107.3312759,J_00078,16.527850544725265,107.37652351643136,4.830721359316483,0.08783129744211787,11110.65912642791
BASE_3,COW_012,16.5254677,107.3312759,J_00079,16.085892686488275,107.36589613925749,49.01795590880661,0.891235561978302,112741.2985902552
BASE_3,COW_012,16.5254677,107.3312759,J_00080,16.291495257578905,108.0261164720742,78.54952332814022,1.4281731514207314,180663.90365472253
BASE_3,COW_012,16.5254677,107.3312759,J_00081,16.382115370526147,107.0536835996094,33.62158446791373,0.6113015357802496,77329.64427620158
BASE_3,COW_012,16.5254677,107.3312759,J_00082,16.376677240357246,107.04298993910136,34.912725189923414,0.6347768216349712,80299.26793682385
BASE_3,COW_012,16.5254677,107.3312759,J_00083,16.145727559220454,107.74412376098628,61.02176318022702,1.1094866032768549,140350.05531452215
BASE_3,COW_012,16.5254677,107.3312759,J_00084,16.327564155367586,107.1717988691137,27.813160261850914,0.5056938229427439,63970.2686022571
BASE_3,COW_012,16.5254677,107.3312759,J_00085,16.536406972867166,107.35115792249393,2.4436582672595297,0.04443015031380963,5620.4140146969185
BASE_3,COW_012,16.5254677,107.3312759,J_00086,16.516865528399663,107.28775679746394,4.736899247049167,0.0861254408554394,10894.868268213084
BASE_3,COW_012,16.5254677,107.3312759,J_00087,16.286613968463637,108.0076708460382,76.88248644749964,1.397863389954539,176829.71882924918
BASE_3,COW_012,16.5254677,107.3312759,J_00088,16.31580618944039,108.01104614910422,76.15985891180912,1.3847247074874387,175167.675497161
BASE_3,COW_012,16.5254677,107.3312759,J_00089,16.612873091094567,107.40389222873738,12.42401327431093,0.2258911504420169,28575.230530915138
BASE_3,COW_012,16.5254677,107.3312759,J_00090,16.330456476800176,107.6200542865036,37.667411119241876,0.6848620203498523,86635.04557425632
BASE_3,COW_012,16.5254677,107.3312759,J_00091,16.286166291524196,108.0212320394954,78.2585543925422,1.422882807137131,179994.67510284705
BASE_3,COW_012,16.5254677,107.3312759,J_00092,16.276565522813957,108.0303636867135,79.54211942852771,1.4462203532459583,182946.87468561373
BASE_3,COW_012,16.5254677,107.3312759,J_00093,16.343745314767705,107.94446775635662,68.44855591621226,1.2445191984765864,157431.6786072882
BASE_3,COW_012,16.5254677,107.3312759,J_00094,16.374390937218454,107.4611604849838,21.77303035159373,0.39587327911988596,50077.96980866558
BASE_3,COW_012,16.5254677,107.3312759,J_00095,16.563745734293335,107.33058047516714,4.256968640856029,0.07739942983374598,9791.027873968867
BASE_3,COW_012,16.5254677,107.3312759,J_00096,16.333238096088046,107.95986908838688,70.3673916327288,1.279407120595069,161845.00075527624
BASE_3,COW_012,16.5254677,107.3312759,J_00097,16.345740957020553,107.15320156741336,27.56952566101496,0.5012641029275448,63409.90902033441
BASE_3,COW_012,16.5254677,107.3312759,J_00098,16.219107397405065,108.05398556961838,84.29308371213706,1.5326015220388556,193874.09253791525
BASE_3,COW_012,16.5254677,107.3312759,J_00099,16.422942208064033,107.46784915441106,18.494399197469235,0.33626180359034974,42537.11815417924
BASE_3,COW_012,16.5254677,107.3312759,J_00100,16.402644021436732,107.75780974463012,47.489908592176675,0.8634528834941214,109226.78976200636
BASE_3,COW_012,16.5254677,107.3312759,J_00101,16.37524964320665,107.59276945006624,32.506358230573035,0.5910246951013279,74764.62393031798
BASE_3,COW_012,16.5254677,107.3312759,J_00102,16.547556620418277,107.3098233592149,3.3558938149376383,0.06101625118068433,7718.555774356568
BASE_3,COW_012,16.5254677,107.3312759,J_00103,16.30681962375361,107.38568972103658,24.99570900241512,0.4544674364075476,57490.13070555477
BASE_3,COW_012,16.5254677,107.3312759,J_00104,16.380155048074425,107.67675752946212,40.230249201694384,0.7314590763944434,92529.57316389709
BASE_3,COW_012,16.5254677,107.3312759,J_00105,16.730113981967406,107.400003273698,23.904781778331685,0.434632395969667,54980.99809016287
BASE_3,COW_012,16.5254677,107.3312759,J_00106,16.369866099155256,107.60485959798804,33.92072638307864,0.6167404796923389,78017.67068108087
BASE_3,COW_012,16.5254677,107.3312759,J_00107,16.113891588725753,107.66074099746874,57.711217394220064,1.0492948617130922,132735.80000670615
BASE_3,COW_012,16.5254677,107.3312759,J_00108,16.362255190888888,107.77612445102936,50.79442316622789,0.9235349666586888,116827.17328232413
BASE_3,COW_012,16.5254677,107.3312759,J_00109,16.309746863677077,107.75132688590683,50.82024003133272,0.9240043642060495,116886.55207206526
BASE_3,COW_012,16.5254677,107.3312759,J_00110,16.32186391385828,107.73943123957228,49.06804981920502,0.8921463603491823,112856.51458417156
BASE_3,COW_012,16.5254677,107.3312759,J_00111,16.372264871840603,107.6709710682885,40.03197928799425,0.7278541688726227,92073.55236238676
BASE_3,COW_012,16.5254677,107.3312759,J_00112,16.329782686393113,107.41267661232116,23.427256944353164,0.4259501262609666,53882.69097201228
BASE_3,COW_012,16.5254677,107.3312759,J_00113,16.320008469677312,107.70521742737984,45.96380592749718,0.8357055623181305,105716.75363324351
BASE_3,COW_012,16.5254677,107.3312759,J_00114,16.74059460183718,107.3850389961322,24.59726864801197,0.44722306632749037,56573.71789042753
BASE_3,COW_012,16.5254677,107.3312759,J_00115,16.347584401325978,107.53061376748612,29.037994194259706,0.5279635308047219,66787.38664679733
BASE_3,COW_012,16.5254677,107.3312759,J_00116,16.510544056993798,107.49977339066342,18.039323788424618,0.32798770524408394,41490.44471337662
BASE_4,COW_013,16.4233011,107.515289,J_00000,16.470828921881164,107.60955399746234,11.357390140019712,0.22714780280039423,26121.997322045336
BASE_4,COW_013,16.4233011,107.515289,J_00001,16.470362127018827,107.55930326094062,7.029687381571806,0.14059374763143612,16168.280977615153
BASE_4,COW_013,16.4233011,107.515289,J_00002,16.47424359958971,107.55772818698266,7.250569686708447,0.14501139373416894,16676.31027942943
BASE_4,COW_013,16.4233011,107.515289,J_00003,16.49348337564258,107.59002065245971,11.153953786807373,0.22307907573614746,25654.093709656958
BASE_4,COW_013,16.4233011,107.515289,J_00004,16.478745441146955,107.55129534455035,7.263128128539188,0.14526256257078377,16705.194695640133
BASE_4,COW_013,16.4233011,107.515289,J_00005,16.487027304858945,107.54731760776494,7.866244606687085,0.15732489213374168,18092.362595380295
BASE_4,COW_013,16.4233011,107.515289,J_00006,16.532160339026593,107.44578496129934,14.193146919547608,0.28386293839095217,32644.2379149595
BASE_4,COW_013,16.4233011,107.515289,J_00007,16.476934281241164,107.53317577214604,6.261369064999019,0.12522738129998037,14401.148849497744
BASE_4,COW_013,16.4233011,107.515289,J_00008,16.54063239867831,107.44448001783373,15.073766027265215,0.3014753205453043,34669.661862709996
BASE_4,COW_013,16.4233011,107.515289,J_00009,16.531547558962664,107.69012324181722,22.1903321376662,0.443806642753324,51037.76391663226
BASE_4,COW_013,16.4233011,107.515289,J_00010,16.52738878877641,107.68921427085154,21.860824336608644,0.4372164867321729,50279.895974199884
BASE_4,COW_013,16.4233011,107.515289,J_00011,16.53789357129583,107.68082715522364,21.769487371208832,0.43538974742417663,50069.82095378031
BASE_4,COW_013,16.4233011,107.515289,J_00012,16.524835706155326,107.69309264998252,22.066252784300257,0.44132505568600516,50752.38140389059
BASE_4,COW_013,16.4233011,107.515289,J_00013,16.2729315745512,107.87292622951324,41.6620258456008,0.8332405169120161,95822.65944488185
BASE_4,COW_013,16.4233011,107.515289,J_00014,16.52317642712633,107.701478157211,22.748516587073837,0.4549703317414767,52321.588150269825
BASE_4,COW_013,16.4233011,107.515289,J_00015,16.564129718701782,107.59382455637665,17.7575796953247,0.35515159390649403,40842.43329924681
BASE_4,COW_013,16.4233011,107.515289,J_00016,16.55503728513068,107.61353852963492,18.00867899614574,0.3601735799229148,41419.9616911352
BASE_4,COW_013,16.4233011,107.515289,J_00017,16.56802006575831,107.6179667081558,19.462699953941158,0.38925399907882313,44764.20989406466
BASE_4,COW_013,16.4233011,107.515289,J_00018,16.493997607340088,107.53193954239708,8.05912568347103,0.1611825136694206,18535.98907198337
BASE_4,COW_013,16.4233011,107.515289,J_00019,16.543546895491804,107.42583058377517,16.424349712678996,0.3284869942535799,37776.00433916169
BASE_4,COW_013,16.4233011,107.515289,J_00020,16.242503801359586,107.2454051174484,35.1215237357826,0.702430474715652,80779.50459229999
BASE_4,COW_013,16.4233011,107.515289,J_00021,16.45055723769587,107.72225686630698,22.28033889264443,0.4456067778528886,51244.77945308219
BASE_4,COW_013,16.4233011,107.515289,J_00022,16.504833393469443,107.6291677934963,15.1544555634583,0.303089111269166,34855.247795954085
BASE_4,COW_013,16.4233011,107.515289,J_00023,16.57986665656081,107.58768387995444,19.04355365492787,0.3808710730985574,43800.1734063341
BASE_4,COW_013,16.4233011,107.515289,J_00024,16.23991207988329,107.25090001724132,34.810545644526606,0.6962109128905322,80064.25498241119
BASE_4,COW_013,16.4233011,107.515289,J_00025,16.250014260366132,107.24074792938237,35.06391308752561,0.7012782617505122,80647.0001013089
BASE_4,COW_013,16.4233011,107.515289,J_00026,16.459357749451215,107.7205673132457,22.256653224163973,0.44513306448327944,51190.302415577135
BASE_4,COW_013,16.4233011,107.515289,J_00027,16.656791523009364,107.34955392909389,31.40339837828305,0.628067967565661,72227.81627005101
BASE_4,COW_013,16.4233011,107.515289,J_00028,16.230739178703335,108.0800528964888,63.957013746739925,1.2791402749347984,147101.13161750181
BASE_4,COW_013,16.4233011,107.515289,J_00029,16.582372023215015,107.36897627611086,23.583695495253657,0.47167390990507313,54242.49963908341
BASE_4,COW_013,16.4233011,107.515289,J_00030,16.23582074671607,107.25576696739624,34.662903667055495,0.6932580733411099,79724.67843422764
BASE_4,COW_013,16.4233011,107.515289,J_00031,16.267972860818134,107.22291398151737,35.658632995297005,0.7131726599059401,82014.8558891831
BASE_4,COW_013,16.4233011,107.515289,J_00032,16.15816879245868,107.72785909820898,37.200569590447586,0.7440113918089517,85561.31005802944
BASE_4,COW_013,16.4233011,107.515289,J_00033,16.597430221109658,107.50487743972349,19.39406450052043,0.38788129001040855,44606.34835119699
BASE_4,COW_013,16.4233011,107.515289,J_00034,16.66429736358062,107.48232283480873,27.026966772500305,0.5405393354500061,62162.023576750704
BASE_4,COW_013,16.4233011,107.515289,J_00035,16.461689838165945,107.7055674468512,20.736825700983022,0.41473651401966044,47694.699112260954
BASE_4,COW_013,16.4233011,107.515289,J_00036,16.268139796636127,107.2187570048448,36.03841981133245,0.720768396226649,82888.36556606465
BASE_4,COW_013,16.4233011,107.515289,J_00037,16.56508206793363,107.52621803008316,15.808328253279349,0.316166565065587,36359.1549825425
BASE_4,COW_013,16.4233011,107.515289,J_00038,16.46918567451601,107.70508512969802,20.87404245950313,0.4174808491900626,48010.2976568572
BASE_4,COW_013,16.4233011,107.515289,J_00039,16.569871522873257,107.536183895912,16.44944004477308,0.3289888008954616,37833.71210297808
BASE_4,COW_013,16.4233011,107.515289,J_00040,16.666607075648248,107.36250567880695,31.577710101768947,0.6315542020353789,72628.73323406858
BASE_4,COW_013,16.4233011,107.515289,J_00041,16.665155641834726,107.3688001600834,31.097335993202044,0.6219467198640409,71523.8727843647
BASE_4,COW_013,16.4233011,107.515289,J_00042,16.51315499139435,107.5606764490754,11.101794411575977,0.22203588823151954,25534.127146624745
BASE_4,COW_013,16.4233011,107.515289,J_00043,16.64927714226641,107.41145471933169,27.457109728690227,0.5491421945738045,63151.352375987524
BASE_4,COW_013,16.4233011,107.515289,J_00044,16.57166890824097,107.49529040517794,16.634961066201306,0.33269922132402613,38260.41045226301
BASE_4,COW_013,16.4233011,107.515289,J_00045,16.63143941985154,107.5110583130454,23.148318942244025,0.4629663788448805,53241.133567161254
BASE_4,COW_013,16.4233011,107.515289,J_00046,16.59440973361349,107.38534822450936,23.535356734383026,0.4707071346876605,54131.32048908096
BASE_4,COW_013,16.4233011,107.515289,J_00047,16.599347151767944,107.49633576858352,19.679435545999812,0.39358871091999625,45262.70175579957
BASE_4,COW_013,16.4233011,107.515289,J_00048,16.28167999352194,107.97816386593117,51.83711773213069,1.0367423546426138,119225.3707839006
BASE_4,COW_013,16.4233011,107.515289,J_00049,16.277599338947514,107.9824641404575,52.41341522297257,1.0482683044594514,120550.85501283691
BASE_4,COW_013,16.4233011,107.515289,J_00050,16.462928914647218,107.64012940439612,14.024115480922562,0.2804823096184512,32255.465606121892
BASE_4,COW_013,16.4233011,107.515289,J_00051,16.601594932702508,107.48296237382375,20.122681808031885,0.4024536361606377,46282.16815847334
BASE_4,COW_013,16.4233011,107.515289,J_00052,16.34480069014235,107.90990007727194,42.99237877466426,0.8598475754932852,98882.4711817278
BASE_4,COW_013,16.4233011,107.515289,J_00053,16.586804944456667,107.58305427522006,19.563669759031296,0.3912733951806259,44996.44044577198
BASE_4,COW_013,16.4233011,107.515289,J_00054,16.619028870649785,107.4534404914762,22.740725096118812,0.4548145019223762,52303.66772107327
BASE_4,COW_013,16.4233011,107.515289,J_00055,16.282227234021125,107.2142450904469,35.74620387731793,0.7149240775463587,82216.26891783124
BASE_4,COW_013,16.4233011,107.515289,J_00056,16.435088326817397,107.65074059522672,14.505901929868184,0.2901180385973637,33363.57443869682
BASE_4,COW_013,16.4233011,107.515289,J_00057,16.371952558474792,107.86327621053776,37.55708855728786,0.7511417711457572,86381.30368176209
BASE_4,COW_013,16.4233011,107.515289,J_00058,16.605809254100482,107.44852928114123,21.505786936083567,0.43011573872167136,49463.309952992204
BASE_4,COW_013,16.4233011,107.515289,J_00059,16.604451821387112,107.44540383479944,21.476720670082738,0.42953441340165477,49396.4575411903
BASE_4,COW_013,16.4233011,107.515289,J_00060,16.41077084398415,107.70813735661868,20.61663011449876,0.4123326022899752,47418.24926334715
BASE_4,COW_013,16.4233011,107.515289,J_00061,16.423400400047356,107.82881823459424,33.44041314877392,0.6688082629754785,76912.95024218001
BASE_4,COW_013,16.4233011,107.515289,J_00062,16.392061127207906,107.71969303091058,22.07807693193551,0.44156153863871017,50779.57694345167
BASE_4,COW_013,16.4233011,107.515289,J_00063,16.51352049869946,107.39836603004166,16.002743723175286,0.3200548744635057,36806.31056330316
BASE_4,COW_013,16.4233011,107.515289,J_00064,16.12581966029344,107.33689825793644,38.167429410516455,0.7633485882103291,87785.08764418785
BASE_4,COW_013,16.4233011,107.515289,J_00065,16.58814063386911,107.58112744571652,19.627361741448404,0.3925472348289681,45142.93200533133
BASE_4,COW_013,16.4233011,107.515289,J_00066,16.311065134737067,108.00316203108642,53.52582618515431,1.0705165237030863,123109.40022585492
BASE_4,COW_013,16.4233011,107.515289,J_00067,16.51365978864296,107.39155449638712,16.58426910919317,0.3316853821838634,38143.81895114429
BASE_4,COW_013,16.4233011,107.515289,J_00068,16.52448692518508,107.36199005595924,19.844257515873462,0.39688515031746924,45641.792286508964
BASE_4,COW_013,16.4233011,107.515289,J_00069,16.59106004686489,107.57447245809988,19.692166641244388,0.39384333282488776,45291.98327486209
BASE_4,COW_013,16.4233011,107.515289,J_00070,16.514385209681947,107.35917522677836,19.485815330568684,0.3897163066113737,44817.37526030797
BASE_4,COW_013,16.4233011,107.515289,J_00071,16.500172317744823,107.387722313213,16.06590666958189,0.3213181333916378,36951.58534003834
BASE_4,COW_013,16.4233011,107.515289,J_00072,16.393597378184786,107.47492481043388,5.426459170312535,0.1085291834062507,12480.856091718832
BASE_4,COW_013,16.4233011,107.515289,J_00073,16.311140756886953,108.00574411813372,53.79179136969653,1.0758358273939306,123721.12015030203
BASE_4,COW_013,16.4233011,107.515289,J_00074,16.521508537272283,107.40421975752768,16.109530479981824,0.32219060959963647,37051.9201039582
BASE_4,COW_013,16.4233011,107.515289,J_00075,16.402154789177548,107.47526188616476,4.874123696077819,0.09748247392155639,11210.484500978984
BASE_4,COW_013,16.4233011,107.515289,J_00076,16.588713873543426,107.3252892,27.361008332129572,0.5472201666425914,62930.31916389801
BASE_4,COW_013,16.4233011,107.515289,J_00077,16.08851719650639,107.38588473919135,39.70663241401144,0.7941326482802288,91325.25455222631
BASE_4,COW_013,16.4233011,107.515289,J_00078,16.527850544725265,107.37652351643136,18.817138072622782,0.37634276145245565,43279.4175670324
BASE_4,COW_013,16.4233011,107.515289,J_00079,16.085892686488275,107.36589613925749,40.76685868999561,0.8153371737999122,93763.7749869899
BASE_4,COW_013,16.4233011,107.515289,J_00080,16.291495257578905,108.0261164720742,56.43847000110488,1.1287694000220976,129808.48100254123
BASE_4,COW_013,16.4233011,107.515289,J_00081,16.382115370526147,107.0536835996094,49.451655677265606,0.9890331135453121,113738.80805771089
BASE_4,COW_013,16.4233011,107.515289,J_00082,16.376677240357246,107.04298993910136,50.6465715104152,1.012931430208304,116487.11447395496
BASE_4,COW_013,16.4233011,107.515289,J_00083,16.145727559220454,107.74412376098628,39.3596899296849,0.787193798593698,90527.28683827526
BASE_4,COW_013,16.4233011,107.515289,J_00084,16.327564155367586,107.1717988691137,38.15994575170198,0.7631989150340397,87767.87522891456
BASE_4,COW_013,16.4233011,107.515289,J_00085,16.536406972867166,107.35115792249393,21.551190716909296,0.43102381433818593,49567.73864889138
BASE_4,COW_013,16.4233011,107.515289,J_00086,16.516865528399663,107.28775679746394,26.398858855827417,0.5279771771165483,60717.37536840306
BASE_4,COW_013,16.4233011,107.515289,J_00087,16.286613968463637,108.0076708460382,54.68932579573823,1.0937865159147646,125785.44933019792
BASE_4,COW_013,16.4233011,107.515289,J_00088,16.31580618944039,108.01104614910422,54.22487806173855,1.084497561234771,124717.21954199867
BASE_4,COW_013,16.4233011,107.515289,J_00089,16.612873091094567,107.40389222873738,24.194453475670905,0.4838890695134181,55647.24299404308
BASE_4,COW_013,16.4233011,107.515289,J_00090,16.330456476800176,107.6200542865036,15.215160779019179,0.3043032155803836,34994.86979174411
BASE_4,COW_013,16.4233011,107.515289,J_00091,16.286166291524196,108.0212320394954,56.09425548488093,1.1218851096976186,129016.78761522615
BASE_4,COW_013,16.4233011,107.515289,J_00092,16.276565522813957,108.0303636867135,57.32844030307778,1.1465688060615555,131855.4126970789
BASE_4,COW_013,16.4233011,107.515289,J_00093,16.343745314767705,107.94446775635662,46.63149092391438,0.9326298184782875,107252.42912500307
BASE_4,COW_013,16.4233011,107.515289,J_00094,16.374390937218454,107.4611604849838,7.932002826244113,0.15864005652488225,18243.60650036146
BASE_4,COW_013,16.4233011,107.515289,J_00095,16.563745734293335,107.33058047516714,25.133978165102327,0.5026795633020466,57808.14977973535
BASE_4,COW_013,16.4233011,107.515289,J_00096,16.333238096088046,107.95986908838688,48.47475745134597,0.9694951490269195,111491.94213809574
BASE_4,COW_013,16.4233011,107.515289,J_00097,16.345740957020553,107.15320156741336,39.57829783226765,0.791565956645353,91030.0850142156
BASE_4,COW_013,16.4233011,107.515289,J_00098,16.219107397405065,108.05398556961838,61.80787493193664,1.2361574986387327,142158.11234345427
BASE_4,COW_013,16.4233011,107.515289,J_00099,16.422942208064033,107.46784915441106,5.060004424550745,0.1012000884910149,11638.010176466714
BASE_4,COW_013,16.4233011,107.515289,J_00100,16.402644021436732,107.75780974463012,25.969946062000606,0.5193989212400121,59730.87594260139
BASE_4,COW_013,16.4233011,107.515289,J_00101,16.37524964320665,107.59276945006624,9.841628219255577,0.19683256438511154,22635.74490428783
BASE_4,COW_013,16.4233011,107.515289,J_00102,16.547556620418277,107.3098233592149,25.900550575157183,0.5180110115031437,59571.26632286152
BASE_4,COW_013,16.4233011,107.515289,J_00103,16.30681962375361,107.38568972103658,18.945776453152344,0.3789155290630469,43575.28584225039
BASE_4,COW_013,16.4233011,107.515289,J_00104,16.380155048074425,107.67675752946212,17.879528232019414,0.3575905646403883,41122.91493364465
BASE_4,COW_013,16.4233011,107.515289,J_00105,16.730113981967406,107.400003273698,36.26098718454152,0.7252197436908304,83400.2705244455
BASE_4,COW_013,16.4233011,107.515289,J_00106,16.369866099155256,107.60485959798804,11.251526226225588,0.22503052452451175,25878.510320318852
BASE_4,COW_013,16.4233011,107.515289,J_00107,16.113891588725753,107.66074099746874,37.74574803327998,0.7549149606655996,86815.22047654395
BASE_4,COW_013,16.4233011,107.515289,J_00108,16.362255190888888,107.77612445102936,28.64059013378426,0.5728118026756852,65873.3573077038
BASE_4,COW_013,16.4233011,107.515289,J_00109,16.309746863677077,107.75132688590683,28.170903185777146,0.5634180637155429,64793.077327287436
BASE_4,COW_013,16.4233011,107.515289,J_00110,16.32186391385828,107.73943123957228,26.43945384478236,0.5287890768956472,60810.74384299943
BASE_4,COW_013,16.4233011,107.515289,J_00111,16.372264871840603,107.6709710682885,17.54979416061216,0.3509958832122432,40364.526569407964
BASE_4,COW_013,16.4233011,107.515289,J_00112,16.329782686393113,107.41267661232116,15.09876657768141,0.3019753315536282,34727.16312866724
BASE_4,COW_013,16.4233011,107.515289,J_00113,16.320008469677312,107.70521742737984,23.291612460269842,0.46583224920539684,53570.708658620635
BASE_4,COW_013,16.4233011,107.515289,J_00114,16.74059460183718,107.3850389961322,37.9137935870162,0.7582758717403241,87201.72525013726
BASE_4,COW_013,16.4233011,107.515289,J_00115,16.347584401325978,107.53061376748612,8.576566313902875,0.1715313262780575,19726.102521976612
BASE_4,COW_013,16.4233011,107.515289,J_00116,16.510544056993798,107.49977339066342,9.841049093364495,0.19682098186728988,22634.41291473834
BASE_4,COW_014,16.4233011,107.515289,J_00000,16.470828921881164,107.60955399746234,11.357390140019712,0.20649800254581294,26121.997322045336
BASE_4,COW_014,16.4233011,107.515289,J_00001,16.470362127018827,107.55930326094062,7.029687381571806,0.1278124978467601,16168.280977615153
BASE_4,COW_014,16.4233011,107.515289,J_00002,16.47424359958971,107.55772818698266,7.250569686708447,0.1318285397583354,16676.31027942943
BASE_4,COW_014,16.4233011,107.515289,J_00003,16.49348337564258,107.59002065245971,11.153953786807373,0.20279915976013405,25654.093709656958
BASE_4,COW_014,16.4233011,107.515289,J_00004,16.478745441146955,107.55129534455035,7.263128128539188,0.13205687506434888,16705.194695640133
BASE_4,COW_014,16.4233011,107.515289,J_00005,16.487027304858945,107.54731760776494,7.866244606687085,0.14302262921249245,18092.362595380295
BASE_4,COW_014,16.4233011,107.515289,J_00006,16.532160339026593,107.44578496129934,14.193146919547608,0.2580572167190474,32644.2379149595
BASE_4,COW_014,16.4233011,107.515289,J_00007,16.476934281241164,107.53317577214604,6.261369064999019,0.11384307390907307,14401.148849497744
BASE_4,COW_014,16.4233011,107.515289,J_00008,16.54063239867831,107.44448001783373,15.073766027265215,0.27406847322300393,34669.661862709996
BASE_4,COW_014,16.4233011,107.515289,J_00009,16.531547558962664,107.69012324181722,22.1903321376662,0.40346058432120363,51037.76391663226
BASE_4,COW_014,16.4233011,107.515289,J_00010,16.52738878877641,107.68921427085154,21.860824336608644,0.39746953339288443,50279.895974199884
BASE_4,COW_014,16.4233011,107.515289,J_00011,16.53789357129583,107.68082715522364,21.769487371208832,0.39580886129470605,50069.82095378031
BASE_4,COW_014,16.4233011,107.515289,J_00012,16.524835706155326,107.69309264998252,22.066252784300257,0.4012045960781865,50752.38140389059
BASE_4,COW_014,16.4233011,107.515289,J_00013,16.2729315745512,107.87292622951324,41.6620258456008,0.7574913790109237,95822.65944488185
BASE_4,COW_014,16.4233011,107.515289,J_00014,16.52317642712633,107.701478157211,22.748516587073837,0.4136093924922516,52321.588150269825
BASE_4,COW_014,16.4233011,107.515289,J_00015,16.564129718701782,107.59382455637665,17.7575796953247,0.32286508536954,40842.43329924681
BASE_4,COW_014,16.4233011,107.515289,J_00016,16.55503728513068,107.61353852963492,18.00867899614574,0.3274305272026498,41419.9616911352
BASE_4,COW_014,16.4233011,107.515289,J_00017,16.56802006575831,107.6179667081558,19.462699953941158,0.35386727188983924,44764.20989406466
BASE_4,COW_014,16.4233011,107.515289,J_00018,16.493997607340088,107.53193954239708,8.05912568347103,0.14652955788129146,18535.98907198337
BASE_4,COW_014,16.4233011,107.515289,J_00019,16.543546895491804,107.42583058377517,16.424349712678996,0.2986245402305272,37776.00433916169
BASE_4,COW_014,16.4233011,107.515289,J_00020,16.242503801359586,107.2454051174484,35.1215237357826,0.638573158832411,80779.50459229999
BASE_4,COW_014,16.4233011,107.515289,J_00021,16.45055723769587,107.72225686630698,22.28033889264443,0.4050970707753533,51244.77945308219
BASE_4,COW_014,16.4233011,107.515289,J_00022,16.504833393469443,107.6291677934963,15.1544555634583,0.2755355556992418,34855.247795954085
BASE_4,COW_014,16.4233011,107.515289,J_00023,16.57986665656081,107.58768387995444,19.04355365492787,0.3462464300895976,43800.1734063341
BASE_4,COW_014,16.4233011,107.515289,J_00024,16.23991207988329,107.25090001724132,34.810545644526606,0.6329190117186656,80064.25498241119
BASE_4,COW_014,16.4233011,107.515289,J_00025,16.250014260366132,107.24074792938237,35.06391308752561,0.6375256925004656,80647.0001013089
BASE_4,COW_014,16.4233011,107.515289,J_00026,16.459357749451215,107.7205673132457,22.256653224163973,0.4046664222575268,51190.302415577135
BASE_4,COW_014,16.4233011,107.515289,J_00027,16.656791523009364,107.34955392909389,31.40339837828305,0.5709708796051464,72227.81627005101
BASE_4,COW_014,16.4233011,107.515289,J_00028,16.230739178703335,108.0800528964888,63.957013746739925,1.1628547953952713,147101.13161750181
BASE_4,COW_014,16.4233011,107.515289,J_00029,16.582372023215015,107.36897627611086,23.583695495253657,0.4287944635500665,54242.49963908341
BASE_4,COW_014,16.4233011,107.515289,J_00030,16.23582074671607,107.25576696739624,34.662903667055495,0.6302346121282817,79724.67843422764
BASE_4,COW_014,16.4233011,107.515289,J_00031,16.267972860818134,107.22291398151737,35.658632995297005,0.6483387817326728,82014.8558891831
BASE_4,COW_014,16.4233011,107.515289,J_00032,16.15816879245868,107.72785909820898,37.200569590447586,0.6763739925535924,85561.31005802944
BASE_4,COW_014,16.4233011,107.515289,J_00033,16.597430221109658,107.50487743972349,19.39406450052043,0.3526193545549169,44606.34835119699
BASE_4,COW_014,16.4233011,107.515289,J_00034,16.66429736358062,107.48232283480873,27.026966772500305,0.4913993958636419,62162.023576750704
BASE_4,COW_014,16.4233011,107.515289,J_00035,16.461689838165945,107.7055674468512,20.736825700983022,0.3770331945633277,47694.699112260954
BASE_4,COW_014,16.4233011,107.515289,J_00036,16.268139796636127,107.2187570048448,36.03841981133245,0.6552439965696809,82888.36556606465
BASE_4,COW_014,16.4233011,107.515289,J_00037,16.56508206793363,107.52621803008316,15.808328253279349,0.2874241500596245,36359.1549825425
BASE_4,COW_014,16.4233011,107.515289,J_00038,16.46918567451601,107.70508512969802,20.87404245950313,0.3795280447182387,48010.2976568572
BASE_4,COW_014,16.4233011,107.515289,J_00039,16.569871522873257,107.536183895912,16.44944004477308,0.29908072808678327,37833.71210297808
BASE_4,COW_014,16.4233011,107.515289,J_00040,16.666607075648248,107.36250567880695,31.577710101768947,0.5741401836685263,72628.73323406858
BASE_4,COW_014,16.4233011,107.515289,J_00041,16.665155641834726,107.3688001600834,31.097335993202044,0.5654061089673099,71523.8727843647
BASE_4,COW_014,16.4233011,107.515289,J_00042,16.51315499139435,107.5606764490754,11.101794411575977,0.20185080748319958,25534.127146624745
BASE_4,COW_014,16.4233011,107.515289,J_00043,16.64927714226641,107.41145471933169,27.457109728690227,0.49922017688527687,63151.352375987524
BASE_4,COW_014,16.4233011,107.515289,J_00044,16.57166890824097,107.49529040517794,16.634961066201306,0.3024538375672965,38260.41045226301
BASE_4,COW_014,16.4233011,107.515289,J_00045,16.63143941985154,107.5110583130454,23.148318942244025,0.4208785262226186,53241.133567161254
BASE_4,COW_014,16.4233011,107.515289,J_00046,16.59440973361349,107.38534822450936,23.535356734383026,0.4279155769887823,54131.32048908096
BASE_4,COW_014,16.4233011,107.515289,J_00047,16.599347151767944,107.49633576858352,19.679435545999812,0.3578079190181784,45262.70175579957
BASE_4,COW_014,16.4233011,107.515289,J_00048,16.28167999352194,107.97816386593117,51.83711773213069,0.9424930496751035,119225.3707839006
BASE_4,COW_014,16.4233011,107.515289,J_00049,16.277599338947514,107.9824641404575,52.41341522297257,0.9529711858722285,120550.85501283691
BASE_4,COW_014,16.4233011,107.515289,J_00050,16.462928914647218,107.64012940439612,14.024115480922562,0.25498391783495566,32255.465606121892
BASE_4,COW_014,16.4233011,107.515289,J_00051,16.601594932702508,107.48296237382375,20.122681808031885,0.3658669419642161,46282.16815847334
BASE_4,COW_014,16.4233011,107.515289,J_00052,16.34480069014235,107.90990007727194,42.99237877466426,0.7816796140848047,98882.4711817278
BASE_4,COW_014,16.4233011,107.515289,J_00053,16.586804944456667,107.58305427522006,19.563669759031296,0.3557030865278417,44996.44044577198
BASE_4,COW_014,16.4233011,107.515289,J_00054,16.619028870649785,107.4534404914762,22.740725096118812,0.413467729020342,52303.66772107327
BASE_4,COW_014,16.4233011,107.515289,J_00055,16.282227234021125,107.2142450904469,35.74620387731793,0.6499309795875987,82216.26891783124
BASE_4,COW_014,16.4233011,107.515289,J_00056,16.435088326817397,107.65074059522672,14.505901929868184,0.2637436714521488,33363.57443869682
BASE_4,COW_014,16.4233011,107.515289,J_00057,16.371952558474792,107.86327621053776,37.55708855728786,0.682856155587052,86381.30368176209
BASE_4,COW_014,16.4233011,107.515289,J_00058,16.605809254100482,107.44852928114123,21.505786936083567,0.3910143079287921,49463.309952992204
BASE_4,COW_014,16.4233011,107.515289,J_00059,16.604451821387112,107.44540383479944,21.476720670082738,0.3904858303651407,49396.4575411903
BASE_4,COW_014,16.4233011,107.515289,J_00060,16.41077084398415,107.70813735661868,20.61663011449876,0.37484782026361385,47418.24926334715
BASE_4,COW_014,16.4233011,107.515289,J_00061,16.423400400047356,107.82881823459424,33.44041314877392,0.6080075117958895,76912.95024218001
BASE_4,COW_014,16.4233011,107.515289,J_00062,16.392061127207906,107.71969303091058,22.07807693193551,0.40141958058064564,50779.57694345167
BASE_4,COW_014,16.4233011,107.515289,J_00063,16.51352049869946,107.39836603004166,16.002743723175286,0.2909589767850052,36806.31056330316
BASE_4,COW_014,16.4233011,107.515289,J_00064,16.12581966029344,107.33689825793644,38.167429410516455,0.6939532620093901,87785.08764418785
BASE_4,COW_014,16.4233011,107.515289,J_00065,16.58814063386911,107.58112744571652,19.627361741448404,0.35686112257178915,45142.93200533133
BASE_4,COW_014,16.4233011,107.515289,J_00066,16.311065134737067,108.00316203108642,53.52582618515431,0.9731968397300783,123109.40022585492
BASE_4,COW_014,16.4233011,107.515289,J_00067,16.51365978864296,107.39155449638712,16.58426910919317,0.301532165621694,38143.81895114429
BASE_4,COW_014,16.4233011,107.515289,J_00068,16.52448692518508,107.36199005595924,19.844257515873462,0.36080468210679023,45641.792286508964
BASE_4,COW_014,16.4233011,107.515289,J_00069,16.59106004686489,107.57447245809988,19.692166641244388,0.3580393934771707,45291.98327486209
BASE_4,COW_014,16.4233011,107.515289,J_00070,16.514385209681947,107.35917522677836,19.485815330568684,0.35428755146488516,44817.37526030797
BASE_4,COW_014,16.4233011,107.515289,J_00071,16.500172317744823,107.387722313213,16.06590666958189,0.292107393992398,36951.58534003834
BASE_4,COW_014,16.4233011,107.515289,J_00072,16.393597378184786,107.47492481043388,5.426459170312535,0.09866289400568246,12480.856091718832
BASE_4,COW_014,16.4233011,107.515289,J_00073,16.311140756886953,108.00574411813372,53.79179136969653,0.9780325703581187,123721.12015030203
BASE_4,COW_014,16.4233011,107.515289,J_00074,16.521508537272283,107.40421975752768,16.109530479981824,0.2929005541814877,37051.9201039582
BASE_4,COW_014,16.4233011,107.515289,J_00075,16.402154789177548,107.47526188616476,4.874123696077819,0.08862043083777853,11210.484500978984
BASE_4,COW_014,16.4233011,107.515289,J_00076,16.588713873543426,107.3252892,27.361008332129572,0.4974728787659922,62930.31916389801
BASE_4,COW_014,16.4233011,107.515289,J_00077,16.08851719650639,107.38588473919135,39.70663241401144,0.7219387711638443,91325.25455222631
BASE_4,COW_014,16.4233011,107.515289,J_00078,16.527850544725265,107.37652351643136,18.817138072622782,0.34212978313859604,43279.4175670324
BASE_4,COW_014,16.4233011,107.515289,J_00079,16.085892686488275,107.36589613925749,40.76685868999561,0.7412156125453747,93763.7749869899
BASE_4,COW_014,16.4233011,107.515289,J_00080,16.291495257578905,108.0261164720742,56.43847000110488,1.0261540000200888,129808.48100254123
BASE_4,COW_014,16.4233011,107.515289,J_00081,16.382115370526147,107.0536835996094,49.451655677265606,0.89912101231392,113738.80805771089
BASE_4,COW_014,16.4233011,107.515289,J_00082,16.376677240357246,107.04298993910136,50.6465715104152,0.9208467547348218,116487.11447395496
BASE_4,COW_014,16.4233011,107.515289,J_00083,16.145727559220454,107.74412376098628,39.3596899296849,0.7156307259942709,90527.28683827526
BASE_4,COW_014,16.4233011,107.515289,J_00084,16.327564155367586,107.1717988691137,38.15994575170198,0.6938171954854906,87767.87522891456
BASE_4,COW_014,16.4233011,107.515289,J_00085,16.536406972867166,107.35115792249393,21.551190716909296,0.39183983121653265,49567.73864889138
BASE_4,COW_014,16.4233011,107.515289,J_00086,16.516865528399663,107.28775679746394,26.398858855827417,0.4799792519241349,60717.37536840306
BASE_4,COW_014,16.4233011,107.515289,J_00087,16.286613968463637,108.0076708460382,54.68932579573823,0.9943513781043314,125785.44933019792
BASE_4,COW_014,16.4233011,107.515289,J_00088,16.31580618944039,108.01104614910422,54.22487806173855,0.9859068738497918,124717.21954199867
BASE_4,COW_014,16.4233011,107.515289,J_00089,16.612873091094567,107.40389222873738,24.194453475670905,0.43989915410310737,55647.24299404308
BASE_4,COW_014,16.4233011,107.515289,J_00090,16.330456476800176,107.6200542865036,15.215160779019179,0.2766392868912578,34994.86979174411
BASE_4,COW_014,16.4233011,107.515289,J_00091,16.286166291524196,108.0212320394954,56.09425548488093,1.0198955542705623,129016.78761522615
BASE_4,COW_014,16.4233011,107.515289,J_00092,16.276565522813957,108.0303636867135,57.32844030307778,1.0423352782377777,131855.4126970789
BASE_4,COW_014,16.4233011,107.515289,J_00093,16.343745314767705,107.94446775635662,46.63149092391438,0.8478452895257159,107252.42912500307
BASE_4,COW_014,16.4233011,107.515289,J_00094,16.374390937218454,107.4611604849838,7.932002826244113,0.1442182332044384,18243.60650036146
BASE_4,COW_014,16.4233011,107.515289,J_00095,16.563745734293335,107.33058047516714,25.133978165102327,0.4569814211836787,57808.14977973535
BASE_4,COW_014,16.4233011,107.515289,J_00096,16.333238096088046,107.95986908838688,48.47475745134597,0.8813592263881086,111491.94213809574
BASE_4,COW_014,16.4233011,107.515289,J_00097,16.345740957020553,107.15320156741336,39.57829783226765,0.7196054151321392,91030.0850142156
BASE_4,COW_014,16.4233011,107.515289,J_00098,16.219107397405065,108.05398556961838,61.80787493193664,1.1237795442170297,142158.11234345427
BASE_4,COW_014,16.4233011,107.515289,J_00099,16.422942208064033,107.46784915441106,5.060004424550745,0.09200008044637718,11638.010176466714
BASE_4,COW_014,16.4233011,107.515289,J_00100,16.402644021436732,107.75780974463012,25.969946062000606,0.4721808374909201,59730.87594260139
BASE_4,COW_014,16.4233011,107.515289,J_00101,16.37524964320665,107.59276945006624,9.841628219255577,0.17893869489555594,22635.74490428783
BASE_4,COW_014,16.4233011,107.515289,J_00102,16.547556620418277,107.3098233592149,25.900550575157183,0.47091910136649423,59571.26632286152
BASE_4,COW_014,16.4233011,107.515289,J_00103,16.30681962375361,107.38568972103658,18.945776453152344,0.3444686627845881,43575.28584225039
BASE_4,COW_014,16.4233011,107.515289,J_00104,16.380155048074425,107.67675752946212,17.879528232019414,0.3250823314912621,41122.91493364465
BASE_4,COW_014,16.4233011,107.515289,J_00105,16.730113981967406,107.400003273698,36.26098718454152,0.6592906760825731,83400.2705244455
BASE_4,COW_014,16.4233011,107.515289,J_00106,16.369866099155256,107.60485959798804,11.251526226225588,0.2045732041131925,25878.510320318852
BASE_4,COW_014,16.4233011,107.515289,J_00107,16.113891588725753,107.66074099746874,37.74574803327998,0.6862863278778178,86815.22047654395
BASE_4,COW_014,16.4233011,107.515289,J_00108,16.362255190888888,107.77612445102936,28.64059013378426,0.5207380024324412,65873.3573077038
BASE_4,COW_014,16.4233011,107.515289,J_00109,16.309746863677077,107.75132688590683,28.170903185777146,0.5121982397414027,64793.077327287436
BASE_4,COW_014,16.4233011,107.515289,J_00110,16.32186391385828,107.73943123957228,26.43945384478236,0.48071734263240656,60810.74384299943
BASE_4,COW_014,16.4233011,107.515289,J_00111,16.372264871840603,107.6709710682885,17.54979416061216,0.3190871665565847,40364.526569407964
BASE_4,COW_014,16.4233011,107.515289,J_00112,16.329782686393113,107.41267661232116,15.09876657768141,0.2745230286851165,34727.16312866724
BASE_4,COW_014,16.4233011,107.515289,J_00113,16.320008469677312,107.70521742737984,23.291612460269842,0.42348386291399714,53570.708658620635
BASE_4,COW_014,16.4233011,107.515289,J_00114,16.74059460183718,107.3850389961322,37.9137935870162,0.6893417015821127,87201.72525013726
BASE_4,COW_014,16.4233011,107.515289,J_00115,16.347584401325978,107.53061376748612,8.576566313902875,0.15593756934368863,19726.102521976612
BASE_4,COW_014,16.4233011,107.515289,J_00116,16.510544056993798,107.49977339066342,9.841049093364495,0.1789281653338999,22634.41291473834
BASE_4,COW_015,16.4233011,107.515289,J_00000,16.470828921881164,107.60955399746234,11.357390140019712,0.1892898356669952,26121.997322045336
BASE_4,COW_015,16.4233011,107.515289,J_00001,16.470362127018827,107.55930326094062,7.029687381571806,0.1171614563595301,16168.280977615153
BASE_4,COW_015,16.4233011,107.515289,J_00002,16.47424359958971,107.55772818698266,7.250569686708447,0.12084282811180745,16676.31027942943
BASE_4,COW_015,16.4233011,107.515289,J_00003,16.49348337564258,107.59002065245971,11.153953786807373,0.18589922978012288,25654.093709656958
BASE_4,COW_015,16.4233011,107.515289,J_00004,16.478745441146955,107.55129534455035,7.263128128539188,0.12105213547565313,16705.194695640133
BASE_4,COW_015,16.4233011,107.515289,J_00005,16.487027304858945,107.54731760776494,7.866244606687085,0.13110407677811808,18092.362595380295
BASE_4,COW_015,16.4233011,107.515289,J_00006,16.532160339026593,107.44578496129934,14.193146919547608,0.2365524486591268,32644.2379149595
BASE_4,COW_015,16.4233011,107.515289,J_00007,16.476934281241164,107.53317577214604,6.261369064999019,0.10435615108331699,14401.148849497744
BASE_4,COW_015,16.4233011,107.515289,J_00008,16.54063239867831,107.44448001783373,15.073766027265215,0.2512294337877536,34669.661862709996
BASE_4,COW_015,16.4233011,107.515289,J_00009,16.531547558962664,107.69012324181722,22.1903321376662,0.36983886896110335,51037.76391663226
BASE_4,COW_015,16.4233011,107.515289,J_00010,16.52738878877641,107.68921427085154,21.860824336608644,0.36434707227681074,50279.895974199884
BASE_4,COW_015,16.4233011,107.515289,J_00011,16.53789357129583,107.68082715522364,21.769487371208832,0.3628247895201472,50069.82095378031
BASE_4,COW_015,16.4233011,107.515289,J_00012,16.524835706155326,107.69309264998252,22.066252784300257,0.3677708797383376,50752.38140389059
BASE_4,COW_015,16.4233011,107.515289,J_00013,16.2729315745512,107.87292622951324,41.6620258456008,0.69436709742668,95822.65944488185
BASE_4,COW_015,16.4233011,107.515289,J_00014,16.52317642712633,107.701478157211,22.748516587073837,0.3791419431178973,52321.588150269825
BASE_4,COW_015,16.4233011,107.515289,J_00015,16.564129718701782,107.59382455637665,17.7575796953247,0.29595966158874504,40842.43329924681
BASE_4,COW_015,16.4233011,107.515289,J_00016,16.55503728513068,107.61353852963492,18.00867899614574,0.30014464993576234,41419.9616911352
BASE_4,COW_015,16.4233011,107.515289,J_00017,16.56802006575831,107.6179667081558,19.462699953941158,0.324378332565686,44764.20989406466
BASE_4,COW_015,16.4233011,107.515289,J_00018,16.493997607340088,107.53193954239708,8.05912568347103,0.13431876139118384,18535.98907198337
BASE_4,COW_015,16.4233011,107.515289,J_00019,16.543546895491804,107.42583058377517,16.424349712678996,0.27373916187798325,37776.00433916169
BASE_4,COW_015,16.4233011,107.515289,J_00020,16.242503801359586,107.2454051174484,35.1215237357826,0.5853587289297101,80779.50459229999
BASE_4,COW_015,16.4233011,107.515289,J_00021,16.45055723769587,107.72225686630698,22.28033889264443,0.37133898154407385,51244.77945308219
BASE_4,COW_015,16.4233011,107.515289,J_00022,16.504833393469443,107.6291677934963,15.1544555634583,0.25257425939097167,34855.247795954085
BASE_4,COW_015,16.4233011,107.515289,J_00023,16.57986665656081,107.58768387995444,19.04355365492787,0.3173925609154645,43800.1734063341
BASE_4,COW_015,16.4233011,107.515289,J_00024,16.23991207988329,107.25090001724132,34.810545644526606,0.5801757607421101,80064.25498241119
BASE_4,COW_015,16.4233011,107.515289,J_00025,16.250014260366132,107.24074792938237,35.06391308752561,0.5843985514587602,80647.0001013089
BASE_4,COW_015,16.4233011,107.515289,J_00026,16.459357749451215,107.7205673132457,22.256653224163973,0.3709442204027329,51190.302415577135
BASE_4,COW_015,16.4233011,107.515289,J_00027,16.656791523009364,107.34955392909389,31.40339837828305,0.5233899729713841,72227.81627005101
BASE_4,COW_015,16.4233011,107.515289,J_00028,16.230739178703335,108.0800528964888,63.957013746739925,1.0659502291123322,147101.13161750181
BASE_4,COW_015,16.4233011,107.515289,J_00029,16.582372023215015,107.36897627611086,23.583695495253657,0.39306159158756093,54242.49963908341
BASE_4,COW_015,16.4233011,107.515289,J_00030,16.23582074671607,107.25576696739624,34.662903667055495,0.5777150611175916,79724.67843422764
BASE_4,COW_015,16.4233011,107.515289,J_00031,16.267972860818134,107.22291398151737,35.658632995297005,0.5943105499216167,82014.8558891831
BASE_4,COW_015,16.4233011,107.515289,J_00032,16.15816879245868,107.72785909820898,37.200569590447586,0.6200094931741265,85561.31005802944
BASE_4,COW_015,16.4233011,107.515289,J_00033,16.597430221109658,107.50487743972349,19.39406450052043,0.3232344083420072,44606.34835119699
BASE_4,COW_015,16.4233011,107.515289,J_00034,16.66429736358062,107.48232283480873,27.026966772500305,0.45044944620833843,62162.023576750704
BASE_4,COW_015,16.4233011,107.515289,J_00035,16.461689838165945,107.7055674468512,20.736825700983022,0.34561376168305036,47694.699112260954
BASE_4,COW_015,16.4233011,107.515289,J_00036,16.268139796636127,107.2187570048448,36.03841981133245,0.6006403301888742,82888.36556606465
BASE_4,COW_015,16.4233011,107.515289,J_00037,16.56508206793363,107.52621803008316,15.808328253279349,0.2634721375546558,36359.1549825425
BASE_4,COW_015,16.4233011,107.515289,J_00038,16.46918567451601,107.70508512969802,20.87404245950313,0.3479007076583855,48010.2976568572
BASE_4,COW_015,16.4233011,107.515289,J_00039,16.569871522873257,107.536183895912,16.44944004477308,0.27415733407955134,37833.71210297808
BASE_4,COW_015,16.4233011,107.515289,J_00040,16.666607075648248,107.36250567880695,31.577710101768947,0.5262951683628158,72628.73323406858
BASE_4,COW_015,16.4233011,107.515289,J_00041,16.665155641834726,107.3688001600834,31.097335993202044,0.5182889332200341,71523.8727843647
BASE_4,COW_015,16.4233011,107.515289,J_00042,16.51315499139435,107.5606764490754,11.101794411575977,0.1850299068595996,25534.127146624745
BASE_4,COW_015,16.4233011,107.515289,J_00043,16.64927714226641,107.41145471933169,27.457109728690227,0.45761849547817046,63151.352375987524
BASE_4,COW_015,16.4233011,107.515289,J_00044,16.57166890824097,107.49529040517794,16.634961066201306,0.2772493511033551,38260.41045226301
BASE_4,COW_015,16.4233011,107.515289,J_00045,16.63143941985154,107.5110583130454,23.148318942244025,0.38580531570406706,53241.133567161254
BASE_4,COW_015,16.4233011,107.515289,J_00046,16.59440973361349,107.38534822450936,23.535356734383026,0.39225594557305044,54131.32048908096
BASE_4,COW_015,16.4233011,107.515289,J_00047,16.599347151767944,107.49633576858352,19.679435545999812,0.32799059243333023,45262.70175579957
BASE_4,COW_015,16.4233011,107.515289,J_00048,16.28167999352194,107.97816386593117,51.83711773213069,0.8639519622021782,119225.3707839006
BASE_4,COW_015,16.4233011,107.515289,J_00049,16.277599338947514,107.9824641404575,52.41341522297257,0.8735569203828761,120550.85501283691
BASE_4,COW_015,16.4233011,107.515289,J_00050,16.462928914647218,107.64012940439612,14.024115480922562,0.23373525801537604,32255.465606121892
BASE_4,COW_015,16.4233011,107.515289,J_00051,16.601594932702508,107.48296237382375,20.122681808031885,0.33537803013386475,46282.16815847334
BASE_4,COW_015,16.4233011,107.515289,J_00052,16.34480069014235,107.90990007727194,42.99237877466426,0.7165396462444044,98882.4711817278
BASE_4,COW_015,16.4233011,107.515289,J_00053,16.586804944456667,107.58305427522006,19.563669759031296,0.3260611626505216,44996.44044577198
BASE_4,COW_015,16.4233011,107.515289,J_00054,16.619028870649785,107.4534404914762,22.740725096118812,0.3790120849353135,52303.66772107327
BASE_4,COW_015,16.4233011,107.515289,J_00055,16.282227234021125,107.2142450904469,35.74620387731793,0.5957700646219656,82216.26891783124
BASE_4,COW_015,16.4233011,107.515289,J_00056,16.435088326817397,107.65074059522672,14.505901929868184,0.24176503216446973,33363.57443869682
BASE_4,COW_015,16.4233011,107.515289,J_00057,16.371952558474792,107.86327621053776,37.55708855728786,0.6259514759547977,86381.30368176209
BASE_4,COW_015,16.4233011,107.515289,J_00058,16.605809254100482,107.44852928114123,21.505786936083567,0.35842978226805944,49463.309952992204
BASE_4,COW_015,16.4233011,107.515289,J_00059,16.604451821387112,107.44540383479944,21.476720670082738,0.357945344501379,49396.4575411903
BASE_4,COW_015,16.4233011,107.515289,J_00060,16.41077084398415,107.70813735661868,20.61663011449876,0.3436105019083127,47418.24926334715
BASE_4,COW_015,16.4233011,107.515289,J_00061,16.423400400047356,107.82881823459424,33.44041314877392,0.557340219146232,76912.95024218001
BASE_4,COW_015,16.4233011,107.515289,J_00062,16.392061127207906,107.71969303091058,22.07807693193551,0.3679679488655918,50779.57694345167
BASE_4,COW_015,16.4233011,107.515289,J_00063,16.51352049869946,107.39836603004166,16.002743723175286,0.26671239538625474,36806.31056330316
BASE_4,COW_015,16.4233011,107.515289,J_00064,16.12581966029344,107.33689825793644,38.167429410516455,0.6361238235086076,87785.08764418785
BASE_4,COW_015,16.4233011,107.515289,J_00065,16.58814063386911,107.58112744571652,19.627361741448404,0.3271226956908067,45142.93200533133
BASE_4,COW_015,16.4233011,107.515289,J_00066,16.311065134737067,108.00316203108642,53.52582618515431,0.8920971030859052,123109.40022585492
BASE_4,COW_015,16.4233011,107.515289,J_00067,16.51365978864296,107.39155449638712,16.58426910919317,0.27640448515321947,38143.81895114429
BASE_4,COW_015,16.4233011,107.515289,J_00068,16.52448692518508,107.36199005595924,19.844257515873462,0.3307376252645577,45641.792286508964
BASE_4,COW_015,16.4233011,107.515289,J_00069,16.59106004686489,107.57447245809988,19.692166641244388,0.3282027773540731,45291.98327486209
BASE_4,COW_015,16.4233011,107.515289,J_00070,16.514385209681947,107.35917522677836,19.485815330568684,0.3247635888428114,44817.37526030797
BASE_4,COW_015,16.4233011,107.515289,J_00071,16.500172317744823,107.387722313213,16.06590666958189,0.26776511115969814,36951.58534003834
BASE_4,COW_015,16.4233011,107.515289,J_00072,16.393597378184786,107.47492481043388,5.426459170312535,0.09044098617187558,12480.856091718832
BASE_4,COW_015,16.4233011,107.515289,J_00073,16.311140756886953,108.00574411813372,53.79179136969653,0.8965298561616089,123721.12015030203
BASE_4,COW_015,16.4233011,107.515289,J_00074,16.521508537272283,107.40421975752768,16.109530479981824,0.2684921746663637,37051.9201039582
BASE_4,COW_015,16.4233011,107.515289,J_00075,16.402154789177548,107.47526188616476,4.874123696077819,0.08123539493463032,11210.484500978984
BASE_4,COW_015,16.4233011,107.515289,J_00076,16.588713873543426,107.3252892,27.361008332129572,0.45601680553549284,62930.31916389801
BASE_4,COW_015,16.4233011,107.515289,J_00077,16.08851719650639,107.38588473919135,39.70663241401144,0.6617772069001906,91325.25455222631
BASE_4,COW_015,16.4233011,107.515289,J_00078,16.527850544725265,107.37652351643136,18.817138072622782,0.31361896787704635,43279.4175670324
BASE_4,COW_015,16.4233011,107.515289,J_00079,16.085892686488275,107.36589613925749,40.76685868999561,0.6794476448332601,93763.7749869899
BASE_4,COW_015,16.4233011,107.515289,J_00080,16.291495257578905,108.0261164720742,56.43847000110488,0.9406411666850814,129808.48100254123
BASE_4,COW_015,16.4233011,107.515289,J_00081,16.382115370526147,107.0536835996094,49.451655677265606,0.8241942612877601,113738.80805771089
BASE_4,COW_015,16.4233011,107.515289,J_00082,16.376677240357246,107.04298993910136,50.6465715104152,0.8441095251735866,116487.11447395496
BASE_4,COW_015,16.4233011,107.515289,J_00083,16.145727559220454,107.74412376098628,39.3596899296849,0.655994832161415,90527.28683827526
BASE_4,COW_015,16.4233011,107.515289,J_00084,16.327564155367586,107.1717988691137,38.15994575170198,0.6359990958616997,87767.87522891456
BASE_4,COW_015,16.4233011,107.515289,J_00085,16.536406972867166,107.35115792249393,21.551190716909296,0.3591865119484883,49567.73864889138
BASE_4,COW_015,16.4233011,107.515289,J_00086,16.516865528399663,107.28775679746394,26.398858855827417,0.43998098093045696,60717.37536840306
BASE_4,COW_015,16.4233011,107.515289,J_00087,16.286613968463637,108.0076708460382,54.68932579573823,0.9114887632623038,125785.44933019792
BASE_4,COW_015,16.4233011,107.515289,J_00088,16.31580618944039,108.01104614910422,54.22487806173855,0.9037479676956425,124717.21954199867
BASE_4,COW_015,16.4233011,107.515289,J_00089,16.612873091094567,107.40389222873738,24.194453475670905,0.40324089126118173,55647.24299404308
BASE_4,COW_015,16.4233011,107.515289,J_00090,16.330456476800176,107.6200542865036,15.215160779019179,0.25358601298365296,34994.86979174411
BASE_4,COW_015,16.4233011,107.515289,J_00091,16.286166291524196,108.0212320394954,56.09425548488093,0.9349042580813489,129016.78761522615
BASE_4,COW_015,16.4233011,107.515289,J_00092,16.276565522813957,108.0303636867135,57.32844030307778,0.9554740050512963,131855.4126970789
BASE_4,COW_015,16.4233011,107.515289,J_00093,16.343745314767705,107.94446775635662,46.63149092391438,0.777191515398573,107252.42912500307
BASE_4,COW_015,16.4233011,107.515289,J_00094,16.374390937218454,107.4611604849838,7.932002826244113,0.13220004710406855,18243.60650036146
BASE_4,COW_015,16.4233011,107.515289,J_00095,16.563745734293335,107.33058047516714,25.133978165102327,0.4188996360850388,57808.14977973535
BASE_4,COW_015,16.4233011,107.515289,J_00096,16.333238096088046,107.95986908838688,48.47475745134597,0.8079126241890996,111491.94213809574
BASE_4,COW_015,16.4233011,107.515289,J_00097,16.345740957020553,107.15320156741336,39.57829783226765,0.6596382972044609,91030.0850142156
BASE_4,COW_015,16.4233011,107.515289,J_00098,16.219107397405065,108.05398556961838,61.80787493193664,1.0301312488656107,142158.11234345427
BASE_4,COW_015,16.4233011,107.515289,J_00099,16.422942208064033,107.46784915441106,5.060004424550745,0.08433340707584575,11638.010176466714
BASE_4,COW_015,16.4233011,107.515289,J_00100,16.402644021436732,107.75780974463012,25.969946062000606,0.4328324343666768,59730.87594260139
BASE_4,COW_015,16.4233011,107.515289,J_00101,16.37524964320665,107.59276945006624,9.841628219255577,0.16402713698759294,22635.74490428783
BASE_4,COW_015,16.4233011,107.515289,J_00102,16.547556620418277,107.3098233592149,25.900550575157183,0.4316758429192864,59571.26632286152
BASE_4,COW_015,16.4233011,107.515289,J_00103,16.30681962375361,107.38568972103658,18.945776453152344,0.3157629408858724,43575.28584225039
BASE_4,COW_015,16.4233011,107.515289,J_00104,16.380155048074425,107.67675752946212,17.879528232019414,0.2979921372003236,41122.91493364465
BASE_4,COW_015,16.4233011,107.515289,J_00105,16.730113981967406,107.400003273698,36.26098718454152,0.6043497864090254,83400.2705244455
BASE_4,COW_015,16.4233011,107.515289,J_00106,16.369866099155256,107.60485959798804,11.251526226225588,0.1875254371037598,25878.510320318852
BASE_4,COW_015,16.4233011,107.515289,J_00107,16.113891588725753,107.66074099746874,37.74574803327998,0.6290958005546663,86815.22047654395
BASE_4,COW_015,16.4233011,107.515289,J_00108,16.362255190888888,107.77612445102936,28.64059013378426,0.4773431688964044,65873.3573077038
BASE_4,COW_015,16.4233011,107.515289,J_00109,16.309746863677077,107.75132688590683,28.170903185777146,0.4695150530962858,64793.077327287436
BASE_4,COW_015,16.4233011,107.515289,J_00110,16.32186391385828,107.73943123957228,26.43945384478236,0.440657564079706,60810.74384299943
BASE_4,COW_015,16.4233011,107.515289,J_00111,16.372264871840603,107.6709710682885,17.54979416061216,0.29249656934353596,40364.526569407964
BASE_4,COW_015,16.4233011,107.515289,J_00112,16.329782686393113,107.41267661232116,15.09876657768141,0.2516461096280235,34727.16312866724
BASE_4,COW_015,16.4233011,107.515289,J_00113,16.320008469677312,107.70521742737984,23.291612460269842,0.3881935410044974,53570.708658620635
BASE_4,COW_015,16.4233011,107.515289,J_00114,16.74059460183718,107.3850389961322,37.9137935870162,0.6318965597836034,87201.72525013726
BASE_4,COW_015,16.4233011,107.515289,J_00115,16.347584401325978,107.53061376748612,8.576566313902875,0.14294277189838125,19726.102521976612
BASE_4,COW_015,16.4233011,107.515289,J_00116,16.510544056993798,107.49977339066342,9.841049093364495,0.16401748488940823,22634.41291473834
BASE_5,COW_016,16.5820939,107.3626442,J_00000,16.470828921881164,107.60955399746234,29.08364656384494,0.5816729312768988,66892.38709684336
BASE_5,COW_016,16.5820939,107.3626442,J_00001,16.470362127018827,107.55930326094062,24.36905214424982,0.4873810428849964,56048.81993177459
BASE_5,COW_016,16.5820939,107.3626442,J_00002,16.47424359958971,107.55772818698266,24.00608506247162,0.4801217012494324,55213.99564368473
BASE_5,COW_016,16.5820939,107.3626442,J_00003,16.49348337564258,107.59002065245971,26.163412296806207,0.5232682459361242,60175.848282654275
BASE_5,COW_016,16.5820939,107.3626442,J_00004,16.478745441146955,107.55129534455035,23.161945426827458,0.46323890853654914,53272.47448170315
BASE_5,COW_016,16.5820939,107.3626442,J_00005,16.487027304858945,107.54731760776494,22.344284547735075,0.4468856909547015,51391.85445979067
BASE_5,COW_016,16.5820939,107.3626442,J_00006,16.532160339026593,107.44578496129934,10.45729079892857,0.2091458159785714,24051.76883753571
BASE_5,COW_016,16.5820939,107.3626442,J_00007,16.476934281241164,107.53317577214604,21.614638965244126,0.4322927793048825,49713.66962006149
BASE_5,COW_016,16.5820939,107.3626442,J_00008,16.54063239867831,107.44448001783373,13.915405341849835,0.2783081068369967,32005.43228625462
BASE_5,COW_016,16.5820939,107.3626442,J_00009,16.531547558962664,107.69012324181722,35.35381888981515,0.7070763777963031,81313.78344657485
BASE_5,COW_016,16.5820939,107.3626442,J_00010,16.52738878877641,107.68921427085154,35.335207608294,0.70670415216588,81270.9774990762
BASE_5,COW_016,16.5820939,107.3626442,J_00011,16.53789357129583,107.68082715522364,34.26710858016551,0.6853421716033102,78814.34973438068
BASE_5,COW_016,16.5820939,107.3626442,J_00012,16.524835706155326,107.69309264998252,35.792123724020556,0.7158424744804112,82321.88456524728
BASE_5,COW_016,16.5820939,107.3626442,J_00013,16.2729315745512,107.87292622951324,64.37247067291247,1.2874494134582495,148056.68254769867
BASE_5,COW_016,16.5820939,107.3626442,J_00014,16.52317642712633,107.701478157211,36.7046296424676,0.734092592849352,84420.64817767548
BASE_5,COW_016,16.5820939,107.3626442,J_00015,16.564129718701782,107.59382455637665,24.719003175893373,0.49438006351786745,56853.70730455476
BASE_5,COW_016,16.5820939,107.3626442,J_00016,16.55503728513068,107.61353852963492,26.908536663714994,0.5381707332742999,61889.63432654449
BASE_5,COW_016,16.5820939,107.3626442,J_00017,16.56802006575831,107.6179667081558,27.255812173013478,0.5451162434602695,62688.367997930996
BASE_5,COW_016,16.5820939,107.3626442,J_00018,16.493997607340088,107.53193954239708,20.533329133072808,0.41066658266145617,47226.65700606746
BASE_5,COW_016,16.5820939,107.3626442,J_00019,16.543546895491804,107.42583058377517,8.30626515904355,0.166125303180871,19104.409865800164
BASE_5,COW_016,16.5820939,107.3626442,J_00020,16.242503801359586,107.2454051174484,39.777501969949014,0.7955500393989803,91488.25453088274
BASE_5,COW_016,16.5820939,107.3626442,J_00021,16.45055723769587,107.72225686630698,41.03248350662612,0.8206496701325224,94374.71206524008
BASE_5,COW_016,16.5820939,107.3626442,J_00022,16.504833393469443,107.6291677934963,29.679799184926765,0.5935959836985353,68263.53812533156
BASE_5,COW_016,16.5820939,107.3626442,J_00023,16.57986665656081,107.58768387995444,23.98401442547183,0.4796802885094366,55163.23317858521
BASE_5,COW_016,16.5820939,107.3626442,J_00024,16.23991207988329,107.25090001724132,39.87209040063601,0.7974418080127202,91705.80792146282
BASE_5,COW_016,16.5820939,107.3626442,J_00025,16.250014260366132,107.24074792938237,39.147689000060325,0.7829537800012065,90039.68470013875
BASE_5,COW_016,16.5820939,107.3626442,J_00026,16.459357749451215,107.7205673132457,40.523480944118816,0.8104696188823763,93204.00617147327
BASE_5,COW_016,16.5820939,107.3626442,J_00027,16.656791523009364,107.34955392909389,8.422289078471442,0.16844578156942883,19371.264880484316
BASE_5,COW_016,16.5820939,107.3626442,J_00028,16.230739178703335,108.0800528964888,85.9201964122866,1.718403928245732,197616.4517482592
BASE_5,COW_016,16.5820939,107.3626442,J_00029,16.582372023215015,107.36897627611086,0.8918766643998217,0.017837533287996435,2051.31632811959
BASE_5,COW_016,16.5820939,107.3626442,J_00030,16.23582074671607,107.25576696739624,40.156034949257716,0.8031206989851544,92358.88038329275
BASE_5,COW_016,16.5820939,107.3626442,J_00031,16.267972860818134,107.22291398151737,37.97521610227474,0.7595043220454949,87342.9970352319
BASE_5,COW_016,16.5820939,107.3626442,J_00032,16.15816879245868,107.72785909820898,61.157063091041024,1.2231412618208204,140661.24510939437
BASE_5,COW_016,16.5820939,107.3626442,J_00033,16.597430221109658,107.50487743972349,15.252897170625186,0.3050579434125037,35081.663492437925
BASE_5,COW_016,16.5820939,107.3626442,J_00034,16.66429736358062,107.48232283480873,15.689203971186139,0.3137840794237228,36085.169133728115
BASE_5,COW_016,16.5820939,107.3626442,J_00035,16.461689838165945,107.7055674468512,38.93141497209452,0.7786282994418905,89542.2544358174
BASE_5,COW_016,16.5820939,107.3626442,J_00036,16.268139796636127,107.2187570048448,38.134398028482906,0.7626879605696582,87709.11546551068
BASE_5,COW_016,16.5820939,107.3626442,J_00037,16.56508206793363,107.52621803008316,17.5352489071977,0.350704978143954,40331.07248655471
BASE_5,COW_016,16.5820939,107.3626442,J_00038,16.46918567451601,107.70508512969802,38.603409244510786,0.7720681848902157,88787.8412623748
BASE_5,COW_016,16.5820939,107.3626442,J_00039,16.569871522873257,107.536183895912,18.54467158086205,0.37089343161724103,42652.744635982715
BASE_5,COW_016,16.5820939,107.3626442,J_00040,16.666607075648248,107.36250567880695,9.397447956505514,0.18794895913011028,21614.130299962682
BASE_5,COW_016,16.5820939,107.3626442,J_00041,16.665155641834726,107.3688001600834,9.259304600366988,0.18518609200733976,21296.400580844074
BASE_5,COW_016,16.5820939,107.3626442,J_00042,16.51315499139435,107.5606764490754,22.457012355397154,0.4491402471079431,51651.128417413456
BASE_5,COW_016,16.5820939,107.3626442,J_00043,16.64927714226641,107.41145471933169,9.102542899144787,0.18205085798289575,20935.84866803301
BASE_5,COW_016,16.5820939,107.3626442,J_00044,16.57166890824097,107.49529040517794,14.18400730125872,0.2836801460251744,32623.21679289506
BASE_5,COW_016,16.5820939,107.3626442,J_00045,16.63143941985154,107.5110583130454,16.739370957526194,0.3347874191505239,38500.55320231025
BASE_5,COW_016,16.5820939,107.3626442,J_00046,16.59440973361349,107.38534822450936,2.7801813097027823,0.05560362619405565,6394.417012316399
BASE_5,COW_016,16.5820939,107.3626442,J_00047,16.599347151767944,107.49633576858352,14.375531456540532,0.28751062913081066,33063.72235004322
BASE_5,COW_016,16.5820939,107.3626442,J_00048,16.28167999352194,107.97816386593117,73.65734892836974,1.473146978567395,169411.9025352504
BASE_5,COW_016,16.5820939,107.3626442,J_00049,16.277599338947514,107.9824641404575,74.27276519466534,1.4854553038933067,170827.3599477303
BASE_5,COW_016,16.5820939,107.3626442,J_00050,16.462928914647218,107.64012940439612,32.413040255599455,0.6482608051119891,74549.99258787875
BASE_5,COW_016,16.5820939,107.3626442,J_00051,16.601594932702508,107.48296237382375,13.003790545128398,0.260075810902568,29908.718253795316
BASE_5,COW_016,16.5820939,107.3626442,J_00052,16.34480069014235,107.90990007727194,64.04501143482236,1.280900228696447,147303.5263000914
BASE_5,COW_016,16.5820939,107.3626442,J_00053,16.586804944456667,107.58305427522006,23.494770595134923,0.46989541190269846,54037.972368810326
BASE_5,COW_016,16.5820939,107.3626442,J_00054,16.619028870649785,107.4534404914762,10.510867198032885,0.21021734396065772,24174.994555475638
BASE_5,COW_016,16.5820939,107.3626442,J_00055,16.282227234021125,107.2142450904469,36.909347764326554,0.7381869552865311,84891.49985795107
BASE_5,COW_016,16.5820939,107.3626442,J_00056,16.435088326817397,107.65074059522672,34.79320920649811,0.6958641841299622,80024.38117494565
BASE_5,COW_016,16.5820939,107.3626442,J_00057,16.371952558474792,107.86327621053776,58.271750295128534,1.1654350059025707,134025.02567879562
BASE_5,COW_016,16.5820939,107.3626442,J_00058,16.605809254100482,107.44852928114123,9.524582438133672,0.19049164876267344,21906.539607707447
BASE_5,COW_016,16.5820939,107.3626442,J_00059,16.604451821387112,107.44540383479944,9.16293454034862,0.1832586908069724,21074.74944280183
BASE_5,COW_016,16.5820939,107.3626442,J_00060,16.41077084398415,107.70813735661868,41.470258203594376,0.8294051640718876,95381.59386826707
BASE_5,COW_016,16.5820939,107.3626442,J_00061,16.423400400047356,107.82881823459424,52.740401745277005,1.0548080349055402,121302.92401413711
BASE_5,COW_016,16.5820939,107.3626442,J_00062,16.392061127207906,107.71969303091058,43.54078139283623,0.8708156278567246,100143.79720352333
BASE_5,COW_016,16.5820939,107.3626442,J_00063,16.51352049869946,107.39836603004166,8.522819155460065,0.1704563831092013,19602.484057558147
BASE_5,COW_016,16.5820939,107.3626442,J_00064,16.12581966029344,107.33689825793644,50.80969150184704,1.0161938300369409,116862.2904542482
BASE_5,COW_016,16.5820939,107.3626442,J_00065,16.58814063386911,107.58112744571652,23.293214522048086,0.4658642904409617,53574.3934007106
BASE_5,COW_016,16.5820939,107.3626442,J_00066,16.311065134737067,108.00316203108642,74.66081133877023,1.4932162267754046,171719.86607917154
BASE_5,COW_016,16.5820939,107.3626442,J_00067,16.51365978864296,107.39155449638712,8.209794753355665,0.1641958950671133,18882.52793271803
BASE_5,COW_016,16.5820939,107.3626442,J_00068,16.52448692518508,107.36199005595924,6.405982783027152,0.12811965566054304,14733.76040096245
BASE_5,COW_016,16.5820939,107.3626442,J_00069,16.59106004686489,107.57447245809988,22.596128232907414,0.4519225646581483,51971.094935687055
BASE_5,COW_016,16.5820939,107.3626442,J_00070,16.514385209681947,107.35917522677836,7.53793704019781,0.1507587408039562,17337.255192454963
BASE_5,COW_016,16.5820939,107.3626442,J_00071,16.500172317744823,107.387722313213,9.493390257414209,0.18986780514828416,21834.79759205268
BASE_5,COW_016,16.5820939,107.3626442,J_00072,16.393597378184786,107.47492481043388,24.137850333523428,0.48275700667046856,55517.055767103884
BASE_5,COW_016,16.5820939,107.3626442,J_00073,16.311140756886953,108.00574411813372,74.90943563636863,1.4981887127273725,172291.70196364785
BASE_5,COW_016,16.5820939,107.3626442,J_00074,16.521508537272283,107.40421975752768,8.063610060385274,0.1612722012077055,18546.30313888613
BASE_5,COW_016,16.5820939,107.3626442,J_00075,16.402154789177548,107.47526188616476,23.33470345190685,0.46669406903813704,53669.81793938576
BASE_5,COW_016,16.5820939,107.3626442,J_00076,16.588713873543426,107.3252892,4.048358870630206,0.08096717741260412,9311.225402449472
BASE_5,COW_016,16.5820939,107.3626442,J_00077,16.08851719650639,107.38588473919135,54.9392239722944,1.098784479445888,126360.21513627713
BASE_5,COW_016,16.5820939,107.3626442,J_00078,16.527850544725265,107.37652351643136,6.210350939707594,0.12420701879415189,14283.807161327468
BASE_5,COW_016,16.5820939,107.3626442,J_00079,16.085892686488275,107.36589613925749,55.17614870059528,1.1035229740119055,126905.14201136914
BASE_5,COW_016,16.5820939,107.3626442,J_00080,16.291495257578905,108.0261164720742,77.78856885116399,1.5557713770232797,178913.70835767718
BASE_5,COW_016,16.5820939,107.3626442,J_00081,16.382115370526147,107.0536835996094,39.74564337681136,0.7949128675362271,91414.97976666612
BASE_5,COW_016,16.5820939,107.3626442,J_00082,16.376677240357246,107.04298993910136,41.0296453538774,0.820592907077548,94368.18431391801
BASE_5,COW_016,16.5820939,107.3626442,J_00083,16.145727559220454,107.74412376098628,63.33135199161582,1.2666270398323163,145662.10958071638
BASE_5,COW_016,16.5820939,107.3626442,J_00084,16.327564155367586,107.1717988691137,34.860081901164534,0.6972016380232907,80178.18837267843
BASE_5,COW_016,16.5820939,107.3626442,J_00085,16.536406972867166,107.35115792249393,8.636861883312193,0.17273723766624385,19864.782331618044
BASE_5,COW_016,16.5820939,107.3626442,J_00086,16.516865528399663,107.28775679746394,10.785245201604212,0.21570490403208425,24806.06396368969
BASE_5,COW_016,16.5820939,107.3626442,J_00087,16.286613968463637,108.0076708460382,76.2366096037824,1.524732192075648,175344.2020886995
BASE_5,COW_016,16.5820939,107.3626442,J_00088,16.31580618944039,108.01104614910422,75.22098793637645,1.504419758727529,173008.2722536658
BASE_5,COW_016,16.5820939,107.3626442,J_00089,16.612873091094567,107.40389222873738,5.57078232056073,0.11141564641121461,12812.79933728968
BASE_5,COW_016,16.5820939,107.3626442,J_00090,16.330456476800176,107.6200542865036,39.19741521099997,0.7839483042199994,90154.05498529994
BASE_5,COW_016,16.5820939,107.3626442,J_00091,16.286166291524196,108.0212320394954,77.56540567341101,1.55130811346822,178400.43304884533
BASE_5,COW_016,16.5820939,107.3626442,J_00092,16.276565522813957,108.0303636867135,78.90374583434688,1.5780749166869377,181478.61541899783
BASE_5,COW_016,16.5820939,107.3626442,J_00093,16.343745314767705,107.94446775635662,67.46706770788403,1.3493413541576806,155174.25572813326
BASE_5,COW_016,16.5820939,107.3626442,J_00094,16.374390937218454,107.4611604849838,25.372207960333228,0.5074441592066645,58356.078308766424
BASE_5,COW_016,16.5820939,107.3626442,J_00095,16.563745734293335,107.33058047516714,3.9799297626089474,0.07959859525217895,9153.838454000579
BASE_5,COW_016,16.5820939,107.3626442,J_00096,16.333238096088046,107.95986908838688,69.43924761188626,1.3887849522377251,159710.2695073384
BASE_5,COW_016,16.5820939,107.3626442,J_00097,16.345740957020553,107.15320156741336,34.48933049818638,0.6897866099637276,79325.46014582868
BASE_5,COW_016,16.5820939,107.3626442,J_00098,16.219107397405065,108.05398556961838,84.06853222182097,1.6813706444364194,193357.62411018825
BASE_5,COW_016,16.5820939,107.3626442,J_00099,16.422942208064033,107.46784915441106,20.951988349225573,0.41903976698451145,48189.57320321882
BASE_5,COW_016,16.5820939,107.3626442,J_00100,16.402644021436732,107.75780974463012,46.61878743361592,0.9323757486723184,107223.21109731661
BASE_5,COW_016,16.5820939,107.3626442,J_00101,16.37524964320665,107.59276945006624,33.631828532296566,0.6726365706459313,77353.2056242821
BASE_5,COW_016,16.5820939,107.3626442,J_00102,16.547556620418277,107.3098233592149,6.814792842382142,0.13629585684764284,15674.023537478926
BASE_5,COW_016,16.5820939,107.3626442,J_00103,16.30681962375361,107.38568972103658,30.7076142342526,0.614152284685052,70627.51273878098
BASE_5,COW_016,16.5820939,107.3626442,J_00104,16.380155048074425,107.67675752946212,40.32331598412163,0.8064663196824325,92743.62676347974
BASE_5,COW_016,16.5820939,107.3626442,J_00105,16.730113981967406,107.400003273698,16.93341411094054,0.3386682822188108,38946.85245516324
BASE_5,COW_016,16.5820939,107.3626442,J_00106,16.369866099155256,107.60485959798804,34.98486085555466,0.6996972171110931,80465.17996777571
BASE_5,COW_016,16.5820939,107.3626442,J_00107,16.113891588725753,107.66074099746874,61.00887652768572,1.2201775305537144,140320.41601367717
BASE_5,COW_016,16.5820939,107.3626442,J_00108,16.362255190888888,107.77612445102936,50.4130068300911,1.008260136601822,115949.91570920953
BASE_5,COW_016,16.5820939,107.3626442,J_00109,16.309746863677077,107.75132688590683,51.33521321569134,1.0267042643138269,118070.99039609008
BASE_5,COW_016,16.5820939,107.3626442,J_00110,16.32186391385828,107.73943123957228,49.51617243485693,0.9903234486971385,113887.19660017094
BASE_5,COW_016,16.5820939,107.3626442,J_00111,16.372264871840603,107.6709710682885,40.314214045209326,0.8062842809041865,92722.69230398144
BASE_5,COW_016,16.5820939,107.3626442,J_00112,16.329782686393113,107.41267661232116,28.55855259020989,0.5711710518041978,65684.67095748274
BASE_5,COW_016,16.5820939,107.3626442,J_00113,16.320008469677312,107.70521742737984,46.73269405502493,0.9346538811004986,107485.19632655734
BASE_5,COW_016,16.5820939,107.3626442,J_00114,16.74059460183718,107.3850389961322,17.785200436409756,0.35570400872819513,40905.961003742435
BASE_5,COW_016,16.5820939,107.3626442,J_00115,16.347584401325978,107.53061376748612,31.63529825352936,0.6327059650705872,72761.18598311752
BASE_5,COW_016,16.5820939,107.3626442,J_00116,16.510544056993798,107.49977339066342,16.64163081761258,0.3328326163522516,38275.75088050893
BASE_5,COW_017,16.5820939,107.3626442,J_00000,16.470828921881164,107.60955399746234,29.08364656384494,0.5816729312768988,66892.38709684336
BASE_5,COW_017,16.5820939,107.3626442,J_00001,16.470362127018827,107.55930326094062,24.36905214424982,0.4873810428849964,56048.81993177459
BASE_5,COW_017,16.5820939,107.3626442,J_00002,16.47424359958971,107.55772818698266,24.00608506247162,0.4801217012494324,55213.99564368473
BASE_5,COW_017,16.5820939,107.3626442,J_00003,16.49348337564258,107.59002065245971,26.163412296806207,0.5232682459361242,60175.848282654275
BASE_5,COW_017,16.5820939,107.3626442,J_00004,16.478745441146955,107.55129534455035,23.161945426827458,0.46323890853654914,53272.47448170315
BASE_5,COW_017,16.5820939,107.3626442,J_00005,16.487027304858945,107.54731760776494,22.344284547735075,0.4468856909547015,51391.85445979067
BASE_5,COW_017,16.5820939,107.3626442,J_00006,16.532160339026593,107.44578496129934,10.45729079892857,0.2091458159785714,24051.76883753571
BASE_5,COW_017,16.5820939,107.3626442,J_00007,16.476934281241164,107.53317577214604,21.614638965244126,0.4322927793048825,49713.66962006149
BASE_5,COW_017,16.5820939,107.3626442,J_00008,16.54063239867831,107.44448001783373,13.915405341849835,0.2783081068369967,32005.43228625462
BASE_5,COW_017,16.5820939,107.3626442,J_00009,16.531547558962664,107.69012324181722,35.35381888981515,0.7070763777963031,81313.78344657485
BASE_5,COW_017,16.5820939,107.3626442,J_00010,16.52738878877641,107.68921427085154,35.335207608294,0.70670415216588,81270.9774990762
BASE_5,COW_017,16.5820939,107.3626442,J_00011,16.53789357129583,107.68082715522364,34.26710858016551,0.6853421716033102,78814.34973438068
BASE_5,COW_017,16.5820939,107.3626442,J_00012,16.524835706155326,107.69309264998252,35.792123724020556,0.7158424744804112,82321.88456524728
BASE_5,COW_017,16.5820939,107.3626442,J_00013,16.2729315745512,107.87292622951324,64.37247067291247,1.2874494134582495,148056.68254769867
BASE_5,COW_017,16.5820939,107.3626442,J_00014,16.52317642712633,107.701478157211,36.7046296424676,0.734092592849352,84420.64817767548
BASE_5,COW_017,16.5820939,107.3626442,J_00015,16.564129718701782,107.59382455637665,24.719003175893373,0.49438006351786745,56853.70730455476
BASE_5,COW_017,16.5820939,107.3626442,J_00016,16.55503728513068,107.61353852963492,26.908536663714994,0.5381707332742999,61889.63432654449
BASE_5,COW_017,16.5820939,107.3626442,J_00017,16.56802006575831,107.6179667081558,27.255812173013478,0.5451162434602695,62688.367997930996
BASE_5,COW_017,16.5820939,107.3626442,J_00018,16.493997607340088,107.53193954239708,20.533329133072808,0.41066658266145617,47226.65700606746
BASE_5,COW_017,16.5820939,107.3626442,J_00019,16.543546895491804,107.42583058377517,8.30626515904355,0.166125303180871,19104.409865800164
BASE_5,COW_017,16.5820939,107.3626442,J_00020,16.242503801359586,107.2454051174484,39.777501969949014,0.7955500393989803,91488.25453088274
BASE_5,COW_017,16.5820939,107.3626442,J_00021,16.45055723769587,107.72225686630698,41.03248350662612,0.8206496701325224,94374.71206524008
BASE_5,COW_017,16.5820939,107.3626442,J_00022,16.504833393469443,107.6291677934963,29.679799184926765,0.5935959836985353,68263.53812533156
BASE_5,COW_017,16.5820939,107.3626442,J_00023,16.57986665656081,107.58768387995444,23.98401442547183,0.4796802885094366,55163.23317858521
BASE_5,COW_017,16.5820939,107.3626442,J_00024,16.23991207988329,107.25090001724132,39.87209040063601,0.7974418080127202,91705.80792146282
BASE_5,COW_017,16.5820939,107.3626442,J_00025,16.250014260366132,107.24074792938237,39.147689000060325,0.7829537800012065,90039.68470013875
BASE_5,COW_017,16.5820939,107.3626442,J_00026,16.459357749451215,107.7205673132457,40.523480944118816,0.8104696188823763,93204.00617147327
BASE_5,COW_017,16.5820939,107.3626442,J_00027,16.656791523009364,107.34955392909389,8.422289078471442,0.16844578156942883,19371.264880484316
BASE_5,COW_017,16.5820939,107.3626442,J_00028,16.230739178703335,108.0800528964888,85.9201964122866,1.718403928245732,197616.4517482592
BASE_5,COW_017,16.5820939,107.3626442,J_00029,16.582372023215015,107.36897627611086,0.8918766643998217,0.017837533287996435,2051.31632811959
BASE_5,COW_017,16.5820939,107.3626442,J_00030,16.23582074671607,107.25576696739624,40.156034949257716,0.8031206989851544,92358.88038329275
BASE_5,COW_017,16.5820939,107.3626442,J_00031,16.267972860818134,107.22291398151737,37.97521610227474,0.7595043220454949,87342.9970352319
BASE_5,COW_017,16.5820939,107.3626442,J_00032,16.15816879245868,107.72785909820898,61.157063091041024,1.2231412618208204,140661.24510939437
BASE_5,COW_017,16.5820939,107.3626442,J_00033,16.597430221109658,107.50487743972349,15.252897170625186,0.3050579434125037,35081.663492437925
BASE_5,COW_017,16.5820939,107.3626442,J_00034,16.66429736358062,107.48232283480873,15.689203971186139,0.3137840794237228,36085.169133728115
BASE_5,COW_017,16.5820939,107.3626442,J_00035,16.461689838165945,107.7055674468512,38.93141497209452,0.7786282994418905,89542.2544358174
BASE_5,COW_017,16.5820939,107.3626442,J_00036,16.268139796636127,107.2187570048448,38.134398028482906,0.7626879605696582,87709.11546551068
BASE_5,COW_017,16.5820939,107.3626442,J_00037,16.56508206793363,107.52621803008316,17.5352489071977,0.350704978143954,40331.07248655471
BASE_5,COW_017,16.5820939,107.3626442,J_00038,16.46918567451601,107.70508512969802,38.603409244510786,0.7720681848902157,88787.8412623748
BASE_5,COW_017,16.5820939,107.3626442,J_00039,16.569871522873257,107.536183895912,18.54467158086205,0.37089343161724103,42652.744635982715
BASE_5,COW_017,16.5820939,107.3626442,J_00040,16.666607075648248,107.36250567880695,9.397447956505514,0.18794895913011028,21614.130299962682
BASE_5,COW_017,16.5820939,107.3626442,J_00041,16.665155641834726,107.3688001600834,9.259304600366988,0.18518609200733976,21296.400580844074
BASE_5,COW_017,16.5820939,107.3626442,J_00042,16.51315499139435,107.5606764490754,22.457012355397154,0.4491402471079431,51651.128417413456
BASE_5,COW_017,16.5820939,107.3626442,J_00043,16.64927714226641,107.41145471933169,9.102542899144787,0.18205085798289575,20935.84866803301
BASE_5,COW_017,16.5820939,107.3626442,J_00044,16.57166890824097,107.49529040517794,14.18400730125872,0.2836801460251744,32623.21679289506
BASE_5,COW_017,16.5820939,107.3626442,J_00045,16.63143941985154,107.5110583130454,16.739370957526194,0.3347874191505239,38500.55320231025
BASE_5,COW_017,16.5820939,107.3626442,J_00046,16.59440973361349,107.38534822450936,2.7801813097027823,0.05560362619405565,6394.417012316399
BASE_5,COW_017,16.5820939,107.3626442,J_00047,16.599347151767944,107.49633576858352,14.375531456540532,0.28751062913081066,33063.72235004322
BASE_5,COW_017,16.5820939,107.3626442,J_00048,16.28167999352194,107.97816386593117,73.65734892836974,1.473146978567395,169411.9025352504
BASE_5,COW_017,16.5820939,107.3626442,J_00049,16.277599338947514,107.9824641404575,74.27276519466534,1.4854553038933067,170827.3599477303
BASE_5,COW_017,16.5820939,107.3626442,J_00050,16.462928914647218,107.64012940439612,32.413040255599455,0.6482608051119891,74549.99258787875
BASE_5,COW_017,16.5820939,107.3626442,J_00051,16.601594932702508,107.48296237382375,13.003790545128398,0.260075810902568,29908.718253795316
BASE_5,COW_017,16.5820939,107.3626442,J_00052,16.34480069014235,107.90990007727194,64.04501143482236,1.280900228696447,147303.5263000914
BASE_5,COW_017,16.5820939,107.3626442,J_00053,16.586804944456667,107.58305427522006,23.494770595134923,0.46989541190269846,54037.972368810326
BASE_5,COW_017,16.5820939,107.3626442,J_00054,16.619028870649785,107.4534404914762,10.510867198032885,0.21021734396065772,24174.994555475638
BASE_5,COW_017,16.5820939,107.3626442,J_00055,16.282227234021125,107.2142450904469,36.909347764326554,0.7381869552865311,84891.49985795107
BASE_5,COW_017,16.5820939,107.3626442,J_00056,16.435088326817397,107.65074059522672,34.79320920649811,0.6958641841299622,80024.38117494565
BASE_5,COW_017,16.5820939,107.3626442,J_00057,16.371952558474792,107.86327621053776,58.271750295128534,1.1654350059025707,134025.02567879562
BASE_5,COW_017,16.5820939,107.3626442,J_00058,16.605809254100482,107.44852928114123,9.524582438133672,0.19049164876267344,21906.539607707447
BASE_5,COW_017,16.5820939,107.3626442,J_00059,16.604451821387112,107.44540383479944,9.16293454034862,0.1832586908069724,21074.74944280183
BASE_5,COW_017,16.5820939,107.3626442,J_00060,16.41077084398415,107.70813735661868,41.470258203594376,0.8294051640718876,95381.59386826707
BASE_5,COW_017,16.5820939,107.3626442,J_00061,16.423400400047356,107.82881823459424,52.740401745277005,1.0548080349055402,121302.92401413711
BASE_5,COW_017,16.5820939,107.3626442,J_00062,16.392061127207906,107.71969303091058,43.54078139283623,0.8708156278567246,100143.79720352333
BASE_5,COW_017,16.5820939,107.3626442,J_00063,16.51352049869946,107.39836603004166,8.522819155460065,0.1704563831092013,19602.484057558147
BASE_5,COW_017,16.5820939,107.3626442,J_00064,16.12581966029344,107.33689825793644,50.80969150184704,1.0161938300369409,116862.2904542482
BASE_5,COW_017,16.5820939,107.3626442,J_00065,16.58814063386911,107.58112744571652,23.293214522048086,0.4658642904409617,53574.3934007106
BASE_5,COW_017,16.5820939,107.3626442,J_00066,16.311065134737067,108.00316203108642,74.66081133877023,1.4932162267754046,171719.86607917154
BASE_5,COW_017,16.5820939,107.3626442,J_00067,16.51365978864296,107.39155449638712,8.209794753355665,0.1641958950671133,18882.52793271803
BASE_5,COW_017,16.5820939,107.3626442,J_00068,16.52448692518508,107.36199005595924,6.405982783027152,0.12811965566054304,14733.76040096245
BASE_5,COW_017,16.5820939,107.3626442,J_00069,16.59106004686489,107.57447245809988,22.596128232907414,0.4519225646581483,51971.094935687055
BASE_5,COW_017,16.5820939,107.3626442,J_00070,16.514385209681947,107.35917522677836,7.53793704019781,0.1507587408039562,17337.255192454963
BASE_5,COW_017,16.5820939,107.3626442,J_00071,16.500172317744823,107.387722313213,9.493390257414209,0.18986780514828416,21834.79759205268
BASE_5,COW_017,16.5820939,107.3626442,J_00072,16.393597378184786,107.47492481043388,24.137850333523428,0.48275700667046856,55517.055767103884
BASE_5,COW_017,16.5820939,107.3626442,J_00073,16.311140756886953,108.00574411813372,74.90943563636863,1.4981887127273725,172291.70196364785
BASE_5,COW_017,16.5820939,107.3626442,J_00074,16.521508537272283,107.40421975752768,8.063610060385274,0.1612722012077055,18546.30313888613
BASE_5,COW_017,16.5820939,107.3626442,J_00075,16.402154789177548,107.47526188616476,23.33470345190685,0.46669406903813704,53669.81793938576
BASE_5,COW_017,16.5820939,107.3626442,J_00076,16.588713873543426,107.3252892,4.048358870630206,0.08096717741260412,9311.225402449472
BASE_5,COW_017,16.5820939,107.3626442,J_00077,16.08851719650639,107.38588473919135,54.9392239722944,1.098784479445888,126360.21513627713
BASE_5,COW_017,16.5820939,107.3626442,J_00078,16.527850544725265,107.37652351643136,6.210350939707594,0.12420701879415189,14283.807161327468
BASE_5,COW_017,16.5820939,107.3626442,J_00079,16.085892686488275,107.36589613925749,55.17614870059528,1.1035229740119055,126905.14201136914
BASE_5,COW_017,16.5820939,107.3626442,J_00080,16.291495257578905,108.0261164720742,77.78856885116399,1.5557713770232797,178913.70835767718
BASE_5,COW_017,16.5820939,107.3626442,J_00081,16.382115370526147,107.0536835996094,39.74564337681136,0.7949128675362271,91414.97976666612
BASE_5,COW_017,16.5820939,107.3626442,J_00082,16.376677240357246,107.04298993910136,41.0296453538774,0.820592907077548,94368.18431391801
BASE_5,COW_017,16.5820939,107.3626442,J_00083,16.145727559220454,107.74412376098628,63.33135199161582,1.2666270398323163,145662.10958071638
BASE_5,COW_017,16.5820939,107.3626442,J_00084,16.327564155367586,107.1717988691137,34.860081901164534,0.6972016380232907,80178.18837267843
BASE_5,COW_017,16.5820939,107.3626442,J_00085,16.536406972867166,107.35115792249393,8.636861883312193,0.17273723766624385,19864.782331618044
BASE_5,COW_017,16.5820939,107.3626442,J_00086,16.516865528399663,107.28775679746394,10.785245201604212,0.21570490403208425,24806.06396368969
BASE_5,COW_017,16.5820939,107.3626442,J_00087,16.286613968463637,108.0076708460382,76.2366096037824,1.524732192075648,175344.2020886995
BASE_5,COW_017,16.5820939,107.3626442,J_00088,16.31580618944039,108.01104614910422,75.22098793637645,1.504419758727529,173008.2722536658
BASE_5,COW_017,16.5820939,107.3626442,J_00089,16.612873091094567,107.40389222873738,5.57078232056073,0.11141564641121461,12812.79933728968
BASE_5,COW_017,16.5820939,107.3626442,J_00090,16.330456476800176,107.6200542865036,39.19741521099997,0.7839483042199994,90154.05498529994
BASE_5,COW_017,16.5820939,107.3626442,J_00091,16.286166291524196,108.0212320394954,77.56540567341101,1.55130811346822,178400.43304884533
BASE_5,COW_017,16.5820939,107.3626442,J_00092,16.276565522813957,108.0303636867135,78.90374583434688,1.5780749166869377,181478.61541899783
BASE_5,COW_017,16.5820939,107.3626442,J_00093,16.343745314767705,107.94446775635662,67.46706770788403,1.3493413541576806,155174.25572813326
BASE_5,COW_017,16.5820939,107.3626442,J_00094,16.374390937218454,107.4611604849838,25.372207960333228,0.5074441592066645,58356.078308766424
BASE_5,COW_017,16.5820939,107.3626442,J_00095,16.563745734293335,107.33058047516714,3.9799297626089474,0.07959859525217895,9153.838454000579
BASE_5,COW_017,16.5820939,107.3626442,J_00096,16.333238096088046,107.95986908838688,69.43924761188626,1.3887849522377251,159710.2695073384
BASE_5,COW_017,16.5820939,107.3626442,J_00097,16.345740957020553,107.15320156741336,34.48933049818638,0.6897866099637276,79325.46014582868
BASE_5,COW_017,16.5820939,107.3626442,J_00098,16.219107397405065,108.05398556961838,84.06853222182097,1.6813706444364194,193357.62411018825
BASE_5,COW_017,16.5820939,107.3626442,J_00099,16.422942208064033,107.46784915441106,20.951988349225573,0.41903976698451145,48189.57320321882
BASE_5,COW_017,16.5820939,107.3626442,J_00100,16.402644021436732,107.75780974463012,46.61878743361592,0.9323757486723184,107223.21109731661
BASE_5,COW_017,16.5820939,107.3626442,J_00101,16.37524964320665,107.59276945006624,33.631828532296566,0.6726365706459313,77353.2056242821
BASE_5,COW_017,16.5820939,107.3626442,J_00102,16.547556620418277,107.3098233592149,6.814792842382142,0.13629585684764284,15674.023537478926
BASE_5,COW_017,16.5820939,107.3626442,J_00103,16.30681962375361,107.38568972103658,30.7076142342526,0.614152284685052,70627.51273878098
BASE_5,COW_017,16.5820939,107.3626442,J_00104,16.380155048074425,107.67675752946212,40.32331598412163,0.8064663196824325,92743.62676347974
BASE_5,COW_017,16.5820939,107.3626442,J_00105,16.730113981967406,107.400003273698,16.93341411094054,0.3386682822188108,38946.85245516324
BASE_5,COW_017,16.5820939,107.3626442,J_00106,16.369866099155256,107.60485959798804,34.98486085555466,0.6996972171110931,80465.17996777571
BASE_5,COW_017,16.5820939,107.3626442,J_00107,16.113891588725753,107.66074099746874,61.00887652768572,1.2201775305537144,140320.41601367717
BASE_5,COW_017,16.5820939,107.3626442,J_00108,16.362255190888888,107.77612445102936,50.4130068300911,1.008260136601822,115949.91570920953
BASE_5,COW_017,16.5820939,107.3626442,J_00109,16.309746863677077,107.75132688590683,51.33521321569134,1.0267042643138269,118070.99039609008
BASE_5,COW_017,16.5820939,107.3626442,J_00110,16.32186391385828,107.73943123957228,49.51617243485693,0.9903234486971385,113887.19660017094
BASE_5,COW_017,16.5820939,107.3626442,J_00111,16.372264871840603,107.6709710682885,40.314214045209326,0.8062842809041865,92722.69230398144
BASE_5,COW_017,16.5820939,107.3626442,J_00112,16.329782686393113,107.41267661232116,28.55855259020989,0.5711710518041978,65684.67095748274
BASE_5,COW_017,16.5820939,107.3626442,J_00113,16.320008469677312,107.70521742737984,46.73269405502493,0.9346538811004986,107485.19632655734
BASE_5,COW_017,16.5820939,107.3626442,J_00114,16.74059460183718,107.3850389961322,17.785200436409756,0.35570400872819513,40905.961003742435
BASE_5,COW_017,16.5820939,107.3626442,J_00115,16.347584401325978,107.53061376748612,31.63529825352936,0.6327059650705872,72761.18598311752
BASE_5,COW_017,16.5820939,107.3626442,J_00116,16.510544056993798,107.49977339066342,16.64163081761258,0.3328326163522516,38275.75088050893
BASE_5,COW_018,16.5820939,107.3626442,J_00000,16.470828921881164,107.60955399746234,29.08364656384494,0.5287935738880898,66892.38709684336
BASE_5,COW_018,16.5820939,107.3626442,J_00001,16.470362127018827,107.55930326094062,24.36905214424982,0.44307367534999675,56048.81993177459
BASE_5,COW_018,16.5820939,107.3626442,J_00002,16.47424359958971,107.55772818698266,24.00608506247162,0.4364742738631204,55213.99564368473
BASE_5,COW_018,16.5820939,107.3626442,J_00003,16.49348337564258,107.59002065245971,26.163412296806207,0.4756984053964765,60175.848282654275
BASE_5,COW_018,16.5820939,107.3626442,J_00004,16.478745441146955,107.55129534455035,23.161945426827458,0.42112628048777195,53272.47448170315
BASE_5,COW_018,16.5820939,107.3626442,J_00005,16.487027304858945,107.54731760776494,22.344284547735075,0.40625971904972863,51391.85445979067
BASE_5,COW_018,16.5820939,107.3626442,J_00006,16.532160339026593,107.44578496129934,10.45729079892857,0.19013255998051945,24051.76883753571
BASE_5,COW_018,16.5820939,107.3626442,J_00007,16.476934281241164,107.53317577214604,21.614638965244126,0.39299343573171136,49713.66962006149
BASE_5,COW_018,16.5820939,107.3626442,J_00008,16.54063239867831,107.44448001783373,13.915405341849835,0.2530073698518152,32005.43228625462
BASE_5,COW_018,16.5820939,107.3626442,J_00009,16.531547558962664,107.69012324181722,35.35381888981515,0.6427967070875482,81313.78344657485
BASE_5,COW_018,16.5820939,107.3626442,J_00010,16.52738878877641,107.68921427085154,35.335207608294,0.6424583201508,81270.9774990762
BASE_5,COW_018,16.5820939,107.3626442,J_00011,16.53789357129583,107.68082715522364,34.26710858016551,0.6230383378211911,78814.34973438068
BASE_5,COW_018,16.5820939,107.3626442,J_00012,16.524835706155326,107.69309264998252,35.792123724020556,0.6507658858912828,82321.88456524728
BASE_5,COW_018,16.5820939,107.3626442,J_00013,16.2729315745512,107.87292622951324,64.37247067291247,1.1704085576893177,148056.68254769867
BASE_5,COW_018,16.5820939,107.3626442,J_00014,16.52317642712633,107.701478157211,36.7046296424676,0.66735690259032,84420.64817767548
BASE_5,COW_018,16.5820939,107.3626442,J_00015,16.564129718701782,107.59382455637665,24.719003175893373,0.4494364213798795,56853.70730455476
BASE_5,COW_018,16.5820939,107.3626442,J_00016,16.55503728513068,107.61353852963492,26.908536663714994,0.48924612115845445,61889.63432654449
BASE_5,COW_018,16.5820939,107.3626442,J_00017,16.56802006575831,107.6179667081558,27.255812173013478,0.49556022132751776,62688.367997930996
BASE_5,COW_018,16.5820939,107.3626442,J_00018,16.493997607340088,107.53193954239708,20.533329133072808,0.37333325696496017,47226.65700606746
BASE_5,COW_018,16.5820939,107.3626442,J_00019,16.543546895491804,107.42583058377517,8.30626515904355,0.1510230028917009,19104.409865800164
BASE_5,COW_018,16.5820939,107.3626442,J_00020,16.242503801359586,107.2454051174484,39.777501969949014,0.7232273085445275,91488.25453088274
BASE_5,COW_018,16.5820939,107.3626442,J_00021,16.45055723769587,107.72225686630698,41.03248350662612,0.7460451546659295,94374.71206524008
BASE_5,COW_018,16.5820939,107.3626442,J_00022,16.504833393469443,107.6291677934963,29.679799184926765,0.5396327124532139,68263.53812533156
BASE_5,COW_018,16.5820939,107.3626442,J_00023,16.57986665656081,107.58768387995444,23.98401442547183,0.4360729895540333,55163.23317858521
BASE_5,COW_018,16.5820939,107.3626442,J_00024,16.23991207988329,107.25090001724132,39.87209040063601,0.724947098193382,91705.80792146282
BASE_5,COW_018,16.5820939,107.3626442,J_00025,16.250014260366132,107.24074792938237,39.147689000060325,0.7117761636374604,90039.68470013875
BASE_5,COW_018,16.5820939,107.3626442,J_00026,16.459357749451215,107.7205673132457,40.523480944118816,0.7367905626203421,93204.00617147327
BASE_5,COW_018,16.5820939,107.3626442,J_00027,16.656791523009364,107.34955392909389,8.422289078471442,0.15313252869948077,19371.264880484316
BASE_5,COW_018,16.5820939,107.3626442,J_00028,16.230739178703335,108.0800528964888,85.9201964122866,1.5621853893143018,197616.4517482592
BASE_5,COW_018,16.5820939,107.3626442,J_00029,16.582372023215015,107.36897627611086,0.8918766643998217,0.016215939352724033,2051.31632811959
BASE_5,COW_018,16.5820939,107.3626442,J_00030,16.23582074671607,107.25576696739624,40.156034949257716,0.7301097263501403,92358.88038329275
BASE_5,COW_018,16.5820939,107.3626442,J_00031,16.267972860818134,107.22291398151737,37.97521610227474,0.6904584745868135,87342.9970352319
BASE_5,COW_018,16.5820939,107.3626442,J_00032,16.15816879245868,107.72785909820898,61.157063091041024,1.1119466016552912,140661.24510939437
BASE_5,COW_018,16.5820939,107.3626442,J_00033,16.597430221109658,107.50487743972349,15.252897170625186,0.2773254031022761,35081.663492437925
BASE_5,COW_018,16.5820939,107.3626442,J_00034,16.66429736358062,107.48232283480873,15.689203971186139,0.2852582540215662,36085.169133728115
BASE_5,COW_018,16.5820939,107.3626442,J_00035,16.461689838165945,107.7055674468512,38.93141497209452,0.7078439085835367,89542.2544358174
BASE_5,COW_018,16.5820939,107.3626442,J_00036,16.268139796636127,107.2187570048448,38.134398028482906,0.6933526914269619,87709.11546551068
BASE_5,COW_018,16.5820939,107.3626442,J_00037,16.56508206793363,107.52621803008316,17.5352489071977,0.3188227074035946,40331.07248655471
BASE_5,COW_018,16.5820939,107.3626442,J_00038,16.46918567451601,107.70508512969802,38.603409244510786,0.7018801680820143,88787.8412623748
BASE_5,COW_018,16.5820939,107.3626442,J_00039,16.569871522873257,107.536183895912,18.54467158086205,0.33717584692476454,42652.744635982715
BASE_5,COW_018,16.5820939,107.3626442,J_00040,16.666607075648248,107.36250567880695,9.397447956505514,0.1708626901182821,21614.130299962682
BASE_5,COW_018,16.5820939,107.3626442,J_00041,16.665155641834726,107.3688001600834,9.259304600366988,0.16835099273394524,21296.400580844074
BASE_5,COW_018,16.5820939,107.3626442,J_00042,16.51315499139435,107.5606764490754,22.457012355397154,0.4083093155526755,51651.128417413456
BASE_5,COW_018,16.5820939,107.3626442,J_00043,16.64927714226641,107.41145471933169,9.102542899144787,0.16550077998445067,20935.84866803301
BASE_5,COW_018,16.5820939,107.3626442,J_00044,16.57166890824097,107.49529040517794,14.18400730125872,0.25789104184106765,32623.21679289506
BASE_5,COW_018,16.5820939,107.3626442,J_00045,16.63143941985154,107.5110583130454,16.739370957526194,0.304352199227749,38500.55320231025
BASE_5,COW_018,16.5820939,107.3626442,J_00046,16.59440973361349,107.38534822450936,2.7801813097027823,0.050548751085505134,6394.417012316399
BASE_5,COW_018,16.5820939,107.3626442,J_00047,16.599347151767944,107.49633576858352,14.375531456540532,0.2613732992098279,33063.72235004322
BASE_5,COW_018,16.5820939,107.3626442,J_00048,16.28167999352194,107.97816386593117,73.65734892836974,1.339224525970359,169411.9025352504
BASE_5,COW_018,16.5820939,107.3626442,J_00049,16.277599338947514,107.9824641404575,74.27276519466534,1.350413912630279,170827.3599477303
BASE_5,COW_018,16.5820939,107.3626442,J_00050,16.462928914647218,107.64012940439612,32.413040255599455,0.5893280046472629,74549.99258787875
BASE_5,COW_018,16.5820939,107.3626442,J_00051,16.601594932702508,107.48296237382375,13.003790545128398,0.23643255536597088,29908.718253795316
BASE_5,COW_018,16.5820939,107.3626442,J_00052,16.34480069014235,107.90990007727194,64.04501143482236,1.1644547533604064,147303.5263000914
BASE_5,COW_018,16.5820939,107.3626442,J_00053,16.586804944456667,107.58305427522006,23.494770595134923,0.4271776471842713,54037.972368810326
BASE_5,COW_018,16.5820939,107.3626442,J_00054,16.619028870649785,107.4534404914762,10.510867198032885,0.19110667632787065,24174.994555475638
BASE_5,COW_018,16.5820939,107.3626442,J_00055,16.282227234021125,107.2142450904469,36.909347764326554,0.6710790502604828,84891.49985795107
BASE_5,COW_018,16.5820939,107.3626442,J_00056,16.435088326817397,107.65074059522672,34.79320920649811,0.6326038037545111,80024.38117494565
BASE_5,COW_018,16.5820939,107.3626442,J_00057,16.371952558474792,107.86327621053776,58.271750295128534,1.059486369002337,134025.02567879562
BASE_5,COW_018,16.5820939,107.3626442,J_00058,16.605809254100482,107.44852928114123,9.524582438133672,0.17317422614788494,21906.539607707447
BASE_5,COW_018,16.5820939,107.3626442,J_00059,16.604451821387112,107.44540383479944,9.16293454034862,0.16659880982452038,21074.74944280183
BASE_5,COW_018,16.5820939,107.3626442,J_00060,16.41077084398415,107.70813735661868,41.470258203594376,0.7540046946108069,95381.59386826707
BASE_5,COW_018,16.5820939,107.3626442,J_00061,16.423400400047356,107.82881823459424,52.740401745277005,0.9589163953686728,121302.92401413711
BASE_5,COW_018,16.5820939,107.3626442,J_00062,16.392061127207906,107.71969303091058,43.54078139283623,0.7916505707788406,100143.79720352333
BASE_5,COW_018,16.5820939,107.3626442,J_00063,16.51352049869946,107.39836603004166,8.522819155460065,0.1549603482810921,19602.484057558147
BASE_5,COW_018,16.5820939,107.3626442,J_00064,16.12581966029344,107.33689825793644,50.80969150184704,0.9238125727608553,116862.2904542482
BASE_5,COW_018,16.5820939,107.3626442,J_00065,16.58814063386911,107.58112744571652,23.293214522048086,0.42351299130996517,53574.3934007106
BASE_5,COW_018,16.5820939,107.3626442,J_00066,16.311065134737067,108.00316203108642,74.66081133877023,1.3574692970685496,171719.86607917154
BASE_5,COW_018,16.5820939,107.3626442,J_00067,16.51365978864296,107.39155449638712,8.209794753355665,0.14926899551555753,18882.52793271803
BASE_5,COW_018,16.5820939,107.3626442,J_00068,16.52448692518508,107.36199005595924,6.405982783027152,0.11647241423685731,14733.76040096245
BASE_5,COW_018,16.5820939,107.3626442,J_00069,16.59106004686489,107.57447245809988,22.596128232907414,0.4108386951437712,51971.094935687055
BASE_5,COW_018,16.5820939,107.3626442,J_00070,16.514385209681947,107.35917522677836,7.53793704019781,0.13705340073086927,17337.255192454963
BASE_5,COW_018,16.5820939,107.3626442,J_00071,16.500172317744823,107.387722313213,9.493390257414209,0.17260709558934925,21834.79759205268
BASE_5,COW_018,16.5820939,107.3626442,J_00072,16.393597378184786,107.47492481043388,24.137850333523428,0.43887000606406235,55517.055767103884
BASE_5,COW_018,16.5820939,107.3626442,J_00073,16.311140756886953,108.00574411813372,74.90943563636863,1.361989738843066,172291.70196364785
BASE_5,COW_018,16.5820939,107.3626442,J_00074,16.521508537272283,107.40421975752768,8.063610060385274,0.14661109200700498,18546.30313888613
BASE_5,COW_018,16.5820939,107.3626442,J_00075,16.402154789177548,107.47526188616476,23.33470345190685,0.42426733548921547,53669.81793938576
BASE_5,COW_018,16.5820939,107.3626442,J_00076,16.588713873543426,107.3252892,4.048358870630206,0.0736065249205492,9311.225402449472
BASE_5,COW_018,16.5820939,107.3626442,J_00077,16.08851719650639,107.38588473919135,54.9392239722944,0.9988949813144437,126360.21513627713
BASE_5,COW_018,16.5820939,107.3626442,J_00078,16.527850544725265,107.37652351643136,6.210350939707594,0.11291547163104718,14283.807161327468
BASE_5,COW_018,16.5820939,107.3626442,J_00079,16.085892686488275,107.36589613925749,55.17614870059528,1.0032027036471869,126905.14201136914
BASE_5,COW_018,16.5820939,107.3626442,J_00080,16.291495257578905,108.0261164720742,77.78856885116399,1.4143376154757088,178913.70835767718
BASE_5,COW_018,16.5820939,107.3626442,J_00081,16.382115370526147,107.0536835996094,39.74564337681136,0.7226480613965701,91414.97976666612
BASE_5,COW_018,16.5820939,107.3626442,J_00082,16.376677240357246,107.04298993910136,41.0296453538774,0.74599355188868,94368.18431391801
BASE_5,COW_018,16.5820939,107.3626442,J_00083,16.145727559220454,107.74412376098628,63.33135199161582,1.1514791271202875,145662.10958071638
BASE_5,COW_018,16.5820939,107.3626442,J_00084,16.327564155367586,107.1717988691137,34.860081901164534,0.6338196709302643,80178.18837267843
BASE_5,COW_018,16.5820939,107.3626442,J_00085,16.536406972867166,107.35115792249393,8.636861883312193,0.15703385242385806,19864.782331618044
BASE_5,COW_018,16.5820939,107.3626442,J_00086,16.516865528399663,107.28775679746394,10.785245201604212,0.19609536730189478,24806.06396368969
BASE_5,COW_018,16.5820939,107.3626442,J_00087,16.286613968463637,108.0076708460382,76.2366096037824,1.3861201746142253,175344.2020886995
BASE_5,COW_018,16.5820939,107.3626442,J_00088,16.31580618944039,108.01104614910422,75.22098793637645,1.3676543261159353,173008.2722536658
BASE_5,COW_018,16.5820939,107.3626442,J_00089,16.612873091094567,107.40389222873738,5.57078232056073,0.10128695128292237,12812.79933728968
BASE_5,COW_018,16.5820939,107.3626442,J_00090,16.330456476800176,107.6200542865036,39.19741521099997,0.7126802765636359,90154.05498529994
BASE_5,COW_018,16.5820939,107.3626442,J_00091,16.286166291524196,108.0212320394954,77.56540567341101,1.4102801031529275,178400.43304884533
BASE_5,COW_018,16.5820939,107.3626442,J_00092,16.276565522813957,108.0303636867135,78.90374583434688,1.4346135606244887,181478.61541899783
BASE_5,COW_018,16.5820939,107.3626442,J_00093,16.343745314767705,107.94446775635662,67.46706770788403,1.2266739583251642,155174.25572813326
BASE_5,COW_018,16.5820939,107.3626442,J_00094,16.374390937218454,107.4611604849838,25.372207960333228,0.4613128720060587,58356.078308766424
BASE_5,COW_018,16.5820939,107.3626442,J_00095,16.563745734293335,107.33058047516714,3.9799297626089474,0.07236235932016268,9153.838454000579
BASE_5,COW_018,16.5820939,107.3626442,J_00096,16.333238096088046,107.95986908838688,69.43924761188626,1.2625317747615683,159710.2695073384
BASE_5,COW_018,16.5820939,107.3626442,J_00097,16.345740957020553,107.15320156741336,34.48933049818638,0.6270787363306615,79325.46014582868
BASE_5,COW_018,16.5820939,107.3626442,J_00098,16.219107397405065,108.05398556961838,84.06853222182097,1.5285187676694723,193357.62411018825
BASE_5,COW_018,16.5820939,107.3626442,J_00099,16.422942208064033,107.46784915441106,20.951988349225573,0.38094524271319224,48189.57320321882
BASE_5,COW_018,16.5820939,107.3626442,J_00100,16.402644021436732,107.75780974463012,46.61878743361592,0.8476143169748349,107223.21109731661
BASE_5,COW_018,16.5820939,107.3626442,J_00101,16.37524964320665,107.59276945006624,33.631828532296566,0.6114877914963012,77353.2056242821
BASE_5,COW_018,16.5820939,107.3626442,J_00102,16.547556620418277,107.3098233592149,6.814792842382142,0.12390532440694803,15674.023537478926
BASE_5,COW_018,16.5820939,107.3626442,J_00103,16.30681962375361,107.38568972103658,30.7076142342526,0.5583202588045927,70627.51273878098
BASE_5,COW_018,16.5820939,107.3626442,J_00104,16.380155048074425,107.67675752946212,40.32331598412163,0.7331511997113023,92743.62676347974
BASE_5,COW_018,16.5820939,107.3626442,J_00105,16.730113981967406,107.400003273698,16.93341411094054,0.30788025656255524,38946.85245516324
BASE_5,COW_018,16.5820939,107.3626442,J_00106,16.369866099155256,107.60485959798804,34.98486085555466,0.6360883791919029,80465.17996777571
BASE_5,COW_018,16.5820939,107.3626442,J_00107,16.113891588725753,107.66074099746874,61.00887652768572,1.1092523005033768,140320.41601367717
BASE_5,COW_018,16.5820939,107.3626442,J_00108,16.362255190888888,107.77612445102936,50.4130068300911,0.9166001241834746,115949.91570920953
BASE_5,COW_018,16.5820939,107.3626442,J_00109,16.309746863677077,107.75132688590683,51.33521321569134,0.9333675130125698,118070.99039609008
BASE_5,COW_018,16.5820939,107.3626442,J_00110,16.32186391385828,107.73943123957228,49.51617243485693,0.9002940442701259,113887.19660017094
BASE_5,COW_018,16.5820939,107.3626442,J_00111,16.372264871840603,107.6709710682885,40.314214045209326,0.7329857099128968,92722.69230398144
BASE_5,COW_018,16.5820939,107.3626442,J_00112,16.329782686393113,107.41267661232116,28.55855259020989,0.5192464107310889,65684.67095748274
BASE_5,COW_018,16.5820939,107.3626442,J_00113,16.320008469677312,107.70521742737984,46.73269405502493,0.8496853464549987,107485.19632655734
BASE_5,COW_018,16.5820939,107.3626442,J_00114,16.74059460183718,107.3850389961322,17.785200436409756,0.32336728066199555,40905.961003742435
BASE_5,COW_018,16.5820939,107.3626442,J_00115,16.347584401325978,107.53061376748612,31.63529825352936,0.5751872409732611,72761.18598311752
BASE_5,COW_018,16.5820939,107.3626442,J_00116,16.510544056993798,107.49977339066342,16.64163081761258,0.3025751057747742,38275.75088050893
BASE_5,COW_019,16.5820939,107.3626442,J_00000,16.470828921881164,107.60955399746234,29.08364656384494,0.484727442730749,66892.38709684336
BASE_5,COW_019,16.5820939,107.3626442,J_00001,16.470362127018827,107.55930326094062,24.36905214424982,0.40615086907083037,56048.81993177459
BASE_5,COW_019,16.5820939,107.3626442,J_00002,16.47424359958971,107.55772818698266,24.00608506247162,0.40010141770786034,55213.99564368473
BASE_5,COW_019,16.5820939,107.3626442,J_00003,16.49348337564258,107.59002065245971,26.163412296806207,0.4360568716134368,60175.848282654275
BASE_5,COW_019,16.5820939,107.3626442,J_00004,16.478745441146955,107.55129534455035,23.161945426827458,0.38603242378045766,53272.47448170315
BASE_5,COW_019,16.5820939,107.3626442,J_00005,16.487027304858945,107.54731760776494,22.344284547735075,0.37240474246225125,51391.85445979067
BASE_5,COW_019,16.5820939,107.3626442,J_00006,16.532160339026593,107.44578496129934,10.45729079892857,0.17428817998214283,24051.76883753571
BASE_5,COW_019,16.5820939,107.3626442,J_00007,16.476934281241164,107.53317577214604,21.614638965244126,0.36024398275406877,49713.66962006149
BASE_5,COW_019,16.5820939,107.3626442,J_00008,16.54063239867831,107.44448001783373,13.915405341849835,0.2319234223641639,32005.43228625462
BASE_5,COW_019,16.5820939,107.3626442,J_00009,16.531547558962664,107.69012324181722,35.35381888981515,0.5892303148302526,81313.78344657485
BASE_5,COW_019,16.5820939,107.3626442,J_00010,16.52738878877641,107.68921427085154,35.335207608294,0.5889201268049,81270.9774990762
BASE_5,COW_019,16.5820939,107.3626442,J_00011,16.53789357129583,107.68082715522364,34.26710858016551,0.5711184763360919,78814.34973438068
BASE_5,COW_019,16.5820939,107.3626442,J_00012,16.524835706155326,107.69309264998252,35.792123724020556,0.5965353954003426,82321.88456524728
BASE_5,COW_019,16.5820939,107.3626442,J_00013,16.2729315745512,107.87292622951324,64.37247067291247,1.0728745112152078,148056.68254769867
BASE_5,COW_019,16.5820939,107.3626442,J_00014,16.52317642712633,107.701478157211,36.7046296424676,0.61174382737446,84420.64817767548
BASE_5,COW_019,16.5820939,107.3626442,J_00015,16.564129718701782,107.59382455637665,24.719003175893373,0.41198338626488956,56853.70730455476
BASE_5,COW_019,16.5820939,107.3626442,J_00016,16.55503728513068,107.61353852963492,26.908536663714994,0.4484756110619166,61889.63432654449
BASE_5,COW_019,16.5820939,107.3626442,J_00017,16.56802006575831,107.6179667081558,27.255812173013478,0.4542635362168913,62688.367997930996
BASE_5,COW_019,16.5820939,107.3626442,J_00018,16.493997607340088,107.53193954239708,20.533329133072808,0.34222215221788016,47226.65700606746
BASE_5,COW_019,16.5820939,107.3626442,J_00019,16.543546895491804,107.42583058377517,8.30626515904355,0.13843775265072583,19104.409865800164
BASE_5,COW_019,16.5820939,107.3626442,J_00020,16.242503801359586,107.2454051174484,39.777501969949014,0.6629583661658169,91488.25453088274
BASE_5,COW_019,16.5820939,107.3626442,J_00021,16.45055723769587,107.72225686630698,41.03248350662612,0.6838747251104353,94374.71206524008
BASE_5,COW_019,16.5820939,107.3626442,J_00022,16.504833393469443,107.6291677934963,29.679799184926765,0.4946633197487794,68263.53812533156
BASE_5,COW_019,16.5820939,107.3626442,J_00023,16.57986665656081,107.58768387995444,23.98401442547183,0.39973357375786384,55163.23317858521
BASE_5,COW_019,16.5820939,107.3626442,J_00024,16.23991207988329,107.25090001724132,39.87209040063601,0.6645348400106001,91705.80792146282
BASE_5,COW_019,16.5820939,107.3626442,J_00025,16.250014260366132,107.24074792938237,39.147689000060325,0.6524614833343387,90039.68470013875
BASE_5,COW_019,16.5820939,107.3626442,J_00026,16.459357749451215,107.7205673132457,40.523480944118816,0.675391349068647,93204.00617147327
BASE_5,COW_019,16.5820939,107.3626442,J_00027,16.656791523009364,107.34955392909389,8.422289078471442,0.1403714846411907,19371.264880484316
BASE_5,COW_019,16.5820939,107.3626442,J_00028,16.230739178703335,108.0800528964888,85.9201964122866,1.43200327353811,197616.4517482592
BASE_5,COW_019,16.5820939,107.3626442,J_00029,16.582372023215015,107.36897627611086,0.8918766643998217,0.014864611073330362,2051.31632811959
BASE_5,COW_019,16.5820939,107.3626442,J_00030,16.23582074671607,107.25576696739624,40.156034949257716,0.6692672491542953,92358.88038329275
BASE_5,COW_019,16.5820939,107.3626442,J_00031,16.267972860818134,107.22291398151737,37.97521610227474,0.6329202683712457,87342.9970352319
BASE_5,COW_019,16.5820939,107.3626442,J_00032,16.15816879245868,107.72785909820898,61.157063091041024,1.0192843848506838,140661.24510939437
BASE_5,COW_019,16.5820939,107.3626442,J_00033,16.597430221109658,107.50487743972349,15.252897170625186,0.2542149528437531,35081.663492437925
BASE_5,COW_019,16.5820939,107.3626442,J_00034,16.66429736358062,107.48232283480873,15.689203971186139,0.2614867328531023,36085.169133728115
BASE_5,COW_019,16.5820939,107.3626442,J_00035,16.461689838165945,107.7055674468512,38.93141497209452,0.6488569162015754,89542.2544358174
BASE_5,COW_019,16.5820939,107.3626442,J_00036,16.268139796636127,107.2187570048448,38.134398028482906,0.635573300474715,87709.11546551068
BASE_5,COW_019,16.5820939,107.3626442,J_00037,16.56508206793363,107.52621803008316,17.5352489071977,0.292254148453295,40331.07248655471
BASE_5,COW_019,16.5820939,107.3626442,J_00038,16.46918567451601,107.70508512969802,38.603409244510786,0.6433901540751797,88787.8412623748
BASE_5,COW_019,16.5820939,107.3626442,J_00039,16.569871522873257,107.536183895912,18.54467158086205,0.3090778596810342,42652.744635982715
BASE_5,COW_019,16.5820939,107.3626442,J_00040,16.666607075648248,107.36250567880695,9.397447956505514,0.15662413260842525,21614.130299962682
BASE_5,COW_019,16.5820939,107.3626442,J_00041,16.665155641834726,107.3688001600834,9.259304600366988,0.1543217433394498,21296.400580844074
BASE_5,COW_019,16.5820939,107.3626442,J_00042,16.51315499139435,107.5606764490754,22.457012355397154,0.3742835392566192,51651.128417413456
BASE_5,COW_019,16.5820939,107.3626442,J_00043,16.64927714226641,107.41145471933169,9.102542899144787,0.15170904831907978,20935.84866803301
BASE_5,COW_019,16.5820939,107.3626442,J_00044,16.57166890824097,107.49529040517794,14.18400730125872,0.23640012168764535,32623.21679289506
BASE_5,COW_019,16.5820939,107.3626442,J_00045,16.63143941985154,107.5110583130454,16.739370957526194,0.2789895159587699,38500.55320231025
BASE_5,COW_019,16.5820939,107.3626442,J_00046,16.59440973361349,107.38534822450936,2.7801813097027823,0.04633635516171304,6394.417012316399
BASE_5,COW_019,16.5820939,107.3626442,J_00047,16.599347151767944,107.49633576858352,14.375531456540532,0.23959219094234221,33063.72235004322
BASE_5,COW_019,16.5820939,107.3626442,J_00048,16.28167999352194,107.97816386593117,73.65734892836974,1.2276224821394957,169411.9025352504
BASE_5,COW_019,16.5820939,107.3626442,J_00049,16.277599338947514,107.9824641404575,74.27276519466534,1.237879419911089,170827.3599477303
BASE_5,COW_019,16.5820939,107.3626442,J_00050,16.462928914647218,107.64012940439612,32.413040255599455,0.5402173375933242,74549.99258787875
BASE_5,COW_019,16.5820939,107.3626442,J_00051,16.601594932702508,107.48296237382375,13.003790545128398,0.21672984241880663,29908.718253795316
BASE_5,COW_019,16.5820939,107.3626442,J_00052,16.34480069014235,107.90990007727194,64.04501143482236,1.0674168572470393,147303.5263000914
BASE_5,COW_019,16.5820939,107.3626442,J_00053,16.586804944456667,107.58305427522006,23.494770595134923,0.3915795099189154,54037.972368810326
BASE_5,COW_019,16.5820939,107.3626442,J_00054,16.619028870649785,107.4534404914762,10.510867198032885,0.17518111996721475,24174.994555475638
BASE_5,COW_019,16.5820939,107.3626442,J_00055,16.282227234021125,107.2142450904469,36.909347764326554,0.6151557960721092,84891.49985795107
BASE_5,COW_019,16.5820939,107.3626442,J_00056,16.435088326817397,107.65074059522672,34.79320920649811,0.5798868201083018,80024.38117494565
BASE_5,COW_019,16.5820939,107.3626442,J_00057,16.371952558474792,107.86327621053776,58.271750295128534,0.9711958382521423,134025.02567879562
BASE_5,COW_019,16.5820939,107.3626442,J_00058,16.605809254100482,107.44852928114123,9.524582438133672,0.1587430406355612,21906.539607707447
BASE_5,COW_019,16.5820939,107.3626442,J_00059,16.604451821387112,107.44540383479944,9.16293454034862,0.152715575672477,21074.74944280183
BASE_5,COW_019,16.5820939,107.3626442,J_00060,16.41077084398415,107.70813735661868,41.470258203594376,0.6911709700599062,95381.59386826707
BASE_5,COW_019,16.5820939,107.3626442,J_00061,16.423400400047356,107.82881823459424,52.740401745277005,0.8790066957546168,121302.92401413711
BASE_5,COW_019,16.5820939,107.3626442,J_00062,16.392061127207906,107.71969303091058,43.54078139283623,0.7256796898806038,100143.79720352333
BASE_5,COW_019,16.5820939,107.3626442,J_00063,16.51352049869946,107.39836603004166,8.522819155460065,0.1420469859243344,19602.484057558147
BASE_5,COW_019,16.5820939,107.3626442,J_00064,16.12581966029344,107.33689825793644,50.80969150184704,0.8468281916974507,116862.2904542482
BASE_5,COW_019,16.5820939,107.3626442,J_00065,16.58814063386911,107.58112744571652,23.293214522048086,0.38822024203413474,53574.3934007106
BASE_5,COW_019,16.5820939,107.3626442,J_00066,16.311065134737067,108.00316203108642,74.66081133877023,1.2443468556461705,171719.86607917154
BASE_5,COW_019,16.5820939,107.3626442,J_00067,16.51365978864296,107.39155449638712,8.209794753355665,0.13682991255592775,18882.52793271803
BASE_5,COW_019,16.5820939,107.3626442,J_00068,16.52448692518508,107.36199005595924,6.405982783027152,0.1067663797171192,14733.76040096245
BASE_5,COW_019,16.5820939,107.3626442,J_00069,16.59106004686489,107.57447245809988,22.596128232907414,0.3766021372151236,51971.094935687055
BASE_5,COW_019,16.5820939,107.3626442,J_00070,16.514385209681947,107.35917522677836,7.53793704019781,0.12563228400329682,17337.255192454963
BASE_5,COW_019,16.5820939,107.3626442,J_00071,16.500172317744823,107.387722313213,9.493390257414209,0.15822317095690347,21834.79759205268
BASE_5,COW_019,16.5820939,107.3626442,J_00072,16.393597378184786,107.47492481043388,24.137850333523428,0.4022975055587238,55517.055767103884
BASE_5,COW_019,16.5820939,107.3626442,J_00073,16.311140756886953,108.00574411813372,74.90943563636863,1.248490593939477,172291.70196364785
BASE_5,COW_019,16.5820939,107.3626442,J_00074,16.521508537272283,107.40421975752768,8.063610060385274,0.13439350100642125,18546.30313888613
BASE_5,COW_019,16.5820939,107.3626442,J_00075,16.402154789177548,107.47526188616476,23.33470345190685,0.3889117241984475,53669.81793938576
BASE_5,COW_019,16.5820939,107.3626442,J_00076,16.588713873543426,107.3252892,4.048358870630206,0.06747264784383676,9311.225402449472
BASE_5,COW_019,16.5820939,107.3626442,J_00077,16.08851719650639,107.38588473919135,54.9392239722944,0.9156537328715734,126360.21513627713
BASE_5,COW_019,16.5820939,107.3626442,J_00078,16.527850544725265,107.37652351643136,6.210350939707594,0.10350584899512658,14283.807161327468
BASE_5,COW_019,16.5820939,107.3626442,J_00079,16.085892686488275,107.36589613925749,55.17614870059528,0.9196024783432546,126905.14201136914
BASE_5,COW_019,16.5820939,107.3626442,J_00080,16.291495257578905,108.0261164720742,77.78856885116399,1.2964761475193998,178913.70835767718
BASE_5,COW_019,16.5820939,107.3626442,J_00081,16.382115370526147,107.0536835996094,39.74564337681136,0.6624273896135227,91414.97976666612
BASE_5,COW_019,16.5820939,107.3626442,J_00082,16.376677240357246,107.04298993910136,41.0296453538774,0.6838274225646234,94368.18431391801
BASE_5,COW_019,16.5820939,107.3626442,J_00083,16.145727559220454,107.74412376098628,63.33135199161582,1.055522533193597,145662.10958071638
BASE_5,COW_019,16.5820939,107.3626442,J_00084,16.327564155367586,107.1717988691137,34.860081901164534,0.5810013650194089,80178.18837267843
BASE_5,COW_019,16.5820939,107.3626442,J_00085,16.536406972867166,107.35115792249393,8.636861883312193,0.14394769805520322,19864.782331618044
BASE_5,COW_019,16.5820939,107.3626442,J_00086,16.516865528399663,107.28775679746394,10.785245201604212,0.17975408669340354,24806.06396368969
BASE_5,COW_019,16.5820939,107.3626442,J_00087,16.286613968463637,108.0076708460382,76.2366096037824,1.27061016006304,175344.2020886995
BASE_5,COW_019,16.5820939,107.3626442,J_00088,16.31580618944039,108.01104614910422,75.22098793637645,1.2536831322729407,173008.2722536658
BASE_5,COW_019,16.5820939,107.3626442,J_00089,16.612873091094567,107.40389222873738,5.57078232056073,0.0928463720093455,12812.79933728968
BASE_5,COW_019,16.5820939,107.3626442,J_00090,16.330456476800176,107.6200542865036,39.19741521099997,0.6532902535166661,90154.05498529994
BASE_5,COW_019,16.5820939,107.3626442,J_00091,16.286166291524196,108.0212320394954,77.56540567341101,1.2927567612235167,178400.43304884533
BASE_5,COW_019,16.5820939,107.3626442,J_00092,16.276565522813957,108.0303636867135,78.90374583434688,1.3150624305724479,181478.61541899783
BASE_5,COW_019,16.5820939,107.3626442,J_00093,16.343745314767705,107.94446775635662,67.46706770788403,1.1244511284647338,155174.25572813326
BASE_5,COW_019,16.5820939,107.3626442,J_00094,16.374390937218454,107.4611604849838,25.372207960333228,0.42287013267222046,58356.078308766424
BASE_5,COW_019,16.5820939,107.3626442,J_00095,16.563745734293335,107.33058047516714,3.9799297626089474,0.06633216271014912,9153.838454000579
BASE_5,COW_019,16.5820939,107.3626442,J_00096,16.333238096088046,107.95986908838688,69.43924761188626,1.1573207935314376,159710.2695073384
BASE_5,COW_019,16.5820939,107.3626442,J_00097,16.345740957020553,107.15320156741336,34.48933049818638,0.5748221749697731,79325.46014582868
BASE_5,COW_019,16.5820939,107.3626442,J_00098,16.219107397405065,108.05398556961838,84.06853222182097,1.4011422036970163,193357.62411018825
BASE_5,COW_019,16.5820939,107.3626442,J_00099,16.422942208064033,107.46784915441106,20.951988349225573,0.3491998058204262,48189.57320321882
BASE_5,COW_019,16.5820939,107.3626442,J_00100,16.402644021436732,107.75780974463012,46.61878743361592,0.7769797905602653,107223.21109731661
BASE_5,COW_019,16.5820939,107.3626442,J_00101,16.37524964320665,107.59276945006624,33.631828532296566,0.5605304755382761,77353.2056242821
BASE_5,COW_019,16.5820939,107.3626442,J_00102,16.547556620418277,107.3098233592149,6.814792842382142,0.11357988070636903,15674.023537478926
BASE_5,COW_019,16.5820939,107.3626442,J_00103,16.30681962375361,107.38568972103658,30.7076142342526,0.5117935705708766,70627.51273878098
BASE_5,COW_019,16.5820939,107.3626442,J_00104,16.380155048074425,107.67675752946212,40.32331598412163,0.6720552664020272,92743.62676347974
BASE_5,COW_019,16.5820939,107.3626442,J_00105,16.730113981967406,107.400003273698,16.93341411094054,0.28222356851567565,38946.85245516324
BASE_5,COW_019,16.5820939,107.3626442,J_00106,16.369866099155256,107.60485959798804,34.98486085555466,0.5830810142592443,80465.17996777571
BASE_5,COW_019,16.5820939,107.3626442,J_00107,16.113891588725753,107.66074099746874,61.00887652768572,1.016814608794762,140320.41601367717
BASE_5,COW_019,16.5820939,107.3626442,J_00108,16.362255190888888,107.77612445102936,50.4130068300911,0.8402167805015183,115949.91570920953
BASE_5,COW_019,16.5820939,107.3626442,J_00109,16.309746863677077,107.75132688590683,51.33521321569134,0.855586886928189,118070.99039609008
BASE_5,COW_019,16.5820939,107.3626442,J_00110,16.32186391385828,107.73943123957228,49.51617243485693,0.8252695405809488,113887.19660017094
BASE_5,COW_019,16.5820939,107.3626442,J_00111,16.372264871840603,107.6709710682885,40.314214045209326,0.6719035674201554,92722.69230398144
BASE_5,COW_019,16.5820939,107.3626442,J_00112,16.329782686393113,107.41267661232116,28.55855259020989,0.47597587650349815,65684.67095748274
BASE_5,COW_019,16.5820939,107.3626442,J_00113,16.320008469677312,107.70521742737984,46.73269405502493,0.7788782342504155,107485.19632655734
BASE_5,COW_019,16.5820939,107.3626442,J_00114,16.74059460183718,107.3850389961322,17.785200436409756,0.29642000727349593,40905.961003742435
BASE_5,COW_019,16.5820939,107.3626442,J_00115,16.347584401325978,107.53061376748612,31.63529825352936,0.527254970892156,72761.18598311752
BASE_5,COW_019,16.5820939,107.3626442,J_00116,16.510544056993798,107.49977339066342,16.64163081761258,0.2773605136268763,38275.75088050893
BASE_6,COW_020,16.2893818,107.832841,J_00000,16.470828921881164,107.60955399746234,31.21687828888616,0.6243375657777233,71798.82006443817
BASE_6,COW_020,16.2893818,107.832841,J_00001,16.470362127018827,107.55930326094062,35.447695318835386,0.7089539063767077,81529.69923332139
BASE_6,COW_020,16.2893818,107.832841,J_00002,16.47424359958971,107.55772818698266,35.83175099152401,0.7166350198304802,82413.02728050522
BASE_6,COW_020,16.2893818,107.832841,J_00003,16.49348337564258,107.59002065245971,34.43878257501183,0.6887756515002366,79209.1999225272
BASE_6,COW_020,16.2893818,107.832841,J_00004,16.478745441146955,107.55129534455035,36.68074535788845,0.733614907157769,84365.71432314343
BASE_6,COW_020,16.2893818,107.832841,J_00005,16.487027304858945,107.54731760776494,37.55978682159664,0.7511957364319328,86387.50968967227
BASE_6,COW_020,16.2893818,107.832841,J_00006,16.532160339026593,107.44578496129934,49.32791500934563,0.9865583001869126,113454.20452149495
BASE_6,COW_020,16.2893818,107.832841,J_00007,16.476934281241164,107.53317577214604,38.16932759357559,0.7633865518715117,87789.45346522385
BASE_6,COW_020,16.2893818,107.832841,J_00008,16.54063239867831,107.44448001783373,49.96429586035726,0.9992859172071452,114917.8804788217
BASE_6,COW_020,16.2893818,107.832841,J_00009,16.531547558962664,107.69012324181722,30.93275448579272,0.6186550897158544,71145.33531732326
BASE_6,COW_020,16.2893818,107.832841,J_00010,16.52738878877641,107.68921427085154,30.57958457719111,0.6115916915438222,70333.04452753955
BASE_6,COW_020,16.2893818,107.832841,J_00011,16.53789357129583,107.68082715522364,32.039033927488475,0.6407806785497695,73689.7780332235
BASE_6,COW_020,16.2893818,107.832841,J_00012,16.524835706155326,107.69309264998252,30.127456896039202,0.602549137920784,69293.15086089016
BASE_6,COW_020,16.2893818,107.832841,J_00013,16.2729315745512,107.87292622951324,5.670216515727895,0.1134043303145579,13041.497986174158
BASE_6,COW_020,16.2893818,107.832841,J_00014,16.52317642712633,107.701478157211,29.5325570063013,0.590651140126026,67924.881114493
BASE_6,COW_020,16.2893818,107.832841,J_00015,16.564129718701782,107.59382455637665,39.78954109027692,0.7957908218055384,91515.94450763692
BASE_6,COW_020,16.2893818,107.832841,J_00016,16.55503728513068,107.61353852963492,37.678896039306466,0.7535779207861293,86661.46089040487
BASE_6,COW_020,16.2893818,107.832841,J_00017,16.56802006575831,107.6179667081558,38.53782593423594,0.7707565186847188,88636.99964874267
BASE_6,COW_020,16.2893818,107.832841,J_00018,16.493997607340088,107.53193954239708,39.34456411834788,0.7868912823669576,90492.49747220014
BASE_6,COW_020,16.2893818,107.832841,J_00019,16.543546895491804,107.42583058377517,51.8012689114361,1.0360253782287219,119142.91849630303
BASE_6,COW_020,16.2893818,107.832841,J_00020,16.242503801359586,107.2454051174484,62.9215232945422,1.2584304658908438,144719.50357744706
BASE_6,COW_020,16.2893818,107.832841,J_00021,16.45055723769587,107.72225686630698,21.45658414065044,0.4291316828130088,49350.14352349601
BASE_6,COW_020,16.2893818,107.832841,J_00022,16.504833393469443,107.6291677934963,32.341550256553916,0.6468310051310783,74385.56559007401
BASE_6,COW_020,16.2893818,107.832841,J_00023,16.57986665656081,107.58768387995444,41.55663730172832,0.8311327460345664,95580.26579397514
BASE_6,COW_020,16.2893818,107.832841,J_00024,16.23991207988329,107.25090001724132,62.36217871080638,1.2472435742161276,143433.0110348547
BASE_6,COW_020,16.2893818,107.832841,J_00025,16.250014260366132,107.24074792938237,63.35257273325643,1.2670514546651286,145710.9172864898
BASE_6,COW_020,16.2893818,107.832841,J_00026,16.459357749451215,107.7205673132457,22.376272665484475,0.4475254533096895,51465.42713061429
BASE_6,COW_020,16.2893818,107.832841,J_00027,16.656791523009364,107.34955392909389,65.76260205503712,1.3152520411007425,151253.9847265854
BASE_6,COW_020,16.2893818,107.832841,J_00028,16.230739178703335,108.0800528964888,27.1828803124507,0.5436576062490139,62520.62471863661
BASE_6,COW_020,16.2893818,107.832841,J_00029,16.582372023215015,107.36897627611086,59.23542595444605,1.184708519088921,136241.47969522592
BASE_6,COW_020,16.2893818,107.832841,J_00030,16.23582074671607,107.25576696739624,61.887461462451384,1.2377492292490277,142341.16136363818
BASE_6,COW_020,16.2893818,107.832841,J_00031,16.267972860818134,107.22291398151737,65.14531829279069,1.3029063658558138,149834.2320734186
BASE_6,COW_020,16.2893818,107.832841,J_00032,16.15816879245868,107.72785909820898,18.398560218525155,0.3679712043705031,42316.68850260786
BASE_6,COW_020,16.2893818,107.832841,J_00033,16.597430221109658,107.50487743972349,48.955462354945695,0.9791092470989139,112597.5634163751
BASE_6,COW_020,16.2893818,107.832841,J_00034,16.66429736358062,107.48232283480873,55.989759517343124,1.1197951903468626,128776.44688988918
BASE_6,COW_020,16.2893818,107.832841,J_00035,16.461689838165945,107.7055674468512,23.483213207065358,0.46966426414130713,54011.390376250325
BASE_6,COW_020,16.2893818,107.832841,J_00036,16.268139796636127,107.2187570048448,65.58802806113731,1.311760561222746,150852.4645406158
BASE_6,COW_020,16.2893818,107.832841,J_00037,16.56508206793363,107.52621803008316,44.82535692376977,0.8965071384753953,103098.32092467046
BASE_6,COW_020,16.2893818,107.832841,J_00038,16.46918567451601,107.70508512969802,24.19686266115131,0.4839372532230262,55652.784120648015
BASE_6,COW_020,16.2893818,107.832841,J_00039,16.569871522873257,107.536183895912,44.427839361579956,0.8885567872315991,102184.03053163389
BASE_6,COW_020,16.2893818,107.832841,J_00040,16.666607075648248,107.36250567880695,65.37989169769244,1.3075978339538488,150373.75090469263
BASE_6,COW_020,16.2893818,107.832841,J_00041,16.665155641834726,107.3688001600834,64.76238727399799,1.2952477454799598,148953.49073019536
BASE_6,COW_020,16.2893818,107.832841,J_00042,16.51315499139435,107.5606764490754,38.235872026466005,0.7647174405293201,87942.50566087182
BASE_6,COW_020,16.2893818,107.832841,J_00043,16.64927714226641,107.41145471933169,60.17060491866163,1.2034120983732326,138392.39131292174
BASE_6,COW_020,16.2893818,107.832841,J_00044,16.57166890824097,107.49529040517794,47.76339991064805,0.9552679982129609,109855.81979449051
BASE_6,COW_020,16.2893818,107.832841,J_00045,16.63143941985154,107.5110583130454,51.226201222970964,1.0245240244594194,117820.26281283321
BASE_6,COW_020,16.2893818,107.832841,J_00046,16.59440973361349,107.38534822450936,58.549016672217505,1.17098033344435,134662.73834610026
BASE_6,COW_020,16.2893818,107.832841,J_00047,16.599347151767944,107.49633576858352,49.757662311681386,0.9951532462336278,114442.62331686719
BASE_6,COW_020,16.2893818,107.832841,J_00048,16.28167999352194,107.97816386593117,15.534421350759926,0.3106884270151985,35729.16910674783
BASE_6,COW_020,16.2893818,107.832841,J_00049,16.277599338947514,107.9824641404575,16.023597010438433,0.3204719402087687,36854.273124008396
BASE_6,COW_020,16.2893818,107.832841,J_00050,16.462928914647218,107.64012940439612,28.19711111017042,0.5639422222034084,64853.35555339197
BASE_6,COW_020,16.2893818,107.832841,J_00051,16.601594932702508,107.48296237382375,50.965679718983004,1.01931359437966,117221.06335366091
BASE_6,COW_020,16.2893818,107.832841,J_00052,16.34480069014235,107.90990007727194,10.276139513375286,0.20552279026750572,23635.12088076316
BASE_6,COW_020,16.2893818,107.832841,J_00053,16.586804944456667,107.58305427522006,42.466778448582524,0.8493355689716505,97673.59043173981
BASE_6,COW_020,16.2893818,107.832841,J_00054,16.619028870649785,107.4534404914762,54.59464347954214,1.0918928695908428,125567.68000294693
BASE_6,COW_020,16.2893818,107.832841,J_00055,16.282227234021125,107.2142450904469,66.02949333336612,1.3205898666673224,151867.83466674207
BASE_6,COW_020,16.2893818,107.832841,J_00056,16.435088326817397,107.65074059522672,25.29759225131243,0.5059518450262486,58184.46217801859
BASE_6,COW_020,16.2893818,107.832841,J_00057,16.371952558474792,107.86327621053776,9.738921386500667,0.19477842773001336,22399.519188951534
BASE_6,COW_020,16.2893818,107.832841,J_00058,16.605809254100482,107.44852928114123,54.01613420442499,1.0803226840884999,124237.10867017749
BASE_6,COW_020,16.2893818,107.832841,J_00059,16.604451821387112,107.44540383479944,54.171840954581796,1.083436819091636,124595.23419553813
BASE_6,COW_020,16.2893818,107.832841,J_00060,16.41077084398415,107.70813735661868,18.953418244351383,0.37906836488702766,43592.86196200818
BASE_6,COW_020,16.2893818,107.832841,J_00061,16.423400400047356,107.82881823459424,14.908368065343844,0.2981673613068769,34289.24655029084
BASE_6,COW_020,16.2893818,107.832841,J_00062,16.392061127207906,107.71969303091058,16.616889057683508,0.3323377811536702,38218.84483267207
BASE_6,COW_020,16.2893818,107.832841,J_00063,16.51352049869946,107.39836603004166,52.621842577789884,1.0524368515557976,121030.23792891673
BASE_6,COW_020,16.2893818,107.832841,J_00064,16.12581966029344,107.33689825793644,55.990758304878504,1.1198151660975701,128778.74410122055
BASE_6,COW_020,16.2893818,107.832841,J_00065,16.58814063386911,107.58112744571652,42.711346273874405,0.8542269254774881,98236.09642991114
BASE_6,COW_020,16.2893818,107.832841,J_00066,16.311065134737067,108.00316203108642,18.336777902276985,0.3667355580455397,42174.589175237066
BASE_6,COW_020,16.2893818,107.832841,J_00067,16.51365978864296,107.39155449638712,53.27011134480445,1.065402226896089,122521.25609305024
BASE_6,COW_020,16.2893818,107.832841,J_00068,16.52448692518508,107.36199005595924,56.62069254954565,1.132413850990913,130227.592863955
BASE_6,COW_020,16.2893818,107.832841,J_00069,16.59106004686489,107.57447245809988,43.41119371060684,0.8682238742121368,99845.74553439573
BASE_6,COW_020,16.2893818,107.832841,J_00070,16.514385209681947,107.35917522677836,56.381003033426154,1.1276200606685232,129676.30697688015
BASE_6,COW_020,16.2893818,107.832841,J_00071,16.500172317744823,107.387722313213,52.952422409397755,1.0590484481879552,121790.57154161483
BASE_6,COW_020,16.2893818,107.832841,J_00072,16.393597378184786,107.47492481043388,39.91007900809933,0.7982015801619866,91793.18171862846
BASE_6,COW_020,16.2893818,107.832841,J_00073,16.311140756886953,108.00574411813372,18.61108245776935,0.37222164915538697,42805.4896528695
BASE_6,COW_020,16.2893818,107.832841,J_00074,16.521508537272283,107.40421975752768,52.50284052493379,1.0500568104986758,120756.53320734772
BASE_6,COW_020,16.2893818,107.832841,J_00075,16.402154789177548,107.47526188616476,40.16171626594577,0.8032343253189154,92371.94741167527
BASE_6,COW_020,16.2893818,107.832841,J_00076,16.588713873543426,107.3252892,63.544450404551746,1.2708890080910349,146152.235930469
BASE_6,COW_020,16.2893818,107.832841,J_00077,16.08851719650639,107.38588473919135,52.69601605483574,1.0539203210967147,121200.8369261222
BASE_6,COW_020,16.2893818,107.832841,J_00078,16.527850544725265,107.37652351643136,55.42780244695845,1.108556048939169,127483.94562800444
BASE_6,COW_020,16.2893818,107.832841,J_00079,16.085892686488275,107.36589613925749,54.757037662078,1.09514075324156,125941.1866227794
BASE_6,COW_020,16.2893818,107.832841,J_00080,16.291495257578905,108.0261164720742,20.629761467201085,0.4125952293440217,47448.45137456249
BASE_6,COW_020,16.2893818,107.832841,J_00081,16.382115370526147,107.0536835996094,83.77769712326005,1.675553942465201,192688.70338349813
BASE_6,COW_020,16.2893818,107.832841,J_00082,16.376677240357246,107.04298993910136,84.84006764724202,1.6968013529448405,195132.15558865666
BASE_6,COW_020,16.2893818,107.832841,J_00083,16.145727559220454,107.74412376098628,18.571005508540228,0.37142011017080456,42713.312669642524
BASE_6,COW_020,16.2893818,107.832841,J_00084,16.327564155367586,107.1717988691137,70.67459621732719,1.4134919243465438,162551.57129985254
BASE_6,COW_020,16.2893818,107.832841,J_00085,16.536406972867166,107.35115792249393,58.259717235943285,1.1651943447188657,133997.34964266955
BASE_6,COW_020,16.2893818,107.832841,J_00086,16.516865528399663,107.28775679746394,63.40754294819962,1.2681508589639925,145837.34878085912
BASE_6,COW_020,16.2893818,107.832841,J_00087,16.286613968463637,108.0076708460382,18.662478964150452,0.37324957928300906,42923.70161754604
BASE_6,COW_020,16.2893818,107.832841,J_00088,16.31580618944039,108.01104614910422,19.24440826435728,0.3848881652871456,44262.13900802174
BASE_6,COW_020,16.2893818,107.832841,J_00089,16.612873091094567,107.40389222873738,58.192920246699444,1.1638584049339888,133843.71656740873
BASE_6,COW_020,16.2893818,107.832841,J_00090,16.330456476800176,107.6200542865036,23.16336032622655,0.46326720652453096,53275.72875032106
BASE_6,COW_020,16.2893818,107.832841,J_00091,16.286166291524196,108.0212320394954,20.11055603606076,0.40221112072121523,46254.27888293975
BASE_6,COW_020,16.2893818,107.832841,J_00092,16.276565522813957,108.0303636867135,21.130644553126483,0.4226128910625297,48600.48247219091
BASE_6,COW_020,16.2893818,107.832841,J_00093,16.343745314767705,107.94446775635662,13.358402378329489,0.2671680475665898,30724.325470157823
BASE_6,COW_020,16.2893818,107.832841,J_00094,16.374390937218454,107.4611604849838,40.772181891258185,0.8154436378251637,93776.01834989383
BASE_6,COW_020,16.2893818,107.832841,J_00095,16.563745734293335,107.33058047516714,61.647267571632085,1.2329453514326416,141788.7154147538
BASE_6,COW_020,16.2893818,107.832841,J_00096,16.333238096088046,107.95986908838688,14.406798163129066,0.28813596326258134,33135.63577519685
BASE_6,COW_020,16.2893818,107.832841,J_00097,16.345740957020553,107.15320156741336,72.79854435144662,1.4559708870289325,167436.65200832722
BASE_6,COW_020,16.2893818,107.832841,J_00098,16.219107397405065,108.05398556961838,24.866922367062163,0.4973384473412433,57193.92144424297
BASE_6,COW_020,16.2893818,107.832841,J_00099,16.422942208064033,107.46784915441106,41.67847725082404,0.8335695450164807,95860.49767689529
BASE_6,COW_020,16.2893818,107.832841,J_00100,16.402644021436732,107.75780974463012,14.92338116909018,0.2984676233818036,34323.77668890741
BASE_6,COW_020,16.2893818,107.832841,J_00101,16.37524964320665,107.59276945006624,27.339033999215978,0.5467806799843196,62879.77819819675
BASE_6,COW_020,16.2893818,107.832841,J_00102,16.547556620418277,107.3098233592149,62.73866909023154,1.2547733818046307,144298.93890753255
BASE_6,COW_020,16.2893818,107.832841,J_00103,16.30681962375361,107.38568972103658,47.76226207388978,0.9552452414777955,109853.2027699465
BASE_6,COW_020,16.2893818,107.832841,J_00104,16.380155048074425,107.67675752946212,19.47491500060609,0.38949830001212177,44792.30450139401
BASE_6,COW_020,16.2893818,107.832841,J_00105,16.730113981967406,107.400003273698,67.31311756914276,1.3462623513828553,154820.17040902836
BASE_6,COW_020,16.2893818,107.832841,J_00106,16.369866099155256,107.60485959798804,25.921640460509384,0.5184328092101876,59619.77305917158
BASE_6,COW_020,16.2893818,107.832841,J_00107,16.113891588725753,107.66074099746874,26.80451987486114,0.5360903974972228,61650.39571218062
BASE_6,COW_020,16.2893818,107.832841,J_00108,16.362255190888888,107.77612445102936,10.113922212320192,0.20227844424640384,23262.02108833644
BASE_6,COW_020,16.2893818,107.832841,J_00109,16.309746863677077,107.75132688590683,8.989542238044384,0.1797908447608877,20675.947147502084
BASE_6,COW_020,16.2893818,107.832841,J_00110,16.32186391385828,107.73943123957228,10.603051468564122,0.21206102937128243,24387.01837769748
BASE_6,COW_020,16.2893818,107.832841,J_00111,16.372264871840603,107.6709710682885,19.577839651972806,0.3915567930394561,45029.03119953745
BASE_6,COW_020,16.2893818,107.832841,J_00112,16.329782686393113,107.41267661232116,45.06451887081877,0.9012903774163754,103648.39340288317
BASE_6,COW_020,16.2893818,107.832841,J_00113,16.320008469677312,107.70521742737984,14.039652590809444,0.2807930518161889,32291.200958861722
BASE_6,COW_020,16.2893818,107.832841,J_00114,16.74059460183718,107.3850389961322,69.25528025959204,1.385105605191841,159287.1445970617
BASE_6,COW_020,16.2893818,107.832841,J_00115,16.347584401325978,107.53061376748612,32.89521700497614,0.6579043400995228,75658.99911144513
BASE_6,COW_020,16.2893818,107.832841,J_00116,16.510544056993798,107.49977339066342,43.20940103558893,0.8641880207117787,99381.62238185454
BASE_6,COW_021,16.2893818,107.832841,J_00000,16.470828921881164,107.60955399746234,31.21687828888616,0.6243375657777233,71798.82006443817
BASE_6,COW_021,16.2893818,107.832841,J_00001,16.470362127018827,107.55930326094062,35.447695318835386,0.7089539063767077,81529.69923332139
BASE_6,COW_021,16.2893818,107.832841,J_00002,16.47424359958971,107.55772818698266,35.83175099152401,0.7166350198304802,82413.02728050522
BASE_6,COW_021,16.2893818,107.832841,J_00003,16.49348337564258,107.59002065245971,34.43878257501183,0.6887756515002366,79209.1999225272
BASE_6,COW_021,16.2893818,107.832841,J_00004,16.478745441146955,107.55129534455035,36.68074535788845,0.733614907157769,84365.71432314343
BASE_6,COW_021,16.2893818,107.832841,J_00005,16.487027304858945,107.54731760776494,37.55978682159664,0.7511957364319328,86387.50968967227
BASE_6,COW_021,16.2893818,107.832841,J_00006,16.532160339026593,107.44578496129934,49.32791500934563,0.9865583001869126,113454.20452149495
BASE_6,COW_021,16.2893818,107.832841,J_00007,16.476934281241164,107.53317577214604,38.16932759357559,0.7633865518715117,87789.45346522385
BASE_6,COW_021,16.2893818,107.832841,J_00008,16.54063239867831,107.44448001783373,49.96429586035726,0.9992859172071452,114917.8804788217
BASE_6,COW_021,16.2893818,107.832841,J_00009,16.531547558962664,107.69012324181722,30.93275448579272,0.6186550897158544,71145.33531732326
BASE_6,COW_021,16.2893818,107.832841,J_00010,16.52738878877641,107.68921427085154,30.57958457719111,0.6115916915438222,70333.04452753955
BASE_6,COW_021,16.2893818,107.832841,J_00011,16.53789357129583,107.68082715522364,32.039033927488475,0.6407806785497695,73689.7780332235
BASE_6,COW_021,16.2893818,107.832841,J_00012,16.524835706155326,107.69309264998252,30.127456896039202,0.602549137920784,69293.15086089016
BASE_6,COW_021,16.2893818,107.832841,J_00013,16.2729315745512,107.87292622951324,5.670216515727895,0.1134043303145579,13041.497986174158
BASE_6,COW_021,16.2893818,107.832841,J_00014,16.52317642712633,107.701478157211,29.5325570063013,0.590651140126026,67924.881114493
BASE_6,COW_021,16.2893818,107.832841,J_00015,16.564129718701782,107.59382455637665,39.78954109027692,0.7957908218055384,91515.94450763692
BASE_6,COW_021,16.2893818,107.832841,J_00016,16.55503728513068,107.61353852963492,37.678896039306466,0.7535779207861293,86661.46089040487
BASE_6,COW_021,16.2893818,107.832841,J_00017,16.56802006575831,107.6179667081558,38.53782593423594,0.7707565186847188,88636.99964874267
BASE_6,COW_021,16.2893818,107.832841,J_00018,16.493997607340088,107.53193954239708,39.34456411834788,0.7868912823669576,90492.49747220014
BASE_6,COW_021,16.2893818,107.832841,J_00019,16.543546895491804,107.42583058377517,51.8012689114361,1.0360253782287219,119142.91849630303
BASE_6,COW_021,16.2893818,107.832841,J_00020,16.242503801359586,107.2454051174484,62.9215232945422,1.2584304658908438,144719.50357744706
BASE_6,COW_021,16.2893818,107.832841,J_00021,16.45055723769587,107.72225686630698,21.45658414065044,0.4291316828130088,49350.14352349601
BASE_6,COW_021,16.2893818,107.832841,J_00022,16.504833393469443,107.6291677934963,32.341550256553916,0.6468310051310783,74385.56559007401
BASE_6,COW_021,16.2893818,107.832841,J_00023,16.57986665656081,107.58768387995444,41.55663730172832,0.8311327460345664,95580.26579397514
BASE_6,COW_021,16.2893818,107.832841,J_00024,16.23991207988329,107.25090001724132,62.36217871080638,1.2472435742161276,143433.0110348547
BASE_6,COW_021,16.2893818,107.832841,J_00025,16.250014260366132,107.24074792938237,63.35257273325643,1.2670514546651286,145710.9172864898
BASE_6,COW_021,16.2893818,107.832841,J_00026,16.459357749451215,107.7205673132457,22.376272665484475,0.4475254533096895,51465.42713061429
BASE_6,COW_021,16.2893818,107.832841,J_00027,16.656791523009364,107.34955392909389,65.76260205503712,1.3152520411007425,151253.9847265854
BASE_6,COW_021,16.2893818,107.832841,J_00028,16.230739178703335,108.0800528964888,27.1828803124507,0.5436576062490139,62520.62471863661
BASE_6,COW_021,16.2893818,107.832841,J_00029,16.582372023215015,107.36897627611086,59.23542595444605,1.184708519088921,136241.47969522592
BASE_6,COW_021,16.2893818,107.832841,J_00030,16.23582074671607,107.25576696739624,61.887461462451384,1.2377492292490277,142341.16136363818
BASE_6,COW_021,16.2893818,107.832841,J_00031,16.267972860818134,107.22291398151737,65.14531829279069,1.3029063658558138,149834.2320734186
BASE_6,COW_021,16.2893818,107.832841,J_00032,16.15816879245868,107.72785909820898,18.398560218525155,0.3679712043705031,42316.68850260786
BASE_6,COW_021,16.2893818,107.832841,J_00033,16.597430221109658,107.50487743972349,48.955462354945695,0.9791092470989139,112597.5634163751
BASE_6,COW_021,16.2893818,107.832841,J_00034,16.66429736358062,107.48232283480873,55.989759517343124,1.1197951903468626,128776.44688988918
BASE_6,COW_021,16.2893818,107.832841,J_00035,16.461689838165945,107.7055674468512,23.483213207065358,0.46966426414130713,54011.390376250325
BASE_6,COW_021,16.2893818,107.832841,J_00036,16.268139796636127,107.2187570048448,65.58802806113731,1.311760561222746,150852.4645406158
BASE_6,COW_021,16.2893818,107.832841,J_00037,16.56508206793363,107.52621803008316,44.82535692376977,0.8965071384753953,103098.32092467046
BASE_6,COW_021,16.2893818,107.832841,J_00038,16.46918567451601,107.70508512969802,24.19686266115131,0.4839372532230262,55652.784120648015
BASE_6,COW_021,16.2893818,107.832841,J_00039,16.569871522873257,107.536183895912,44.427839361579956,0.8885567872315991,102184.03053163389
BASE_6,COW_021,16.2893818,107.832841,J_00040,16.666607075648248,107.36250567880695,65.37989169769244,1.3075978339538488,150373.75090469263
BASE_6,COW_021,16.2893818,107.832841,J_00041,16.665155641834726,107.3688001600834,64.76238727399799,1.2952477454799598,148953.49073019536
BASE_6,COW_021,16.2893818,107.832841,J_00042,16.51315499139435,107.5606764490754,38.235872026466005,0.7647174405293201,87942.50566087182
BASE_6,COW_021,16.2893818,107.832841,J_00043,16.64927714226641,107.41145471933169,60.17060491866163,1.2034120983732326,138392.39131292174
BASE_6,COW_021,16.2893818,107.832841,J_00044,16.57166890824097,107.49529040517794,47.76339991064805,0.9552679982129609,109855.81979449051
BASE_6,COW_021,16.2893818,107.832841,J_00045,16.63143941985154,107.5110583130454,51.226201222970964,1.0245240244594194,117820.26281283321
BASE_6,COW_021,16.2893818,107.832841,J_00046,16.59440973361349,107.38534822450936,58.549016672217505,1.17098033344435,134662.73834610026
BASE_6,COW_021,16.2893818,107.832841,J_00047,16.599347151767944,107.49633576858352,49.757662311681386,0.9951532462336278,114442.62331686719
BASE_6,COW_021,16.2893818,107.832841,J_00048,16.28167999352194,107.97816386593117,15.534421350759926,0.3106884270151985,35729.16910674783
BASE_6,COW_021,16.2893818,107.832841,J_00049,16.277599338947514,107.9824641404575,16.023597010438433,0.3204719402087687,36854.273124008396
BASE_6,COW_021,16.2893818,107.832841,J_00050,16.462928914647218,107.64012940439612,28.19711111017042,0.5639422222034084,64853.35555339197
BASE_6,COW_021,16.2893818,107.832841,J_00051,16.601594932702508,107.48296237382375,50.965679718983004,1.01931359437966,117221.06335366091
BASE_6,COW_021,16.2893818,107.832841,J_00052,16.34480069014235,107.90990007727194,10.276139513375286,0.20552279026750572,23635.12088076316
BASE_6,COW_021,16.2893818,107.832841,J_00053,16.586804944456667,107.58305427522006,42.466778448582524,0.8493355689716505,97673.59043173981
BASE_6,COW_021,16.2893818,107.832841,J_00054,16.619028870649785,107.4534404914762,54.59464347954214,1.0918928695908428,125567.68000294693
BASE_6,COW_021,16.2893818,107.832841,J_00055,16.282227234021125,107.2142450904469,66.02949333336612,1.3205898666673224,151867.83466674207
BASE_6,COW_021,16.2893818,107.832841,J_00056,16.435088326817397,107.65074059522672,25.29759225131243,0.5059518450262486,58184.46217801859
BASE_6,COW_021,16.2893818,107.832841,J_00057,16.371952558474792,107.86327621053776,9.738921386500667,0.19477842773001336,22399.519188951534
BASE_6,COW_021,16.2893818,107.832841,J_00058,16.605809254100482,107.44852928114123,54.01613420442499,1.0803226840884999,124237.10867017749
BASE_6,COW_021,16.2893818,107.832841,J_00059,16.604451821387112,107.44540383479944,54.171840954581796,1.083436819091636,124595.23419553813
BASE_6,COW_021,16.2893818,107.832841,J_00060,16.41077084398415,107.70813735661868,18.953418244351383,0.37906836488702766,43592.86196200818
BASE_6,COW_021,16.2893818,107.832841,J_00061,16.423400400047356,107.82881823459424,14.908368065343844,0.2981673613068769,34289.24655029084
BASE_6,COW_021,16.2893818,107.832841,J_00062,16.392061127207906,107.71969303091058,16.616889057683508,0.3323377811536702,38218.84483267207
BASE_6,COW_021,16.2893818,107.832841,J_00063,16.51352049869946,107.39836603004166,52.621842577789884,1.0524368515557976,121030.23792891673
BASE_6,COW_021,16.2893818,107.832841,J_00064,16.12581966029344,107.33689825793644,55.990758304878504,1.1198151660975701,128778.74410122055
BASE_6,COW_021,16.2893818,107.832841,J_00065,16.58814063386911,107.58112744571652,42.711346273874405,0.8542269254774881,98236.09642991114
BASE_6,COW_021,16.2893818,107.832841,J_00066,16.311065134737067,108.00316203108642,18.336777902276985,0.3667355580455397,42174.589175237066
BASE_6,COW_021,16.2893818,107.832841,J_00067,16.51365978864296,107.39155449638712,53.27011134480445,1.065402226896089,122521.25609305024
BASE_6,COW_021,16.2893818,107.832841,J_00068,16.52448692518508,107.36199005595924,56.62069254954565,1.132413850990913,130227.592863955
BASE_6,COW_021,16.2893818,107.832841,J_00069,16.59106004686489,107.57447245809988,43.41119371060684,0.8682238742121368,99845.74553439573
BASE_6,COW_021,16.2893818,107.832841,J_00070,16.514385209681947,107.35917522677836,56.381003033426154,1.1276200606685232,129676.30697688015
BASE_6,COW_021,16.2893818,107.832841,J_00071,16.500172317744823,107.387722313213,52.952422409397755,1.0590484481879552,121790.57154161483
BASE_6,COW_021,16.2893818,107.832841,J_00072,16.393597378184786,107.47492481043388,39.91007900809933,0.7982015801619866,91793.18171862846
BASE_6,COW_021,16.2893818,107.832841,J_00073,16.311140756886953,108.00574411813372,18.61108245776935,0.37222164915538697,42805.4896528695
BASE_6,COW_021,16.2893818,107.832841,J_00074,16.521508537272283,107.40421975752768,52.50284052493379,1.0500568104986758,120756.53320734772
BASE_6,COW_021,16.2893818,107.832841,J_00075,16.402154789177548,107.47526188616476,40.16171626594577,0.8032343253189154,92371.94741167527
BASE_6,COW_021,16.2893818,107.832841,J_00076,16.588713873543426,107.3252892,63.544450404551746,1.2708890080910349,146152.235930469
BASE_6,COW_021,16.2893818,107.832841,J_00077,16.08851719650639,107.38588473919135,52.69601605483574,1.0539203210967147,121200.8369261222
BASE_6,COW_021,16.2893818,107.832841,J_00078,16.527850544725265,107.37652351643136,55.42780244695845,1.108556048939169,127483.94562800444
BASE_6,COW_021,16.2893818,107.832841,J_00079,16.085892686488275,107.36589613925749,54.757037662078,1.09514075324156,125941.1866227794
BASE_6,COW_021,16.2893818,107.832841,J_00080,16.291495257578905,108.0261164720742,20.629761467201085,0.4125952293440217,47448.45137456249
BASE_6,COW_021,16.2893818,107.832841,J_00081,16.382115370526147,107.0536835996094,83.77769712326005,1.675553942465201,192688.70338349813
BASE_6,COW_021,16.2893818,107.832841,J_00082,16.376677240357246,107.04298993910136,84.84006764724202,1.6968013529448405,195132.15558865666
BASE_6,COW_021,16.2893818,107.832841,J_00083,16.145727559220454,107.74412376098628,18.571005508540228,0.37142011017080456,42713.312669642524
BASE_6,COW_021,16.2893818,107.832841,J_00084,16.327564155367586,107.1717988691137,70.67459621732719,1.4134919243465438,162551.57129985254
BASE_6,COW_021,16.2893818,107.832841,J_00085,16.536406972867166,107.35115792249393,58.259717235943285,1.1651943447188657,133997.34964266955
BASE_6,COW_021,16.2893818,107.832841,J_00086,16.516865528399663,107.28775679746394,63.40754294819962,1.2681508589639925,145837.34878085912
BASE_6,COW_021,16.2893818,107.832841,J_00087,16.286613968463637,108.0076708460382,18.662478964150452,0.37324957928300906,42923.70161754604
BASE_6,COW_021,16.2893818,107.832841,J_00088,16.31580618944039,108.01104614910422,19.24440826435728,0.3848881652871456,44262.13900802174
BASE_6,COW_021,16.2893818,107.832841,J_00089,16.612873091094567,107.40389222873738,58.192920246699444,1.1638584049339888,133843.71656740873
BASE_6,COW_021,16.2893818,107.832841,J_00090,16.330456476800176,107.6200542865036,23.16336032622655,0.46326720652453096,53275.72875032106
BASE_6,COW_021,16.2893818,107.832841,J_00091,16.286166291524196,108.0212320394954,20.11055603606076,0.40221112072121523,46254.27888293975
BASE_6,COW_021,16.2893818,107.832841,J_00092,16.276565522813957,108.0303636867135,21.130644553126483,0.4226128910625297,48600.48247219091
BASE_6,COW_021,16.2893818,107.832841,J_00093,16.343745314767705,107.94446775635662,13.358402378329489,0.2671680475665898,30724.325470157823
BASE_6,COW_021,16.2893818,107.832841,J_00094,16.374390937218454,107.4611604849838,40.772181891258185,0.8154436378251637,93776.01834989383
BASE_6,COW_021,16.2893818,107.832841,J_00095,16.563745734293335,107.33058047516714,61.647267571632085,1.2329453514326416,141788.7154147538
BASE_6,COW_021,16.2893818,107.832841,J_00096,16.333238096088046,107.95986908838688,14.406798163129066,0.28813596326258134,33135.63577519685
BASE_6,COW_021,16.2893818,107.832841,J_00097,16.345740957020553,107.15320156741336,72.79854435144662,1.4559708870289325,167436.65200832722
BASE_6,COW_021,16.2893818,107.832841,J_00098,16.219107397405065,108.05398556961838,24.866922367062163,0.4973384473412433,57193.92144424297
BASE_6,COW_021,16.2893818,107.832841,J_00099,16.422942208064033,107.46784915441106,41.67847725082404,0.8335695450164807,95860.49767689529
BASE_6,COW_021,16.2893818,107.832841,J_00100,16.402644021436732,107.75780974463012,14.92338116909018,0.2984676233818036,34323.77668890741
BASE_6,COW_021,16.2893818,107.832841,J_00101,16.37524964320665,107.59276945006624,27.339033999215978,0.5467806799843196,62879.77819819675
BASE_6,COW_021,16.2893818,107.832841,J_00102,16.547556620418277,107.3098233592149,62.73866909023154,1.2547733818046307,144298.93890753255
BASE_6,COW_021,16.2893818,107.832841,J_00103,16.30681962375361,107.38568972103658,47.76226207388978,0.9552452414777955,109853.2027699465
BASE_6,COW_021,16.2893818,107.832841,J_00104,16.380155048074425,107.67675752946212,19.47491500060609,0.38949830001212177,44792.30450139401
BASE_6,COW_021,16.2893818,107.832841,J_00105,16.730113981967406,107.400003273698,67.31311756914276,1.3462623513828553,154820.17040902836
BASE_6,COW_021,16.2893818,107.832841,J_00106,16.369866099155256,107.60485959798804,25.921640460509384,0.5184328092101876,59619.77305917158
BASE_6,COW_021,16.2893818,107.832841,J_00107,16.113891588725753,107.66074099746874,26.80451987486114,0.5360903974972228,61650.39571218062
BASE_6,COW_021,16.2893818,107.832841,J_00108,16.362255190888888,107.77612445102936,10.113922212320192,0.20227844424640384,23262.02108833644
BASE_6,COW_021,16.2893818,107.832841,J_00109,16.309746863677077,107.75132688590683,8.989542238044384,0.1797908447608877,20675.947147502084
BASE_6,COW_021,16.2893818,107.832841,J_00110,16.32186391385828,107.73943123957228,10.603051468564122,0.21206102937128243,24387.01837769748
BASE_6,COW_021,16.2893818,107.832841,J_00111,16.372264871840603,107.6709710682885,19.577839651972806,0.3915567930394561,45029.03119953745
BASE_6,COW_021,16.2893818,107.832841,J_00112,16.329782686393113,107.41267661232116,45.06451887081877,0.9012903774163754,103648.39340288317
BASE_6,COW_021,16.2893818,107.832841,J_00113,16.320008469677312,107.70521742737984,14.039652590809444,0.2807930518161889,32291.200958861722
BASE_6,COW_021,16.2893818,107.832841,J_00114,16.74059460183718,107.3850389961322,69.25528025959204,1.385105605191841,159287.1445970617
BASE_6,COW_021,16.2893818,107.832841,J_00115,16.347584401325978,107.53061376748612,32.89521700497614,0.6579043400995228,75658.99911144513
BASE_6,COW_021,16.2893818,107.832841,J_00116,16.510544056993798,107.49977339066342,43.20940103558893,0.8641880207117787,99381.62238185454
BASE_6,COW_022,16.2893818,107.832841,J_00000,16.470828921881164,107.60955399746234,31.21687828888616,0.6243375657777233,71798.82006443817
BASE_6,COW_022,16.2893818,107.832841,J_00001,16.470362127018827,107.55930326094062,35.447695318835386,0.7089539063767077,81529.69923332139
BASE_6,COW_022,16.2893818,107.832841,J_00002,16.47424359958971,107.55772818698266,35.83175099152401,0.7166350198304802,82413.02728050522
BASE_6,COW_022,16.2893818,107.832841,J_00003,16.49348337564258,107.59002065245971,34.43878257501183,0.6887756515002366,79209.1999225272
BASE_6,COW_022,16.2893818,107.832841,J_00004,16.478745441146955,107.55129534455035,36.68074535788845,0.733614907157769,84365.71432314343
BASE_6,COW_022,16.2893818,107.832841,J_00005,16.487027304858945,107.54731760776494,37.55978682159664,0.7511957364319328,86387.50968967227
BASE_6,COW_022,16.2893818,107.832841,J_00006,16.532160339026593,107.44578496129934,49.32791500934563,0.9865583001869126,113454.20452149495
BASE_6,COW_022,16.2893818,107.832841,J_00007,16.476934281241164,107.53317577214604,38.16932759357559,0.7633865518715117,87789.45346522385
BASE_6,COW_022,16.2893818,107.832841,J_00008,16.54063239867831,107.44448001783373,49.96429586035726,0.9992859172071452,114917.8804788217
BASE_6,COW_022,16.2893818,107.832841,J_00009,16.531547558962664,107.69012324181722,30.93275448579272,0.6186550897158544,71145.33531732326
BASE_6,COW_022,16.2893818,107.832841,J_00010,16.52738878877641,107.68921427085154,30.57958457719111,0.6115916915438222,70333.04452753955
BASE_6,COW_022,16.2893818,107.832841,J_00011,16.53789357129583,107.68082715522364,32.039033927488475,0.6407806785497695,73689.7780332235
BASE_6,COW_022,16.2893818,107.832841,J_00012,16.524835706155326,107.69309264998252,30.127456896039202,0.602549137920784,69293.15086089016
BASE_6,COW_022,16.2893818,107.832841,J_00013,16.2729315745512,107.87292622951324,5.670216515727895,0.1134043303145579,13041.497986174158
BASE_6,COW_022,16.2893818,107.832841,J_00014,16.52317642712633,107.701478157211,29.5325570063013,0.590651140126026,67924.881114493
BASE_6,COW_022,16.2893818,107.832841,J_00015,16.564129718701782,107.59382455637665,39.78954109027692,0.7957908218055384,91515.94450763692
BASE_6,COW_022,16.2893818,107.832841,J_00016,16.55503728513068,107.61353852963492,37.678896039306466,0.7535779207861293,86661.46089040487
BASE_6,COW_022,16.2893818,107.832841,J_00017,16.56802006575831,107.6179667081558,38.53782593423594,0.7707565186847188,88636.99964874267
BASE_6,COW_022,16.2893818,107.832841,J_00018,16.493997607340088,107.53193954239708,39.34456411834788,0.7868912823669576,90492.49747220014
BASE_6,COW_022,16.2893818,107.832841,J_00019,16.543546895491804,107.42583058377517,51.8012689114361,1.0360253782287219,119142.91849630303
BASE_6,COW_022,16.2893818,107.832841,J_00020,16.242503801359586,107.2454051174484,62.9215232945422,1.2584304658908438,144719.50357744706
BASE_6,COW_022,16.2893818,107.832841,J_00021,16.45055723769587,107.72225686630698,21.45658414065044,0.4291316828130088,49350.14352349601
BASE_6,COW_022,16.2893818,107.832841,J_00022,16.504833393469443,107.6291677934963,32.341550256553916,0.6468310051310783,74385.56559007401
BASE_6,COW_022,16.2893818,107.832841,J_00023,16.57986665656081,107.58768387995444,41.55663730172832,0.8311327460345664,95580.26579397514
BASE_6,COW_022,16.2893818,107.832841,J_00024,16.23991207988329,107.25090001724132,62.36217871080638,1.2472435742161276,143433.0110348547
BASE_6,COW_022,16.2893818,107.832841,J_00025,16.250014260366132,107.24074792938237,63.35257273325643,1.2670514546651286,145710.9172864898
BASE_6,COW_022,16.2893818,107.832841,J_00026,16.459357749451215,107.7205673132457,22.376272665484475,0.4475254533096895,51465.42713061429
BASE_6,COW_022,16.2893818,107.832841,J_00027,16.656791523009364,107.34955392909389,65.76260205503712,1.3152520411007425,151253.9847265854
BASE_6,COW_022,16.2893818,107.832841,J_00028,16.230739178703335,108.0800528964888,27.1828803124507,0.5436576062490139,62520.62471863661
BASE_6,COW_022,16.2893818,107.832841,J_00029,16.582372023215015,107.36897627611086,59.23542595444605,1.184708519088921,136241.47969522592
BASE_6,COW_022,16.2893818,107.832841,J_00030,16.23582074671607,107.25576696739624,61.887461462451384,1.2377492292490277,142341.16136363818
BASE_6,COW_022,16.2893818,107.832841,J_00031,16.267972860818134,107.22291398151737,65.14531829279069,1.3029063658558138,149834.2320734186
BASE_6,COW_022,16.2893818,107.832841,J_00032,16.15816879245868,107.72785909820898,18.398560218525155,0.3679712043705031,42316.68850260786
BASE_6,COW_022,16.2893818,107.832841,J_00033,16.597430221109658,107.50487743972349,48.955462354945695,0.9791092470989139,112597.5634163751
BASE_6,COW_022,16.2893818,107.832841,J_00034,16.66429736358062,107.48232283480873,55.989759517343124,1.1197951903468626,128776.44688988918
BASE_6,COW_022,16.2893818,107.832841,J_00035,16.461689838165945,107.7055674468512,23.483213207065358,0.46966426414130713,54011.390376250325
BASE_6,COW_022,16.2893818,107.832841,J_00036,16.268139796636127,107.2187570048448,65.58802806113731,1.311760561222746,150852.4645406158
BASE_6,COW_022,16.2893818,107.832841,J_00037,16.56508206793363,107.52621803008316,44.82535692376977,0.8965071384753953,103098.32092467046
BASE_6,COW_022,16.2893818,107.832841,J_00038,16.46918567451601,107.70508512969802,24.19686266115131,0.4839372532230262,55652.784120648015
BASE_6,COW_022,16.2893818,107.832841,J_00039,16.569871522873257,107.536183895912,44.427839361579956,0.8885567872315991,102184.03053163389
BASE_6,COW_022,16.2893818,107.832841,J_00040,16.666607075648248,107.36250567880695,65.37989169769244,1.3075978339538488,150373.75090469263
BASE_6,COW_022,16.2893818,107.832841,J_00041,16.665155641834726,107.3688001600834,64.76238727399799,1.2952477454799598,148953.49073019536
BASE_6,COW_022,16.2893818,107.832841,J_00042,16.51315499139435,107.5606764490754,38.235872026466005,0.7647174405293201,87942.50566087182
BASE_6,COW_022,16.2893818,107.832841,J_00043,16.64927714226641,107.41145471933169,60.17060491866163,1.2034120983732326,138392.39131292174
BASE_6,COW_022,16.2893818,107.832841,J_00044,16.57166890824097,107.49529040517794,47.76339991064805,0.9552679982129609,109855.81979449051
BASE_6,COW_022,16.2893818,107.832841,J_00045,16.63143941985154,107.5110583130454,51.226201222970964,1.0245240244594194,117820.26281283321
BASE_6,COW_022,16.2893818,107.832841,J_00046,16.59440973361349,107.38534822450936,58.549016672217505,1.17098033344435,134662.73834610026
BASE_6,COW_022,16.2893818,107.832841,J_00047,16.599347151767944,107.49633576858352,49.757662311681386,0.9951532462336278,114442.62331686719
BASE_6,COW_022,16.2893818,107.832841,J_00048,16.28167999352194,107.97816386593117,15.534421350759926,0.3106884270151985,35729.16910674783
BASE_6,COW_022,16.2893818,107.832841,J_00049,16.277599338947514,107.9824641404575,16.023597010438433,0.3204719402087687,36854.273124008396
BASE_6,COW_022,16.2893818,107.832841,J_00050,16.462928914647218,107.64012940439612,28.19711111017042,0.5639422222034084,64853.35555339197
BASE_6,COW_022,16.2893818,107.832841,J_00051,16.601594932702508,107.48296237382375,50.965679718983004,1.01931359437966,117221.06335366091
BASE_6,COW_022,16.2893818,107.832841,J_00052,16.34480069014235,107.90990007727194,10.276139513375286,0.20552279026750572,23635.12088076316
BASE_6,COW_022,16.2893818,107.832841,J_00053,16.586804944456667,107.58305427522006,42.466778448582524,0.8493355689716505,97673.59043173981
BASE_6,COW_022,16.2893818,107.832841,J_00054,16.619028870649785,107.4534404914762,54.59464347954214,1.0918928695908428,125567.68000294693
BASE_6,COW_022,16.2893818,107.832841,J_00055,16.282227234021125,107.2142450904469,66.02949333336612,1.3205898666673224,151867.83466674207
BASE_6,COW_022,16.2893818,107.832841,J_00056,16.435088326817397,107.65074059522672,25.29759225131243,0.5059518450262486,58184.46217801859
BASE_6,COW_022,16.2893818,107.832841,J_00057,16.371952558474792,107.86327621053776,9.738921386500667,0.19477842773001336,22399.519188951534
BASE_6,COW_022,16.2893818,107.832841,J_00058,16.605809254100482,107.44852928114123,54.01613420442499,1.0803226840884999,124237.10867017749
BASE_6,COW_022,16.2893818,107.832841,J_00059,16.604451821387112,107.44540383479944,54.171840954581796,1.083436819091636,124595.23419553813
BASE_6,COW_022,16.2893818,107.832841,J_00060,16.41077084398415,107.70813735661868,18.953418244351383,0.37906836488702766,43592.86196200818
BASE_6,COW_022,16.2893818,107.832841,J_00061,16.423400400047356,107.82881823459424,14.908368065343844,0.2981673613068769,34289.24655029084
BASE_6,COW_022,16.2893818,107.832841,J_00062,16.392061127207906,107.71969303091058,16.616889057683508,0.3323377811536702,38218.84483267207
BASE_6,COW_022,16.2893818,107.832841,J_00063,16.51352049869946,107.39836603004166,52.621842577789884,1.0524368515557976,121030.23792891673
BASE_6,COW_022,16.2893818,107.832841,J_00064,16.12581966029344,107.33689825793644,55.990758304878504,1.1198151660975701,128778.74410122055
BASE_6,COW_022,16.2893818,107.832841,J_00065,16.58814063386911,107.58112744571652,42.711346273874405,0.8542269254774881,98236.09642991114
BASE_6,COW_022,16.2893818,107.832841,J_00066,16.311065134737067,108.00316203108642,18.336777902276985,0.3667355580455397,42174.589175237066
BASE_6,COW_022,16.2893818,107.832841,J_00067,16.51365978864296,107.39155449638712,53.27011134480445,1.065402226896089,122521.25609305024
BASE_6,COW_022,16.2893818,107.832841,J_00068,16.52448692518508,107.36199005595924,56.62069254954565,1.132413850990913,130227.592863955
BASE_6,COW_022,16.2893818,107.832841,J_00069,16.59106004686489,107.57447245809988,43.41119371060684,0.8682238742121368,99845.74553439573
BASE_6,COW_022,16.2893818,107.832841,J_00070,16.514385209681947,107.35917522677836,56.381003033426154,1.1276200606685232,129676.30697688015
BASE_6,COW_022,16.2893818,107.832841,J_00071,16.500172317744823,107.387722313213,52.952422409397755,1.0590484481879552,121790.57154161483
BASE_6,COW_022,16.2893818,107.832841,J_00072,16.393597378184786,107.47492481043388,39.91007900809933,0.7982015801619866,91793.18171862846
BASE_6,COW_022,16.2893818,107.832841,J_00073,16.311140756886953,108.00574411813372,18.61108245776935,0.37222164915538697,42805.4896528695
BASE_6,COW_022,16.2893818,107.832841,J_00074,16.521508537272283,107.40421975752768,52.50284052493379,1.0500568104986758,120756.53320734772
BASE_6,COW_022,16.2893818,107.832841,J_00075,16.402154789177548,107.47526188616476,40.16171626594577,0.8032343253189154,92371.94741167527
BASE_6,COW_022,16.2893818,107.832841,J_00076,16.588713873543426,107.3252892,63.544450404551746,1.2708890080910349,146152.235930469
BASE_6,COW_022,16.2893818,107.832841,J_00077,16.08851719650639,107.38588473919135,52.69601605483574,1.0539203210967147,121200.8369261222
BASE_6,COW_022,16.2893818,107.832841,J_00078,16.527850544725265,107.37652351643136,55.42780244695845,1.108556048939169,127483.94562800444
BASE_6,COW_022,16.2893818,107.832841,J_00079,16.085892686488275,107.36589613925749,54.757037662078,1.09514075324156,125941.1866227794
BASE_6,COW_022,16.2893818,107.832841,J_00080,16.291495257578905,108.0261164720742,20.629761467201085,0.4125952293440217,47448.45137456249
BASE_6,COW_022,16.2893818,107.832841,J_00081,16.382115370526147,107.0536835996094,83.77769712326005,1.675553942465201,192688.70338349813
BASE_6,COW_022,16.2893818,107.832841,J_00082,16.376677240357246,107.04298993910136,84.84006764724202,1.6968013529448405,195132.15558865666
BASE_6,COW_022,16.2893818,107.832841,J_00083,16.145727559220454,107.74412376098628,18.571005508540228,0.37142011017080456,42713.312669642524
BASE_6,COW_022,16.2893818,107.832841,J_00084,16.327564155367586,107.1717988691137,70.67459621732719,1.4134919243465438,162551.57129985254
BASE_6,COW_022,16.2893818,107.832841,J_00085,16.536406972867166,107.35115792249393,58.259717235943285,1.1651943447188657,133997.34964266955
BASE_6,COW_022,16.2893818,107.832841,J_00086,16.516865528399663,107.28775679746394,63.40754294819962,1.2681508589639925,145837.34878085912
BASE_6,COW_022,16.2893818,107.832841,J_00087,16.286613968463637,108.0076708460382,18.662478964150452,0.37324957928300906,42923.70161754604
BASE_6,COW_022,16.2893818,107.832841,J_00088,16.31580618944039,108.01104614910422,19.24440826435728,0.3848881652871456,44262.13900802174
BASE_6,COW_022,16.2893818,107.832841,J_00089,16.612873091094567,107.40389222873738,58.192920246699444,1.1638584049339888,133843.71656740873
BASE_6,COW_022,16.2893818,107.832841,J_00090,16.330456476800176,107.6200542865036,23.16336032622655,0.46326720652453096,53275.72875032106
BASE_6,COW_022,16.2893818,107.832841,J_00091,16.286166291524196,108.0212320394954,20.11055603606076,0.40221112072121523,46254.27888293975
BASE_6,COW_022,16.2893818,107.832841,J_00092,16.276565522813957,108.0303636867135,21.130644553126483,0.4226128910625297,48600.48247219091
BASE_6,COW_022,16.2893818,107.832841,J_00093,16.343745314767705,107.94446775635662,13.358402378329489,0.2671680475665898,30724.325470157823
BASE_6,COW_022,16.2893818,107.832841,J_00094,16.374390937218454,107.4611604849838,40.772181891258185,0.8154436378251637,93776.01834989383
BASE_6,COW_022,16.2893818,107.832841,J_00095,16.563745734293335,107.33058047516714,61.647267571632085,1.2329453514326416,141788.7154147538
BASE_6,COW_022,16.2893818,107.832841,J_00096,16.333238096088046,107.95986908838688,14.406798163129066,0.28813596326258134,33135.63577519685
BASE_6,COW_022,16.2893818,107.832841,J_00097,16.345740957020553,107.15320156741336,72.79854435144662,1.4559708870289325,167436.65200832722
BASE_6,COW_022,16.2893818,107.832841,J_00098,16.219107397405065,108.05398556961838,24.866922367062163,0.4973384473412433,57193.92144424297
BASE_6,COW_022,16.2893818,107.832841,J_00099,16.422942208064033,107.46784915441106,41.67847725082404,0.8335695450164807,95860.49767689529
BASE_6,COW_022,16.2893818,107.832841,J_00100,16.402644021436732,107.75780974463012,14.92338116909018,0.2984676233818036,34323.77668890741
BASE_6,COW_022,16.2893818,107.832841,J_00101,16.37524964320665,107.59276945006624,27.339033999215978,0.5467806799843196,62879.77819819675
BASE_6,COW_022,16.2893818,107.832841,J_00102,16.547556620418277,107.3098233592149,62.73866909023154,1.2547733818046307,144298.93890753255
BASE_6,COW_022,16.2893818,107.832841,J_00103,16.30681962375361,107.38568972103658,47.76226207388978,0.9552452414777955,109853.2027699465
BASE_6,COW_022,16.2893818,107.832841,J_00104,16.380155048074425,107.67675752946212,19.47491500060609,0.38949830001212177,44792.30450139401
BASE_6,COW_022,16.2893818,107.832841,J_00105,16.730113981967406,107.400003273698,67.31311756914276,1.3462623513828553,154820.17040902836
BASE_6,COW_022,16.2893818,107.832841,J_00106,16.369866099155256,107.60485959798804,25.921640460509384,0.5184328092101876,59619.77305917158
BASE_6,COW_022,16.2893818,107.832841,J_00107,16.113891588725753,107.66074099746874,26.80451987486114,0.5360903974972228,61650.39571218062
BASE_6,COW_022,16.2893818,107.832841,J_00108,16.362255190888888,107.77612445102936,10.113922212320192,0.20227844424640384,23262.02108833644
BASE_6,COW_022,16.2893818,107.832841,J_00109,16.309746863677077,107.75132688590683,8.989542238044384,0.1797908447608877,20675.947147502084
BASE_6,COW_022,16.2893818,107.832841,J_00110,16.32186391385828,107.73943123957228,10.603051468564122,0.21206102937128243,24387.01837769748
BASE_6,COW_022,16.2893818,107.832841,J_00111,16.372264871840603,107.6709710682885,19.577839651972806,0.3915567930394561,45029.03119953745
BASE_6,COW_022,16.2893818,107.832841,J_00112,16.329782686393113,107.41267661232116,45.06451887081877,0.9012903774163754,103648.39340288317
BASE_6,COW_022,16.2893818,107.832841,J_00113,16.320008469677312,107.70521742737984,14.039652590809444,0.2807930518161889,32291.200958861722
BASE_6,COW_022,16.2893818,107.832841,J_00114,16.74059460183718,107.3850389961322,69.25528025959204,1.385105605191841,159287.1445970617
BASE_6,COW_022,16.2893818,107.832841,J_00115,16.347584401325978,107.53061376748612,32.89521700497614,0.6579043400995228,75658.99911144513
BASE_6,COW_022,16.2893818,107.832841,J_00116,16.510544056993798,107.49977339066342,43.20940103558893,0.8641880207117787,99381.62238185454
BASE_6,COW_023,16.2893818,107.832841,J_00000,16.470828921881164,107.60955399746234,31.21687828888616,0.5675796052524756,71798.82006443817
BASE_6,COW_023,16.2893818,107.832841,J_00001,16.470362127018827,107.55930326094062,35.447695318835386,0.6445035512515525,81529.69923332139
BASE_6,COW_023,16.2893818,107.832841,J_00002,16.47424359958971,107.55772818698266,35.83175099152401,0.6514863816640729,82413.02728050522
BASE_6,COW_023,16.2893818,107.832841,J_00003,16.49348337564258,107.59002065245971,34.43878257501183,0.6261596831820332,79209.1999225272
BASE_6,COW_023,16.2893818,107.832841,J_00004,16.478745441146955,107.55129534455035,36.68074535788845,0.666922642870699,84365.71432314343
BASE_6,COW_023,16.2893818,107.832841,J_00005,16.487027304858945,107.54731760776494,37.55978682159664,0.6829052149381207,86387.50968967227
BASE_6,COW_023,16.2893818,107.832841,J_00006,16.532160339026593,107.44578496129934,49.32791500934563,0.8968711819881023,113454.20452149495
BASE_6,COW_023,16.2893818,107.832841,J_00007,16.476934281241164,107.53317577214604,38.16932759357559,0.693987774428647,87789.45346522385
BASE_6,COW_023,16.2893818,107.832841,J_00008,16.54063239867831,107.44448001783373,49.96429586035726,0.9084417429155865,114917.8804788217
BASE_6,COW_023,16.2893818,107.832841,J_00009,16.531547558962664,107.69012324181722,30.93275448579272,0.562413717923504,71145.33531732326
BASE_6,COW_023,16.2893818,107.832841,J_00010,16.52738878877641,107.68921427085154,30.57958457719111,0.5559924468580202,70333.04452753955
BASE_6,COW_023,16.2893818,107.832841,J_00011,16.53789357129583,107.68082715522364,32.039033927488475,0.5825278895906996,73689.7780332235
BASE_6,COW_023,16.2893818,107.832841,J_00012,16.524835706155326,107.69309264998252,30.127456896039202,0.5477719435643491,69293.15086089016
BASE_6,COW_023,16.2893818,107.832841,J_00013,16.2729315745512,107.87292622951324,5.670216515727895,0.10309484574050719,13041.497986174158
BASE_6,COW_023,16.2893818,107.832841,J_00014,16.52317642712633,107.701478157211,29.5325570063013,0.536955581932751,67924.881114493
BASE_6,COW_023,16.2893818,107.832841,J_00015,16.564129718701782,107.59382455637665,39.78954109027692,0.7234462016413985,91515.94450763692
BASE_6,COW_023,16.2893818,107.832841,J_00016,16.55503728513068,107.61353852963492,37.678896039306466,0.6850708370782994,86661.46089040487
BASE_6,COW_023,16.2893818,107.832841,J_00017,16.56802006575831,107.6179667081558,38.53782593423594,0.7006877442588353,88636.99964874267
BASE_6,COW_023,16.2893818,107.832841,J_00018,16.493997607340088,107.53193954239708,39.34456411834788,0.7153557112426888,90492.49747220014
BASE_6,COW_023,16.2893818,107.832841,J_00019,16.543546895491804,107.42583058377517,51.8012689114361,0.9418412529352017,119142.91849630303
BASE_6,COW_023,16.2893818,107.832841,J_00020,16.242503801359586,107.2454051174484,62.9215232945422,1.1440276962644036,144719.50357744706
BASE_6,COW_023,16.2893818,107.832841,J_00021,16.45055723769587,107.72225686630698,21.45658414065044,0.39011971164818976,49350.14352349601
BASE_6,COW_023,16.2893818,107.832841,J_00022,16.504833393469443,107.6291677934963,32.341550256553916,0.5880281864827984,74385.56559007401
BASE_6,COW_023,16.2893818,107.832841,J_00023,16.57986665656081,107.58768387995444,41.55663730172832,0.7555752236677877,95580.26579397514
BASE_6,COW_023,16.2893818,107.832841,J_00024,16.23991207988329,107.25090001724132,62.36217871080638,1.1338577947419342,143433.0110348547
BASE_6,COW_023,16.2893818,107.832841,J_00025,16.250014260366132,107.24074792938237,63.35257273325643,1.1518649587864807,145710.9172864898
BASE_6,COW_023,16.2893818,107.832841,J_00026,16.459357749451215,107.7205673132457,22.376272665484475,0.4068413211906268,51465.42713061429
BASE_6,COW_023,16.2893818,107.832841,J_00027,16.656791523009364,107.34955392909389,65.76260205503712,1.1956836737279477,151253.9847265854
BASE_6,COW_023,16.2893818,107.832841,J_00028,16.230739178703335,108.0800528964888,27.1828803124507,0.49423418749910364,62520.62471863661
BASE_6,COW_023,16.2893818,107.832841,J_00029,16.582372023215015,107.36897627611086,59.23542595444605,1.0770077446262918,136241.47969522592
BASE_6,COW_023,16.2893818,107.832841,J_00030,16.23582074671607,107.25576696739624,61.887461462451384,1.1252265720445707,142341.16136363818
BASE_6,COW_023,16.2893818,107.832841,J_00031,16.267972860818134,107.22291398151737,65.14531829279069,1.1844603325961944,149834.2320734186
BASE_6,COW_023,16.2893818,107.832841,J_00032,16.15816879245868,107.72785909820898,18.398560218525155,0.3345192767004574,42316.68850260786
BASE_6,COW_023,16.2893818,107.832841,J_00033,16.597430221109658,107.50487743972349,48.955462354945695,0.8900993155444672,112597.5634163751
BASE_6,COW_023,16.2893818,107.832841,J_00034,16.66429736358062,107.48232283480873,55.989759517343124,1.0179956275880568,128776.44688988918
BASE_6,COW_023,16.2893818,107.832841,J_00035,16.461689838165945,107.7055674468512,23.483213207065358,0.42696751285573376,54011.390376250325
BASE_6,COW_023,16.2893818,107.832841,J_00036,16.268139796636127,107.2187570048448,65.58802806113731,1.1925096011115874,150852.4645406158
BASE_6,COW_023,16.2893818,107.832841,J_00037,16.56508206793363,107.52621803008316,44.82535692376977,0.8150064895230866,103098.32092467046
BASE_6,COW_023,16.2893818,107.832841,J_00038,16.46918567451601,107.70508512969802,24.19686266115131,0.4399429574754784,55652.784120648015
BASE_6,COW_023,16.2893818,107.832841,J_00039,16.569871522873257,107.536183895912,44.427839361579956,0.8077788974832719,102184.03053163389
BASE_6,COW_023,16.2893818,107.832841,J_00040,16.666607075648248,107.36250567880695,65.37989169769244,1.188725303594408,150373.75090469263
BASE_6,COW_023,16.2893818,107.832841,J_00041,16.665155641834726,107.3688001600834,64.76238727399799,1.177497950436327,148953.49073019536
BASE_6,COW_023,16.2893818,107.832841,J_00042,16.51315499139435,107.5606764490754,38.235872026466005,0.6951976732084728,87942.50566087182
BASE_6,COW_023,16.2893818,107.832841,J_00043,16.64927714226641,107.41145471933169,60.17060491866163,1.0940109985211206,138392.39131292174
BASE_6,COW_023,16.2893818,107.832841,J_00044,16.57166890824097,107.49529040517794,47.76339991064805,0.8684254529208736,109855.81979449051
BASE_6,COW_023,16.2893818,107.832841,J_00045,16.63143941985154,107.5110583130454,51.226201222970964,0.9313854767812902,117820.26281283321
BASE_6,COW_023,16.2893818,107.832841,J_00046,16.59440973361349,107.38534822450936,58.549016672217505,1.0645275758585,134662.73834610026
BASE_6,COW_023,16.2893818,107.832841,J_00047,16.599347151767944,107.49633576858352,49.757662311681386,0.9046847693032979,114442.62331686719
BASE_6,COW_023,16.2893818,107.832841,J_00048,16.28167999352194,107.97816386593117,15.534421350759926,0.28244402455927137,35729.16910674783
BASE_6,COW_023,16.2893818,107.832841,J_00049,16.277599338947514,107.9824641404575,16.023597010438433,0.29133812746251697,36854.273124008396
BASE_6,COW_023,16.2893818,107.832841,J_00050,16.462928914647218,107.64012940439612,28.19711111017042,0.5126747474576441,64853.35555339197
BASE_6,COW_023,16.2893818,107.832841,J_00051,16.601594932702508,107.48296237382375,50.965679718983004,0.9266487221633274,117221.06335366091
BASE_6,COW_023,16.2893818,107.832841,J_00052,16.34480069014235,107.90990007727194,10.276139513375286,0.18683890024318703,23635.12088076316
BASE_6,COW_023,16.2893818,107.832841,J_00053,16.586804944456667,107.58305427522006,42.466778448582524,0.7721232445196823,97673.59043173981
BASE_6,COW_023,16.2893818,107.832841,J_00054,16.619028870649785,107.4534404914762,54.59464347954214,0.9926298814462208,125567.68000294693
BASE_6,COW_023,16.2893818,107.832841,J_00055,16.282227234021125,107.2142450904469,66.02949333336612,1.2005362424248385,151867.83466674207
BASE_6,COW_023,16.2893818,107.832841,J_00056,16.435088326817397,107.65074059522672,25.29759225131243,0.45995622275113507,58184.46217801859
BASE_6,COW_023,16.2893818,107.832841,J_00057,16.371952558474792,107.86327621053776,9.738921386500667,0.17707129793637577,22399.519188951534
BASE_6,COW_023,16.2893818,107.832841,J_00058,16.605809254100482,107.44852928114123,54.01613420442499,0.9821115309895453,124237.10867017749
BASE_6,COW_023,16.2893818,107.832841,J_00059,16.604451821387112,107.44540383479944,54.171840954581796,0.9849425628105781,124595.23419553813
BASE_6,COW_023,16.2893818,107.832841,J_00060,16.41077084398415,107.70813735661868,18.953418244351383,0.3446076044427524,43592.86196200818
BASE_6,COW_023,16.2893818,107.832841,J_00061,16.423400400047356,107.82881823459424,14.908368065343844,0.27106123755170625,34289.24655029084
BASE_6,COW_023,16.2893818,107.832841,J_00062,16.392061127207906,107.71969303091058,16.616889057683508,0.3021252555942456,38218.84483267207
BASE_6,COW_023,16.2893818,107.832841,J_00063,16.51352049869946,107.39836603004166,52.621842577789884,0.9567607741416343,121030.23792891673
BASE_6,COW_023,16.2893818,107.832841,J_00064,16.12581966029344,107.33689825793644,55.990758304878504,1.0180137873614274,128778.74410122055
BASE_6,COW_023,16.2893818,107.832841,J_00065,16.58814063386911,107.58112744571652,42.711346273874405,0.7765699322522619,98236.09642991114
BASE_6,COW_023,16.2893818,107.832841,J_00066,16.311065134737067,108.00316203108642,18.336777902276985,0.33339596185958154,42174.589175237066
BASE_6,COW_023,16.2893818,107.832841,J_00067,16.51365978864296,107.39155449638712,53.27011134480445,0.9685474789964446,122521.25609305024
BASE_6,COW_023,16.2893818,107.832841,J_00068,16.52448692518508,107.36199005595924,56.62069254954565,1.0294671372644664,130227.592863955
BASE_6,COW_023,16.2893818,107.832841,J_00069,16.59106004686489,107.57447245809988,43.41119371060684,0.7892944311019425,99845.74553439573
BASE_6,COW_023,16.2893818,107.832841,J_00070,16.514385209681947,107.35917522677836,56.381003033426154,1.0251091460622936,129676.30697688015
BASE_6,COW_023,16.2893818,107.832841,J_00071,16.500172317744823,107.387722313213,52.952422409397755,0.9627713165345047,121790.57154161483
BASE_6,COW_023,16.2893818,107.832841,J_00072,16.393597378184786,107.47492481043388,39.91007900809933,0.7256378001472605,91793.18171862846
BASE_6,COW_023,16.2893818,107.832841,J_00073,16.311140756886953,108.00574411813372,18.61108245776935,0.3383833174139882,42805.4896528695
BASE_6,COW_023,16.2893818,107.832841,J_00074,16.521508537272283,107.40421975752768,52.50284052493379,0.9545971004533416,120756.53320734772
BASE_6,COW_023,16.2893818,107.832841,J_00075,16.402154789177548,107.47526188616476,40.16171626594577,0.7302130230171958,92371.94741167527
BASE_6,COW_023,16.2893818,107.832841,J_00076,16.588713873543426,107.3252892,63.544450404551746,1.1553536437191227,146152.235930469
BASE_6,COW_023,16.2893818,107.832841,J_00077,16.08851719650639,107.38588473919135,52.69601605483574,0.9581093828151952,121200.8369261222
BASE_6,COW_023,16.2893818,107.832841,J_00078,16.527850544725265,107.37652351643136,55.42780244695845,1.0077782263083355,127483.94562800444
BASE_6,COW_023,16.2893818,107.832841,J_00079,16.085892686488275,107.36589613925749,54.757037662078,0.9955825029468727,125941.1866227794
BASE_6,COW_023,16.2893818,107.832841,J_00080,16.291495257578905,108.0261164720742,20.629761467201085,0.37508657213092883,47448.45137456249
BASE_6,COW_023,16.2893818,107.832841,J_00081,16.382115370526147,107.0536835996094,83.77769712326005,1.5232308567865465,192688.70338349813
BASE_6,COW_023,16.2893818,107.832841,J_00082,16.376677240357246,107.04298993910136,84.84006764724202,1.5425466844953095,195132.15558865666
BASE_6,COW_023,16.2893818,107.832841,J_00083,16.145727559220454,107.74412376098628,18.571005508540228,0.33765464560982233,42713.312669642524
BASE_6,COW_023,16.2893818,107.832841,J_00084,16.327564155367586,107.1717988691137,70.67459621732719,1.284992658496858,162551.57129985254
BASE_6,COW_023,16.2893818,107.832841,J_00085,16.536406972867166,107.35115792249393,58.259717235943285,1.0592675861080598,133997.34964266955
BASE_6,COW_023,16.2893818,107.832841,J_00086,16.516865528399663,107.28775679746394,63.40754294819962,1.1528644172399931,145837.34878085912
BASE_6,COW_023,16.2893818,107.832841,J_00087,16.286613968463637,108.0076708460382,18.662478964150452,0.33931779934819006,42923.70161754604
BASE_6,COW_023,16.2893818,107.832841,J_00088,16.31580618944039,108.01104614910422,19.24440826435728,0.3498983320792233,44262.13900802174
BASE_6,COW_023,16.2893818,107.832841,J_00089,16.612873091094567,107.40389222873738,58.192920246699444,1.0580530953945353,133843.71656740873
BASE_6,COW_023,16.2893818,107.832841,J_00090,16.330456476800176,107.6200542865036,23.16336032622655,0.4211520059313918,53275.72875032106
BASE_6,COW_023,16.2893818,107.832841,J_00091,16.286166291524196,108.0212320394954,20.11055603606076,0.36564647338292294,46254.27888293975
BASE_6,COW_023,16.2893818,107.832841,J_00092,16.276565522813957,108.0303636867135,21.130644553126483,0.38419353732957245,48600.48247219091
BASE_6,COW_023,16.2893818,107.832841,J_00093,16.343745314767705,107.94446775635662,13.358402378329489,0.24288004324235435,30724.325470157823
BASE_6,COW_023,16.2893818,107.832841,J_00094,16.374390937218454,107.4611604849838,40.772181891258185,0.7413123980228761,93776.01834989383
BASE_6,COW_023,16.2893818,107.832841,J_00095,16.563745734293335,107.33058047516714,61.647267571632085,1.1208594103933107,141788.7154147538
BASE_6,COW_023,16.2893818,107.832841,J_00096,16.333238096088046,107.95986908838688,14.406798163129066,0.26194178478416486,33135.63577519685
BASE_6,COW_023,16.2893818,107.832841,J_00097,16.345740957020553,107.15320156741336,72.79854435144662,1.3236098972990296,167436.65200832722
BASE_6,COW_023,16.2893818,107.832841,J_00098,16.219107397405065,108.05398556961838,24.866922367062163,0.45212586121931203,57193.92144424297
BASE_6,COW_023,16.2893818,107.832841,J_00099,16.422942208064033,107.46784915441106,41.67847725082404,0.7577904954695279,95860.49767689529
BASE_6,COW_023,16.2893818,107.832841,J_00100,16.402644021436732,107.75780974463012,14.92338116909018,0.2713342030743669,34323.77668890741
BASE_6,COW_023,16.2893818,107.832841,J_00101,16.37524964320665,107.59276945006624,27.339033999215978,0.4970733454402905,62879.77819819675
BASE_6,COW_023,16.2893818,107.832841,J_00102,16.547556620418277,107.3098233592149,62.73866909023154,1.1407030743678461,144298.93890753255
BASE_6,COW_023,16.2893818,107.832841,J_00103,16.30681962375361,107.38568972103658,47.76226207388978,0.8684047649798142,109853.2027699465
BASE_6,COW_023,16.2893818,107.832841,J_00104,16.380155048074425,107.67675752946212,19.47491500060609,0.3540893636473834,44792.30450139401
BASE_6,COW_023,16.2893818,107.832841,J_00105,16.730113981967406,107.400003273698,67.31311756914276,1.2238748648935047,154820.17040902836
BASE_6,COW_023,16.2893818,107.832841,J_00106,16.369866099155256,107.60485959798804,25.921640460509384,0.47130255382744335,59619.77305917158
BASE_6,COW_023,16.2893818,107.832841,J_00107,16.113891588725753,107.66074099746874,26.80451987486114,0.4873549068156571,61650.39571218062
BASE_6,COW_023,16.2893818,107.832841,J_00108,16.362255190888888,107.77612445102936,10.113922212320192,0.18388949476945804,23262.02108833644
BASE_6,COW_023,16.2893818,107.832841,J_00109,16.309746863677077,107.75132688590683,8.989542238044384,0.1634462225098979,20675.947147502084
BASE_6,COW_023,16.2893818,107.832841,J_00110,16.32186391385828,107.73943123957228,10.603051468564122,0.1927827539738931,24387.01837769748
BASE_6,COW_023,16.2893818,107.832841,J_00111,16.372264871840603,107.6709710682885,19.577839651972806,0.3559607209449601,45029.03119953745
BASE_6,COW_023,16.2893818,107.832841,J_00112,16.329782686393113,107.41267661232116,45.06451887081877,0.8193548885603413,103648.39340288317
BASE_6,COW_023,16.2893818,107.832841,J_00113,16.320008469677312,107.70521742737984,14.039652590809444,0.2552664107419899,32291.200958861722
BASE_6,COW_023,16.2893818,107.832841,J_00114,16.74059460183718,107.3850389961322,69.25528025959204,1.2591869138107643,159287.1445970617
BASE_6,COW_023,16.2893818,107.832841,J_00115,16.347584401325978,107.53061376748612,32.89521700497614,0.5980948546359298,75658.99911144513
BASE_6,COW_023,16.2893818,107.832841,J_00116,16.510544056993798,107.49977339066342,43.20940103558893,0.7856254733743442,99381.62238185454
BASE_6,COW_024,16.2893818,107.832841,J_00000,16.470828921881164,107.60955399746234,31.21687828888616,0.5675796052524756,71798.82006443817
BASE_6,COW_024,16.2893818,107.832841,J_00001,16.470362127018827,107.55930326094062,35.447695318835386,0.6445035512515525,81529.69923332139
BASE_6,COW_024,16.2893818,107.832841,J_00002,16.47424359958971,107.55772818698266,35.83175099152401,0.6514863816640729,82413.02728050522
BASE_6,COW_024,16.2893818,107.832841,J_00003,16.49348337564258,107.59002065245971,34.43878257501183,0.6261596831820332,79209.1999225272
BASE_6,COW_024,16.2893818,107.832841,J_00004,16.478745441146955,107.55129534455035,36.68074535788845,0.666922642870699,84365.71432314343
BASE_6,COW_024,16.2893818,107.832841,J_00005,16.487027304858945,107.54731760776494,37.55978682159664,0.6829052149381207,86387.50968967227
BASE_6,COW_024,16.2893818,107.832841,J_00006,16.532160339026593,107.44578496129934,49.32791500934563,0.8968711819881023,113454.20452149495
BASE_6,COW_024,16.2893818,107.832841,J_00007,16.476934281241164,107.53317577214604,38.16932759357559,0.693987774428647,87789.45346522385
BASE_6,COW_024,16.2893818,107.832841,J_00008,16.54063239867831,107.44448001783373,49.96429586035726,0.9084417429155865,114917.8804788217
BASE_6,COW_024,16.2893818,107.832841,J_00009,16.531547558962664,107.69012324181722,30.93275448579272,0.562413717923504,71145.33531732326
BASE_6,COW_024,16.2893818,107.832841,J_00010,16.52738878877641,107.68921427085154,30.57958457719111,0.5559924468580202,70333.04452753955
BASE_6,COW_024,16.2893818,107.832841,J_00011,16.53789357129583,107.68082715522364,32.039033927488475,0.5825278895906996,73689.7780332235
BASE_6,COW_024,16.2893818,107.832841,J_00012,16.524835706155326,107.69309264998252,30.127456896039202,0.5477719435643491,69293.15086089016
BASE_6,COW_024,16.2893818,107.832841,J_00013,16.2729315745512,107.87292622951324,5.670216515727895,0.10309484574050719,13041.497986174158
BASE_6,COW_024,16.2893818,107.832841,J_00014,16.52317642712633,107.701478157211,29.5325570063013,0.536955581932751,67924.881114493
BASE_6,COW_024,16.2893818,107.832841,J_00015,16.564129718701782,107.59382455637665,39.78954109027692,0.7234462016413985,91515.94450763692
BASE_6,COW_024,16.2893818,107.832841,J_00016,16.55503728513068,107.61353852963492,37.678896039306466,0.6850708370782994,86661.46089040487
BASE_6,COW_024,16.2893818,107.832841,J_00017,16.56802006575831,107.6179667081558,38.53782593423594,0.7006877442588353,88636.99964874267
BASE_6,COW_024,16.2893818,107.832841,J_00018,16.493997607340088,107.53193954239708,39.34456411834788,0.7153557112426888,90492.49747220014
BASE_6,COW_024,16.2893818,107.832841,J_00019,16.543546895491804,107.42583058377517,51.8012689114361,0.9418412529352017,119142.91849630303
BASE_6,COW_024,16.2893818,107.832841,J_00020,16.242503801359586,107.2454051174484,62.9215232945422,1.1440276962644036,144719.50357744706
BASE_6,COW_024,16.2893818,107.832841,J_00021,16.45055723769587,107.72225686630698,21.45658414065044,0.39011971164818976,49350.14352349601
BASE_6,COW_024,16.2893818,107.832841,J_00022,16.504833393469443,107.6291677934963,32.341550256553916,0.5880281864827984,74385.56559007401
BASE_6,COW_024,16.2893818,107.832841,J_00023,16.57986665656081,107.58768387995444,41.55663730172832,0.7555752236677877,95580.26579397514
BASE_6,COW_024,16.2893818,107.832841,J_00024,16.23991207988329,107.25090001724132,62.36217871080638,1.1338577947419342,143433.0110348547
BASE_6,COW_024,16.2893818,107.832841,J_00025,16.250014260366132,107.24074792938237,63.35257273325643,1.1518649587864807,145710.9172864898
BASE_6,COW_024,16.2893818,107.832841,J_00026,16.459357749451215,107.7205673132457,22.376272665484475,0.4068413211906268,51465.42713061429
BASE_6,COW_024,16.2893818,107.832841,J_00027,16.656791523009364,107.34955392909389,65.76260205503712,1.1956836737279477,151253.9847265854
BASE_6,COW_024,16.2893818,107.832841,J_00028,16.230739178703335,108.0800528964888,27.1828803124507,0.49423418749910364,62520.62471863661
BASE_6,COW_024,16.2893818,107.832841,J_00029,16.582372023215015,107.36897627611086,59.23542595444605,1.0770077446262918,136241.47969522592
BASE_6,COW_024,16.2893818,107.832841,J_00030,16.23582074671607,107.25576696739624,61.887461462451384,1.1252265720445707,142341.16136363818
BASE_6,COW_024,16.2893818,107.832841,J_00031,16.267972860818134,107.22291398151737,65.14531829279069,1.1844603325961944,149834.2320734186
BASE_6,COW_024,16.2893818,107.832841,J_00032,16.15816879245868,107.72785909820898,18.398560218525155,0.3345192767004574,42316.68850260786
BASE_6,COW_024,16.2893818,107.832841,J_00033,16.597430221109658,107.50487743972349,48.955462354945695,0.8900993155444672,112597.5634163751
BASE_6,COW_024,16.2893818,107.832841,J_00034,16.66429736358062,107.48232283480873,55.989759517343124,1.0179956275880568,128776.44688988918
BASE_6,COW_024,16.2893818,107.832841,J_00035,16.461689838165945,107.7055674468512,23.483213207065358,0.42696751285573376,54011.390376250325
BASE_6,COW_024,16.2893818,107.832841,J_00036,16.268139796636127,107.2187570048448,65.58802806113731,1.1925096011115874,150852.4645406158
BASE_6,COW_024,16.2893818,107.832841,J_00037,16.56508206793363,107.52621803008316,44.82535692376977,0.8150064895230866,103098.32092467046
BASE_6,COW_024,16.2893818,107.832841,J_00038,16.46918567451601,107.70508512969802,24.19686266115131,0.4399429574754784,55652.784120648015
BASE_6,COW_024,16.2893818,107.832841,J_00039,16.569871522873257,107.536183895912,44.427839361579956,0.8077788974832719,102184.03053163389
BASE_6,COW_024,16.2893818,107.832841,J_00040,16.666607075648248,107.36250567880695,65.37989169769244,1.188725303594408,150373.75090469263
BASE_6,COW_024,16.2893818,107.832841,J_00041,16.665155641834726,107.3688001600834,64.76238727399799,1.177497950436327,148953.49073019536
BASE_6,COW_024,16.2893818,107.832841,J_00042,16.51315499139435,107.5606764490754,38.235872026466005,0.6951976732084728,87942.50566087182
BASE_6,COW_024,16.2893818,107.832841,J_00043,16.64927714226641,107.41145471933169,60.17060491866163,1.0940109985211206,138392.39131292174
BASE_6,COW_024,16.2893818,107.832841,J_00044,16.57166890824097,107.49529040517794,47.76339991064805,0.8684254529208736,109855.81979449051
BASE_6,COW_024,16.2893818,107.832841,J_00045,16.63143941985154,107.5110583130454,51.226201222970964,0.9313854767812902,117820.26281283321
BASE_6,COW_024,16.2893818,107.832841,J_00046,16.59440973361349,107.38534822450936,58.549016672217505,1.0645275758585,134662.73834610026
BASE_6,COW_024,16.2893818,107.832841,J_00047,16.599347151767944,107.49633576858352,49.757662311681386,0.9046847693032979,114442.62331686719
BASE_6,COW_024,16.2893818,107.832841,J_00048,16.28167999352194,107.97816386593117,15.534421350759926,0.28244402455927137,35729.16910674783
BASE_6,COW_024,16.2893818,107.832841,J_00049,16.277599338947514,107.9824641404575,16.023597010438433,0.29133812746251697,36854.273124008396
BASE_6,COW_024,16.2893818,107.832841,J_00050,16.462928914647218,107.64012940439612,28.19711111017042,0.5126747474576441,64853.35555339197
BASE_6,COW_024,16.2893818,107.832841,J_00051,16.601594932702508,107.48296237382375,50.965679718983004,0.9266487221633274,117221.06335366091
BASE_6,COW_024,16.2893818,107.832841,J_00052,16.34480069014235,107.90990007727194,10.276139513375286,0.18683890024318703,23635.12088076316
BASE_6,COW_024,16.2893818,107.832841,J_00053,16.586804944456667,107.58305427522006,42.466778448582524,0.7721232445196823,97673.59043173981
BASE_6,COW_024,16.2893818,107.832841,J_00054,16.619028870649785,107.4534404914762,54.59464347954214,0.9926298814462208,125567.68000294693
BASE_6,COW_024,16.2893818,107.832841,J_00055,16.282227234021125,107.2142450904469,66.02949333336612,1.2005362424248385,151867.83466674207
BASE_6,COW_024,16.2893818,107.832841,J_00056,16.435088326817397,107.65074059522672,25.29759225131243,0.45995622275113507,58184.46217801859
BASE_6,COW_024,16.2893818,107.832841,J_00057,16.371952558474792,107.86327621053776,9.738921386500667,0.17707129793637577,22399.519188951534
BASE_6,COW_024,16.2893818,107.832841,J_00058,16.605809254100482,107.44852928114123,54.01613420442499,0.9821115309895453,124237.10867017749
BASE_6,COW_024,16.2893818,107.832841,J_00059,16.604451821387112,107.44540383479944,54.171840954581796,0.9849425628105781,124595.23419553813
BASE_6,COW_024,16.2893818,107.832841,J_00060,16.41077084398415,107.70813735661868,18.953418244351383,0.3446076044427524,43592.86196200818
BASE_6,COW_024,16.2893818,107.832841,J_00061,16.423400400047356,107.82881823459424,14.908368065343844,0.27106123755170625,34289.24655029084
BASE_6,COW_024,16.2893818,107.832841,J_00062,16.392061127207906,107.71969303091058,16.616889057683508,0.3021252555942456,38218.84483267207
BASE_6,COW_024,16.2893818,107.832841,J_00063,16.51352049869946,107.39836603004166,52.621842577789884,0.9567607741416343,121030.23792891673
BASE_6,COW_024,16.2893818,107.832841,J_00064,16.12581966029344,107.33689825793644,55.990758304878504,1.0180137873614274,128778.74410122055
BASE_6,COW_024,16.2893818,107.832841,J_00065,16.58814063386911,107.58112744571652,42.711346273874405,0.7765699322522619,98236.09642991114
BASE_6,COW_024,16.2893818,107.832841,J_00066,16.311065134737067,108.00316203108642,18.336777902276985,0.33339596185958154,42174.589175237066
BASE_6,COW_024,16.2893818,107.832841,J_00067,16.51365978864296,107.39155449638712,53.27011134480445,0.9685474789964446,122521.25609305024
BASE_6,COW_024,16.2893818,107.832841,J_00068,16.52448692518508,107.36199005595924,56.62069254954565,1.0294671372644664,130227.592863955
BASE_6,COW_024,16.2893818,107.832841,J_00069,16.59106004686489,107.57447245809988,43.41119371060684,0.7892944311019425,99845.74553439573
BASE_6,COW_024,16.2893818,107.832841,J_00070,16.514385209681947,107.35917522677836,56.381003033426154,1.0251091460622936,129676.30697688015
BASE_6,COW_024,16.2893818,107.832841,J_00071,16.500172317744823,107.387722313213,52.952422409397755,0.9627713165345047,121790.57154161483
BASE_6,COW_024,16.2893818,107.832841,J_00072,16.393597378184786,107.47492481043388,39.91007900809933,0.7256378001472605,91793.18171862846
BASE_6,COW_024,16.2893818,107.832841,J_00073,16.311140756886953,108.00574411813372,18.61108245776935,0.3383833174139882,42805.4896528695
BASE_6,COW_024,16.2893818,107.832841,J_00074,16.521508537272283,107.40421975752768,52.50284052493379,0.9545971004533416,120756.53320734772
BASE_6,COW_024,16.2893818,107.832841,J_00075,16.402154789177548,107.47526188616476,40.16171626594577,0.7302130230171958,92371.94741167527
BASE_6,COW_024,16.2893818,107.832841,J_00076,16.588713873543426,107.3252892,63.544450404551746,1.1553536437191227,146152.235930469
BASE_6,COW_024,16.2893818,107.832841,J_00077,16.08851719650639,107.38588473919135,52.69601605483574,0.9581093828151952,121200.8369261222
BASE_6,COW_024,16.2893818,107.832841,J_00078,16.527850544725265,107.37652351643136,55.42780244695845,1.0077782263083355,127483.94562800444
BASE_6,COW_024,16.2893818,107.832841,J_00079,16.085892686488275,107.36589613925749,54.757037662078,0.9955825029468727,125941.1866227794
BASE_6,COW_024,16.2893818,107.832841,J_00080,16.291495257578905,108.0261164720742,20.629761467201085,0.37508657213092883,47448.45137456249
BASE_6,COW_024,16.2893818,107.832841,J_00081,16.382115370526147,107.0536835996094,83.77769712326005,1.5232308567865465,192688.70338349813
BASE_6,COW_024,16.2893818,107.832841,J_00082,16.376677240357246,107.04298993910136,84.84006764724202,1.5425466844953095,195132.15558865666
BASE_6,COW_024,16.2893818,107.832841,J_00083,16.145727559220454,107.74412376098628,18.571005508540228,0.33765464560982233,42713.312669642524
BASE_6,COW_024,16.2893818,107.832841,J_00084,16.327564155367586,107.1717988691137,70.67459621732719,1.284992658496858,162551.57129985254
BASE_6,COW_024,16.2893818,107.832841,J_00085,16.536406972867166,107.35115792249393,58.259717235943285,1.0592675861080598,133997.34964266955
BASE_6,COW_024,16.2893818,107.832841,J_00086,16.516865528399663,107.28775679746394,63.40754294819962,1.1528644172399931,145837.34878085912
BASE_6,COW_024,16.2893818,107.832841,J_00087,16.286613968463637,108.0076708460382,18.662478964150452,0.33931779934819006,42923.70161754604
BASE_6,COW_024,16.2893818,107.832841,J_00088,16.31580618944039,108.01104614910422,19.24440826435728,0.3498983320792233,44262.13900802174
BASE_6,COW_024,16.2893818,107.832841,J_00089,16.612873091094567,107.40389222873738,58.192920246699444,1.0580530953945353,133843.71656740873
BASE_6,COW_024,16.2893818,107.832841,J_00090,16.330456476800176,107.6200542865036,23.16336032622655,0.4211520059313918,53275.72875032106
BASE_6,COW_024,16.2893818,107.832841,J_00091,16.286166291524196,108.0212320394954,20.11055603606076,0.36564647338292294,46254.27888293975
BASE_6,COW_024,16.2893818,107.832841,J_00092,16.276565522813957,108.0303636867135,21.130644553126483,0.38419353732957245,48600.48247219091
BASE_6,COW_024,16.2893818,107.832841,J_00093,16.343745314767705,107.94446775635662,13.358402378329489,0.24288004324235435,30724.325470157823
BASE_6,COW_024,16.2893818,107.832841,J_00094,16.374390937218454,107.4611604849838,40.772181891258185,0.7413123980228761,93776.01834989383
BASE_6,COW_024,16.2893818,107.832841,J_00095,16.563745734293335,107.33058047516714,61.647267571632085,1.1208594103933107,141788.7154147538
BASE_6,COW_024,16.2893818,107.832841,J_00096,16.333238096088046,107.95986908838688,14.406798163129066,0.26194178478416486,33135.63577519685
BASE_6,COW_024,16.2893818,107.832841,J_00097,16.345740957020553,107.15320156741336,72.79854435144662,1.3236098972990296,167436.65200832722
BASE_6,COW_024,16.2893818,107.832841,J_00098,16.219107397405065,108.05398556961838,24.866922367062163,0.45212586121931203,57193.92144424297
BASE_6,COW_024,16.2893818,107.832841,J_00099,16.422942208064033,107.46784915441106,41.67847725082404,0.7577904954695279,95860.49767689529
BASE_6,COW_024,16.2893818,107.832841,J_00100,16.402644021436732,107.75780974463012,14.92338116909018,0.2713342030743669,34323.77668890741
BASE_6,COW_024,16.2893818,107.832841,J_00101,16.37524964320665,107.59276945006624,27.339033999215978,0.4970733454402905,62879.77819819675
BASE_6,COW_024,16.2893818,107.832841,J_00102,16.547556620418277,107.3098233592149,62.73866909023154,1.1407030743678461,144298.93890753255
BASE_6,COW_024,16.2893818,107.832841,J_00103,16.30681962375361,107.38568972103658,47.76226207388978,0.8684047649798142,109853.2027699465
BASE_6,COW_024,16.2893818,107.832841,J_00104,16.380155048074425,107.67675752946212,19.47491500060609,0.3540893636473834,44792.30450139401
BASE_6,COW_024,16.2893818,107.832841,J_00105,16.730113981967406,107.400003273698,67.31311756914276,1.2238748648935047,154820.17040902836
BASE_6,COW_024,16.2893818,107.832841,J_00106,16.369866099155256,107.60485959798804,25.921640460509384,0.47130255382744335,59619.77305917158
BASE_6,COW_024,16.2893818,107.832841,J_00107,16.113891588725753,107.66074099746874,26.80451987486114,0.4873549068156571,61650.39571218062
BASE_6,COW_024,16.2893818,107.832841,J_00108,16.362255190888888,107.77612445102936,10.113922212320192,0.18388949476945804,23262.02108833644
BASE_6,COW_024,16.2893818,107.832841,J_00109,16.309746863677077,107.75132688590683,8.989542238044384,0.1634462225098979,20675.947147502084
BASE_6,COW_024,16.2893818,107.832841,J_00110,16.32186391385828,107.73943123957228,10.603051468564122,0.1927827539738931,24387.01837769748
BASE_6,COW_024,16.2893818,107.832841,J_00111,16.372264871840603,107.6709710682885,19.577839651972806,0.3559607209449601,45029.03119953745
BASE_6,COW_024,16.2893818,107.832841,J_00112,16.329782686393113,107.41267661232116,45.06451887081877,0.8193548885603413,103648.39340288317
BASE_6,COW_024,16.2893818,107.832841,J_00113,16.320008469677312,107.70521742737984,14.039652590809444,0.2552664107419899,32291.200958861722
BASE_6,COW_024,16.2893818,107.832841,J_00114,16.74059460183718,107.3850389961322,69.25528025959204,1.2591869138107643,159287.1445970617
BASE_6,COW_024,16.2893818,107.832841,J_00115,16.347584401325978,107.53061376748612,32.89521700497614,0.5980948546359298,75658.99911144513
BASE_6,COW_024,16.2893818,107.832841,J_00116,16.510544056993798,107.49977339066342,43.20940103558893,0.7856254733743442,99381.62238185454
BASE_6,COW_025,16.2893818,107.832841,J_00000,16.470828921881164,107.60955399746234,31.21687828888616,0.5675796052524756,71798.82006443817
BASE_6,COW_025,16.2893818,107.832841,J_00001,16.470362127018827,107.55930326094062,35.447695318835386,0.6445035512515525,81529.69923332139
BASE_6,COW_025,16.2893818,107.832841,J_00002,16.47424359958971,107.55772818698266,35.83175099152401,0.6514863816640729,82413.02728050522
BASE_6,COW_025,16.2893818,107.832841,J_00003,16.49348337564258,107.59002065245971,34.43878257501183,0.6261596831820332,79209.1999225272
BASE_6,COW_025,16.2893818,107.832841,J_00004,16.478745441146955,107.55129534455035,36.68074535788845,0.666922642870699,84365.71432314343
BASE_6,COW_025,16.2893818,107.832841,J_00005,16.487027304858945,107.54731760776494,37.55978682159664,0.6829052149381207,86387.50968967227
BASE_6,COW_025,16.2893818,107.832841,J_00006,16.532160339026593,107.44578496129934,49.32791500934563,0.8968711819881023,113454.20452149495
BASE_6,COW_025,16.2893818,107.832841,J_00007,16.476934281241164,107.53317577214604,38.16932759357559,0.693987774428647,87789.45346522385
BASE_6,COW_025,16.2893818,107.832841,J_00008,16.54063239867831,107.44448001783373,49.96429586035726,0.9084417429155865,114917.8804788217
BASE_6,COW_025,16.2893818,107.832841,J_00009,16.531547558962664,107.69012324181722,30.93275448579272,0.562413717923504,71145.33531732326
BASE_6,COW_025,16.2893818,107.832841,J_00010,16.52738878877641,107.68921427085154,30.57958457719111,0.5559924468580202,70333.04452753955
BASE_6,COW_025,16.2893818,107.832841,J_00011,16.53789357129583,107.68082715522364,32.039033927488475,0.5825278895906996,73689.7780332235
BASE_6,COW_025,16.2893818,107.832841,J_00012,16.524835706155326,107.69309264998252,30.127456896039202,0.5477719435643491,69293.15086089016
BASE_6,COW_025,16.2893818,107.832841,J_00013,16.2729315745512,107.87292622951324,5.670216515727895,0.10309484574050719,13041.497986174158
BASE_6,COW_025,16.2893818,107.832841,J_00014,16.52317642712633,107.701478157211,29.5325570063013,0.536955581932751,67924.881114493
BASE_6,COW_025,16.2893818,107.832841,J_00015,16.564129718701782,107.59382455637665,39.78954109027692,0.7234462016413985,91515.94450763692
BASE_6,COW_025,16.2893818,107.832841,J_00016,16.55503728513068,107.61353852963492,37.678896039306466,0.6850708370782994,86661.46089040487
BASE_6,COW_025,16.2893818,107.832841,J_00017,16.56802006575831,107.6179667081558,38.53782593423594,0.7006877442588353,88636.99964874267
BASE_6,COW_025,16.2893818,107.832841,J_00018,16.493997607340088,107.53193954239708,39.34456411834788,0.7153557112426888,90492.49747220014
BASE_6,COW_025,16.2893818,107.832841,J_00019,16.543546895491804,107.42583058377517,51.8012689114361,0.9418412529352017,119142.91849630303
BASE_6,COW_025,16.2893818,107.832841,J_00020,16.242503801359586,107.2454051174484,62.9215232945422,1.1440276962644036,144719.50357744706
BASE_6,COW_025,16.2893818,107.832841,J_00021,16.45055723769587,107.72225686630698,21.45658414065044,0.39011971164818976,49350.14352349601
BASE_6,COW_025,16.2893818,107.832841,J_00022,16.504833393469443,107.6291677934963,32.341550256553916,0.5880281864827984,74385.56559007401
BASE_6,COW_025,16.2893818,107.832841,J_00023,16.57986665656081,107.58768387995444,41.55663730172832,0.7555752236677877,95580.26579397514
BASE_6,COW_025,16.2893818,107.832841,J_00024,16.23991207988329,107.25090001724132,62.36217871080638,1.1338577947419342,143433.0110348547
BASE_6,COW_025,16.2893818,107.832841,J_00025,16.250014260366132,107.24074792938237,63.35257273325643,1.1518649587864807,145710.9172864898
BASE_6,COW_025,16.2893818,107.832841,J_00026,16.459357749451215,107.7205673132457,22.376272665484475,0.4068413211906268,51465.42713061429
BASE_6,COW_025,16.2893818,107.832841,J_00027,16.656791523009364,107.34955392909389,65.76260205503712,1.1956836737279477,151253.9847265854
BASE_6,COW_025,16.2893818,107.832841,J_00028,16.230739178703335,108.0800528964888,27.1828803124507,0.49423418749910364,62520.62471863661
BASE_6,COW_025,16.2893818,107.832841,J_00029,16.582372023215015,107.36897627611086,59.23542595444605,1.0770077446262918,136241.47969522592
BASE_6,COW_025,16.2893818,107.832841,J_00030,16.23582074671607,107.25576696739624,61.887461462451384,1.1252265720445707,142341.16136363818
BASE_6,COW_025,16.2893818,107.832841,J_00031,16.267972860818134,107.22291398151737,65.14531829279069,1.1844603325961944,149834.2320734186
BASE_6,COW_025,16.2893818,107.832841,J_00032,16.15816879245868,107.72785909820898,18.398560218525155,0.3345192767004574,42316.68850260786
BASE_6,COW_025,16.2893818,107.832841,J_00033,16.597430221109658,107.50487743972349,48.955462354945695,0.8900993155444672,112597.5634163751
BASE_6,COW_025,16.2893818,107.832841,J_00034,16.66429736358062,107.48232283480873,55.989759517343124,1.0179956275880568,128776.44688988918
BASE_6,COW_025,16.2893818,107.832841,J_00035,16.461689838165945,107.7055674468512,23.483213207065358,0.42696751285573376,54011.390376250325
BASE_6,COW_025,16.2893818,107.832841,J_00036,16.268139796636127,107.2187570048448,65.58802806113731,1.1925096011115874,150852.4645406158
BASE_6,COW_025,16.2893818,107.832841,J_00037,16.56508206793363,107.52621803008316,44.82535692376977,0.8150064895230866,103098.32092467046
BASE_6,COW_025,16.2893818,107.832841,J_00038,16.46918567451601,107.70508512969802,24.19686266115131,0.4399429574754784,55652.784120648015
BASE_6,COW_025,16.2893818,107.832841,J_00039,16.569871522873257,107.536183895912,44.427839361579956,0.8077788974832719,102184.03053163389
BASE_6,COW_025,16.2893818,107.832841,J_00040,16.666607075648248,107.36250567880695,65.37989169769244,1.188725303594408,150373.75090469263
BASE_6,COW_025,16.2893818,107.832841,J_00041,16.665155641834726,107.3688001600834,64.76238727399799,1.177497950436327,148953.49073019536
BASE_6,COW_025,16.2893818,107.832841,J_00042,16.51315499139435,107.5606764490754,38.235872026466005,0.6951976732084728,87942.50566087182
BASE_6,COW_025,16.2893818,107.832841,J_00043,16.64927714226641,107.41145471933169,60.17060491866163,1.0940109985211206,138392.39131292174
BASE_6,COW_025,16.2893818,107.832841,J_00044,16.57166890824097,107.49529040517794,47.76339991064805,0.8684254529208736,109855.81979449051
BASE_6,COW_025,16.2893818,107.832841,J_00045,16.63143941985154,107.5110583130454,51.226201222970964,0.9313854767812902,117820.26281283321
BASE_6,COW_025,16.2893818,107.832841,J_00046,16.59440973361349,107.38534822450936,58.549016672217505,1.0645275758585,134662.73834610026
BASE_6,COW_025,16.2893818,107.832841,J_00047,16.599347151767944,107.49633576858352,49.757662311681386,0.9046847693032979,114442.62331686719
BASE_6,COW_025,16.2893818,107.832841,J_00048,16.28167999352194,107.97816386593117,15.534421350759926,0.28244402455927137,35729.16910674783
BASE_6,COW_025,16.2893818,107.832841,J_00049,16.277599338947514,107.9824641404575,16.023597010438433,0.29133812746251697,36854.273124008396
BASE_6,COW_025,16.2893818,107.832841,J_00050,16.462928914647218,107.64012940439612,28.19711111017042,0.5126747474576441,64853.35555339197
BASE_6,COW_025,16.2893818,107.832841,J_00051,16.601594932702508,107.48296237382375,50.965679718983004,0.9266487221633274,117221.06335366091
BASE_6,COW_025,16.2893818,107.832841,J_00052,16.34480069014235,107.90990007727194,10.276139513375286,0.18683890024318703,23635.12088076316
BASE_6,COW_025,16.2893818,107.832841,J_00053,16.586804944456667,107.58305427522006,42.466778448582524,0.7721232445196823,97673.59043173981
BASE_6,COW_025,16.2893818,107.832841,J_00054,16.619028870649785,107.4534404914762,54.59464347954214,0.9926298814462208,125567.68000294693
BASE_6,COW_025,16.2893818,107.832841,J_00055,16.282227234021125,107.2142450904469,66.02949333336612,1.2005362424248385,151867.83466674207
BASE_6,COW_025,16.2893818,107.832841,J_00056,16.435088326817397,107.65074059522672,25.29759225131243,0.45995622275113507,58184.46217801859
BASE_6,COW_025,16.2893818,107.832841,J_00057,16.371952558474792,107.86327621053776,9.738921386500667,0.17707129793637577,22399.519188951534
BASE_6,COW_025,16.2893818,107.832841,J_00058,16.605809254100482,107.44852928114123,54.01613420442499,0.9821115309895453,124237.10867017749
BASE_6,COW_025,16.2893818,107.832841,J_00059,16.604451821387112,107.44540383479944,54.171840954581796,0.9849425628105781,124595.23419553813
BASE_6,COW_025,16.2893818,107.832841,J_00060,16.41077084398415,107.70813735661868,18.953418244351383,0.3446076044427524,43592.86196200818
BASE_6,COW_025,16.2893818,107.832841,J_00061,16.423400400047356,107.82881823459424,14.908368065343844,0.27106123755170625,34289.24655029084
BASE_6,COW_025,16.2893818,107.832841,J_00062,16.392061127207906,107.71969303091058,16.616889057683508,0.3021252555942456,38218.84483267207
BASE_6,COW_025,16.2893818,107.832841,J_00063,16.51352049869946,107.39836603004166,52.621842577789884,0.9567607741416343,121030.23792891673
BASE_6,COW_025,16.2893818,107.832841,J_00064,16.12581966029344,107.33689825793644,55.990758304878504,1.0180137873614274,128778.74410122055
BASE_6,COW_025,16.2893818,107.832841,J_00065,16.58814063386911,107.58112744571652,42.711346273874405,0.7765699322522619,98236.09642991114
BASE_6,COW_025,16.2893818,107.832841,J_00066,16.311065134737067,108.00316203108642,18.336777902276985,0.33339596185958154,42174.589175237066
BASE_6,COW_025,16.2893818,107.832841,J_00067,16.51365978864296,107.39155449638712,53.27011134480445,0.9685474789964446,122521.25609305024
BASE_6,COW_025,16.2893818,107.832841,J_00068,16.52448692518508,107.36199005595924,56.62069254954565,1.0294671372644664,130227.592863955
BASE_6,COW_025,16.2893818,107.832841,J_00069,16.59106004686489,107.57447245809988,43.41119371060684,0.7892944311019425,99845.74553439573
BASE_6,COW_025,16.2893818,107.832841,J_00070,16.514385209681947,107.35917522677836,56.381003033426154,1.0251091460622936,129676.30697688015
BASE_6,COW_025,16.2893818,107.832841,J_00071,16.500172317744823,107.387722313213,52.952422409397755,0.9627713165345047,121790.57154161483
BASE_6,COW_025,16.2893818,107.832841,J_00072,16.393597378184786,107.47492481043388,39.91007900809933,0.7256378001472605,91793.18171862846
BASE_6,COW_025,16.2893818,107.832841,J_00073,16.311140756886953,108.00574411813372,18.61108245776935,0.3383833174139882,42805.4896528695
BASE_6,COW_025,16.2893818,107.832841,J_00074,16.521508537272283,107.40421975752768,52.50284052493379,0.9545971004533416,120756.53320734772
BASE_6,COW_025,16.2893818,107.832841,J_00075,16.402154789177548,107.47526188616476,40.16171626594577,0.7302130230171958,92371.94741167527
BASE_6,COW_025,16.2893818,107.832841,J_00076,16.588713873543426,107.3252892,63.544450404551746,1.1553536437191227,146152.235930469
BASE_6,COW_025,16.2893818,107.832841,J_00077,16.08851719650639,107.38588473919135,52.69601605483574,0.9581093828151952,121200.8369261222
BASE_6,COW_025,16.2893818,107.832841,J_00078,16.527850544725265,107.37652351643136,55.42780244695845,1.0077782263083355,127483.94562800444
BASE_6,COW_025,16.2893818,107.832841,J_00079,16.085892686488275,107.36589613925749,54.757037662078,0.9955825029468727,125941.1866227794
BASE_6,COW_025,16.2893818,107.832841,J_00080,16.291495257578905,108.0261164720742,20.629761467201085,0.37508657213092883,47448.45137456249
BASE_6,COW_025,16.2893818,107.832841,J_00081,16.382115370526147,107.0536835996094,83.77769712326005,1.5232308567865465,192688.70338349813
BASE_6,COW_025,16.2893818,107.832841,J_00082,16.376677240357246,107.04298993910136,84.84006764724202,1.5425466844953095,195132.15558865666
BASE_6,COW_025,16.2893818,107.832841,J_00083,16.145727559220454,107.74412376098628,18.571005508540228,0.33765464560982233,42713.312669642524
BASE_6,COW_025,16.2893818,107.832841,J_00084,16.327564155367586,107.1717988691137,70.67459621732719,1.284992658496858,162551.57129985254
BASE_6,COW_025,16.2893818,107.832841,J_00085,16.536406972867166,107.35115792249393,58.259717235943285,1.0592675861080598,133997.34964266955
BASE_6,COW_025,16.2893818,107.832841,J_00086,16.516865528399663,107.28775679746394,63.40754294819962,1.1528644172399931,145837.34878085912
BASE_6,COW_025,16.2893818,107.832841,J_00087,16.286613968463637,108.0076708460382,18.662478964150452,0.33931779934819006,42923.70161754604
BASE_6,COW_025,16.2893818,107.832841,J_00088,16.31580618944039,108.01104614910422,19.24440826435728,0.3498983320792233,44262.13900802174
BASE_6,COW_025,16.2893818,107.832841,J_00089,16.612873091094567,107.40389222873738,58.192920246699444,1.0580530953945353,133843.71656740873
BASE_6,COW_025,16.2893818,107.832841,J_00090,16.330456476800176,107.6200542865036,23.16336032622655,0.4211520059313918,53275.72875032106
BASE_6,COW_025,16.2893818,107.832841,J_00091,16.286166291524196,108.0212320394954,20.11055603606076,0.36564647338292294,46254.27888293975
BASE_6,COW_025,16.2893818,107.832841,J_00092,16.276565522813957,108.0303636867135,21.130644553126483,0.38419353732957245,48600.48247219091
BASE_6,COW_025,16.2893818,107.832841,J_00093,16.343745314767705,107.94446775635662,13.358402378329489,0.24288004324235435,30724.325470157823
BASE_6,COW_025,16.2893818,107.832841,J_00094,16.374390937218454,107.4611604849838,40.772181891258185,0.7413123980228761,93776.01834989383
BASE_6,COW_025,16.2893818,107.832841,J_00095,16.563745734293335,107.33058047516714,61.647267571632085,1.1208594103933107,141788.7154147538
BASE_6,COW_025,16.2893818,107.832841,J_00096,16.333238096088046,107.95986908838688,14.406798163129066,0.26194178478416486,33135.63577519685
BASE_6,COW_025,16.2893818,107.832841,J_00097,16.345740957020553,107.15320156741336,72.79854435144662,1.3236098972990296,167436.65200832722
BASE_6,COW_025,16.2893818,107.832841,J_00098,16.219107397405065,108.05398556961838,24.866922367062163,0.45212586121931203,57193.92144424297
BASE_6,COW_025,16.2893818,107.832841,J_00099,16.422942208064033,107.46784915441106,41.67847725082404,0.7577904954695279,95860.49767689529
BASE_6,COW_025,16.2893818,107.832841,J_00100,16.402644021436732,107.75780974463012,14.92338116909018,0.2713342030743669,34323.77668890741
BASE_6,COW_025,16.2893818,107.832841,J_00101,16.37524964320665,107.59276945006624,27.339033999215978,0.4970733454402905,62879.77819819675
BASE_6,COW_025,16.2893818,107.832841,J_00102,16.547556620418277,107.3098233592149,62.73866909023154,1.1407030743678461,144298.93890753255
BASE_6,COW_025,16.2893818,107.832841,J_00103,16.30681962375361,107.38568972103658,47.76226207388978,0.8684047649798142,109853.2027699465
BASE_6,COW_025,16.2893818,107.832841,J_00104,16.380155048074425,107.67675752946212,19.47491500060609,0.3540893636473834,44792.30450139401
BASE_6,COW_025,16.2893818,107.832841,J_00105,16.730113981967406,107.400003273698,67.31311756914276,1.2238748648935047,154820.17040902836
BASE_6,COW_025,16.2893818,107.832841,J_00106,16.369866099155256,107.60485959798804,25.921640460509384,0.47130255382744335,59619.77305917158
BASE_6,COW_025,16.2893818,107.832841,J_00107,16.113891588725753,107.66074099746874,26.80451987486114,0.4873549068156571,61650.39571218062
BASE_6,COW_025,16.2893818,107.832841,J_00108,16.362255190888888,107.77612445102936,10.113922212320192,0.18388949476945804,23262.02108833644
BASE_6,COW_025,16.2893818,107.832841,J_00109,16.309746863677077,107.75132688590683,8.989542238044384,0.1634462225098979,20675.947147502084
BASE_6,COW_025,16.2893818,107.832841,J_00110,16.32186391385828,107.73943123957228,10.603051468564122,0.1927827539738931,24387.01837769748
BASE_6,COW_025,16.2893818,107.832841,J_00111,16.372264871840603,107.6709710682885,19.577839651972806,0.3559607209449601,45029.03119953745
BASE_6,COW_025,16.2893818,107.832841,J_00112,16.329782686393113,107.41267661232116,45.06451887081877,0.8193548885603413,103648.39340288317
BASE_6,COW_025,16.2893818,107.832841,J_00113,16.320008469677312,107.70521742737984,14.039652590809444,0.2552664107419899,32291.200958861722
BASE_6,COW_025,16.2893818,107.832841,J_00114,16.74059460183718,107.3850389961322,69.25528025959204,1.2591869138107643,159287.1445970617
BASE_6,COW_025,16.2893818,107.832841,J_00115,16.347584401325978,107.53061376748612,32.89521700497614,0.5980948546359298,75658.99911144513
BASE_6,COW_025,16.2893818,107.832841,J_00116,16.510544056993798,107.49977339066342,43.20940103558893,0.7856254733743442,99381.62238185454
BASE_6,COW_026,16.2893818,107.832841,J_00000,16.470828921881164,107.60955399746234,31.21687828888616,0.5202813048147693,71798.82006443817
BASE_6,COW_026,16.2893818,107.832841,J_00001,16.470362127018827,107.55930326094062,35.447695318835386,0.5907949219805898,81529.69923332139
BASE_6,COW_026,16.2893818,107.832841,J_00002,16.47424359958971,107.55772818698266,35.83175099152401,0.5971958498587335,82413.02728050522
BASE_6,COW_026,16.2893818,107.832841,J_00003,16.49348337564258,107.59002065245971,34.43878257501183,0.5739797095835305,79209.1999225272
BASE_6,COW_026,16.2893818,107.832841,J_00004,16.478745441146955,107.55129534455035,36.68074535788845,0.6113457559648074,84365.71432314343
BASE_6,COW_026,16.2893818,107.832841,J_00005,16.487027304858945,107.54731760776494,37.55978682159664,0.6259964470266106,86387.50968967227
BASE_6,COW_026,16.2893818,107.832841,J_00006,16.532160339026593,107.44578496129934,49.32791500934563,0.8221319168224271,113454.20452149495
BASE_6,COW_026,16.2893818,107.832841,J_00007,16.476934281241164,107.53317577214604,38.16932759357559,0.6361554598929264,87789.45346522385
BASE_6,COW_026,16.2893818,107.832841,J_00008,16.54063239867831,107.44448001783373,49.96429586035726,0.8327382643392877,114917.8804788217
BASE_6,COW_026,16.2893818,107.832841,J_00009,16.531547558962664,107.69012324181722,30.93275448579272,0.5155459080965453,71145.33531732326
BASE_6,COW_026,16.2893818,107.832841,J_00010,16.52738878877641,107.68921427085154,30.57958457719111,0.5096597429531852,70333.04452753955
BASE_6,COW_026,16.2893818,107.832841,J_00011,16.53789357129583,107.68082715522364,32.039033927488475,0.5339838987914746,73689.7780332235
BASE_6,COW_026,16.2893818,107.832841,J_00012,16.524835706155326,107.69309264998252,30.127456896039202,0.5021242816006534,69293.15086089016
BASE_6,COW_026,16.2893818,107.832841,J_00013,16.2729315745512,107.87292622951324,5.670216515727895,0.09450360859546492,13041.497986174158
BASE_6,COW_026,16.2893818,107.832841,J_00014,16.52317642712633,107.701478157211,29.5325570063013,0.492209283438355,67924.881114493
BASE_6,COW_026,16.2893818,107.832841,J_00015,16.564129718701782,107.59382455637665,39.78954109027692,0.663159018171282,91515.94450763692
BASE_6,COW_026,16.2893818,107.832841,J_00016,16.55503728513068,107.61353852963492,37.678896039306466,0.6279816006551078,86661.46089040487
BASE_6,COW_026,16.2893818,107.832841,J_00017,16.56802006575831,107.6179667081558,38.53782593423594,0.6422970989039324,88636.99964874267
BASE_6,COW_026,16.2893818,107.832841,J_00018,16.493997607340088,107.53193954239708,39.34456411834788,0.6557427353057981,90492.49747220014
BASE_6,COW_026,16.2893818,107.832841,J_00019,16.543546895491804,107.42583058377517,51.8012689114361,0.8633544818572683,119142.91849630303
BASE_6,COW_026,16.2893818,107.832841,J_00020,16.242503801359586,107.2454051174484,62.9215232945422,1.0486920549090366,144719.50357744706
BASE_6,COW_026,16.2893818,107.832841,J_00021,16.45055723769587,107.72225686630698,21.45658414065044,0.3576097356775073,49350.14352349601
BASE_6,COW_026,16.2893818,107.832841,J_00022,16.504833393469443,107.6291677934963,32.341550256553916,0.539025837609232,74385.56559007401
BASE_6,COW_026,16.2893818,107.832841,J_00023,16.57986665656081,107.58768387995444,41.55663730172832,0.692610621695472,95580.26579397514
BASE_6,COW_026,16.2893818,107.832841,J_00024,16.23991207988329,107.25090001724132,62.36217871080638,1.0393696451801064,143433.0110348547
BASE_6,COW_026,16.2893818,107.832841,J_00025,16.250014260366132,107.24074792938237,63.35257273325643,1.0558762122209404,145710.9172864898
BASE_6,COW_026,16.2893818,107.832841,J_00026,16.459357749451215,107.7205673132457,22.376272665484475,0.3729378777580746,51465.42713061429
BASE_6,COW_026,16.2893818,107.832841,J_00027,16.656791523009364,107.34955392909389,65.76260205503712,1.096043367583952,151253.9847265854
BASE_6,COW_026,16.2893818,107.832841,J_00028,16.230739178703335,108.0800528964888,27.1828803124507,0.45304800520751165,62520.62471863661
BASE_6,COW_026,16.2893818,107.832841,J_00029,16.582372023215015,107.36897627611086,59.23542595444605,0.9872570992407675,136241.47969522592
BASE_6,COW_026,16.2893818,107.832841,J_00030,16.23582074671607,107.25576696739624,61.887461462451384,1.0314576910408564,142341.16136363818
BASE_6,COW_026,16.2893818,107.832841,J_00031,16.267972860818134,107.22291398151737,65.14531829279069,1.085755304879845,149834.2320734186
BASE_6,COW_026,16.2893818,107.832841,J_00032,16.15816879245868,107.72785909820898,18.398560218525155,0.3066426703087526,42316.68850260786
BASE_6,COW_026,16.2893818,107.832841,J_00033,16.597430221109658,107.50487743972349,48.955462354945695,0.8159243725824282,112597.5634163751
BASE_6,COW_026,16.2893818,107.832841,J_00034,16.66429736358062,107.48232283480873,55.989759517343124,0.9331626586223855,128776.44688988918
BASE_6,COW_026,16.2893818,107.832841,J_00035,16.461689838165945,107.7055674468512,23.483213207065358,0.3913868867844226,54011.390376250325
BASE_6,COW_026,16.2893818,107.832841,J_00036,16.268139796636127,107.2187570048448,65.58802806113731,1.093133801018955,150852.4645406158
BASE_6,COW_026,16.2893818,107.832841,J_00037,16.56508206793363,107.52621803008316,44.82535692376977,0.7470892820628294,103098.32092467046
BASE_6,COW_026,16.2893818,107.832841,J_00038,16.46918567451601,107.70508512969802,24.19686266115131,0.4032810443525218,55652.784120648015
BASE_6,COW_026,16.2893818,107.832841,J_00039,16.569871522873257,107.536183895912,44.427839361579956,0.740463989359666,102184.03053163389
BASE_6,COW_026,16.2893818,107.832841,J_00040,16.666607075648248,107.36250567880695,65.37989169769244,1.0896648616282074,150373.75090469263
BASE_6,COW_026,16.2893818,107.832841,J_00041,16.665155641834726,107.3688001600834,64.76238727399799,1.0793731212332998,148953.49073019536
BASE_6,COW_026,16.2893818,107.832841,J_00042,16.51315499139435,107.5606764490754,38.235872026466005,0.6372645337744334,87942.50566087182
BASE_6,COW_026,16.2893818,107.832841,J_00043,16.64927714226641,107.41145471933169,60.17060491866163,1.0028434153110273,138392.39131292174
BASE_6,COW_026,16.2893818,107.832841,J_00044,16.57166890824097,107.49529040517794,47.76339991064805,0.7960566651774674,109855.81979449051
BASE_6,COW_026,16.2893818,107.832841,J_00045,16.63143941985154,107.5110583130454,51.226201222970964,0.8537700203828494,117820.26281283321
BASE_6,COW_026,16.2893818,107.832841,J_00046,16.59440973361349,107.38534822450936,58.549016672217505,0.9758169445369584,134662.73834610026
BASE_6,COW_026,16.2893818,107.832841,J_00047,16.599347151767944,107.49633576858352,49.757662311681386,0.8292943718613565,114442.62331686719
BASE_6,COW_026,16.2893818,107.832841,J_00048,16.28167999352194,107.97816386593117,15.534421350759926,0.25890702251266545,35729.16910674783
BASE_6,COW_026,16.2893818,107.832841,J_00049,16.277599338947514,107.9824641404575,16.023597010438433,0.2670599501739739,36854.273124008396
BASE_6,COW_026,16.2893818,107.832841,J_00050,16.462928914647218,107.64012940439612,28.19711111017042,0.4699518518361737,64853.35555339197
BASE_6,COW_026,16.2893818,107.832841,J_00051,16.601594932702508,107.48296237382375,50.965679718983004,0.8494279953163834,117221.06335366091
BASE_6,COW_026,16.2893818,107.832841,J_00052,16.34480069014235,107.90990007727194,10.276139513375286,0.1712689918895881,23635.12088076316
BASE_6,COW_026,16.2893818,107.832841,J_00053,16.586804944456667,107.58305427522006,42.466778448582524,0.7077796408097087,97673.59043173981
BASE_6,COW_026,16.2893818,107.832841,J_00054,16.619028870649785,107.4534404914762,54.59464347954214,0.9099107246590357,125567.68000294693
BASE_6,COW_026,16.2893818,107.832841,J_00055,16.282227234021125,107.2142450904469,66.02949333336612,1.100491555556102,151867.83466674207
BASE_6,COW_026,16.2893818,107.832841,J_00056,16.435088326817397,107.65074059522672,25.29759225131243,0.42162653752187385,58184.46217801859
BASE_6,COW_026,16.2893818,107.832841,J_00057,16.371952558474792,107.86327621053776,9.738921386500667,0.1623153564416778,22399.519188951534
BASE_6,COW_026,16.2893818,107.832841,J_00058,16.605809254100482,107.44852928114123,54.01613420442499,0.9002689034070832,124237.10867017749
BASE_6,COW_026,16.2893818,107.832841,J_00059,16.604451821387112,107.44540383479944,54.171840954581796,0.9028640159096966,124595.23419553813
BASE_6,COW_026,16.2893818,107.832841,J_00060,16.41077084398415,107.70813735661868,18.953418244351383,0.31589030407252305,43592.86196200818
BASE_6,COW_026,16.2893818,107.832841,J_00061,16.423400400047356,107.82881823459424,14.908368065343844,0.24847280108906405,34289.24655029084
BASE_6,COW_026,16.2893818,107.832841,J_00062,16.392061127207906,107.71969303091058,16.616889057683508,0.2769481509613918,38218.84483267207
BASE_6,COW_026,16.2893818,107.832841,J_00063,16.51352049869946,107.39836603004166,52.621842577789884,0.8770307096298314,121030.23792891673
BASE_6,COW_026,16.2893818,107.832841,J_00064,16.12581966029344,107.33689825793644,55.990758304878504,0.9331793050813084,128778.74410122055
BASE_6,COW_026,16.2893818,107.832841,J_00065,16.58814063386911,107.58112744571652,42.711346273874405,0.7118557712312401,98236.09642991114
BASE_6,COW_026,16.2893818,107.832841,J_00066,16.311065134737067,108.00316203108642,18.336777902276985,0.30561296503794977,42174.589175237066
BASE_6,COW_026,16.2893818,107.832841,J_00067,16.51365978864296,107.39155449638712,53.27011134480445,0.8878351890800741,122521.25609305024
BASE_6,COW_026,16.2893818,107.832841,J_00068,16.52448692518508,107.36199005595924,56.62069254954565,0.9436782091590942,130227.592863955
BASE_6,COW_026,16.2893818,107.832841,J_00069,16.59106004686489,107.57447245809988,43.41119371060684,0.7235198951767806,99845.74553439573
BASE_6,COW_026,16.2893818,107.832841,J_00070,16.514385209681947,107.35917522677836,56.381003033426154,0.9396833838904359,129676.30697688015
BASE_6,COW_026,16.2893818,107.832841,J_00071,16.500172317744823,107.387722313213,52.952422409397755,0.8825403734899626,121790.57154161483
BASE_6,COW_026,16.2893818,107.832841,J_00072,16.393597378184786,107.47492481043388,39.91007900809933,0.6651679834683222,91793.18171862846
BASE_6,COW_026,16.2893818,107.832841,J_00073,16.311140756886953,108.00574411813372,18.61108245776935,0.31018470762948913,42805.4896528695
BASE_6,COW_026,16.2893818,107.832841,J_00074,16.521508537272283,107.40421975752768,52.50284052493379,0.8750473420822298,120756.53320734772
BASE_6,COW_026,16.2893818,107.832841,J_00075,16.402154789177548,107.47526188616476,40.16171626594577,0.6693619377657628,92371.94741167527
BASE_6,COW_026,16.2893818,107.832841,J_00076,16.588713873543426,107.3252892,63.544450404551746,1.0590741734091957,146152.235930469
BASE_6,COW_026,16.2893818,107.832841,J_00077,16.08851719650639,107.38588473919135,52.69601605483574,0.8782669342472623,121200.8369261222
BASE_6,COW_026,16.2893818,107.832841,J_00078,16.527850544725265,107.37652351643136,55.42780244695845,0.9237967074493075,127483.94562800444
BASE_6,COW_026,16.2893818,107.832841,J_00079,16.085892686488275,107.36589613925749,54.757037662078,0.9126172943679667,125941.1866227794
BASE_6,COW_026,16.2893818,107.832841,J_00080,16.291495257578905,108.0261164720742,20.629761467201085,0.3438293577866848,47448.45137456249
BASE_6,COW_026,16.2893818,107.832841,J_00081,16.382115370526147,107.0536835996094,83.77769712326005,1.3962949520543342,192688.70338349813
BASE_6,COW_026,16.2893818,107.832841,J_00082,16.376677240357246,107.04298993910136,84.84006764724202,1.4140011274540336,195132.15558865666
BASE_6,COW_026,16.2893818,107.832841,J_00083,16.145727559220454,107.74412376098628,18.571005508540228,0.30951675847567045,42713.312669642524
BASE_6,COW_026,16.2893818,107.832841,J_00084,16.327564155367586,107.1717988691137,70.67459621732719,1.177909936955453,162551.57129985254
BASE_6,COW_026,16.2893818,107.832841,J_00085,16.536406972867166,107.35115792249393,58.259717235943285,0.9709952872657214,133997.34964266955
BASE_6,COW_026,16.2893818,107.832841,J_00086,16.516865528399663,107.28775679746394,63.40754294819962,1.0567923824699936,145837.34878085912
BASE_6,COW_026,16.2893818,107.832841,J_00087,16.286613968463637,108.0076708460382,18.662478964150452,0.3110413160691742,42923.70161754604
BASE_6,COW_026,16.2893818,107.832841,J_00088,16.31580618944039,108.01104614910422,19.24440826435728,0.320740137739288,44262.13900802174
BASE_6,COW_026,16.2893818,107.832841,J_00089,16.612873091094567,107.40389222873738,58.192920246699444,0.9698820041116574,133843.71656740873
BASE_6,COW_026,16.2893818,107.832841,J_00090,16.330456476800176,107.6200542865036,23.16336032622655,0.38605600543710916,53275.72875032106
BASE_6,COW_026,16.2893818,107.832841,J_00091,16.286166291524196,108.0212320394954,20.11055603606076,0.335175933934346,46254.27888293975
BASE_6,COW_026,16.2893818,107.832841,J_00092,16.276565522813957,108.0303636867135,21.130644553126483,0.3521774092187747,48600.48247219091
BASE_6,COW_026,16.2893818,107.832841,J_00093,16.343745314767705,107.94446775635662,13.358402378329489,0.2226400396388248,30724.325470157823
BASE_6,COW_026,16.2893818,107.832841,J_00094,16.374390937218454,107.4611604849838,40.772181891258185,0.6795363648543031,93776.01834989383
BASE_6,COW_026,16.2893818,107.832841,J_00095,16.563745734293335,107.33058047516714,61.647267571632085,1.0274544595272015,141788.7154147538
BASE_6,COW_026,16.2893818,107.832841,J_00096,16.333238096088046,107.95986908838688,14.406798163129066,0.24011330271881776,33135.63577519685
BASE_6,COW_026,16.2893818,107.832841,J_00097,16.345740957020553,107.15320156741336,72.79854435144662,1.2133090725241105,167436.65200832722
BASE_6,COW_026,16.2893818,107.832841,J_00098,16.219107397405065,108.05398556961838,24.866922367062163,0.41444870611770274,57193.92144424297
BASE_6,COW_026,16.2893818,107.832841,J_00099,16.422942208064033,107.46784915441106,41.67847725082404,0.694641287513734,95860.49767689529
BASE_6,COW_026,16.2893818,107.832841,J_00100,16.402644021436732,107.75780974463012,14.92338116909018,0.24872301948483633,34323.77668890741
BASE_6,COW_026,16.2893818,107.832841,J_00101,16.37524964320665,107.59276945006624,27.339033999215978,0.45565056665359965,62879.77819819675
BASE_6,COW_026,16.2893818,107.832841,J_00102,16.547556620418277,107.3098233592149,62.73866909023154,1.0456444848371924,144298.93890753255
BASE_6,COW_026,16.2893818,107.832841,J_00103,16.30681962375361,107.38568972103658,47.76226207388978,0.7960377012314963,109853.2027699465
BASE_6,COW_026,16.2893818,107.832841,J_00104,16.380155048074425,107.67675752946212,19.47491500060609,0.32458191667676817,44792.30450139401
BASE_6,COW_026,16.2893818,107.832841,J_00105,16.730113981967406,107.400003273698,67.31311756914276,1.121885292819046,154820.17040902836
BASE_6,COW_026,16.2893818,107.832841,J_00106,16.369866099155256,107.60485959798804,25.921640460509384,0.4320273410084897,59619.77305917158
BASE_6,COW_026,16.2893818,107.832841,J_00107,16.113891588725753,107.66074099746874,26.80451987486114,0.4467419979143523,61650.39571218062
BASE_6,COW_026,16.2893818,107.832841,J_00108,16.362255190888888,107.77612445102936,10.113922212320192,0.16856537020533655,23262.02108833644
BASE_6,COW_026,16.2893818,107.832841,J_00109,16.309746863677077,107.75132688590683,8.989542238044384,0.1498257039674064,20675.947147502084
BASE_6,COW_026,16.2893818,107.832841,J_00110,16.32186391385828,107.73943123957228,10.603051468564122,0.1767175244760687,24387.01837769748
BASE_6,COW_026,16.2893818,107.832841,J_00111,16.372264871840603,107.6709710682885,19.577839651972806,0.3262973275328801,45029.03119953745
BASE_6,COW_026,16.2893818,107.832841,J_00112,16.329782686393113,107.41267661232116,45.06451887081877,0.7510753145136462,103648.39340288317
BASE_6,COW_026,16.2893818,107.832841,J_00113,16.320008469677312,107.70521742737984,14.039652590809444,0.23399420984682406,32291.200958861722
BASE_6,COW_026,16.2893818,107.832841,J_00114,16.74059460183718,107.3850389961322,69.25528025959204,1.1542546709932007,159287.1445970617
BASE_6,COW_026,16.2893818,107.832841,J_00115,16.347584401325978,107.53061376748612,32.89521700497614,0.5482536167496023,75658.99911144513
BASE_6,COW_026,16.2893818,107.832841,J_00116,16.510544056993798,107.49977339066342,43.20940103558893,0.7201566839264822,99381.62238185454
BASE_6,COW_027,16.2893818,107.832841,J_00000,16.470828921881164,107.60955399746234,31.21687828888616,0.5202813048147693,71798.82006443817
BASE_6,COW_027,16.2893818,107.832841,J_00001,16.470362127018827,107.55930326094062,35.447695318835386,0.5907949219805898,81529.69923332139
BASE_6,COW_027,16.2893818,107.832841,J_00002,16.47424359958971,107.55772818698266,35.83175099152401,0.5971958498587335,82413.02728050522
BASE_6,COW_027,16.2893818,107.832841,J_00003,16.49348337564258,107.59002065245971,34.43878257501183,0.5739797095835305,79209.1999225272
BASE_6,COW_027,16.2893818,107.832841,J_00004,16.478745441146955,107.55129534455035,36.68074535788845,0.6113457559648074,84365.71432314343
BASE_6,COW_027,16.2893818,107.832841,J_00005,16.487027304858945,107.54731760776494,37.55978682159664,0.6259964470266106,86387.50968967227
BASE_6,COW_027,16.2893818,107.832841,J_00006,16.532160339026593,107.44578496129934,49.32791500934563,0.8221319168224271,113454.20452149495
BASE_6,COW_027,16.2893818,107.832841,J_00007,16.476934281241164,107.53317577214604,38.16932759357559,0.6361554598929264,87789.45346522385
BASE_6,COW_027,16.2893818,107.832841,J_00008,16.54063239867831,107.44448001783373,49.96429586035726,0.8327382643392877,114917.8804788217
BASE_6,COW_027,16.2893818,107.832841,J_00009,16.531547558962664,107.69012324181722,30.93275448579272,0.5155459080965453,71145.33531732326
BASE_6,COW_027,16.2893818,107.832841,J_00010,16.52738878877641,107.68921427085154,30.57958457719111,0.5096597429531852,70333.04452753955
BASE_6,COW_027,16.2893818,107.832841,J_00011,16.53789357129583,107.68082715522364,32.039033927488475,0.5339838987914746,73689.7780332235
BASE_6,COW_027,16.2893818,107.832841,J_00012,16.524835706155326,107.69309264998252,30.127456896039202,0.5021242816006534,69293.15086089016
BASE_6,COW_027,16.2893818,107.832841,J_00013,16.2729315745512,107.87292622951324,5.670216515727895,0.09450360859546492,13041.497986174158
BASE_6,COW_027,16.2893818,107.832841,J_00014,16.52317642712633,107.701478157211,29.5325570063013,0.492209283438355,67924.881114493
BASE_6,COW_027,16.2893818,107.832841,J_00015,16.564129718701782,107.59382455637665,39.78954109027692,0.663159018171282,91515.94450763692
BASE_6,COW_027,16.2893818,107.832841,J_00016,16.55503728513068,107.61353852963492,37.678896039306466,0.6279816006551078,86661.46089040487
BASE_6,COW_027,16.2893818,107.832841,J_00017,16.56802006575831,107.6179667081558,38.53782593423594,0.6422970989039324,88636.99964874267
BASE_6,COW_027,16.2893818,107.832841,J_00018,16.493997607340088,107.53193954239708,39.34456411834788,0.6557427353057981,90492.49747220014
BASE_6,COW_027,16.2893818,107.832841,J_00019,16.543546895491804,107.42583058377517,51.8012689114361,0.8633544818572683,119142.91849630303
BASE_6,COW_027,16.2893818,107.832841,J_00020,16.242503801359586,107.2454051174484,62.9215232945422,1.0486920549090366,144719.50357744706
BASE_6,COW_027,16.2893818,107.832841,J_00021,16.45055723769587,107.72225686630698,21.45658414065044,0.3576097356775073,49350.14352349601
BASE_6,COW_027,16.2893818,107.832841,J_00022,16.504833393469443,107.6291677934963,32.341550256553916,0.539025837609232,74385.56559007401
BASE_6,COW_027,16.2893818,107.832841,J_00023,16.57986665656081,107.58768387995444,41.55663730172832,0.692610621695472,95580.26579397514
BASE_6,COW_027,16.2893818,107.832841,J_00024,16.23991207988329,107.25090001724132,62.36217871080638,1.0393696451801064,143433.0110348547
BASE_6,COW_027,16.2893818,107.832841,J_00025,16.250014260366132,107.24074792938237,63.35257273325643,1.0558762122209404,145710.9172864898
BASE_6,COW_027,16.2893818,107.832841,J_00026,16.459357749451215,107.7205673132457,22.376272665484475,0.3729378777580746,51465.42713061429
BASE_6,COW_027,16.2893818,107.832841,J_00027,16.656791523009364,107.34955392909389,65.76260205503712,1.096043367583952,151253.9847265854
BASE_6,COW_027,16.2893818,107.832841,J_00028,16.230739178703335,108.0800528964888,27.1828803124507,0.45304800520751165,62520.62471863661
BASE_6,COW_027,16.2893818,107.832841,J_00029,16.582372023215015,107.36897627611086,59.23542595444605,0.9872570992407675,136241.47969522592
BASE_6,COW_027,16.2893818,107.832841,J_00030,16.23582074671607,107.25576696739624,61.887461462451384,1.0314576910408564,142341.16136363818
BASE_6,COW_027,16.2893818,107.832841,J_00031,16.267972860818134,107.22291398151737,65.14531829279069,1.085755304879845,149834.2320734186
BASE_6,COW_027,16.2893818,107.832841,J_00032,16.15816879245868,107.72785909820898,18.398560218525155,0.3066426703087526,42316.68850260786
BASE_6,COW_027,16.2893818,107.832841,J_00033,16.597430221109658,107.50487743972349,48.955462354945695,0.8159243725824282,112597.5634163751
BASE_6,COW_027,16.2893818,107.832841,J_00034,16.66429736358062,107.48232283480873,55.989759517343124,0.9331626586223855,128776.44688988918
BASE_6,COW_027,16.2893818,107.832841,J_00035,16.461689838165945,107.7055674468512,23.483213207065358,0.3913868867844226,54011.390376250325
BASE_6,COW_027,16.2893818,107.832841,J_00036,16.268139796636127,107.2187570048448,65.58802806113731,1.093133801018955,150852.4645406158
BASE_6,COW_027,16.2893818,107.832841,J_00037,16.56508206793363,107.52621803008316,44.82535692376977,0.7470892820628294,103098.32092467046
BASE_6,COW_027,16.2893818,107.832841,J_00038,16.46918567451601,107.70508512969802,24.19686266115131,0.4032810443525218,55652.784120648015
BASE_6,COW_027,16.2893818,107.832841,J_00039,16.569871522873257,107.536183895912,44.427839361579956,0.740463989359666,102184.03053163389
BASE_6,COW_027,16.2893818,107.832841,J_00040,16.666607075648248,107.36250567880695,65.37989169769244,1.0896648616282074,150373.75090469263
BASE_6,COW_027,16.2893818,107.832841,J_00041,16.665155641834726,107.3688001600834,64.76238727399799,1.0793731212332998,148953.49073019536
BASE_6,COW_027,16.2893818,107.832841,J_00042,16.51315499139435,107.5606764490754,38.235872026466005,0.6372645337744334,87942.50566087182
BASE_6,COW_027,16.2893818,107.832841,J_00043,16.64927714226641,107.41145471933169,60.17060491866163,1.0028434153110273,138392.39131292174
BASE_6,COW_027,16.2893818,107.832841,J_00044,16.57166890824097,107.49529040517794,47.76339991064805,0.7960566651774674,109855.81979449051
BASE_6,COW_027,16.2893818,107.832841,J_00045,16.63143941985154,107.5110583130454,51.226201222970964,0.8537700203828494,117820.26281283321
BASE_6,COW_027,16.2893818,107.832841,J_00046,16.59440973361349,107.38534822450936,58.549016672217505,0.9758169445369584,134662.73834610026
BASE_6,COW_027,16.2893818,107.832841,J_00047,16.599347151767944,107.49633576858352,49.757662311681386,0.8292943718613565,114442.62331686719
BASE_6,COW_027,16.2893818,107.832841,J_00048,16.28167999352194,107.97816386593117,15.534421350759926,0.25890702251266545,35729.16910674783
BASE_6,COW_027,16.2893818,107.832841,J_00049,16.277599338947514,107.9824641404575,16.023597010438433,0.2670599501739739,36854.273124008396
BASE_6,COW_027,16.2893818,107.832841,J_00050,16.462928914647218,107.64012940439612,28.19711111017042,0.4699518518361737,64853.35555339197
BASE_6,COW_027,16.2893818,107.832841,J_00051,16.601594932702508,107.48296237382375,50.965679718983004,0.8494279953163834,117221.06335366091
BASE_6,COW_027,16.2893818,107.832841,J_00052,16.34480069014235,107.90990007727194,10.276139513375286,0.1712689918895881,23635.12088076316
BASE_6,COW_027,16.2893818,107.832841,J_00053,16.586804944456667,107.58305427522006,42.466778448582524,0.7077796408097087,97673.59043173981
BASE_6,COW_027,16.2893818,107.832841,J_00054,16.619028870649785,107.4534404914762,54.59464347954214,0.9099107246590357,125567.68000294693
BASE_6,COW_027,16.2893818,107.832841,J_00055,16.282227234021125,107.2142450904469,66.02949333336612,1.100491555556102,151867.83466674207
BASE_6,COW_027,16.2893818,107.832841,J_00056,16.435088326817397,107.65074059522672,25.29759225131243,0.42162653752187385,58184.46217801859
BASE_6,COW_027,16.2893818,107.832841,J_00057,16.371952558474792,107.86327621053776,9.738921386500667,0.1623153564416778,22399.519188951534
BASE_6,COW_027,16.2893818,107.832841,J_00058,16.605809254100482,107.44852928114123,54.01613420442499,0.9002689034070832,124237.10867017749
BASE_6,COW_027,16.2893818,107.832841,J_00059,16.604451821387112,107.44540383479944,54.171840954581796,0.9028640159096966,124595.23419553813
BASE_6,COW_027,16.2893818,107.832841,J_00060,16.41077084398415,107.70813735661868,18.953418244351383,0.31589030407252305,43592.86196200818
BASE_6,COW_027,16.2893818,107.832841,J_00061,16.423400400047356,107.82881823459424,14.908368065343844,0.24847280108906405,34289.24655029084
BASE_6,COW_027,16.2893818,107.832841,J_00062,16.392061127207906,107.71969303091058,16.616889057683508,0.2769481509613918,38218.84483267207
BASE_6,COW_027,16.2893818,107.832841,J_00063,16.51352049869946,107.39836603004166,52.621842577789884,0.8770307096298314,121030.23792891673
BASE_6,COW_027,16.2893818,107.832841,J_00064,16.12581966029344,107.33689825793644,55.990758304878504,0.9331793050813084,128778.74410122055
BASE_6,COW_027,16.2893818,107.832841,J_00065,16.58814063386911,107.58112744571652,42.711346273874405,0.7118557712312401,98236.09642991114
BASE_6,COW_027,16.2893818,107.832841,J_00066,16.311065134737067,108.00316203108642,18.336777902276985,0.30561296503794977,42174.589175237066
BASE_6,COW_027,16.2893818,107.832841,J_00067,16.51365978864296,107.39155449638712,53.27011134480445,0.8878351890800741,122521.25609305024
BASE_6,COW_027,16.2893818,107.832841,J_00068,16.52448692518508,107.36199005595924,56.62069254954565,0.9436782091590942,130227.592863955
BASE_6,COW_027,16.2893818,107.832841,J_00069,16.59106004686489,107.57447245809988,43.41119371060684,0.7235198951767806,99845.74553439573
BASE_6,COW_027,16.2893818,107.832841,J_00070,16.514385209681947,107.35917522677836,56.381003033426154,0.9396833838904359,129676.30697688015
BASE_6,COW_027,16.2893818,107.832841,J_00071,16.500172317744823,107.387722313213,52.952422409397755,0.8825403734899626,121790.57154161483
BASE_6,COW_027,16.2893818,107.832841,J_00072,16.393597378184786,107.47492481043388,39.91007900809933,0.6651679834683222,91793.18171862846
BASE_6,COW_027,16.2893818,107.832841,J_00073,16.311140756886953,108.00574411813372,18.61108245776935,0.31018470762948913,42805.4896528695
BASE_6,COW_027,16.2893818,107.832841,J_00074,16.521508537272283,107.40421975752768,52.50284052493379,0.8750473420822298,120756.53320734772
BASE_6,COW_027,16.2893818,107.832841,J_00075,16.402154789177548,107.47526188616476,40.16171626594577,0.6693619377657628,92371.94741167527
BASE_6,COW_027,16.2893818,107.832841,J_00076,16.588713873543426,107.3252892,63.544450404551746,1.0590741734091957,146152.235930469
BASE_6,COW_027,16.2893818,107.832841,J_00077,16.08851719650639,107.38588473919135,52.69601605483574,0.8782669342472623,121200.8369261222
BASE_6,COW_027,16.2893818,107.832841,J_00078,16.527850544725265,107.37652351643136,55.42780244695845,0.9237967074493075,127483.94562800444
BASE_6,COW_027,16.2893818,107.832841,J_00079,16.085892686488275,107.36589613925749,54.757037662078,0.9126172943679667,125941.1866227794
BASE_6,COW_027,16.2893818,107.832841,J_00080,16.291495257578905,108.0261164720742,20.629761467201085,0.3438293577866848,47448.45137456249
BASE_6,COW_027,16.2893818,107.832841,J_00081,16.382115370526147,107.0536835996094,83.77769712326005,1.3962949520543342,192688.70338349813
BASE_6,COW_027,16.2893818,107.832841,J_00082,16.376677240357246,107.04298993910136,84.84006764724202,1.4140011274540336,195132.15558865666
BASE_6,COW_027,16.2893818,107.832841,J_00083,16.145727559220454,107.74412376098628,18.571005508540228,0.30951675847567045,42713.312669642524
BASE_6,COW_027,16.2893818,107.832841,J_00084,16.327564155367586,107.1717988691137,70.67459621732719,1.177909936955453,162551.57129985254
BASE_6,COW_027,16.2893818,107.832841,J_00085,16.536406972867166,107.35115792249393,58.259717235943285,0.9709952872657214,133997.34964266955
BASE_6,COW_027,16.2893818,107.832841,J_00086,16.516865528399663,107.28775679746394,63.40754294819962,1.0567923824699936,145837.34878085912
BASE_6,COW_027,16.2893818,107.832841,J_00087,16.286613968463637,108.0076708460382,18.662478964150452,0.3110413160691742,42923.70161754604
BASE_6,COW_027,16.2893818,107.832841,J_00088,16.31580618944039,108.01104614910422,19.24440826435728,0.320740137739288,44262.13900802174
BASE_6,COW_027,16.2893818,107.832841,J_00089,16.612873091094567,107.40389222873738,58.192920246699444,0.9698820041116574,133843.71656740873
BASE_6,COW_027,16.2893818,107.832841,J_00090,16.330456476800176,107.6200542865036,23.16336032622655,0.38605600543710916,53275.72875032106
BASE_6,COW_027,16.2893818,107.832841,J_00091,16.286166291524196,108.0212320394954,20.11055603606076,0.335175933934346,46254.27888293975
BASE_6,COW_027,16.2893818,107.832841,J_00092,16.276565522813957,108.0303636867135,21.130644553126483,0.3521774092187747,48600.48247219091
BASE_6,COW_027,16.2893818,107.832841,J_00093,16.343745314767705,107.94446775635662,13.358402378329489,0.2226400396388248,30724.325470157823
BASE_6,COW_027,16.2893818,107.832841,J_00094,16.374390937218454,107.4611604849838,40.772181891258185,0.6795363648543031,93776.01834989383
BASE_6,COW_027,16.2893818,107.832841,J_00095,16.563745734293335,107.33058047516714,61.647267571632085,1.0274544595272015,141788.7154147538
BASE_6,COW_027,16.2893818,107.832841,J_00096,16.333238096088046,107.95986908838688,14.406798163129066,0.24011330271881776,33135.63577519685
BASE_6,COW_027,16.2893818,107.832841,J_00097,16.345740957020553,107.15320156741336,72.79854435144662,1.2133090725241105,167436.65200832722
BASE_6,COW_027,16.2893818,107.832841,J_00098,16.219107397405065,108.05398556961838,24.866922367062163,0.41444870611770274,57193.92144424297
BASE_6,COW_027,16.2893818,107.832841,J_00099,16.422942208064033,107.46784915441106,41.67847725082404,0.694641287513734,95860.49767689529
BASE_6,COW_027,16.2893818,107.832841,J_00100,16.402644021436732,107.75780974463012,14.92338116909018,0.24872301948483633,34323.77668890741
BASE_6,COW_027,16.2893818,107.832841,J_00101,16.37524964320665,107.59276945006624,27.339033999215978,0.45565056665359965,62879.77819819675
BASE_6,COW_027,16.2893818,107.832841,J_00102,16.547556620418277,107.3098233592149,62.73866909023154,1.0456444848371924,144298.93890753255
BASE_6,COW_027,16.2893818,107.832841,J_00103,16.30681962375361,107.38568972103658,47.76226207388978,0.7960377012314963,109853.2027699465
BASE_6,COW_027,16.2893818,107.832841,J_00104,16.380155048074425,107.67675752946212,19.47491500060609,0.32458191667676817,44792.30450139401
BASE_6,COW_027,16.2893818,107.832841,J_00105,16.730113981967406,107.400003273698,67.31311756914276,1.121885292819046,154820.17040902836
BASE_6,COW_027,16.2893818,107.832841,J_00106,16.369866099155256,107.60485959798804,25.921640460509384,0.4320273410084897,59619.77305917158
BASE_6,COW_027,16.2893818,107.832841,J_00107,16.113891588725753,107.66074099746874,26.80451987486114,0.4467419979143523,61650.39571218062
BASE_6,COW_027,16.2893818,107.832841,J_00108,16.362255190888888,107.77612445102936,10.113922212320192,0.16856537020533655,23262.02108833644
BASE_6,COW_027,16.2893818,107.832841,J_00109,16.309746863677077,107.75132688590683,8.989542238044384,0.1498257039674064,20675.947147502084
BASE_6,COW_027,16.2893818,107.832841,J_00110,16.32186391385828,107.73943123957228,10.603051468564122,0.1767175244760687,24387.01837769748
BASE_6,COW_027,16.2893818,107.832841,J_00111,16.372264871840603,107.6709710682885,19.577839651972806,0.3262973275328801,45029.03119953745
BASE_6,COW_027,16.2893818,107.832841,J_00112,16.329782686393113,107.41267661232116,45.06451887081877,0.7510753145136462,103648.39340288317
BASE_6,COW_027,16.2893818,107.832841,J_00113,16.320008469677312,107.70521742737984,14.039652590809444,0.23399420984682406,32291.200958861722
BASE_6,COW_027,16.2893818,107.832841,J_00114,16.74059460183718,107.3850389961322,69.25528025959204,1.1542546709932007,159287.1445970617
BASE_6,COW_027,16.2893818,107.832841,J_00115,16.347584401325978,107.53061376748612,32.89521700497614,0.5482536167496023,75658.99911144513
BASE_6,COW_027,16.2893818,107.832841,J_00116,16.510544056993798,107.49977339066342,43.20940103558893,0.7201566839264822,99381.62238185454
BASE_7,COW_028,16.4401105,107.7120704,J_00000,16.470828921881164,107.60955399746234,11.453575180528333,0.22907150361056666,26343.222915215163
BASE_7,COW_028,16.4401105,107.7120704,J_00001,16.470362127018827,107.55930326094062,16.63482781693099,0.3326965563386198,38260.103978941275
BASE_7,COW_028,16.4401105,107.7120704,J_00002,16.47424359958971,107.55772818698266,16.890913798340044,0.33781827596680086,38849.1017361821
BASE_7,COW_028,16.4401105,107.7120704,J_00003,16.49348337564258,107.59002065245971,14.303967470168041,0.2860793494033608,32899.125181386495
BASE_7,COW_028,16.4401105,107.7120704,J_00004,16.478745441146955,107.55129534455035,17.674803957498522,0.35349607914997044,40652.0491022466
BASE_7,COW_028,16.4401105,107.7120704,J_00005,16.487027304858945,107.54731760776494,18.32677775760101,0.36653555515202024,42151.58884248233
BASE_7,COW_028,16.4401105,107.7120704,J_00006,16.532160339026593,107.44578496129934,30.1809033669121,0.6036180673382421,69416.07774389784
BASE_7,COW_028,16.4401105,107.7120704,J_00007,16.476934281241164,107.53317577214604,19.511571033872286,0.3902314206774457,44876.61337790626
BASE_7,COW_028,16.4401105,107.7120704,J_00008,16.54063239867831,107.44448001783373,30.642186711856024,0.6128437342371205,70477.02943726885
BASE_7,COW_028,16.4401105,107.7120704,J_00009,16.531547558962664,107.69012324181722,10.433156253985956,0.20866312507971913,23996.2593841677
BASE_7,COW_028,16.4401105,107.7120704,J_00010,16.52738878877641,107.68921427085154,10.006211079328004,0.20012422158656007,23014.28548245441
BASE_7,COW_028,16.4401105,107.7120704,J_00011,16.53789357129583,107.68082715522364,11.371838897737698,0.22743677795475395,26155.229464796706
BASE_7,COW_028,16.4401105,107.7120704,J_00012,16.524835706155326,107.69309264998252,9.635875219541127,0.19271750439082255,22162.51300494459
BASE_7,COW_028,16.4401105,107.7120704,J_00013,16.2729315745512,107.87292622951324,25.300536938748518,0.5060107387749704,58191.23495912159
BASE_7,COW_028,16.4401105,107.7120704,J_00014,16.52317642712633,107.701478157211,9.305303554546606,0.18610607109093213,21402.198175457193
BASE_7,COW_028,16.4401105,107.7120704,J_00015,16.564129718701782,107.59382455637665,18.68428742943451,0.3736857485886902,42973.86108769937
BASE_7,COW_028,16.4401105,107.7120704,J_00016,16.55503728513068,107.61353852963492,16.542942602839865,0.3308588520567973,38048.76798653169
BASE_7,COW_028,16.4401105,107.7120704,J_00017,16.56802006575831,107.6179667081558,17.405358733770548,0.34810717467541097,40032.32508767226
BASE_7,COW_028,16.4401105,107.7120704,J_00018,16.493997607340088,107.53193954239708,20.12098418655687,0.4024196837311374,46278.2636290808
BASE_7,COW_028,16.4401105,107.7120704,J_00019,16.543546895491804,107.42583058377517,32.61435031531884,0.6522870063063767,75013.00572523332
BASE_7,COW_028,16.4401105,107.7120704,J_00020,16.242503801359586,107.2454051174484,54.42702462392059,1.0885404924784117,125182.15663501735
BASE_7,COW_028,16.4401105,107.7120704,J_00021,16.45055723769587,107.72225686630698,2.052395378714948,0.041047907574298964,4720.509371044381
BASE_7,COW_028,16.4401105,107.7120704,J_00022,16.504833393469443,107.6291677934963,11.399131742421025,0.2279826348484205,26218.003007568357
BASE_7,COW_028,16.4401105,107.7120704,J_00023,16.57986665656081,107.58768387995444,20.42910337458812,0.4085820674917624,46986.937761552676
BASE_7,COW_028,16.4401105,107.7120704,J_00024,16.23991207988329,107.25090001724132,54.0095662649114,1.080191325298228,124222.00240929621
BASE_7,COW_028,16.4401105,107.7120704,J_00025,16.250014260366132,107.24074792938237,54.552154141643896,1.0910430828328779,125469.95452578097
BASE_7,COW_028,16.4401105,107.7120704,J_00026,16.459357749451215,107.7205673132457,2.8428549739799025,0.05685709947959805,6538.566440153776
BASE_7,COW_028,16.4401105,107.7120704,J_00027,16.656791523009364,107.34955392909389,45.53662727946347,0.9107325455892693,104734.24274276597
BASE_7,COW_028,16.4401105,107.7120704,J_00028,16.230739178703335,108.0800528964888,45.64890463069081,0.9129780926138161,104992.48065058886
BASE_7,COW_028,16.4401105,107.7120704,J_00029,16.582372023215015,107.36897627611086,39.851229773137746,0.797024595462755,91657.82847821682
BASE_7,COW_028,16.4401105,107.7120704,J_00030,16.23582074671607,107.25576696739624,53.72805671281536,1.0745611342563073,123574.53043947533
BASE_7,COW_028,16.4401105,107.7120704,J_00031,16.267972860818134,107.22291398151737,55.59020846651205,1.111804169330241,127857.47947297772
BASE_7,COW_028,16.4401105,107.7120704,J_00032,16.15816879245868,107.72785909820898,31.395740132676128,0.6279148026535225,72210.2023051551
BASE_7,COW_028,16.4401105,107.7120704,J_00033,16.597430221109658,107.50487743972349,28.17598473831166,0.5635196947662332,64804.76489811682
BASE_7,COW_028,16.4401105,107.7120704,J_00034,16.66429736358062,107.48232283480873,34.944158415786795,0.6988831683157359,80371.56435630962
BASE_7,COW_028,16.4401105,107.7120704,J_00035,16.461689838165945,107.7055674468512,3.1771052381434046,0.06354210476286809,7307.3420477298305
BASE_7,COW_028,16.4401105,107.7120704,J_00036,16.268139796636127,107.2187570048448,56.00046566516499,1.1200093133032998,128801.07102987947
BASE_7,COW_028,16.4401105,107.7120704,J_00037,16.56508206793363,107.52621803008316,24.201666397046754,0.48403332794093507,55663.832713207536
BASE_7,COW_028,16.4401105,107.7120704,J_00038,16.46918567451601,107.70508512969802,4.174734264538642,0.08349468529077284,9601.888808438876
BASE_7,COW_028,16.4401105,107.7120704,J_00039,16.569871522873257,107.536183895912,23.660506751410185,0.4732101350282037,54419.16552824343
BASE_7,COW_028,16.4401105,107.7120704,J_00040,16.666607075648248,107.36250567880695,44.97240926477741,0.8994481852955483,103436.54130898805
BASE_7,COW_028,16.4401105,107.7120704,J_00041,16.665155641834726,107.3688001600834,44.326968783554705,0.8865393756710941,101952.02820217582
BASE_7,COW_028,16.4401105,107.7120704,J_00042,16.51315499139435,107.5606764490754,18.07109615818553,0.3614219231637106,41563.52116382672
BASE_7,COW_028,16.4401105,107.7120704,J_00043,16.64927714226641,107.41145471933169,39.5941771289158,0.7918835425783161,91066.60739650634
BASE_7,COW_028,16.4401105,107.7120704,J_00044,16.57166890824097,107.49529040517794,27.35209835503018,0.5470419671006036,62909.82621656941
BASE_7,COW_028,16.4401105,107.7120704,J_00045,16.63143941985154,107.5110583130454,30.19499960538347,0.6038999921076694,69448.49909238197
BASE_7,COW_028,16.4401105,107.7120704,J_00046,16.59440973361349,107.38534822450936,38.82713927610588,0.7765427855221176,89302.42033504353
BASE_7,COW_028,16.4401105,107.7120704,J_00047,16.599347151767944,107.49633576858352,29.024798166374058,0.5804959633274812,66757.03578266033
BASE_7,COW_028,16.4401105,107.7120704,J_00048,16.28167999352194,107.97816386593117,33.41174374695029,0.6682348749390059,76847.01061798568
BASE_7,COW_028,16.4401105,107.7120704,J_00049,16.277599338947514,107.9824641404575,34.04139407565702,0.6808278815131403,78295.20637401113
BASE_7,COW_028,16.4401105,107.7120704,J_00050,16.462928914647218,107.64012940439612,8.08065700548548,0.1616131401097096,18585.5111126166
BASE_7,COW_028,16.4401105,107.7120704,J_00051,16.601594932702508,107.48296237382375,30.31425842330872,0.6062851684661744,69722.79437361006
BASE_7,COW_028,16.4401105,107.7120704,J_00052,16.34480069014235,107.90990007727194,30.602506328542717,0.6120501265708543,70385.76455564825
BASE_7,COW_028,16.4401105,107.7120704,J_00053,16.586804944456667,107.58305427522006,21.336565751381983,0.42673131502763967,49074.10122817856
BASE_7,COW_028,16.4401105,107.7120704,J_00054,16.619028870649785,107.4534404914762,33.998511738339595,0.6799702347667919,78196.57699818107
BASE_7,COW_028,16.4401105,107.7120704,J_00055,16.282227234021125,107.2142450904469,55.94017365704799,1.11880347314096,128662.39941121038
BASE_7,COW_028,16.4401105,107.7120704,J_00056,16.435088326817397,107.65074059522672,6.5646330667079065,0.13129266133415812,15098.656053428185
BASE_7,COW_028,16.4401105,107.7120704,J_00057,16.371952558474792,107.86327621053776,24.25110189975226,0.48502203799504523,55777.5343694302
BASE_7,COW_028,16.4401105,107.7120704,J_00058,16.605809254100482,107.44852928114123,33.59711688333113,0.6719423376666227,77273.3688316616
BASE_7,COW_028,16.4401105,107.7120704,J_00059,16.604451821387112,107.44540383479944,33.79444823880074,0.6758889647760148,77727.2309492417
BASE_7,COW_028,16.4401105,107.7120704,J_00060,16.41077084398415,107.70813735661868,3.2892793718839077,0.06578558743767815,7565.342555332988
BASE_7,COW_028,16.4401105,107.7120704,J_00061,16.423400400047356,107.82881823459424,17.45304380396251,0.34906087607925024,40142.00074911378
BASE_7,COW_028,16.4401105,107.7120704,J_00062,16.392061127207906,107.71969303091058,10.44402706497961,0.2088805412995922,24021.262249453102
BASE_7,COW_028,16.4401105,107.7120704,J_00063,16.51352049869946,107.39836603004166,34.43146029767479,0.6886292059534957,79192.35868465202
BASE_7,COW_028,16.4401105,107.7120704,J_00064,16.12581966029344,107.33689825793644,53.14922329702277,1.0629844659404555,122243.21358315238
BASE_7,COW_028,16.4401105,107.7120704,J_00065,16.58814063386911,107.58112744571652,21.582583282320982,0.43165166564641966,49639.94154933826
BASE_7,COW_028,16.4401105,107.7120704,J_00066,16.311065134737067,108.00316203108642,34.20971000667464,0.6841942001334929,78682.33301535167
BASE_7,COW_028,16.4401105,107.7120704,J_00067,16.51365978864296,107.39155449638712,35.14107013719731,0.7028214027439462,80824.46131555381
BASE_7,COW_028,16.4401105,107.7120704,J_00068,16.52448692518508,107.36199005595924,38.48858175799383,0.7697716351598766,88523.7380433858
BASE_7,COW_028,16.4401105,107.7120704,J_00069,16.59106004686489,107.57447245809988,22.29143503540114,0.4458287007080228,51270.30058142262
BASE_7,COW_028,16.4401105,107.7120704,J_00070,16.514385209681947,107.35917522677836,38.52435222797518,0.7704870445595036,88606.01012434291
BASE_7,COW_028,16.4401105,107.7120704,J_00071,16.500172317744823,107.387722313213,35.224903555257555,0.7044980711051511,81017.27817709238
BASE_7,COW_028,16.4401105,107.7120704,J_00072,16.393597378184786,107.47492481043388,25.81768434119008,0.5163536868238016,59380.67398473719
BASE_7,COW_028,16.4401105,107.7120704,J_00073,16.311140756886953,108.00574411813372,34.45646159676483,0.6891292319352966,79249.86167255911
BASE_7,COW_028,16.4401105,107.7120704,J_00074,16.521508537272283,107.40421975752768,34.050011706972434,0.6810002341394487,78315.0269260366
BASE_7,COW_028,16.4401105,107.7120704,J_00075,16.402154789177548,107.47526188616476,25.608004359436055,0.5121600871887211,58898.41002670293
BASE_7,COW_028,16.4401105,107.7120704,J_00076,16.588713873543426,107.3252892,44.421586857321515,0.8884317371464303,102169.64977183948
BASE_7,COW_028,16.4401105,107.7120704,J_00077,16.08851719650639,107.38588473919135,52.352491029278866,1.0470498205855774,120410.7293673414
BASE_7,COW_028,16.4401105,107.7120704,J_00078,16.527850544725265,107.37652351643136,37.08395589772293,0.7416791179544586,85293.09856476274
BASE_7,COW_028,16.4401105,107.7120704,J_00079,16.085892686488275,107.36589613925749,54.00778615976988,1.0801557231953975,124217.90816747073
BASE_7,COW_028,16.4401105,107.7120704,J_00080,16.291495257578905,108.0261164720742,37.359037596711225,0.7471807519342245,85925.78647243582
BASE_7,COW_028,16.4401105,107.7120704,J_00081,16.382115370526147,107.0536835996094,70.52209930028046,1.4104419860056092,162200.82839064507
BASE_7,COW_028,16.4401105,107.7120704,J_00082,16.376677240357246,107.04298993910136,71.71597044773111,1.4343194089546223,164946.73202978156
BASE_7,COW_028,16.4401105,107.7120704,J_00083,16.145727559220454,107.74412376098628,32.91217043565965,0.658243408713193,75697.99200201718
BASE_7,COW_028,16.4401105,107.7120704,J_00084,16.327564155367586,107.1717988691137,58.97898325554008,1.1795796651108015,135651.66148774218
BASE_7,COW_028,16.4401105,107.7120704,J_00085,16.536406972867166,107.35115792249393,39.943298360694186,0.7988659672138837,91869.58622959662
BASE_7,COW_028,16.4401105,107.7120704,J_00086,16.516865528399663,107.28775679746394,46.0415522601949,0.9208310452038979,105895.57019844826
BASE_7,COW_028,16.4401105,107.7120704,J_00087,16.286613968463637,108.0076708460382,35.86020987815024,0.7172041975630049,82478.48271974556
BASE_7,COW_028,16.4401105,107.7120704,J_00088,16.31580618944039,108.01104614910422,34.761715343546854,0.6952343068709371,79951.94529015776
BASE_7,COW_028,16.4401105,107.7120704,J_00089,16.612873091094567,107.40389222873738,38.05655588957979,0.7611311177915958,87530.07854603352
BASE_7,COW_028,16.4401105,107.7120704,J_00090,16.330456476800176,107.6200542865036,15.653302016431864,0.3130660403286373,36002.594637793285
BASE_7,COW_028,16.4401105,107.7120704,J_00091,16.286166291524196,108.0212320394954,37.161992876281175,0.7432398575256235,85472.5836154467
BASE_7,COW_028,16.4401105,107.7120704,J_00092,16.276565522813957,108.0303636867135,38.52245330552176,0.7704490661104352,88601.64260270004
BASE_7,COW_028,16.4401105,107.7120704,J_00093,16.343745314767705,107.94446775635662,27.00766580474439,0.5401533160948878,62117.6313509121
BASE_7,COW_028,16.4401105,107.7120704,J_00094,16.374390937218454,107.4611604849838,27.74349898019062,0.5548699796038123,63810.04765443842
BASE_7,COW_028,16.4401105,107.7120704,J_00095,16.563745734293335,107.33058047516714,42.933044691776765,0.8586608938355353,98746.00279108656
BASE_7,COW_028,16.4401105,107.7120704,J_00096,16.333238096088046,107.95986908838688,28.9830098287775,0.57966019657555,66660.92260618825
BASE_7,COW_028,16.4401105,107.7120704,J_00097,16.345740957020553,107.15320156741336,60.53359694998039,1.210671938999608,139227.2729849549
BASE_7,COW_028,16.4401105,107.7120704,J_00098,16.219107397405065,108.05398556961838,43.989710403834835,0.8797942080766967,101176.33392882012
BASE_7,COW_028,16.4401105,107.7120704,J_00099,16.422942208064033,107.46784915441106,26.116926614983626,0.5223385322996725,60068.93121446234
BASE_7,COW_028,16.4401105,107.7120704,J_00100,16.402644021436732,107.75780974463012,6.415308554059585,0.12830617108119172,14755.209674337046
BASE_7,COW_028,16.4401105,107.7120704,J_00101,16.37524964320665,107.59276945006624,14.627111002281778,0.29254222004563557,33642.355305248086
BASE_7,COW_028,16.4401105,107.7120704,J_00102,16.547556620418277,107.3098233592149,44.52033821731429,0.8904067643462859,102396.77789982286
BASE_7,COW_028,16.4401105,107.7120704,J_00103,16.30681962375361,107.38568972103658,37.84315817846424,0.7568631635692848,87039.26381046776
BASE_7,COW_028,16.4401105,107.7120704,J_00104,16.380155048074425,107.67675752946212,9.67213810775594,0.1934427621551188,22245.91764783866
BASE_7,COW_028,16.4401105,107.7120704,J_00105,16.730113981967406,107.400003273698,46.323474818649906,0.9264694963729981,106543.99208289478
BASE_7,COW_028,16.4401105,107.7120704,J_00106,16.369866099155256,107.60485959798804,13.848841171726312,0.27697682343452623,31852.334694970516
BASE_7,COW_028,16.4401105,107.7120704,J_00107,16.113891588725753,107.66074099746874,36.68531130886543,0.7337062261773086,84376.21601039049
BASE_7,COW_028,16.4401105,107.7120704,J_00108,16.362255190888888,107.77612445102936,11.028638068631246,0.2205727613726249,25365.867557851863
BASE_7,COW_028,16.4401105,107.7120704,J_00109,16.309746863677077,107.75132688590683,15.088649433527662,0.30177298867055324,34703.89369711362
BASE_7,COW_028,16.4401105,107.7120704,J_00110,16.32186391385828,107.73943123957228,13.468513986655525,0.2693702797331105,30977.58216930771
BASE_7,COW_028,16.4401105,107.7120704,J_00111,16.372264871840603,107.6709710682885,10.789948473644287,0.21579896947288574,24816.88148938186
BASE_7,COW_028,16.4401105,107.7120704,J_00112,16.329782686393113,107.41267661232116,34.21409074111511,0.6842818148223021,78692.40870456475
BASE_7,COW_028,16.4401105,107.7120704,J_00113,16.320008469677312,107.70521742737984,13.374732669447717,0.26749465338895434,30761.885139729748
BASE_7,COW_028,16.4401105,107.7120704,J_00114,16.74059460183718,107.3850389961322,48.2797045797288,0.965594091594576,111043.32053337625
BASE_7,COW_028,16.4401105,107.7120704,J_00115,16.347584401325978,107.53061376748612,21.9211147412914,0.438422294825828,50418.56390497022
BASE_7,COW_028,16.4401105,107.7120704,J_00116,16.510544056993798,107.49977339066342,23.95364266735191,0.4790728533470382,55093.3781349094
BASE_7,COW_029,16.4401105,107.7120704,J_00000,16.470828921881164,107.60955399746234,11.453575180528333,0.2082468214641515,26343.222915215163
BASE_7,COW_029,16.4401105,107.7120704,J_00001,16.470362127018827,107.55930326094062,16.63482781693099,0.30245141485329075,38260.103978941275
BASE_7,COW_029,16.4401105,107.7120704,J_00002,16.47424359958971,107.55772818698266,16.890913798340044,0.3071075236061826,38849.1017361821
BASE_7,COW_029,16.4401105,107.7120704,J_00003,16.49348337564258,107.59002065245971,14.303967470168041,0.2600721358212371,32899.125181386495
BASE_7,COW_029,16.4401105,107.7120704,J_00004,16.478745441146955,107.55129534455035,17.674803957498522,0.3213600719545186,40652.0491022466
BASE_7,COW_029,16.4401105,107.7120704,J_00005,16.487027304858945,107.54731760776494,18.32677775760101,0.33321414104729113,42151.58884248233
BASE_7,COW_029,16.4401105,107.7120704,J_00006,16.532160339026593,107.44578496129934,30.1809033669121,0.54874369758022,69416.07774389784
BASE_7,COW_029,16.4401105,107.7120704,J_00007,16.476934281241164,107.53317577214604,19.511571033872286,0.35475583697949614,44876.61337790626
BASE_7,COW_029,16.4401105,107.7120704,J_00008,16.54063239867831,107.44448001783373,30.642186711856024,0.5571306674882913,70477.02943726885
BASE_7,COW_029,16.4401105,107.7120704,J_00009,16.531547558962664,107.69012324181722,10.433156253985956,0.18969375007247194,23996.2593841677
BASE_7,COW_029,16.4401105,107.7120704,J_00010,16.52738878877641,107.68921427085154,10.006211079328004,0.18193111053323643,23014.28548245441
BASE_7,COW_029,16.4401105,107.7120704,J_00011,16.53789357129583,107.68082715522364,11.371838897737698,0.2067607072315945,26155.229464796706
BASE_7,COW_029,16.4401105,107.7120704,J_00012,16.524835706155326,107.69309264998252,9.635875219541127,0.17519773126438412,22162.51300494459
BASE_7,COW_029,16.4401105,107.7120704,J_00013,16.2729315745512,107.87292622951324,25.300536938748518,0.4600097625227003,58191.23495912159
BASE_7,COW_029,16.4401105,107.7120704,J_00014,16.52317642712633,107.701478157211,9.305303554546606,0.16918733735539285,21402.198175457193
BASE_7,COW_029,16.4401105,107.7120704,J_00015,16.564129718701782,107.59382455637665,18.68428742943451,0.33971431689880927,42973.86108769937
BASE_7,COW_029,16.4401105,107.7120704,J_00016,16.55503728513068,107.61353852963492,16.542942602839865,0.30078077459708846,38048.76798653169
BASE_7,COW_029,16.4401105,107.7120704,J_00017,16.56802006575831,107.6179667081558,17.405358733770548,0.3164610678867372,40032.32508767226
BASE_7,COW_029,16.4401105,107.7120704,J_00018,16.493997607340088,107.53193954239708,20.12098418655687,0.3658360761192158,46278.2636290808
BASE_7,COW_029,16.4401105,107.7120704,J_00019,16.543546895491804,107.42583058377517,32.61435031531884,0.5929881875512516,75013.00572523332
BASE_7,COW_029,16.4401105,107.7120704,J_00020,16.242503801359586,107.2454051174484,54.42702462392059,0.9895822658894652,125182.15663501735
BASE_7,COW_029,16.4401105,107.7120704,J_00021,16.45055723769587,107.72225686630698,2.052395378714948,0.037316279612999055,4720.509371044381
BASE_7,COW_029,16.4401105,107.7120704,J_00022,16.504833393469443,107.6291677934963,11.399131742421025,0.20725694077129136,26218.003007568357
BASE_7,COW_029,16.4401105,107.7120704,J_00023,16.57986665656081,107.58768387995444,20.42910337458812,0.37143824317432944,46986.937761552676
BASE_7,COW_029,16.4401105,107.7120704,J_00024,16.23991207988329,107.25090001724132,54.0095662649114,0.98199211390748,124222.00240929621
BASE_7,COW_029,16.4401105,107.7120704,J_00025,16.250014260366132,107.24074792938237,54.552154141643896,0.991857348029889,125469.95452578097
BASE_7,COW_029,16.4401105,107.7120704,J_00026,16.459357749451215,107.7205673132457,2.8428549739799025,0.051688272254180045,6538.566440153776
BASE_7,COW_029,16.4401105,107.7120704,J_00027,16.656791523009364,107.34955392909389,45.53662727946347,0.8279386778084267,104734.24274276597
BASE_7,COW_029,16.4401105,107.7120704,J_00028,16.230739178703335,108.0800528964888,45.64890463069081,0.8299800841943783,104992.48065058886
BASE_7,COW_029,16.4401105,107.7120704,J_00029,16.582372023215015,107.36897627611086,39.851229773137746,0.72456781405705,91657.82847821682
BASE_7,COW_029,16.4401105,107.7120704,J_00030,16.23582074671607,107.25576696739624,53.72805671281536,0.9768737584148247,123574.53043947533
BASE_7,COW_029,16.4401105,107.7120704,J_00031,16.267972860818134,107.22291398151737,55.59020846651205,1.010731063027492,127857.47947297772
BASE_7,COW_029,16.4401105,107.7120704,J_00032,16.15816879245868,107.72785909820898,31.395740132676128,0.5708316387759296,72210.2023051551
BASE_7,COW_029,16.4401105,107.7120704,J_00033,16.597430221109658,107.50487743972349,28.17598473831166,0.5122906316056666,64804.76489811682
BASE_7,COW_029,16.4401105,107.7120704,J_00034,16.66429736358062,107.48232283480873,34.944158415786795,0.6353483348324872,80371.56435630962
BASE_7,COW_029,16.4401105,107.7120704,J_00035,16.461689838165945,107.7055674468512,3.1771052381434046,0.05776554978442554,7307.3420477298305
BASE_7,COW_029,16.4401105,107.7120704,J_00036,16.268139796636127,107.2187570048448,56.00046566516499,1.0181902848211817,128801.07102987947
BASE_7,COW_029,16.4401105,107.7120704,J_00037,16.56508206793363,107.52621803008316,24.201666397046754,0.4400302981281228,55663.832713207536
BASE_7,COW_029,16.4401105,107.7120704,J_00038,16.46918567451601,107.70508512969802,4.174734264538642,0.07590425935524803,9601.888808438876
BASE_7,COW_029,16.4401105,107.7120704,J_00039,16.569871522873257,107.536183895912,23.660506751410185,0.43019103184382157,54419.16552824343
BASE_7,COW_029,16.4401105,107.7120704,J_00040,16.666607075648248,107.36250567880695,44.97240926477741,0.8176801684504984,103436.54130898805
BASE_7,COW_029,16.4401105,107.7120704,J_00041,16.665155641834726,107.3688001600834,44.326968783554705,0.8059448869737219,101952.02820217582
BASE_7,COW_029,16.4401105,107.7120704,J_00042,16.51315499139435,107.5606764490754,18.07109615818553,0.32856538469428237,41563.52116382672
BASE_7,COW_029,16.4401105,107.7120704,J_00043,16.64927714226641,107.41145471933169,39.5941771289158,0.719894129616651,91066.60739650634
BASE_7,COW_029,16.4401105,107.7120704,J_00044,16.57166890824097,107.49529040517794,27.35209835503018,0.4973108791823669,62909.82621656941
BASE_7,COW_029,16.4401105,107.7120704,J_00045,16.63143941985154,107.5110583130454,30.19499960538347,0.548999992825154,69448.49909238197
BASE_7,COW_029,16.4401105,107.7120704,J_00046,16.59440973361349,107.38534822450936,38.82713927610588,0.7059479868382887,89302.42033504353
BASE_7,COW_029,16.4401105,107.7120704,J_00047,16.599347151767944,107.49633576858352,29.024798166374058,0.5277236030249829,66757.03578266033
BASE_7,COW_029,16.4401105,107.7120704,J_00048,16.28167999352194,107.97816386593117,33.41174374695029,0.6074862499445508,76847.01061798568
BASE_7,COW_029,16.4401105,107.7120704,J_00049,16.277599338947514,107.9824641404575,34.04139407565702,0.6189344377392185,78295.20637401113
BASE_7,COW_029,16.4401105,107.7120704,J_00050,16.462928914647218,107.64012940439612,8.08065700548548,0.14692103646337235,18585.5111126166
BASE_7,COW_029,16.4401105,107.7120704,J_00051,16.601594932702508,107.48296237382375,30.31425842330872,0.5511683349692494,69722.79437361006
BASE_7,COW_029,16.4401105,107.7120704,J_00052,16.34480069014235,107.90990007727194,30.602506328542717,0.556409205973504,70385.76455564825
BASE_7,COW_029,16.4401105,107.7120704,J_00053,16.586804944456667,107.58305427522006,21.336565751381983,0.38793755911603606,49074.10122817856
BASE_7,COW_029,16.4401105,107.7120704,J_00054,16.619028870649785,107.4534404914762,33.998511738339595,0.6181547588789017,78196.57699818107
BASE_7,COW_029,16.4401105,107.7120704,J_00055,16.282227234021125,107.2142450904469,55.94017365704799,1.0170940664917816,128662.39941121038
BASE_7,COW_029,16.4401105,107.7120704,J_00056,16.435088326817397,107.65074059522672,6.5646330667079065,0.11935696484923466,15098.656053428185
BASE_7,COW_029,16.4401105,107.7120704,J_00057,16.371952558474792,107.86327621053776,24.25110189975226,0.4409291254500411,55777.5343694302
BASE_7,COW_029,16.4401105,107.7120704,J_00058,16.605809254100482,107.44852928114123,33.59711688333113,0.6108566706060206,77273.3688316616
BASE_7,COW_029,16.4401105,107.7120704,J_00059,16.604451821387112,107.44540383479944,33.79444823880074,0.6144445134327408,77727.2309492417
BASE_7,COW_029,16.4401105,107.7120704,J_00060,16.41077084398415,107.70813735661868,3.2892793718839077,0.059805079488798325,7565.342555332988
BASE_7,COW_029,16.4401105,107.7120704,J_00061,16.423400400047356,107.82881823459424,17.45304380396251,0.31732806916295475,40142.00074911378
BASE_7,COW_029,16.4401105,107.7120704,J_00062,16.392061127207906,107.71969303091058,10.44402706497961,0.18989140118144746,24021.262249453102
BASE_7,COW_029,16.4401105,107.7120704,J_00063,16.51352049869946,107.39836603004166,34.43146029767479,0.6260265508668144,79192.35868465202
BASE_7,COW_029,16.4401105,107.7120704,J_00064,16.12581966029344,107.33689825793644,53.14922329702277,0.9663495144913231,122243.21358315238
BASE_7,COW_029,16.4401105,107.7120704,J_00065,16.58814063386911,107.58112744571652,21.582583282320982,0.39241060513310877,49639.94154933826
BASE_7,COW_029,16.4401105,107.7120704,J_00066,16.311065134737067,108.00316203108642,34.20971000667464,0.6219947273940843,78682.33301535167
BASE_7,COW_029,16.4401105,107.7120704,J_00067,16.51365978864296,107.39155449638712,35.14107013719731,0.638928547949042,80824.46131555381
BASE_7,COW_029,16.4401105,107.7120704,J_00068,16.52448692518508,107.36199005595924,38.48858175799383,0.6997923955998878,88523.7380433858
BASE_7,COW_029,16.4401105,107.7120704,J_00069,16.59106004686489,107.57447245809988,22.29143503540114,0.40529881882547525,51270.30058142262
BASE_7,COW_029,16.4401105,107.7120704,J_00070,16.514385209681947,107.35917522677836,38.52435222797518,0.7004427677813669,88606.01012434291
BASE_7,COW_029,16.4401105,107.7120704,J_00071,16.500172317744823,107.387722313213,35.224903555257555,0.6404527919137737,81017.27817709238
BASE_7,COW_029,16.4401105,107.7120704,J_00072,16.393597378184786,107.47492481043388,25.81768434119008,0.46941244256709236,59380.67398473719
BASE_7,COW_029,16.4401105,107.7120704,J_00073,16.311140756886953,108.00574411813372,34.45646159676483,0.6264811199411787,79249.86167255911
BASE_7,COW_029,16.4401105,107.7120704,J_00074,16.521508537272283,107.40421975752768,34.050011706972434,0.6190911219449533,78315.0269260366
BASE_7,COW_029,16.4401105,107.7120704,J_00075,16.402154789177548,107.47526188616476,25.608004359436055,0.4656000792624737,58898.41002670293
BASE_7,COW_029,16.4401105,107.7120704,J_00076,16.588713873543426,107.3252892,44.421586857321515,0.8076652155876639,102169.64977183948
BASE_7,COW_029,16.4401105,107.7120704,J_00077,16.08851719650639,107.38588473919135,52.352491029278866,0.9518634732596157,120410.7293673414
BASE_7,COW_029,16.4401105,107.7120704,J_00078,16.527850544725265,107.37652351643136,37.08395589772293,0.6742537435949624,85293.09856476274
BASE_7,COW_029,16.4401105,107.7120704,J_00079,16.085892686488275,107.36589613925749,54.00778615976988,0.9819597483594523,124217.90816747073
BASE_7,COW_029,16.4401105,107.7120704,J_00080,16.291495257578905,108.0261164720742,37.359037596711225,0.6792552290311132,85925.78647243582
BASE_7,COW_029,16.4401105,107.7120704,J_00081,16.382115370526147,107.0536835996094,70.52209930028046,1.2822199872778266,162200.82839064507
BASE_7,COW_029,16.4401105,107.7120704,J_00082,16.376677240357246,107.04298993910136,71.71597044773111,1.3039267354132928,164946.73202978156
BASE_7,COW_029,16.4401105,107.7120704,J_00083,16.145727559220454,107.74412376098628,32.91217043565965,0.5984030988301754,75697.99200201718
BASE_7,COW_029,16.4401105,107.7120704,J_00084,16.327564155367586,107.1717988691137,58.97898325554008,1.0723451501007286,135651.66148774218
BASE_7,COW_029,16.4401105,107.7120704,J_00085,16.536406972867166,107.35115792249393,39.943298360694186,0.726241788376258,91869.58622959662
BASE_7,COW_029,16.4401105,107.7120704,J_00086,16.516865528399663,107.28775679746394,46.0415522601949,0.8371191320035436,105895.57019844826
BASE_7,COW_029,16.4401105,107.7120704,J_00087,16.286613968463637,108.0076708460382,35.86020987815024,0.652003815966368,82478.48271974556
BASE_7,COW_029,16.4401105,107.7120704,J_00088,16.31580618944039,108.01104614910422,34.761715343546854,0.6320311880644882,79951.94529015776
BASE_7,COW_029,16.4401105,107.7120704,J_00089,16.612873091094567,107.40389222873738,38.05655588957979,0.6919373798105416,87530.07854603352
BASE_7,COW_029,16.4401105,107.7120704,J_00090,16.330456476800176,107.6200542865036,15.653302016431864,0.28460549120785206,36002.594637793285
BASE_7,COW_029,16.4401105,107.7120704,J_00091,16.286166291524196,108.0212320394954,37.161992876281175,0.6756725977505669,85472.5836154467
BASE_7,COW_029,16.4401105,107.7120704,J_00092,16.276565522813957,108.0303636867135,38.52245330552176,0.7004082419185774,88601.64260270004
BASE_7,COW_029,16.4401105,107.7120704,J_00093,16.343745314767705,107.94446775635662,27.00766580474439,0.49104846917717077,62117.6313509121
BASE_7,COW_029,16.4401105,107.7120704,J_00094,16.374390937218454,107.4611604849838,27.74349898019062,0.504427254185284,63810.04765443842
BASE_7,COW_029,16.4401105,107.7120704,J_00095,16.563745734293335,107.33058047516714,42.933044691776765,0.7806008125777594,98746.00279108656
BASE_7,COW_029,16.4401105,107.7120704,J_00096,16.333238096088046,107.95986908838688,28.9830098287775,0.5269638150686818,66660.92260618825
BASE_7,COW_029,16.4401105,107.7120704,J_00097,16.345740957020553,107.15320156741336,60.53359694998039,1.100610853636007,139227.2729849549
BASE_7,COW_029,16.4401105,107.7120704,J_00098,16.219107397405065,108.05398556961838,43.989710403834835,0.7998129164333606,101176.33392882012
BASE_7,COW_029,16.4401105,107.7120704,J_00099,16.422942208064033,107.46784915441106,26.116926614983626,0.47485321118152046,60068.93121446234
BASE_7,COW_029,16.4401105,107.7120704,J_00100,16.402644021436732,107.75780974463012,6.415308554059585,0.11664197371017428,14755.209674337046
BASE_7,COW_029,16.4401105,107.7120704,J_00101,16.37524964320665,107.59276945006624,14.627111002281778,0.2659474727687596,33642.355305248086
BASE_7,COW_029,16.4401105,107.7120704,J_00102,16.547556620418277,107.3098233592149,44.52033821731429,0.8094606948602598,102396.77789982286
BASE_7,COW_029,16.4401105,107.7120704,J_00103,16.30681962375361,107.38568972103658,37.84315817846424,0.6880574214266226,87039.26381046776
BASE_7,COW_029,16.4401105,107.7120704,J_00104,16.380155048074425,107.67675752946212,9.67213810775594,0.17585705650465344,22245.91764783866
BASE_7,COW_029,16.4401105,107.7120704,J_00105,16.730113981967406,107.400003273698,46.323474818649906,0.8422449967027256,106543.99208289478
BASE_7,COW_029,16.4401105,107.7120704,J_00106,16.369866099155256,107.60485959798804,13.848841171726312,0.25179711221320566,31852.334694970516
BASE_7,COW_029,16.4401105,107.7120704,J_00107,16.113891588725753,107.66074099746874,36.68531130886543,0.6670056601611897,84376.21601039049
BASE_7,COW_029,16.4401105,107.7120704,J_00108,16.362255190888888,107.77612445102936,11.028638068631246,0.20052069215693175,25365.867557851863
BASE_7,COW_029,16.4401105,107.7120704,J_00109,16.309746863677077,107.75132688590683,15.088649433527662,0.27433908060959383,34703.89369711362
BASE_7,COW_029,16.4401105,107.7120704,J_00110,16.32186391385828,107.73943123957228,13.468513986655525,0.2448820724846459,30977.58216930771
BASE_7,COW_029,16.4401105,107.7120704,J_00111,16.372264871840603,107.6709710682885,10.789948473644287,0.19618088133898703,24816.88148938186
BASE_7,COW_029,16.4401105,107.7120704,J_00112,16.329782686393113,107.41267661232116,34.21409074111511,0.6220743771111837,78692.40870456475
BASE_7,COW_029,16.4401105,107.7120704,J_00113,16.320008469677312,107.70521742737984,13.374732669447717,0.24317695762632213,30761.885139729748
BASE_7,COW_029,16.4401105,107.7120704,J_00114,16.74059460183718,107.3850389961322,48.2797045797288,0.8778128105405236,111043.32053337625
BASE_7,COW_029,16.4401105,107.7120704,J_00115,16.347584401325978,107.53061376748612,21.9211147412914,0.3985657225689346,50418.56390497022
BASE_7,COW_029,16.4401105,107.7120704,J_00116,16.510544056993798,107.49977339066342,23.95364266735191,0.43552077577003473,55093.3781349094
BASE_7,COW_030,16.4401105,107.7120704,J_00000,16.470828921881164,107.60955399746234,11.453575180528333,0.2082468214641515,26343.222915215163
BASE_7,COW_030,16.4401105,107.7120704,J_00001,16.470362127018827,107.55930326094062,16.63482781693099,0.30245141485329075,38260.103978941275
BASE_7,COW_030,16.4401105,107.7120704,J_00002,16.47424359958971,107.55772818698266,16.890913798340044,0.3071075236061826,38849.1017361821
BASE_7,COW_030,16.4401105,107.7120704,J_00003,16.49348337564258,107.59002065245971,14.303967470168041,0.2600721358212371,32899.125181386495
BASE_7,COW_030,16.4401105,107.7120704,J_00004,16.478745441146955,107.55129534455035,17.674803957498522,0.3213600719545186,40652.0491022466
BASE_7,COW_030,16.4401105,107.7120704,J_00005,16.487027304858945,107.54731760776494,18.32677775760101,0.33321414104729113,42151.58884248233
BASE_7,COW_030,16.4401105,107.7120704,J_00006,16.532160339026593,107.44578496129934,30.1809033669121,0.54874369758022,69416.07774389784
BASE_7,COW_030,16.4401105,107.7120704,J_00007,16.476934281241164,107.53317577214604,19.511571033872286,0.35475583697949614,44876.61337790626
BASE_7,COW_030,16.4401105,107.7120704,J_00008,16.54063239867831,107.44448001783373,30.642186711856024,0.5571306674882913,70477.02943726885
BASE_7,COW_030,16.4401105,107.7120704,J_00009,16.531547558962664,107.69012324181722,10.433156253985956,0.18969375007247194,23996.2593841677
BASE_7,COW_030,16.4401105,107.7120704,J_00010,16.52738878877641,107.68921427085154,10.006211079328004,0.18193111053323643,23014.28548245441
BASE_7,COW_030,16.4401105,107.7120704,J_00011,16.53789357129583,107.68082715522364,11.371838897737698,0.2067607072315945,26155.229464796706
BASE_7,COW_030,16.4401105,107.7120704,J_00012,16.524835706155326,107.69309264998252,9.635875219541127,0.17519773126438412,22162.51300494459
BASE_7,COW_030,16.4401105,107.7120704,J_00013,16.2729315745512,107.87292622951324,25.300536938748518,0.4600097625227003,58191.23495912159
BASE_7,COW_030,16.4401105,107.7120704,J_00014,16.52317642712633,107.701478157211,9.305303554546606,0.16918733735539285,21402.198175457193
BASE_7,COW_030,16.4401105,107.7120704,J_00015,16.564129718701782,107.59382455637665,18.68428742943451,0.33971431689880927,42973.86108769937
BASE_7,COW_030,16.4401105,107.7120704,J_00016,16.55503728513068,107.61353852963492,16.542942602839865,0.30078077459708846,38048.76798653169
BASE_7,COW_030,16.4401105,107.7120704,J_00017,16.56802006575831,107.6179667081558,17.405358733770548,0.3164610678867372,40032.32508767226
BASE_7,COW_030,16.4401105,107.7120704,J_00018,16.493997607340088,107.53193954239708,20.12098418655687,0.3658360761192158,46278.2636290808
BASE_7,COW_030,16.4401105,107.7120704,J_00019,16.543546895491804,107.42583058377517,32.61435031531884,0.5929881875512516,75013.00572523332
BASE_7,COW_030,16.4401105,107.7120704,J_00020,16.242503801359586,107.2454051174484,54.42702462392059,0.9895822658894652,125182.15663501735
BASE_7,COW_030,16.4401105,107.7120704,J_00021,16.45055723769587,107.72225686630698,2.052395378714948,0.037316279612999055,4720.509371044381
BASE_7,COW_030,16.4401105,107.7120704,J_00022,16.504833393469443,107.6291677934963,11.399131742421025,0.20725694077129136,26218.003007568357
BASE_7,COW_030,16.4401105,107.7120704,J_00023,16.57986665656081,107.58768387995444,20.42910337458812,0.37143824317432944,46986.937761552676
BASE_7,COW_030,16.4401105,107.7120704,J_00024,16.23991207988329,107.25090001724132,54.0095662649114,0.98199211390748,124222.00240929621
BASE_7,COW_030,16.4401105,107.7120704,J_00025,16.250014260366132,107.24074792938237,54.552154141643896,0.991857348029889,125469.95452578097
BASE_7,COW_030,16.4401105,107.7120704,J_00026,16.459357749451215,107.7205673132457,2.8428549739799025,0.051688272254180045,6538.566440153776
BASE_7,COW_030,16.4401105,107.7120704,J_00027,16.656791523009364,107.34955392909389,45.53662727946347,0.8279386778084267,104734.24274276597
BASE_7,COW_030,16.4401105,107.7120704,J_00028,16.230739178703335,108.0800528964888,45.64890463069081,0.8299800841943783,104992.48065058886
BASE_7,COW_030,16.4401105,107.7120704,J_00029,16.582372023215015,107.36897627611086,39.851229773137746,0.72456781405705,91657.82847821682
BASE_7,COW_030,16.4401105,107.7120704,J_00030,16.23582074671607,107.25576696739624,53.72805671281536,0.9768737584148247,123574.53043947533
BASE_7,COW_030,16.4401105,107.7120704,J_00031,16.267972860818134,107.22291398151737,55.59020846651205,1.010731063027492,127857.47947297772
BASE_7,COW_030,16.4401105,107.7120704,J_00032,16.15816879245868,107.72785909820898,31.395740132676128,0.5708316387759296,72210.2023051551
BASE_7,COW_030,16.4401105,107.7120704,J_00033,16.597430221109658,107.50487743972349,28.17598473831166,0.5122906316056666,64804.76489811682
BASE_7,COW_030,16.4401105,107.7120704,J_00034,16.66429736358062,107.48232283480873,34.944158415786795,0.6353483348324872,80371.56435630962
BASE_7,COW_030,16.4401105,107.7120704,J_00035,16.461689838165945,107.7055674468512,3.1771052381434046,0.05776554978442554,7307.3420477298305
BASE_7,COW_030,16.4401105,107.7120704,J_00036,16.268139796636127,107.2187570048448,56.00046566516499,1.0181902848211817,128801.07102987947
BASE_7,COW_030,16.4401105,107.7120704,J_00037,16.56508206793363,107.52621803008316,24.201666397046754,0.4400302981281228,55663.832713207536
BASE_7,COW_030,16.4401105,107.7120704,J_00038,16.46918567451601,107.70508512969802,4.174734264538642,0.07590425935524803,9601.888808438876
BASE_7,COW_030,16.4401105,107.7120704,J_00039,16.569871522873257,107.536183895912,23.660506751410185,0.43019103184382157,54419.16552824343
BASE_7,COW_030,16.4401105,107.7120704,J_00040,16.666607075648248,107.36250567880695,44.97240926477741,0.8176801684504984,103436.54130898805
BASE_7,COW_030,16.4401105,107.7120704,J_00041,16.665155641834726,107.3688001600834,44.326968783554705,0.8059448869737219,101952.02820217582
BASE_7,COW_030,16.4401105,107.7120704,J_00042,16.51315499139435,107.5606764490754,18.07109615818553,0.32856538469428237,41563.52116382672
BASE_7,COW_030,16.4401105,107.7120704,J_00043,16.64927714226641,107.41145471933169,39.5941771289158,0.719894129616651,91066.60739650634
BASE_7,COW_030,16.4401105,107.7120704,J_00044,16.57166890824097,107.49529040517794,27.35209835503018,0.4973108791823669,62909.82621656941
BASE_7,COW_030,16.4401105,107.7120704,J_00045,16.63143941985154,107.5110583130454,30.19499960538347,0.548999992825154,69448.49909238197
BASE_7,COW_030,16.4401105,107.7120704,J_00046,16.59440973361349,107.38534822450936,38.82713927610588,0.7059479868382887,89302.42033504353
BASE_7,COW_030,16.4401105,107.7120704,J_00047,16.599347151767944,107.49633576858352,29.024798166374058,0.5277236030249829,66757.03578266033
BASE_7,COW_030,16.4401105,107.7120704,J_00048,16.28167999352194,107.97816386593117,33.41174374695029,0.6074862499445508,76847.01061798568
BASE_7,COW_030,16.4401105,107.7120704,J_00049,16.277599338947514,107.9824641404575,34.04139407565702,0.6189344377392185,78295.20637401113
BASE_7,COW_030,16.4401105,107.7120704,J_00050,16.462928914647218,107.64012940439612,8.08065700548548,0.14692103646337235,18585.5111126166
BASE_7,COW_030,16.4401105,107.7120704,J_00051,16.601594932702508,107.48296237382375,30.31425842330872,0.5511683349692494,69722.79437361006
BASE_7,COW_030,16.4401105,107.7120704,J_00052,16.34480069014235,107.90990007727194,30.602506328542717,0.556409205973504,70385.76455564825
BASE_7,COW_030,16.4401105,107.7120704,J_00053,16.586804944456667,107.58305427522006,21.336565751381983,0.38793755911603606,49074.10122817856
BASE_7,COW_030,16.4401105,107.7120704,J_00054,16.619028870649785,107.4534404914762,33.998511738339595,0.6181547588789017,78196.57699818107
BASE_7,COW_030,16.4401105,107.7120704,J_00055,16.282227234021125,107.2142450904469,55.94017365704799,1.0170940664917816,128662.39941121038
BASE_7,COW_030,16.4401105,107.7120704,J_00056,16.435088326817397,107.65074059522672,6.5646330667079065,0.11935696484923466,15098.656053428185
BASE_7,COW_030,16.4401105,107.7120704,J_00057,16.371952558474792,107.86327621053776,24.25110189975226,0.4409291254500411,55777.5343694302
BASE_7,COW_030,16.4401105,107.7120704,J_00058,16.605809254100482,107.44852928114123,33.59711688333113,0.6108566706060206,77273.3688316616
BASE_7,COW_030,16.4401105,107.7120704,J_00059,16.604451821387112,107.44540383479944,33.79444823880074,0.6144445134327408,77727.2309492417
BASE_7,COW_030,16.4401105,107.7120704,J_00060,16.41077084398415,107.70813735661868,3.2892793718839077,0.059805079488798325,7565.342555332988
BASE_7,COW_030,16.4401105,107.7120704,J_00061,16.423400400047356,107.82881823459424,17.45304380396251,0.31732806916295475,40142.00074911378
BASE_7,COW_030,16.4401105,107.7120704,J_00062,16.392061127207906,107.71969303091058,10.44402706497961,0.18989140118144746,24021.262249453102
BASE_7,COW_030,16.4401105,107.7120704,J_00063,16.51352049869946,107.39836603004166,34.43146029767479,0.6260265508668144,79192.35868465202
BASE_7,COW_030,16.4401105,107.7120704,J_00064,16.12581966029344,107.33689825793644,53.14922329702277,0.9663495144913231,122243.21358315238
BASE_7,COW_030,16.4401105,107.7120704,J_00065,16.58814063386911,107.58112744571652,21.582583282320982,0.39241060513310877,49639.94154933826
BASE_7,COW_030,16.4401105,107.7120704,J_00066,16.311065134737067,108.00316203108642,34.20971000667464,0.6219947273940843,78682.33301535167
BASE_7,COW_030,16.4401105,107.7120704,J_00067,16.51365978864296,107.39155449638712,35.14107013719731,0.638928547949042,80824.46131555381
BASE_7,COW_030,16.4401105,107.7120704,J_00068,16.52448692518508,107.36199005595924,38.48858175799383,0.6997923955998878,88523.7380433858
BASE_7,COW_030,16.4401105,107.7120704,J_00069,16.59106004686489,107.57447245809988,22.29143503540114,0.40529881882547525,51270.30058142262
BASE_7,COW_030,16.4401105,107.7120704,J_00070,16.514385209681947,107.35917522677836,38.52435222797518,0.7004427677813669,88606.01012434291
BASE_7,COW_030,16.4401105,107.7120704,J_00071,16.500172317744823,107.387722313213,35.224903555257555,0.6404527919137737,81017.27817709238
BASE_7,COW_030,16.4401105,107.7120704,J_00072,16.393597378184786,107.47492481043388,25.81768434119008,0.46941244256709236,59380.67398473719
BASE_7,COW_030,16.4401105,107.7120704,J_00073,16.311140756886953,108.00574411813372,34.45646159676483,0.6264811199411787,79249.86167255911
BASE_7,COW_030,16.4401105,107.7120704,J_00074,16.521508537272283,107.40421975752768,34.050011706972434,0.6190911219449533,78315.0269260366
BASE_7,COW_030,16.4401105,107.7120704,J_00075,16.402154789177548,107.47526188616476,25.608004359436055,0.4656000792624737,58898.41002670293
BASE_7,COW_030,16.4401105,107.7120704,J_00076,16.588713873543426,107.3252892,44.421586857321515,0.8076652155876639,102169.64977183948
BASE_7,COW_030,16.4401105,107.7120704,J_00077,16.08851719650639,107.38588473919135,52.352491029278866,0.9518634732596157,120410.7293673414
BASE_7,COW_030,16.4401105,107.7120704,J_00078,16.527850544725265,107.37652351643136,37.08395589772293,0.6742537435949624,85293.09856476274
BASE_7,COW_030,16.4401105,107.7120704,J_00079,16.085892686488275,107.36589613925749,54.00778615976988,0.9819597483594523,124217.90816747073
BASE_7,COW_030,16.4401105,107.7120704,J_00080,16.291495257578905,108.0261164720742,37.359037596711225,0.6792552290311132,85925.78647243582
BASE_7,COW_030,16.4401105,107.7120704,J_00081,16.382115370526147,107.0536835996094,70.52209930028046,1.2822199872778266,162200.82839064507
BASE_7,COW_030,16.4401105,107.7120704,J_00082,16.376677240357246,107.04298993910136,71.71597044773111,1.3039267354132928,164946.73202978156
BASE_7,COW_030,16.4401105,107.7120704,J_00083,16.145727559220454,107.74412376098628,32.91217043565965,0.5984030988301754,75697.99200201718
BASE_7,COW_030,16.4401105,107.7120704,J_00084,16.327564155367586,107.1717988691137,58.97898325554008,1.0723451501007286,135651.66148774218
BASE_7,COW_030,16.4401105,107.7120704,J_00085,16.536406972867166,107.35115792249393,39.943298360694186,0.726241788376258,91869.58622959662
BASE_7,COW_030,16.4401105,107.7120704,J_00086,16.516865528399663,107.28775679746394,46.0415522601949,0.8371191320035436,105895.57019844826
BASE_7,COW_030,16.4401105,107.7120704,J_00087,16.286613968463637,108.0076708460382,35.86020987815024,0.652003815966368,82478.48271974556
BASE_7,COW_030,16.4401105,107.7120704,J_00088,16.31580618944039,108.01104614910422,34.761715343546854,0.6320311880644882,79951.94529015776
BASE_7,COW_030,16.4401105,107.7120704,J_00089,16.612873091094567,107.40389222873738,38.05655588957979,0.6919373798105416,87530.07854603352
BASE_7,COW_030,16.4401105,107.7120704,J_00090,16.330456476800176,107.6200542865036,15.653302016431864,0.28460549120785206,36002.594637793285
BASE_7,COW_030,16.4401105,107.7120704,J_00091,16.286166291524196,108.0212320394954,37.161992876281175,0.6756725977505669,85472.5836154467
BASE_7,COW_030,16.4401105,107.7120704,J_00092,16.276565522813957,108.0303636867135,38.52245330552176,0.7004082419185774,88601.64260270004
BASE_7,COW_030,16.4401105,107.7120704,J_00093,16.343745314767705,107.94446775635662,27.00766580474439,0.49104846917717077,62117.6313509121
BASE_7,COW_030,16.4401105,107.7120704,J_00094,16.374390937218454,107.4611604849838,27.74349898019062,0.504427254185284,63810.04765443842
BASE_7,COW_030,16.4401105,107.7120704,J_00095,16.563745734293335,107.33058047516714,42.933044691776765,0.7806008125777594,98746.00279108656
BASE_7,COW_030,16.4401105,107.7120704,J_00096,16.333238096088046,107.95986908838688,28.9830098287775,0.5269638150686818,66660.92260618825
BASE_7,COW_030,16.4401105,107.7120704,J_00097,16.345740957020553,107.15320156741336,60.53359694998039,1.100610853636007,139227.2729849549
BASE_7,COW_030,16.4401105,107.7120704,J_00098,16.219107397405065,108.05398556961838,43.989710403834835,0.7998129164333606,101176.33392882012
BASE_7,COW_030,16.4401105,107.7120704,J_00099,16.422942208064033,107.46784915441106,26.116926614983626,0.47485321118152046,60068.93121446234
BASE_7,COW_030,16.4401105,107.7120704,J_00100,16.402644021436732,107.75780974463012,6.415308554059585,0.11664197371017428,14755.209674337046
BASE_7,COW_030,16.4401105,107.7120704,J_00101,16.37524964320665,107.59276945006624,14.627111002281778,0.2659474727687596,33642.355305248086
BASE_7,COW_030,16.4401105,107.7120704,J_00102,16.547556620418277,107.3098233592149,44.52033821731429,0.8094606948602598,102396.77789982286
BASE_7,COW_030,16.4401105,107.7120704,J_00103,16.30681962375361,107.38568972103658,37.84315817846424,0.6880574214266226,87039.26381046776
BASE_7,COW_030,16.4401105,107.7120704,J_00104,16.380155048074425,107.67675752946212,9.67213810775594,0.17585705650465344,22245.91764783866
BASE_7,COW_030,16.4401105,107.7120704,J_00105,16.730113981967406,107.400003273698,46.323474818649906,0.8422449967027256,106543.99208289478
BASE_7,COW_030,16.4401105,107.7120704,J_00106,16.369866099155256,107.60485959798804,13.848841171726312,0.25179711221320566,31852.334694970516
BASE_7,COW_030,16.4401105,107.7120704,J_00107,16.113891588725753,107.66074099746874,36.68531130886543,0.6670056601611897,84376.21601039049
BASE_7,COW_030,16.4401105,107.7120704,J_00108,16.362255190888888,107.77612445102936,11.028638068631246,0.20052069215693175,25365.867557851863
BASE_7,COW_030,16.4401105,107.7120704,J_00109,16.309746863677077,107.75132688590683,15.088649433527662,0.27433908060959383,34703.89369711362
BASE_7,COW_030,16.4401105,107.7120704,J_00110,16.32186391385828,107.73943123957228,13.468513986655525,0.2448820724846459,30977.58216930771
BASE_7,COW_030,16.4401105,107.7120704,J_00111,16.372264871840603,107.6709710682885,10.789948473644287,0.19618088133898703,24816.88148938186
BASE_7,COW_030,16.4401105,107.7120704,J_00112,16.329782686393113,107.41267661232116,34.21409074111511,0.6220743771111837,78692.40870456475
BASE_7,COW_030,16.4401105,107.7120704,J_00113,16.320008469677312,107.70521742737984,13.374732669447717,0.24317695762632213,30761.885139729748
BASE_7,COW_030,16.4401105,107.7120704,J_00114,16.74059460183718,107.3850389961322,48.2797045797288,0.8778128105405236,111043.32053337625
BASE_7,COW_030,16.4401105,107.7120704,J_00115,16.347584401325978,107.53061376748612,21.9211147412914,0.3985657225689346,50418.56390497022
BASE_7,COW_030,16.4401105,107.7120704,J_00116,16.510544056993798,107.49977339066342,23.95364266735191,0.43552077577003473,55093.3781349094
BASE_8,COW_031,16.5743603,107.508071,J_00000,16.470828921881164,107.60955399746234,15.797734693838668,0.3159546938767734,36334.78979582894
BASE_8,COW_031,16.5743603,107.508071,J_00001,16.470362127018827,107.55930326094062,12.788906087522228,0.25577812175044456,29414.484001301127
BASE_8,COW_031,16.5743603,107.508071,J_00002,16.47424359958971,107.55772818698266,12.326956025863693,0.24653912051727386,28351.99885948649
BASE_8,COW_031,16.5743603,107.508071,J_00003,16.49348337564258,107.59002065245971,12.53740912580625,0.25074818251612496,28836.040989354373
BASE_8,COW_031,16.5743603,107.508071,J_00004,16.478745441146955,107.55129534455035,11.587430830624276,0.23174861661248553,26651.090910435836
BASE_8,COW_031,16.5743603,107.508071,J_00005,16.487027304858945,107.54731760776494,10.573842745060718,0.21147685490121437,24319.83831363965
BASE_8,COW_031,16.5743603,107.508071,J_00006,16.532160339026593,107.44578496129934,8.1297692183188,0.16259538436637602,18698.46920213324
BASE_8,COW_031,16.5743603,107.508071,J_00007,16.476934281241164,107.53317577214604,11.158944620623831,0.22317889241247663,25665.572627434813
BASE_8,COW_031,16.5743603,107.508071,J_00008,16.54063239867831,107.44448001783373,7.74620731827695,0.154924146365539,17816.276832036983
BASE_8,COW_031,16.5743603,107.508071,J_00009,16.531547558962664,107.69012324181722,19.979771840805828,0.39959543681611653,45953.4752338534
BASE_8,COW_031,16.5743603,107.508071,J_00010,16.52738878877641,107.68921427085154,20.00163733984749,0.40003274679694983,46003.76588164923
BASE_8,COW_031,16.5743603,107.508071,J_00011,16.53789357129583,107.68082715522364,18.854393623372555,0.3770878724674511,43365.105333756874
BASE_8,COW_031,16.5743603,107.508071,J_00012,16.524835706155326,107.69309264998252,20.475613364664692,0.4095122672932938,47093.910738728795
BASE_8,COW_031,16.5743603,107.508071,J_00013,16.2729315745512,107.87292622951324,51.35913133626661,1.0271826267253321,118126.0020734132
BASE_8,COW_031,16.5743603,107.508071,J_00014,16.52317642712633,107.701478157211,21.386278789009,0.42772557578018,49188.441214720704
BASE_8,COW_031,16.5743603,107.508071,J_00015,16.564129718701782,107.59382455637665,9.209938091422348,0.18419876182844697,21182.8576102714
BASE_8,COW_031,16.5743603,107.508071,J_00016,16.55503728513068,107.61353852963492,11.444253790427728,0.22888507580855458,26321.783717983777
BASE_8,COW_031,16.5743603,107.508071,J_00017,16.56802006575831,107.6179667081558,11.733506277985276,0.2346701255597055,26987.064439366135
BASE_8,COW_031,16.5743603,107.508071,J_00018,16.493997607340088,107.53193954239708,9.291085730946515,0.1858217146189303,21369.497181176983
BASE_8,COW_031,16.5743603,107.508071,J_00019,16.543546895491804,107.42583058377517,9.411309442010426,0.1882261888402085,21646.01171662398
BASE_8,COW_031,16.5743603,107.508071,J_00020,16.242503801359586,107.2454051174484,46.331931040600765,0.9266386208120153,106563.44139338176
BASE_8,COW_031,16.5743603,107.508071,J_00021,16.45055723769587,107.72225686630698,26.662860811918474,0.5332572162383695,61324.57986741249
BASE_8,COW_031,16.5743603,107.508071,J_00022,16.504833393469443,107.6291677934963,15.04627761613023,0.3009255523226046,34606.43851709953
BASE_8,COW_031,16.5743603,107.508071,J_00023,16.57986665656081,107.58768387995444,8.506669818763807,0.17013339637527614,19565.340583156758
BASE_8,COW_031,16.5743603,107.508071,J_00024,16.23991207988329,107.25090001724132,46.211576186744836,0.9242315237348967,106286.62522951313
BASE_8,COW_031,16.5743603,107.508071,J_00025,16.250014260366132,107.24074792938237,45.97568350488575,0.919513670097715,105744.07206123722
BASE_8,COW_031,16.5743603,107.508071,J_00026,16.459357749451215,107.7205673132457,26.01358170436903,0.5202716340873806,59831.23792004877
BASE_8,COW_031,16.5743603,107.508071,J_00027,16.656791523009364,107.34955392909389,19.217093956995875,0.3843418791399175,44199.31610109051
BASE_8,COW_031,16.5743603,107.508071,J_00028,16.230739178703335,108.0800528964888,71.98951948517345,1.439790389703469,165575.89481589894
BASE_8,COW_031,16.5743603,107.508071,J_00029,16.582372023215015,107.36897627611086,14.850430514290176,0.2970086102858035,34155.990182867405
BASE_8,COW_031,16.5743603,107.508071,J_00030,16.23582074671607,107.25576696739624,46.27479653035901,0.9254959306071803,106432.03201982573
BASE_8,COW_031,16.5743603,107.508071,J_00031,16.267972860818134,107.22291398151737,45.66974000010707,0.9133948000021413,105040.40200024626
BASE_8,COW_031,16.5743603,107.508071,J_00032,16.15816879245868,107.72785909820898,51.880085615653456,1.0376017123130692,119324.19691600295
BASE_8,COW_031,16.5743603,107.508071,J_00033,16.597430221109658,107.50487743972349,2.587735669674601,0.05175471339349202,5951.792040251582
BASE_8,COW_031,16.5743603,107.508071,J_00034,16.66429736358062,107.48232283480873,10.37002878996728,0.20740057579934562,23851.066216924744
BASE_8,COW_031,16.5743603,107.508071,J_00035,16.461689838165945,107.7055674468512,24.499868841989215,0.4899973768397843,56349.698336575195
BASE_8,COW_031,16.5743603,107.508071,J_00036,16.268139796636127,107.2187570048448,45.952441264777526,0.9190488252955505,105690.61490898831
BASE_8,COW_031,16.5743603,107.508071,J_00037,16.56508206793363,107.52621803008316,2.1920284058823754,0.043840568117647506,5041.665333529463
BASE_8,COW_031,16.5743603,107.508071,J_00038,16.46918567451601,107.70508512969802,24.039008327638623,0.48078016655277245,55289.71915356883
BASE_8,COW_031,16.5743603,107.508071,J_00039,16.569871522873257,107.536183895912,3.037451908731261,0.060749038174625215,6986.1393900819
BASE_8,COW_031,16.5743603,107.508071,J_00040,16.666607075648248,107.36250567880695,18.59488791283772,0.3718977582567544,42768.24219952676
BASE_8,COW_031,16.5743603,107.508071,J_00041,16.665155641834726,107.3688001600834,17.948046607177556,0.3589609321435511,41280.50719650838
BASE_8,COW_031,16.5743603,107.508071,J_00042,16.51315499139435,107.5606764490754,8.818146210408031,0.17636292420816063,20281.736283938473
BASE_8,COW_031,16.5743603,107.508071,J_00043,16.64927714226641,107.41145471933169,13.24307955777342,0.2648615911554684,30459.082982878866
BASE_8,COW_031,16.5743603,107.508071,J_00044,16.57166890824097,107.49529040517794,1.3945880265701485,0.02789176053140297,3207.5524611113415
BASE_8,COW_031,16.5743603,107.508071,J_00045,16.63143941985154,107.5110583130454,6.354886224792122,0.12709772449584245,14616.238317021882
BASE_8,COW_031,16.5743603,107.508071,J_00046,16.59440973361349,107.38534822450936,13.26712931408661,0.2653425862817322,30514.3974223992
BASE_8,COW_031,16.5743603,107.508071,J_00047,16.599347151767944,107.49633576858352,3.0468945005766397,0.0609378900115328,7007.857351326271
BASE_8,COW_031,16.5743603,107.508071,J_00048,16.28167999352194,107.97816386593117,59.77422359021054,1.1954844718042108,137480.71425748424
BASE_8,COW_031,16.5743603,107.508071,J_00049,16.277599338947514,107.9824641404575,60.406563083847374,1.2081312616769475,138935.09509284896
BASE_8,COW_031,16.5743603,107.508071,J_00050,16.462928914647218,107.64012940439612,18.754246712944045,0.3750849342588809,43134.767439771305
BASE_8,COW_031,16.5743603,107.508071,J_00051,16.601594932702508,107.48296237382375,4.0411138769233155,0.08082227753846631,9294.561916923625
BASE_8,COW_031,16.5743603,107.508071,J_00052,16.34480069014235,107.90990007727194,49.87699657998592,0.9975399315997184,114717.09213396761
BASE_8,COW_031,16.5743603,107.508071,J_00053,16.586804944456667,107.58305427522006,8.10999709960967,0.1621999419921934,18652.99332910224
BASE_8,COW_031,16.5743603,107.508071,J_00054,16.619028870649785,107.4534404914762,7.652505542948233,0.15305011085896467,17600.762748780937
BASE_8,COW_031,16.5743603,107.508071,J_00055,16.282227234021125,107.2142450904469,45.136076002221536,0.9027215200444307,103812.97480510954
BASE_8,COW_031,16.5743603,107.508071,J_00056,16.435088326817397,107.65074059522672,21.706796267221602,0.434135925344432,49925.631414609685
BASE_8,COW_031,16.5743603,107.508071,J_00057,16.371952558474792,107.86327621053776,44.058188351863194,0.8811637670372638,101333.83320928535
BASE_8,COW_031,16.5743603,107.508071,J_00058,16.605809254100482,107.44852928114123,7.244958168484294,0.14489916336968586,16663.403787513875
BASE_8,COW_031,16.5743603,107.508071,J_00059,16.604451821387112,107.44540383479944,7.469570963188713,0.14939141926377425,17180.01321533404
BASE_8,COW_031,16.5743603,107.508071,J_00060,16.41077084398415,107.70813735661868,28.033941437926853,0.560678828758537,64478.06530723176
BASE_8,COW_031,16.5743603,107.508071,J_00061,16.423400400047356,107.82881823459424,38.09460899974661,0.7618921799949322,87617.6006994172
BASE_8,COW_031,16.5743603,107.508071,J_00062,16.392061127207906,107.71969303091058,30.33227408301462,0.6066454816602924,69764.23039093363
BASE_8,COW_031,16.5743603,107.508071,J_00063,16.51352049869946,107.39836603004166,13.509526007683414,0.2701905201536683,31071.90981767185
BASE_8,COW_031,16.5743603,107.508071,J_00064,16.12581966029344,107.33689825793644,53.11426048911562,1.0622852097823126,122162.79912496594
BASE_8,COW_031,16.5743603,107.508071,J_00065,16.58814063386911,107.58112744571652,7.935052033635781,0.15870104067271562,18250.619677362298
BASE_8,COW_031,16.5743603,107.508071,J_00066,16.311065134737067,108.00316203108642,60.3738270402085,1.20747654080417,138859.80219247955
BASE_8,COW_031,16.5743603,107.508071,J_00067,16.51365978864296,107.39155449638712,14.135253603082491,0.2827050720616498,32511.08328708973
BASE_8,COW_031,16.5743603,107.508071,J_00068,16.52448692518508,107.36199005595924,16.52866795746729,0.3305733591493458,38015.93630217477
BASE_8,COW_031,16.5743603,107.508071,J_00069,16.59106004686489,107.57447245809988,7.315998951373014,0.14631997902746027,16826.797588157933
BASE_8,COW_031,16.5743603,107.508071,J_00070,16.514385209681947,107.35917522677836,17.21520999469918,0.3443041998939836,39594.982987808115
BASE_8,COW_031,16.5743603,107.508071,J_00071,16.500172317744823,107.387722313213,15.252033905372441,0.30504067810744884,35079.67798235662
BASE_8,COW_031,16.5743603,107.508071,J_00072,16.393597378184786,107.47492481043388,20.40826684127264,0.40816533682545275,46939.013734927066
BASE_8,COW_031,16.5743603,107.508071,J_00073,16.311140756886953,108.00574411813372,60.61073181420464,1.2122146362840929,139404.6831726707
BASE_8,COW_031,16.5743603,107.508071,J_00074,16.521508537272283,107.40421975752768,12.532754601090577,0.2506550920218115,28825.335582508327
BASE_8,COW_031,16.5743603,107.508071,J_00075,16.402154789177548,107.47526188616476,19.46529505398984,0.38930590107979685,44770.17862417664
BASE_8,COW_031,16.5743603,107.508071,J_00076,16.588713873543426,107.3252892,19.54448633675906,0.3908897267351812,44952.31857454584
BASE_8,COW_031,16.5743603,107.508071,J_00077,16.08851719650639,107.38588473919135,55.574377807422415,1.1114875561484483,127821.06895707156
BASE_8,COW_031,16.5743603,107.508071,J_00078,16.527850544725265,107.37652351643136,14.944695777555786,0.2988939155511157,34372.80028837831
BASE_8,COW_031,16.5743603,107.508071,J_00079,16.085892686488275,107.36589613925749,56.394150897826364,1.1278830179565273,129706.54706500063
BASE_8,COW_031,16.5743603,107.508071,J_00080,16.291495257578905,108.0261164720742,63.57644140774886,1.2715288281549773,146225.8152378224
BASE_8,COW_031,16.5743603,107.508071,J_00081,16.382115370526147,107.0536835996094,52.95654481473324,1.0591308962946648,121800.05307388646
BASE_8,COW_031,16.5743603,107.508071,J_00082,16.376677240357246,107.04298993910136,54.24456665100242,1.0848913330200485,124762.50329730558
BASE_8,COW_031,16.5743603,107.508071,J_00083,16.145727559220454,107.74412376098628,53.90669557427194,1.078133911485439,123985.39982082546
BASE_8,COW_031,16.5743603,107.508071,J_00084,16.327564155367586,107.1717988691137,45.15639747964809,0.9031279495929618,103859.71420319061
BASE_8,COW_031,16.5743603,107.508071,J_00085,16.536406972867166,107.35115792249393,17.248867793216483,0.34497735586432965,39672.39592439791
BASE_8,COW_031,16.5743603,107.508071,J_00086,16.516865528399663,107.28775679746394,24.33812447639413,0.4867624895278826,55977.686295706495
BASE_8,COW_031,16.5743603,107.508071,J_00087,16.286613968463637,108.0076708460382,62.15268640659462,1.2430537281318923,142951.17873516763
BASE_8,COW_031,16.5743603,107.508071,J_00088,16.31580618944039,108.01104614910422,60.85914779816128,1.2171829559632257,139976.03993577094
BASE_8,COW_031,16.5743603,107.508071,J_00089,16.612873091094567,107.40389222873738,11.899050421555406,0.23798100843110814,27367.815969577434
BASE_8,COW_031,16.5743603,107.508071,J_00090,16.330456476800176,107.6200542865036,29.633691787093134,0.5926738357418627,68157.49111031421
BASE_8,COW_031,16.5743603,107.508071,J_00091,16.286166291524196,108.0212320394954,63.422229111461675,1.2684445822292334,145871.12695636184
BASE_8,COW_031,16.5743603,107.508071,J_00092,16.276565522813957,108.0303636867135,64.8046971986457,1.296093943972914,149050.8035568851
BASE_8,COW_031,16.5743603,107.508071,J_00093,16.343745314767705,107.94446775635662,53.134088022617334,1.0626817604523466,122208.40245201987
BASE_8,COW_031,16.5743603,107.508071,J_00094,16.374390937218454,107.4611604849838,22.79126176160203,0.4558252352320406,52419.90205168467
BASE_8,COW_031,16.5743603,107.508071,J_00095,16.563745734293335,107.33058047516714,18.95332616203299,0.3790665232406598,43592.65017267588
BASE_8,COW_031,16.5743603,107.508071,J_00096,16.333238096088046,107.95986908838688,55.13801241999329,1.1027602483998658,126817.42856598456
BASE_8,COW_031,16.5743603,107.508071,J_00097,16.345740957020553,107.15320156741336,45.5883430192972,0.911766860385944,104853.18894438355
BASE_8,COW_031,16.5743603,107.508071,J_00098,16.219107397405065,108.05398556961838,70.36784353270075,1.407356870654015,161846.04012521173
BASE_8,COW_031,16.5743603,107.508071,J_00099,16.422942208064033,107.46784915441106,17.374454031018843,0.34748908062037687,39961.24427134334
BASE_8,COW_031,16.5743603,107.508071,J_00100,16.402644021436732,107.75780974463012,32.76604522989796,0.6553209045979592,75361.90402876532
BASE_8,COW_031,16.5743603,107.508071,J_00101,16.37524964320665,107.59276945006624,23.91128287783113,0.4782256575566226,54995.9506190116
BASE_8,COW_031,16.5743603,107.508071,J_00102,16.547556620418277,107.3098233592149,21.33884080896074,0.4267768161792148,49079.3338606097
BASE_8,COW_031,16.5743603,107.508071,J_00103,16.30681962375361,107.38568972103658,32.486330726716034,0.6497266145343207,74718.56067144687
BASE_8,COW_031,16.5743603,107.508071,J_00104,16.380155048074425,107.67675752946212,28.10430895524023,0.5620861791048046,64639.910597052534
BASE_8,COW_031,16.5743603,107.508071,J_00105,16.730113981967406,107.400003273698,20.796368039022468,0.41592736078044934,47831.64648975168
BASE_8,COW_031,16.5743603,107.508071,J_00106,16.369866099155256,107.60485959798804,24.971298693875987,0.49942597387751975,57433.98699591477
BASE_8,COW_031,16.5743603,107.508071,J_00107,16.113891588725753,107.66074099746874,53.7307028923039,1.074614057846078,123580.61665229898
BASE_8,COW_031,16.5743603,107.508071,J_00108,16.362255190888888,107.77612445102936,37.05758054297491,0.7411516108594982,85232.43524884229
BASE_8,COW_031,16.5743603,107.508071,J_00109,16.309746863677077,107.75132688590683,39.227216277714106,0.7845443255542821,90222.59743874245
BASE_8,COW_031,16.5743603,107.508071,J_00110,16.32186391385828,107.73943123957228,37.3771220625863,0.7475424412517261,85967.3807439485
BASE_8,COW_031,16.5743603,107.508071,J_00111,16.372264871840603,107.6709710682885,28.40266146943583,0.5680532293887166,65326.12137970241
BASE_8,COW_031,16.5743603,107.508071,J_00112,16.329782686393113,107.41267661232116,29.036222545998207,0.5807244509199642,66783.31185579588
BASE_8,COW_031,16.5743603,107.508071,J_00113,16.320008469677312,107.70521742737984,35.241214854147366,0.7048242970829474,81054.79416453894
BASE_8,COW_031,16.5743603,107.508071,J_00114,16.74059460183718,107.3850389961322,22.659479342693757,0.4531895868538751,52116.802488195644
BASE_8,COW_031,16.5743603,107.508071,J_00115,16.347584401325978,107.53061376748612,25.330653419826135,0.5066130683965226,58260.50286560011
BASE_8,COW_031,16.5743603,107.508071,J_00116,16.510544056993798,107.49977339066342,7.150950467296767,0.14301900934593534,16447.186074782567
BASE_8,COW_032,16.5743603,107.508071,J_00000,16.470828921881164,107.60955399746234,15.797734693838668,0.2872315398879758,36334.78979582894
BASE_8,COW_032,16.5743603,107.508071,J_00001,16.470362127018827,107.55930326094062,12.788906087522228,0.2325255652276769,29414.484001301127
BASE_8,COW_032,16.5743603,107.508071,J_00002,16.47424359958971,107.55772818698266,12.326956025863693,0.2241264731975217,28351.99885948649
BASE_8,COW_032,16.5743603,107.508071,J_00003,16.49348337564258,107.59002065245971,12.53740912580625,0.22795289319647727,28836.040989354373
BASE_8,COW_032,16.5743603,107.508071,J_00004,16.478745441146955,107.55129534455035,11.587430830624276,0.21068056055680504,26651.090910435836
BASE_8,COW_032,16.5743603,107.508071,J_00005,16.487027304858945,107.54731760776494,10.573842745060718,0.19225168627383124,24319.83831363965
BASE_8,COW_032,16.5743603,107.508071,J_00006,16.532160339026593,107.44578496129934,8.1297692183188,0.14781398578761457,18698.46920213324
BASE_8,COW_032,16.5743603,107.508071,J_00007,16.476934281241164,107.53317577214604,11.158944620623831,0.20288990219316058,25665.572627434813
BASE_8,COW_032,16.5743603,107.508071,J_00008,16.54063239867831,107.44448001783373,7.74620731827695,0.1408401330595809,17816.276832036983
BASE_8,COW_032,16.5743603,107.508071,J_00009,16.531547558962664,107.69012324181722,19.979771840805828,0.3632685789237423,45953.4752338534
BASE_8,COW_032,16.5743603,107.508071,J_00010,16.52738878877641,107.68921427085154,20.00163733984749,0.36366613345177257,46003.76588164923
BASE_8,COW_032,16.5743603,107.508071,J_00011,16.53789357129583,107.68082715522364,18.854393623372555,0.3428071567885919,43365.105333756874
BASE_8,COW_032,16.5743603,107.508071,J_00012,16.524835706155326,107.69309264998252,20.475613364664692,0.37228387935753987,47093.910738728795
BASE_8,COW_032,16.5743603,107.508071,J_00013,16.2729315745512,107.87292622951324,51.35913133626661,0.9338023879321201,118126.0020734132
BASE_8,COW_032,16.5743603,107.508071,J_00014,16.52317642712633,107.701478157211,21.386278789009,0.38884143252743636,49188.441214720704
BASE_8,COW_032,16.5743603,107.508071,J_00015,16.564129718701782,107.59382455637665,9.209938091422348,0.1674534198440427,21182.8576102714
BASE_8,COW_032,16.5743603,107.508071,J_00016,16.55503728513068,107.61353852963492,11.444253790427728,0.20807734164414052,26321.783717983777
BASE_8,COW_032,16.5743603,107.508071,J_00017,16.56802006575831,107.6179667081558,11.733506277985276,0.21333647778155046,26987.064439366135
BASE_8,COW_032,16.5743603,107.508071,J_00018,16.493997607340088,107.53193954239708,9.291085730946515,0.1689288314717548,21369.497181176983
BASE_8,COW_032,16.5743603,107.508071,J_00019,16.543546895491804,107.42583058377517,9.411309442010426,0.1711147171274623,21646.01171662398
BASE_8,COW_032,16.5743603,107.508071,J_00020,16.242503801359586,107.2454051174484,46.331931040600765,0.8423987461927411,106563.44139338176
BASE_8,COW_032,16.5743603,107.508071,J_00021,16.45055723769587,107.72225686630698,26.662860811918474,0.4847792874894268,61324.57986741249
BASE_8,COW_032,16.5743603,107.508071,J_00022,16.504833393469443,107.6291677934963,15.04627761613023,0.2735686839296405,34606.43851709953
BASE_8,COW_032,16.5743603,107.508071,J_00023,16.57986665656081,107.58768387995444,8.506669818763807,0.15466672397752376,19565.340583156758
BASE_8,COW_032,16.5743603,107.508071,J_00024,16.23991207988329,107.25090001724132,46.211576186744836,0.8402104761226333,106286.62522951313
BASE_8,COW_032,16.5743603,107.508071,J_00025,16.250014260366132,107.24074792938237,45.97568350488575,0.83592151827065,105744.07206123722
BASE_8,COW_032,16.5743603,107.508071,J_00026,16.459357749451215,107.7205673132457,26.01358170436903,0.47297421280670965,59831.23792004877
BASE_8,COW_032,16.5743603,107.508071,J_00027,16.656791523009364,107.34955392909389,19.217093956995875,0.3494017083090159,44199.31610109051
BASE_8,COW_032,16.5743603,107.508071,J_00028,16.230739178703335,108.0800528964888,71.98951948517345,1.3089003542758808,165575.89481589894
BASE_8,COW_032,16.5743603,107.508071,J_00029,16.582372023215015,107.36897627611086,14.850430514290176,0.27000782753254865,34155.990182867405
BASE_8,COW_032,16.5743603,107.508071,J_00030,16.23582074671607,107.25576696739624,46.27479653035901,0.8413599369156184,106432.03201982573
BASE_8,COW_032,16.5743603,107.508071,J_00031,16.267972860818134,107.22291398151737,45.66974000010707,0.8303589090928558,105040.40200024626
BASE_8,COW_032,16.5743603,107.508071,J_00032,16.15816879245868,107.72785909820898,51.880085615653456,0.9432742839209719,119324.19691600295
BASE_8,COW_032,16.5743603,107.508071,J_00033,16.597430221109658,107.50487743972349,2.587735669674601,0.047049739448629106,5951.792040251582
BASE_8,COW_032,16.5743603,107.508071,J_00034,16.66429736358062,107.48232283480873,10.37002878996728,0.1885459779994051,23851.066216924744
BASE_8,COW_032,16.5743603,107.508071,J_00035,16.461689838165945,107.7055674468512,24.499868841989215,0.4454521607634403,56349.698336575195
BASE_8,COW_032,16.5743603,107.508071,J_00036,16.268139796636127,107.2187570048448,45.952441264777526,0.8354989320868641,105690.61490898831
BASE_8,COW_032,16.5743603,107.508071,J_00037,16.56508206793363,107.52621803008316,2.1920284058823754,0.0398550619251341,5041.665333529463
BASE_8,COW_032,16.5743603,107.508071,J_00038,16.46918567451601,107.70508512969802,24.039008327638623,0.4370728786843386,55289.71915356883
BASE_8,COW_032,16.5743603,107.508071,J_00039,16.569871522873257,107.536183895912,3.037451908731261,0.055226398340568375,6986.1393900819
BASE_8,COW_032,16.5743603,107.508071,J_00040,16.666607075648248,107.36250567880695,18.59488791283772,0.338088871142504,42768.24219952676
BASE_8,COW_032,16.5743603,107.508071,J_00041,16.665155641834726,107.3688001600834,17.948046607177556,0.326328120130501,41280.50719650838
BASE_8,COW_032,16.5743603,107.508071,J_00042,16.51315499139435,107.5606764490754,8.818146210408031,0.16032993109832783,20281.736283938473
BASE_8,COW_032,16.5743603,107.508071,J_00043,16.64927714226641,107.41145471933169,13.24307955777342,0.24078326468678946,30459.082982878866
BASE_8,COW_032,16.5743603,107.508071,J_00044,16.57166890824097,107.49529040517794,1.3945880265701485,0.025356145937639064,3207.5524611113415
BASE_8,COW_032,16.5743603,107.508071,J_00045,16.63143941985154,107.5110583130454,6.354886224792122,0.11554338590531131,14616.238317021882
BASE_8,COW_032,16.5743603,107.508071,J_00046,16.59440973361349,107.38534822450936,13.26712931408661,0.2412205329833929,30514.3974223992
BASE_8,COW_032,16.5743603,107.508071,J_00047,16.599347151767944,107.49633576858352,3.0468945005766397,0.05539808182866618,7007.857351326271
BASE_8,COW_032,16.5743603,107.508071,J_00048,16.28167999352194,107.97816386593117,59.77422359021054,1.0868040652765552,137480.71425748424
BASE_8,COW_032,16.5743603,107.508071,J_00049,16.277599338947514,107.9824641404575,60.406563083847374,1.0983011469790431,138935.09509284896
BASE_8,COW_032,16.5743603,107.508071,J_00050,16.462928914647218,107.64012940439612,18.754246712944045,0.3409863038717099,43134.767439771305
BASE_8,COW_032,16.5743603,107.508071,J_00051,16.601594932702508,107.48296237382375,4.0411138769233155,0.0734747977622421,9294.561916923625
BASE_8,COW_032,16.5743603,107.508071,J_00052,16.34480069014235,107.90990007727194,49.87699657998592,0.9068544832724713,114717.09213396761
BASE_8,COW_032,16.5743603,107.508071,J_00053,16.586804944456667,107.58305427522006,8.10999709960967,0.1474544927201758,18652.99332910224
BASE_8,COW_032,16.5743603,107.508071,J_00054,16.619028870649785,107.4534404914762,7.652505542948233,0.1391364644172406,17600.762748780937
BASE_8,COW_032,16.5743603,107.508071,J_00055,16.282227234021125,107.2142450904469,45.136076002221536,0.8206559273131189,103812.97480510954
BASE_8,COW_032,16.5743603,107.508071,J_00056,16.435088326817397,107.65074059522672,21.706796267221602,0.39466902304039275,49925.631414609685
BASE_8,COW_032,16.5743603,107.508071,J_00057,16.371952558474792,107.86327621053776,44.058188351863194,0.8010579700338762,101333.83320928535
BASE_8,COW_032,16.5743603,107.508071,J_00058,16.605809254100482,107.44852928114123,7.244958168484294,0.13172651215425987,16663.403787513875
BASE_8,COW_032,16.5743603,107.508071,J_00059,16.604451821387112,107.44540383479944,7.469570963188713,0.1358103811488857,17180.01321533404
BASE_8,COW_032,16.5743603,107.508071,J_00060,16.41077084398415,107.70813735661868,28.033941437926853,0.5097080261441246,64478.06530723176
BASE_8,COW_032,16.5743603,107.508071,J_00061,16.423400400047356,107.82881823459424,38.09460899974661,0.6926292545408474,87617.6006994172
BASE_8,COW_032,16.5743603,107.508071,J_00062,16.392061127207906,107.71969303091058,30.33227408301462,0.5514958924184477,69764.23039093363
BASE_8,COW_032,16.5743603,107.508071,J_00063,16.51352049869946,107.39836603004166,13.509526007683414,0.24562774559424388,31071.90981767185
BASE_8,COW_032,16.5743603,107.508071,J_00064,16.12581966029344,107.33689825793644,53.11426048911562,0.9657138270748294,122162.79912496594
BASE_8,COW_032,16.5743603,107.508071,J_00065,16.58814063386911,107.58112744571652,7.935052033635781,0.14427367333883237,18250.619677362298
BASE_8,COW_032,16.5743603,107.508071,J_00066,16.311065134737067,108.00316203108642,60.3738270402085,1.0977059461856091,138859.80219247955
BASE_8,COW_032,16.5743603,107.508071,J_00067,16.51365978864296,107.39155449638712,14.135253603082491,0.2570046109651362,32511.08328708973
BASE_8,COW_032,16.5743603,107.508071,J_00068,16.52448692518508,107.36199005595924,16.52866795746729,0.3005212355903144,38015.93630217477
BASE_8,COW_032,16.5743603,107.508071,J_00069,16.59106004686489,107.57447245809988,7.315998951373014,0.1330181627522366,16826.797588157933
BASE_8,COW_032,16.5743603,107.508071,J_00070,16.514385209681947,107.35917522677836,17.21520999469918,0.31300381808543964,39594.982987808115
BASE_8,COW_032,16.5743603,107.508071,J_00071,16.500172317744823,107.387722313213,15.252033905372441,0.277309707370408,35079.67798235662
BASE_8,COW_032,16.5743603,107.508071,J_00072,16.393597378184786,107.47492481043388,20.40826684127264,0.37105939711404795,46939.013734927066
BASE_8,COW_032,16.5743603,107.508071,J_00073,16.311140756886953,108.00574411813372,60.61073181420464,1.1020133057128116,139404.6831726707
BASE_8,COW_032,16.5743603,107.508071,J_00074,16.521508537272283,107.40421975752768,12.532754601090577,0.22786826547437414,28825.335582508327
BASE_8,COW_032,16.5743603,107.508071,J_00075,16.402154789177548,107.47526188616476,19.46529505398984,0.353914455527088,44770.17862417664
BASE_8,COW_032,16.5743603,107.508071,J_00076,16.588713873543426,107.3252892,19.54448633675906,0.3553542970319829,44952.31857454584
BASE_8,COW_032,16.5743603,107.508071,J_00077,16.08851719650639,107.38588473919135,55.574377807422415,1.0104432328622257,127821.06895707156
BASE_8,COW_032,16.5743603,107.508071,J_00078,16.527850544725265,107.37652351643136,14.944695777555786,0.2717217414101052,34372.80028837831
BASE_8,COW_032,16.5743603,107.508071,J_00079,16.085892686488275,107.36589613925749,56.394150897826364,1.0253481981422976,129706.54706500063
BASE_8,COW_032,16.5743603,107.508071,J_00080,16.291495257578905,108.0261164720742,63.57644140774886,1.1559352983227065,146225.8152378224
BASE_8,COW_032,16.5743603,107.508071,J_00081,16.382115370526147,107.0536835996094,52.95654481473324,0.9628462693587863,121800.05307388646
BASE_8,COW_032,16.5743603,107.508071,J_00082,16.376677240357246,107.04298993910136,54.24456665100242,0.986264848200044,124762.50329730558
BASE_8,COW_032,16.5743603,107.508071,J_00083,16.145727559220454,107.74412376098628,53.90669557427194,0.9801217377140353,123985.39982082546
BASE_8,COW_032,16.5743603,107.508071,J_00084,16.327564155367586,107.1717988691137,45.15639747964809,0.8210254087208744,103859.71420319061
BASE_8,COW_032,16.5743603,107.508071,J_00085,16.536406972867166,107.35115792249393,17.248867793216483,0.3136157780584815,39672.39592439791
BASE_8,COW_032,16.5743603,107.508071,J_00086,16.516865528399663,107.28775679746394,24.33812447639413,0.44251135411625686,55977.686295706495
BASE_8,COW_032,16.5743603,107.508071,J_00087,16.286613968463637,108.0076708460382,62.15268640659462,1.1300488437562657,142951.17873516763
BASE_8,COW_032,16.5743603,107.508071,J_00088,16.31580618944039,108.01104614910422,60.85914779816128,1.1065299599665688,139976.03993577094
BASE_8,COW_032,16.5743603,107.508071,J_00089,16.612873091094567,107.40389222873738,11.899050421555406,0.2163463713010074,27367.815969577434
BASE_8,COW_032,16.5743603,107.508071,J_00090,16.330456476800176,107.6200542865036,29.633691787093134,0.5387943961289661,68157.49111031421
BASE_8,COW_032,16.5743603,107.508071,J_00091,16.286166291524196,108.0212320394954,63.422229111461675,1.1531314383902123,145871.12695636184
BASE_8,COW_032,16.5743603,107.508071,J_00092,16.276565522813957,108.0303636867135,64.8046971986457,1.1782672217935581,149050.8035568851
BASE_8,COW_032,16.5743603,107.508071,J_00093,16.343745314767705,107.94446775635662,53.134088022617334,0.9660743276839515,122208.40245201987
BASE_8,COW_032,16.5743603,107.508071,J_00094,16.374390937218454,107.4611604849838,22.79126176160203,0.41438657748367325,52419.90205168467
BASE_8,COW_032,16.5743603,107.508071,J_00095,16.563745734293335,107.33058047516714,18.95332616203299,0.34460593021878166,43592.65017267588
BASE_8,COW_032,16.5743603,107.508071,J_00096,16.333238096088046,107.95986908838688,55.13801241999329,1.0025093167271506,126817.42856598456
BASE_8,COW_032,16.5743603,107.508071,J_00097,16.345740957020553,107.15320156741336,45.5883430192972,0.8288789639872218,104853.18894438355
BASE_8,COW_032,16.5743603,107.508071,J_00098,16.219107397405065,108.05398556961838,70.36784353270075,1.2794153369581953,161846.04012521173
BASE_8,COW_032,16.5743603,107.508071,J_00099,16.422942208064033,107.46784915441106,17.374454031018843,0.3158991642003426,39961.24427134334
BASE_8,COW_032,16.5743603,107.508071,J_00100,16.402644021436732,107.75780974463012,32.76604522989796,0.5957462769072357,75361.90402876532
BASE_8,COW_032,16.5743603,107.508071,J_00101,16.37524964320665,107.59276945006624,23.91128287783113,0.4347505977787478,54995.9506190116
BASE_8,COW_032,16.5743603,107.508071,J_00102,16.547556620418277,107.3098233592149,21.33884080896074,0.38797892379928617,49079.3338606097
BASE_8,COW_032,16.5743603,107.508071,J_00103,16.30681962375361,107.38568972103658,32.486330726716034,0.5906605586675643,74718.56067144687
BASE_8,COW_032,16.5743603,107.508071,J_00104,16.380155048074425,107.67675752946212,28.10430895524023,0.5109874355498224,64639.910597052534
BASE_8,COW_032,16.5743603,107.508071,J_00105,16.730113981967406,107.400003273698,20.796368039022468,0.37811578252768124,47831.64648975168
BASE_8,COW_032,16.5743603,107.508071,J_00106,16.369866099155256,107.60485959798804,24.971298693875987,0.45402361261592705,57433.98699591477
BASE_8,COW_032,16.5743603,107.508071,J_00107,16.113891588725753,107.66074099746874,53.7307028923039,0.9769218707691618,123580.61665229898
BASE_8,COW_032,16.5743603,107.508071,J_00108,16.362255190888888,107.77612445102936,37.05758054297491,0.6737741916904529,85232.43524884229
BASE_8,COW_032,16.5743603,107.508071,J_00109,16.309746863677077,107.75132688590683,39.227216277714106,0.7132221141402565,90222.59743874245
BASE_8,COW_032,16.5743603,107.508071,J_00110,16.32186391385828,107.73943123957228,37.3771220625863,0.6795840375015691,85967.3807439485
BASE_8,COW_032,16.5743603,107.508071,J_00111,16.372264871840603,107.6709710682885,28.40266146943583,0.5164120267170151,65326.12137970241
BASE_8,COW_032,16.5743603,107.508071,J_00112,16.329782686393113,107.41267661232116,29.036222545998207,0.5279313190181493,66783.31185579588
BASE_8,COW_032,16.5743603,107.508071,J_00113,16.320008469677312,107.70521742737984,35.241214854147366,0.6407493609844975,81054.79416453894
BASE_8,COW_032,16.5743603,107.508071,J_00114,16.74059460183718,107.3850389961322,22.659479342693757,0.4119905335035229,52116.802488195644
BASE_8,COW_032,16.5743603,107.508071,J_00115,16.347584401325978,107.53061376748612,25.330653419826135,0.4605573349059297,58260.50286560011
BASE_8,COW_032,16.5743603,107.508071,J_00116,16.510544056993798,107.49977339066342,7.150950467296767,0.13001728122357759,16447.186074782567
BASE_9,COW_033,16.2726766,107.2307293,J_00000,16.470828921881164,107.60955399746234,46.031287231476064,0.9206257446295213,105871.96063239494
BASE_9,COW_033,16.2726766,107.2307293,J_00001,16.470362127018827,107.55930326094062,41.37632336549143,0.8275264673098286,95165.5437406303
BASE_9,COW_033,16.2726766,107.2307293,J_00002,16.47424359958971,107.55772818698266,41.465454548053174,0.8293090909610634,95370.5454605223
BASE_9,COW_033,16.2726766,107.2307293,J_00003,16.49348337564258,107.59002065245971,45.518765102110876,0.9103753020422175,104693.15973485501
BASE_9,COW_033,16.2726766,107.2307293,J_00004,16.478745441146955,107.55129534455035,41.165932275623,0.82331864551246,94681.6442339329
BASE_9,COW_033,16.2726766,107.2307293,J_00005,16.487027304858945,107.54731760776494,41.33751994611852,0.8267503989223703,95076.29587607259
BASE_9,COW_033,16.2726766,107.2307293,J_00006,16.532160339026593,107.44578496129934,36.86120748458402,0.7372241496916804,84780.77721454325
BASE_9,COW_033,16.2726766,107.2307293,J_00007,16.476934281241164,107.53317577214604,39.45849085986506,0.7891698171973012,90754.52897768964
BASE_9,COW_033,16.2726766,107.2307293,J_00008,16.54063239867831,107.44448001783373,37.51811379100796,0.7503622758201592,86291.66171931832
BASE_9,COW_033,16.2726766,107.2307293,J_00009,16.531547558962664,107.69012324181722,56.83231536441133,1.1366463072882267,130714.32533814605
BASE_9,COW_033,16.2726766,107.2307293,J_00010,16.52738878877641,107.68921427085154,56.516028178226975,1.1303205635645395,129986.86480992204
BASE_9,COW_033,16.2726766,107.2307293,J_00011,16.53789357129583,107.68082715522364,56.34498833211984,1.1268997666423968,129593.47316387563
BASE_9,COW_033,16.2726766,107.2307293,J_00012,16.524835706155326,107.69309264998252,56.733857761141266,1.1346771552228254,130487.87285062492
BASE_9,COW_033,16.2726766,107.2307293,J_00013,16.2729315745512,107.87292622951324,68.54825807096,1.3709651614192,157660.993563208
BASE_9,COW_033,16.2726766,107.2307293,J_00014,16.52317642712633,107.701478157211,57.42363918059086,1.1484727836118171,132074.370115359
BASE_9,COW_033,16.2726766,107.2307293,J_00015,16.564129718701782,107.59382455637665,50.49891238729916,1.009978247745983,116147.49849078806
BASE_9,COW_033,16.2726766,107.2307293,J_00016,16.55503728513068,107.61353852963492,51.507256353033014,1.0301451270606603,118466.68961197593
BASE_9,COW_033,16.2726766,107.2307293,J_00017,16.56802006575831,107.6179667081558,52.76753321946635,1.0553506643893271,121365.32640477261
BASE_9,COW_033,16.2726766,107.2307293,J_00018,16.493997607340088,107.53193954239708,40.47437802685311,0.8094875605370622,93091.06946176215
BASE_9,COW_033,16.2726766,107.2307293,J_00019,16.543546895491804,107.42583058377517,36.60962654829,0.7321925309658001,84202.141061067
BASE_9,COW_033,16.2726766,107.2307293,J_00020,16.242503801359586,107.2454051174484,3.7028025956961037,0.07405605191392207,8516.445970101038
BASE_9,COW_033,16.2726766,107.2307293,J_00021,16.45055723769587,107.72225686630698,56.04804721433672,1.1209609442867343,128910.50859297445
BASE_9,COW_033,16.2726766,107.2307293,J_00022,16.504833393469443,107.6291677934963,49.72928781697773,0.9945857563395546,114377.36197904879
BASE_9,COW_033,16.2726766,107.2307293,J_00023,16.57986665656081,107.58768387995444,51.148822498846464,1.0229764499769294,117642.29174734687
BASE_9,COW_033,16.2726766,107.2307293,J_00024,16.23991207988329,107.25090001724132,4.231969744342749,0.08463939488685497,9733.530411988322
BASE_9,COW_033,16.2726766,107.2307293,J_00025,16.250014260366132,107.24074792938237,2.7374832774828377,0.054749665549656754,6296.211538210527
BASE_9,COW_033,16.2726766,107.2307293,J_00026,16.459357749451215,107.7205673132457,56.23215196189029,1.1246430392378057,129333.94951234767
BASE_9,COW_033,16.2726766,107.2307293,J_00027,16.656791523009364,107.34955392909389,44.55147992300865,0.891029598460173,102468.40382291989
BASE_9,COW_033,16.2726766,107.2307293,J_00028,16.230739178703335,108.0800528964888,90.7865508156967,1.815731016313934,208809.0668761024
BASE_9,COW_033,16.2726766,107.2307293,J_00029,16.582372023215015,107.36897627611086,37.46046113425164,0.7492092226850328,86159.06060877876
BASE_9,COW_033,16.2726766,107.2307293,J_00030,16.23582074671607,107.25576696739624,4.892735910448947,0.09785471820897895,11253.292594032579
BASE_9,COW_033,16.2726766,107.2307293,J_00031,16.267972860818134,107.22291398151737,0.9846243530484754,0.01969248706096951,2264.636012011493
BASE_9,COW_033,16.2726766,107.2307293,J_00032,16.15816879245868,107.72785909820898,54.58504041255024,1.091700808251005,125545.59294886555
BASE_9,COW_033,16.2726766,107.2307293,J_00033,16.597430221109658,107.50487743972349,46.46373607212191,0.9292747214424382,106866.5929658804
BASE_9,COW_033,16.2726766,107.2307293,J_00034,16.66429736358062,107.48232283480873,51.14709911201642,1.0229419822403285,117638.32795763777
BASE_9,COW_033,16.2726766,107.2307293,J_00035,16.461689838165945,107.7055674468512,54.84660967481184,1.0969321934962368,126147.20225206723
BASE_9,COW_033,16.2726766,107.2307293,J_00036,16.268139796636127,107.2187570048448,1.3739085066581127,0.027478170133162255,3159.989565313659
BASE_9,COW_033,16.2726766,107.2307293,J_00037,16.56508206793363,107.52621803008316,45.2821961572548,0.905643923145096,104149.05116168605
BASE_9,COW_033,16.2726766,107.2307293,J_00038,16.46918567451601,107.70508512969802,55.12323858940869,1.102464771788174,126783.44875564
BASE_9,COW_033,16.2726766,107.2307293,J_00039,16.569871522873257,107.536183895912,46.40580458002039,0.9281160916004078,106733.35053404688
BASE_9,COW_033,16.2726766,107.2307293,J_00040,16.666607075648248,107.36250567880695,46.001707610522615,0.9200341522104523,105803.92750420202
BASE_9,COW_033,16.2726766,107.2307293,J_00041,16.665155641834726,107.3688001600834,46.05821440530212,0.9211642881060423,105933.89313219486
BASE_9,COW_033,16.2726766,107.2307293,J_00042,16.51315499139435,107.5606764490754,44.20242295576052,0.8840484591152103,101665.5727982492
BASE_9,COW_033,16.2726766,107.2307293,J_00043,16.64927714226641,107.41145471933169,46.09790375227042,0.9219580750454084,106025.17863022197
BASE_9,COW_033,16.2726766,107.2307293,J_00044,16.57166890824097,107.49529040517794,43.606919920464684,0.8721383984092936,100295.91581706877
BASE_9,COW_033,16.2726766,107.2307293,J_00045,16.63143941985154,107.5110583130454,49.851004564713016,0.9970200912942603,114657.31049883994
BASE_9,COW_033,16.2726766,107.2307293,J_00046,16.59440973361349,107.38534822450936,39.39279714525215,0.787855942905043,90603.43343407995
BASE_9,COW_033,16.2726766,107.2307293,J_00047,16.599347151767944,107.49633576858352,46.06375341250539,0.9212750682501079,105946.6328487624
BASE_9,COW_033,16.2726766,107.2307293,J_00048,16.28167999352194,107.97816386593117,79.78583369620979,1.595716673924196,183507.41750128253
BASE_9,COW_033,16.2726766,107.2307293,J_00049,16.277599338947514,107.9824641404575,80.24125539710873,1.6048251079421747,184554.88741335008
BASE_9,COW_033,16.2726766,107.2307293,J_00050,16.462928914647218,107.64012940439612,48.53170612457306,0.9706341224914613,111622.92408651805
BASE_9,COW_033,16.2726766,107.2307293,J_00051,16.601594932702508,107.48296237382375,45.40165583000543,0.9080331166001087,104423.80840901249
BASE_9,COW_033,16.2726766,107.2307293,J_00052,16.34480069014235,107.90990007727194,72.92388710284457,1.4584777420568915,167724.94033654252
BASE_9,COW_033,16.2726766,107.2307293,J_00053,16.586804944456667,107.58305427522006,51.30398460681944,1.0260796921363888,117999.16459568472
BASE_9,COW_033,16.2726766,107.2307293,J_00054,16.619028870649785,107.4534404914762,45.24752213563263,0.9049504427126526,104069.30091195504
BASE_9,COW_033,16.2726766,107.2307293,J_00055,16.282227234021125,107.2142450904469,2.055140398672967,0.04110280797345934,4726.822916947824
BASE_9,COW_033,16.2726766,107.2307293,J_00056,16.435088326817397,107.65074059522672,48.31555874723524,0.9663111749447048,111125.78511864104
BASE_9,COW_033,16.2726766,107.2307293,J_00057,16.371952558474792,107.86327621053776,68.3978300818899,1.3679566016377978,157315.00918834674
BASE_9,COW_033,16.2726766,107.2307293,J_00058,16.605809254100482,107.44852928114123,43.72307121999529,0.8744614243999058,100563.06380598916
BASE_9,COW_033,16.2726766,107.2307293,J_00059,16.604451821387112,107.44540383479944,43.418625028425375,0.8683725005685075,99862.83756537836
BASE_9,COW_033,16.2726766,107.2307293,J_00060,16.41077084398415,107.70813735661868,53.20473578263743,1.0640947156527485,122370.89230006609
BASE_9,COW_033,16.2726766,107.2307293,J_00061,16.423400400047356,107.82881823459424,65.9796962870171,1.3195939257403422,151753.30146013934
BASE_9,COW_033,16.2726766,107.2307293,J_00062,16.392061127207906,107.71969303091058,53.83849797657446,1.0767699595314892,123828.54534612126
BASE_9,COW_033,16.2726766,107.2307293,J_00063,16.51352049869946,107.39836603004166,32.2022957592132,0.644045915184264,74065.28024619036
BASE_9,COW_033,16.2726766,107.2307293,J_00064,16.12581966029344,107.33689825793644,19.87919136541865,0.397583827308373,45722.14014046289
BASE_9,COW_033,16.2726766,107.2307293,J_00065,16.58814063386911,107.58112744571652,51.25509316217995,1.025101863243599,117886.71427301389
BASE_9,COW_033,16.2726766,107.2307293,J_00066,16.311065134737067,108.00316203108642,82.55205633845375,1.651041126769075,189869.72957844363
BASE_9,COW_033,16.2726766,107.2307293,J_00067,16.51365978864296,107.39155449638712,31.81757168390422,0.6363514336780844,73180.4148729797
BASE_9,COW_033,16.2726766,107.2307293,J_00068,16.52448692518508,107.36199005595924,31.305776768863815,0.6261155353772763,72003.28656838677
BASE_9,COW_033,16.2726766,107.2307293,J_00069,16.59106004686489,107.57447245809988,50.964662640499625,1.0192932528099925,117218.72407314913
BASE_9,COW_033,16.2726766,107.2307293,J_00070,16.514385209681947,107.35917522677836,30.167901594342133,0.6033580318868427,69386.17366698691
BASE_9,COW_033,16.2726766,107.2307293,J_00071,16.500172317744823,107.387722313213,30.33797625527808,0.6067595251055615,69777.34538713958
BASE_9,COW_033,16.2726766,107.2307293,J_00072,16.393597378184786,107.47492481043388,29.32201067012214,0.5864402134024428,67440.62454128092
BASE_9,COW_033,16.2726766,107.2307293,J_00073,16.311140756886953,108.00574411813372,82.82769214741997,1.6565538429483992,190503.69193906593
BASE_9,COW_033,16.2726766,107.2307293,J_00074,16.521508537272283,107.40421975752768,33.28754446423223,0.6657508892846445,76561.35226773412
BASE_9,COW_033,16.2726766,107.2307293,J_00075,16.402154789177548,107.47526188616476,29.801343667897203,0.596026873357944,68543.09043616356
BASE_9,COW_033,16.2726766,107.2307293,J_00076,16.588713873543426,107.3252892,36.56026227772241,0.7312052455544482,84088.60323876154
BASE_9,COW_033,16.2726766,107.2307293,J_00077,16.08851719650639,107.38588473919135,26.341342091349446,0.5268268418269889,60585.08681010373
BASE_9,COW_033,16.2726766,107.2307293,J_00078,16.527850544725265,107.37652351643136,32.35660530942534,0.6471321061885068,74420.19221167828
BASE_9,COW_033,16.2726766,107.2307293,J_00079,16.085892686488275,107.36589613925749,25.292813809206923,0.5058562761841384,58173.47176117592
BASE_9,COW_033,16.2726766,107.2307293,J_00080,16.291495257578905,108.0261164720742,84.92156477790596,1.6984312955581191,195319.5989891837
BASE_9,COW_033,16.2726766,107.2307293,J_00081,16.382115370526147,107.0536835996094,22.47258867811292,0.4494517735622584,51686.95395965972
BASE_9,COW_033,16.2726766,107.2307293,J_00082,16.376677240357246,107.04298993910136,23.132162679372176,0.4626432535874435,53203.974162556005
BASE_9,COW_033,16.2726766,107.2307293,J_00083,16.145727559220454,107.74412376098628,56.60591189579237,1.1321182379158474,130193.59736032244
BASE_9,COW_033,16.2726766,107.2307293,J_00084,16.327564155367586,107.1717988691137,8.763874429395587,0.17527748858791173,20156.91118760985
BASE_9,COW_033,16.2726766,107.2307293,J_00085,16.536406972867166,107.35115792249393,32.01563871724678,0.6403127743449356,73635.96904966759
BASE_9,COW_033,16.2726766,107.2307293,J_00086,16.516865528399663,107.28775679746394,27.8256886414028,0.556513772828056,63999.08387522644
BASE_9,COW_033,16.2726766,107.2307293,J_00087,16.286613968463637,108.0076708460382,82.9424970905812,1.658849941811624,190767.74330833677
BASE_9,COW_033,16.2726766,107.2307293,J_00088,16.31580618944039,108.01104614910422,83.42005190422373,1.6684010380844745,191866.11937971457
BASE_9,COW_033,16.2726766,107.2307293,J_00089,16.612873091094567,107.40389222873738,42.095243413622704,0.841904868272454,96819.05985133222
BASE_9,COW_033,16.2726766,107.2307293,J_00090,16.330456476800176,107.6200542865036,42.04434619170849,0.8408869238341699,96701.99624092953
BASE_9,COW_033,16.2726766,107.2307293,J_00091,16.286166291524196,108.0212320394954,84.38891797147814,1.6877783594295628,194094.51133439972
BASE_9,COW_033,16.2726766,107.2307293,J_00092,16.276565522813957,108.0303636867135,85.35344956524439,1.7070689913048878,196312.9340000621
BASE_9,COW_033,16.2726766,107.2307293,J_00093,16.343745314767705,107.94446775635662,76.57967208514285,1.531593441702857,176133.24579582855
BASE_9,COW_033,16.2726766,107.2307293,J_00094,16.374390937218454,107.4611604849838,27.066266998663785,0.5413253399732757,62252.4140969267
BASE_9,COW_033,16.2726766,107.2307293,J_00095,16.563745734293335,107.33058047516714,34.07266570458806,0.6814533140917612,78367.13112055254
BASE_9,COW_033,16.2726766,107.2307293,J_00096,16.333238096088046,107.95986908838688,78.10741000282505,1.562148200056501,179647.0430064976
BASE_9,COW_033,16.2726766,107.2307293,J_00097,16.345740957020553,107.15320156741336,11.595745901951588,0.23191491803903175,26670.21557448865
BASE_9,COW_033,16.2726766,107.2307293,J_00098,16.219107397405065,108.05398556961838,88.08820820926195,1.761764164185239,202602.8788813025
BASE_9,COW_033,16.2726766,107.2307293,J_00099,16.422942208064033,107.46784915441106,30.319963917044987,0.6063992783408998,69735.91700920348
BASE_9,COW_033,16.2726766,107.2307293,J_00100,16.402644021436732,107.75780974463012,58.06910717547201,1.1613821435094402,133558.94650358564
BASE_9,COW_033,16.2726766,107.2307293,J_00101,16.37524964320665,107.59276945006624,40.28258544101671,0.8056517088203341,92649.94651433843
BASE_9,COW_033,16.2726766,107.2307293,J_00102,16.547556620418277,107.3098233592149,31.708220578443154,0.634164411568863,72928.90733041926
BASE_9,COW_033,16.2726766,107.2307293,J_00103,16.30681962375361,107.38568972103658,16.969240700450914,0.33938481400901827,39029.2536110371
BASE_9,COW_033,16.2726766,107.2307293,J_00104,16.380155048074425,107.67675752946212,49.073617122169225,0.9814723424433844,112869.31938098921
BASE_9,COW_033,16.2726766,107.2307293,J_00105,16.730113981967406,107.400003273698,53.97144906132436,1.0794289812264872,124134.33284104602
BASE_9,COW_033,16.2726766,107.2307293,J_00106,16.369866099155256,107.60485959798804,41.36166496535371,0.8272332993070742,95131.82942031353
BASE_9,COW_033,16.2726766,107.2307293,J_00107,16.113891588725753,107.66074099746874,49.19561714751233,0.9839123429502465,113149.91943927835
BASE_9,COW_033,16.2726766,107.2307293,J_00108,16.362255190888888,107.77612445102936,59.04852179172603,1.1809704358345205,135811.60012096987
BASE_9,COW_033,16.2726766,107.2307293,J_00109,16.309746863677077,107.75132688590683,55.71619005618178,1.1143238011236356,128147.23712921809
BASE_9,COW_033,16.2726766,107.2307293,J_00110,16.32186391385828,107.73943123957228,54.56699476953789,1.0913398953907578,125504.08796993716
BASE_9,COW_033,16.2726766,107.2307293,J_00111,16.372264871840603,107.6709710682885,48.26707317611267,0.9653414635222534,111014.26830505913
BASE_9,COW_033,16.2726766,107.2307293,J_00112,16.329782686393113,107.41267661232116,20.430157309460178,0.40860314618920357,46989.36181175841
BASE_9,COW_033,16.2726766,107.2307293,J_00113,16.320008469677312,107.70521742737984,50.913662853196435,1.0182732570639288,117101.4245623518
BASE_9,COW_033,16.2726766,107.2307293,J_00114,16.74059460183718,107.3850389961322,54.568997803815954,1.091379956076319,125508.6949487767
BASE_9,COW_033,16.2726766,107.2307293,J_00115,16.347584401325978,107.53061376748612,33.06980694428584,0.6613961388857167,76060.55597185742
BASE_9,COW_033,16.2726766,107.2307293,J_00116,16.510544056993798,107.49977339066342,39.02941747230743,0.7805883494461486,89767.66018630708
BASE_9,COW_034,16.2726766,107.2307293,J_00000,16.470828921881164,107.60955399746234,46.031287231476064,0.9206257446295213,105871.96063239494
BASE_9,COW_034,16.2726766,107.2307293,J_00001,16.470362127018827,107.55930326094062,41.37632336549143,0.8275264673098286,95165.5437406303
BASE_9,COW_034,16.2726766,107.2307293,J_00002,16.47424359958971,107.55772818698266,41.465454548053174,0.8293090909610634,95370.5454605223
BASE_9,COW_034,16.2726766,107.2307293,J_00003,16.49348337564258,107.59002065245971,45.518765102110876,0.9103753020422175,104693.15973485501
BASE_9,COW_034,16.2726766,107.2307293,J_00004,16.478745441146955,107.55129534455035,41.165932275623,0.82331864551246,94681.6442339329
BASE_9,COW_034,16.2726766,107.2307293,J_00005,16.487027304858945,107.54731760776494,41.33751994611852,0.8267503989223703,95076.29587607259
BASE_9,COW_034,16.2726766,107.2307293,J_00006,16.532160339026593,107.44578496129934,36.86120748458402,0.7372241496916804,84780.77721454325
BASE_9,COW_034,16.2726766,107.2307293,J_00007,16.476934281241164,107.53317577214604,39.45849085986506,0.7891698171973012,90754.52897768964
BASE_9,COW_034,16.2726766,107.2307293,J_00008,16.54063239867831,107.44448001783373,37.51811379100796,0.7503622758201592,86291.66171931832
BASE_9,COW_034,16.2726766,107.2307293,J_00009,16.531547558962664,107.69012324181722,56.83231536441133,1.1366463072882267,130714.32533814605
BASE_9,COW_034,16.2726766,107.2307293,J_00010,16.52738878877641,107.68921427085154,56.516028178226975,1.1303205635645395,129986.86480992204
BASE_9,COW_034,16.2726766,107.2307293,J_00011,16.53789357129583,107.68082715522364,56.34498833211984,1.1268997666423968,129593.47316387563
BASE_9,COW_034,16.2726766,107.2307293,J_00012,16.524835706155326,107.69309264998252,56.733857761141266,1.1346771552228254,130487.87285062492
BASE_9,COW_034,16.2726766,107.2307293,J_00013,16.2729315745512,107.87292622951324,68.54825807096,1.3709651614192,157660.993563208
BASE_9,COW_034,16.2726766,107.2307293,J_00014,16.52317642712633,107.701478157211,57.42363918059086,1.1484727836118171,132074.370115359
BASE_9,COW_034,16.2726766,107.2307293,J_00015,16.564129718701782,107.59382455637665,50.49891238729916,1.009978247745983,116147.49849078806
BASE_9,COW_034,16.2726766,107.2307293,J_00016,16.55503728513068,107.61353852963492,51.507256353033014,1.0301451270606603,118466.68961197593
BASE_9,COW_034,16.2726766,107.2307293,J_00017,16.56802006575831,107.6179667081558,52.76753321946635,1.0553506643893271,121365.32640477261
BASE_9,COW_034,16.2726766,107.2307293,J_00018,16.493997607340088,107.53193954239708,40.47437802685311,0.8094875605370622,93091.06946176215
BASE_9,COW_034,16.2726766,107.2307293,J_00019,16.543546895491804,107.42583058377517,36.60962654829,0.7321925309658001,84202.141061067
BASE_9,COW_034,16.2726766,107.2307293,J_00020,16.242503801359586,107.2454051174484,3.7028025956961037,0.07405605191392207,8516.445970101038
BASE_9,COW_034,16.2726766,107.2307293,J_00021,16.45055723769587,107.72225686630698,56.04804721433672,1.1209609442867343,128910.50859297445
BASE_9,COW_034,16.2726766,107.2307293,J_00022,16.504833393469443,107.6291677934963,49.72928781697773,0.9945857563395546,114377.36197904879
BASE_9,COW_034,16.2726766,107.2307293,J_00023,16.57986665656081,107.58768387995444,51.148822498846464,1.0229764499769294,117642.29174734687
BASE_9,COW_034,16.2726766,107.2307293,J_00024,16.23991207988329,107.25090001724132,4.231969744342749,0.08463939488685497,9733.530411988322
BASE_9,COW_034,16.2726766,107.2307293,J_00025,16.250014260366132,107.24074792938237,2.7374832774828377,0.054749665549656754,6296.211538210527
BASE_9,COW_034,16.2726766,107.2307293,J_00026,16.459357749451215,107.7205673132457,56.23215196189029,1.1246430392378057,129333.94951234767
BASE_9,COW_034,16.2726766,107.2307293,J_00027,16.656791523009364,107.34955392909389,44.55147992300865,0.891029598460173,102468.40382291989
BASE_9,COW_034,16.2726766,107.2307293,J_00028,16.230739178703335,108.0800528964888,90.7865508156967,1.815731016313934,208809.0668761024
BASE_9,COW_034,16.2726766,107.2307293,J_00029,16.582372023215015,107.36897627611086,37.46046113425164,0.7492092226850328,86159.06060877876
BASE_9,COW_034,16.2726766,107.2307293,J_00030,16.23582074671607,107.25576696739624,4.892735910448947,0.09785471820897895,11253.292594032579
BASE_9,COW_034,16.2726766,107.2307293,J_00031,16.267972860818134,107.22291398151737,0.9846243530484754,0.01969248706096951,2264.636012011493
BASE_9,COW_034,16.2726766,107.2307293,J_00032,16.15816879245868,107.72785909820898,54.58504041255024,1.091700808251005,125545.59294886555
BASE_9,COW_034,16.2726766,107.2307293,J_00033,16.597430221109658,107.50487743972349,46.46373607212191,0.9292747214424382,106866.5929658804
BASE_9,COW_034,16.2726766,107.2307293,J_00034,16.66429736358062,107.48232283480873,51.14709911201642,1.0229419822403285,117638.32795763777
BASE_9,COW_034,16.2726766,107.2307293,J_00035,16.461689838165945,107.7055674468512,54.84660967481184,1.0969321934962368,126147.20225206723
BASE_9,COW_034,16.2726766,107.2307293,J_00036,16.268139796636127,107.2187570048448,1.3739085066581127,0.027478170133162255,3159.989565313659
BASE_9,COW_034,16.2726766,107.2307293,J_00037,16.56508206793363,107.52621803008316,45.2821961572548,0.905643923145096,104149.05116168605
BASE_9,COW_034,16.2726766,107.2307293,J_00038,16.46918567451601,107.70508512969802,55.12323858940869,1.102464771788174,126783.44875564
BASE_9,COW_034,16.2726766,107.2307293,J_00039,16.569871522873257,107.536183895912,46.40580458002039,0.9281160916004078,106733.35053404688
BASE_9,COW_034,16.2726766,107.2307293,J_00040,16.666607075648248,107.36250567880695,46.001707610522615,0.9200341522104523,105803.92750420202
BASE_9,COW_034,16.2726766,107.2307293,J_00041,16.665155641834726,107.3688001600834,46.05821440530212,0.9211642881060423,105933.89313219486
BASE_9,COW_034,16.2726766,107.2307293,J_00042,16.51315499139435,107.5606764490754,44.20242295576052,0.8840484591152103,101665.5727982492
BASE_9,COW_034,16.2726766,107.2307293,J_00043,16.64927714226641,107.41145471933169,46.09790375227042,0.9219580750454084,106025.17863022197
BASE_9,COW_034,16.2726766,107.2307293,J_00044,16.57166890824097,107.49529040517794,43.606919920464684,0.8721383984092936,100295.91581706877
BASE_9,COW_034,16.2726766,107.2307293,J_00045,16.63143941985154,107.5110583130454,49.851004564713016,0.9970200912942603,114657.31049883994
BASE_9,COW_034,16.2726766,107.2307293,J_00046,16.59440973361349,107.38534822450936,39.39279714525215,0.787855942905043,90603.43343407995
BASE_9,COW_034,16.2726766,107.2307293,J_00047,16.599347151767944,107.49633576858352,46.06375341250539,0.9212750682501079,105946.6328487624
BASE_9,COW_034,16.2726766,107.2307293,J_00048,16.28167999352194,107.97816386593117,79.78583369620979,1.595716673924196,183507.41750128253
BASE_9,COW_034,16.2726766,107.2307293,J_00049,16.277599338947514,107.9824641404575,80.24125539710873,1.6048251079421747,184554.88741335008
BASE_9,COW_034,16.2726766,107.2307293,J_00050,16.462928914647218,107.64012940439612,48.53170612457306,0.9706341224914613,111622.92408651805
BASE_9,COW_034,16.2726766,107.2307293,J_00051,16.601594932702508,107.48296237382375,45.40165583000543,0.9080331166001087,104423.80840901249
BASE_9,COW_034,16.2726766,107.2307293,J_00052,16.34480069014235,107.90990007727194,72.92388710284457,1.4584777420568915,167724.94033654252
BASE_9,COW_034,16.2726766,107.2307293,J_00053,16.586804944456667,107.58305427522006,51.30398460681944,1.0260796921363888,117999.16459568472
BASE_9,COW_034,16.2726766,107.2307293,J_00054,16.619028870649785,107.4534404914762,45.24752213563263,0.9049504427126526,104069.30091195504
BASE_9,COW_034,16.2726766,107.2307293,J_00055,16.282227234021125,107.2142450904469,2.055140398672967,0.04110280797345934,4726.822916947824
BASE_9,COW_034,16.2726766,107.2307293,J_00056,16.435088326817397,107.65074059522672,48.31555874723524,0.9663111749447048,111125.78511864104
BASE_9,COW_034,16.2726766,107.2307293,J_00057,16.371952558474792,107.86327621053776,68.3978300818899,1.3679566016377978,157315.00918834674
BASE_9,COW_034,16.2726766,107.2307293,J_00058,16.605809254100482,107.44852928114123,43.72307121999529,0.8744614243999058,100563.06380598916
BASE_9,COW_034,16.2726766,107.2307293,J_00059,16.604451821387112,107.44540383479944,43.418625028425375,0.8683725005685075,99862.83756537836
BASE_9,COW_034,16.2726766,107.2307293,J_00060,16.41077084398415,107.70813735661868,53.20473578263743,1.0640947156527485,122370.89230006609
BASE_9,COW_034,16.2726766,107.2307293,J_00061,16.423400400047356,107.82881823459424,65.9796962870171,1.3195939257403422,151753.30146013934
BASE_9,COW_034,16.2726766,107.2307293,J_00062,16.392061127207906,107.71969303091058,53.83849797657446,1.0767699595314892,123828.54534612126
BASE_9,COW_034,16.2726766,107.2307293,J_00063,16.51352049869946,107.39836603004166,32.2022957592132,0.644045915184264,74065.28024619036
BASE_9,COW_034,16.2726766,107.2307293,J_00064,16.12581966029344,107.33689825793644,19.87919136541865,0.397583827308373,45722.14014046289
BASE_9,COW_034,16.2726766,107.2307293,J_00065,16.58814063386911,107.58112744571652,51.25509316217995,1.025101863243599,117886.71427301389
BASE_9,COW_034,16.2726766,107.2307293,J_00066,16.311065134737067,108.00316203108642,82.55205633845375,1.651041126769075,189869.72957844363
BASE_9,COW_034,16.2726766,107.2307293,J_00067,16.51365978864296,107.39155449638712,31.81757168390422,0.6363514336780844,73180.4148729797
BASE_9,COW_034,16.2726766,107.2307293,J_00068,16.52448692518508,107.36199005595924,31.305776768863815,0.6261155353772763,72003.28656838677
BASE_9,COW_034,16.2726766,107.2307293,J_00069,16.59106004686489,107.57447245809988,50.964662640499625,1.0192932528099925,117218.72407314913
BASE_9,COW_034,16.2726766,107.2307293,J_00070,16.514385209681947,107.35917522677836,30.167901594342133,0.6033580318868427,69386.17366698691
BASE_9,COW_034,16.2726766,107.2307293,J_00071,16.500172317744823,107.387722313213,30.33797625527808,0.6067595251055615,69777.34538713958
BASE_9,COW_034,16.2726766,107.2307293,J_00072,16.393597378184786,107.47492481043388,29.32201067012214,0.5864402134024428,67440.62454128092
BASE_9,COW_034,16.2726766,107.2307293,J_00073,16.311140756886953,108.00574411813372,82.82769214741997,1.6565538429483992,190503.69193906593
BASE_9,COW_034,16.2726766,107.2307293,J_00074,16.521508537272283,107.40421975752768,33.28754446423223,0.6657508892846445,76561.35226773412
BASE_9,COW_034,16.2726766,107.2307293,J_00075,16.402154789177548,107.47526188616476,29.801343667897203,0.596026873357944,68543.09043616356
BASE_9,COW_034,16.2726766,107.2307293,J_00076,16.588713873543426,107.3252892,36.56026227772241,0.7312052455544482,84088.60323876154
BASE_9,COW_034,16.2726766,107.2307293,J_00077,16.08851719650639,107.38588473919135,26.341342091349446,0.5268268418269889,60585.08681010373
BASE_9,COW_034,16.2726766,107.2307293,J_00078,16.527850544725265,107.37652351643136,32.35660530942534,0.6471321061885068,74420.19221167828
BASE_9,COW_034,16.2726766,107.2307293,J_00079,16.085892686488275,107.36589613925749,25.292813809206923,0.5058562761841384,58173.47176117592
BASE_9,COW_034,16.2726766,107.2307293,J_00080,16.291495257578905,108.0261164720742,84.92156477790596,1.6984312955581191,195319.5989891837
BASE_9,COW_034,16.2726766,107.2307293,J_00081,16.382115370526147,107.0536835996094,22.47258867811292,0.4494517735622584,51686.95395965972
BASE_9,COW_034,16.2726766,107.2307293,J_00082,16.376677240357246,107.04298993910136,23.132162679372176,0.4626432535874435,53203.974162556005
BASE_9,COW_034,16.2726766,107.2307293,J_00083,16.145727559220454,107.74412376098628,56.60591189579237,1.1321182379158474,130193.59736032244
BASE_9,COW_034,16.2726766,107.2307293,J_00084,16.327564155367586,107.1717988691137,8.763874429395587,0.17527748858791173,20156.91118760985
BASE_9,COW_034,16.2726766,107.2307293,J_00085,16.536406972867166,107.35115792249393,32.01563871724678,0.6403127743449356,73635.96904966759
BASE_9,COW_034,16.2726766,107.2307293,J_00086,16.516865528399663,107.28775679746394,27.8256886414028,0.556513772828056,63999.08387522644
BASE_9,COW_034,16.2726766,107.2307293,J_00087,16.286613968463637,108.0076708460382,82.9424970905812,1.658849941811624,190767.74330833677
BASE_9,COW_034,16.2726766,107.2307293,J_00088,16.31580618944039,108.01104614910422,83.42005190422373,1.6684010380844745,191866.11937971457
BASE_9,COW_034,16.2726766,107.2307293,J_00089,16.612873091094567,107.40389222873738,42.095243413622704,0.841904868272454,96819.05985133222
BASE_9,COW_034,16.2726766,107.2307293,J_00090,16.330456476800176,107.6200542865036,42.04434619170849,0.8408869238341699,96701.99624092953
BASE_9,COW_034,16.2726766,107.2307293,J_00091,16.286166291524196,108.0212320394954,84.38891797147814,1.6877783594295628,194094.51133439972
BASE_9,COW_034,16.2726766,107.2307293,J_00092,16.276565522813957,108.0303636867135,85.35344956524439,1.7070689913048878,196312.9340000621
BASE_9,COW_034,16.2726766,107.2307293,J_00093,16.343745314767705,107.94446775635662,76.57967208514285,1.531593441702857,176133.24579582855
BASE_9,COW_034,16.2726766,107.2307293,J_00094,16.374390937218454,107.4611604849838,27.066266998663785,0.5413253399732757,62252.4140969267
BASE_9,COW_034,16.2726766,107.2307293,J_00095,16.563745734293335,107.33058047516714,34.07266570458806,0.6814533140917612,78367.13112055254
BASE_9,COW_034,16.2726766,107.2307293,J_00096,16.333238096088046,107.95986908838688,78.10741000282505,1.562148200056501,179647.0430064976
BASE_9,COW_034,16.2726766,107.2307293,J_00097,16.345740957020553,107.15320156741336,11.595745901951588,0.23191491803903175,26670.21557448865
BASE_9,COW_034,16.2726766,107.2307293,J_00098,16.219107397405065,108.05398556961838,88.08820820926195,1.761764164185239,202602.8788813025
BASE_9,COW_034,16.2726766,107.2307293,J_00099,16.422942208064033,107.46784915441106,30.319963917044987,0.6063992783408998,69735.91700920348
BASE_9,COW_034,16.2726766,107.2307293,J_00100,16.402644021436732,107.75780974463012,58.06910717547201,1.1613821435094402,133558.94650358564
BASE_9,COW_034,16.2726766,107.2307293,J_00101,16.37524964320665,107.59276945006624,40.28258544101671,0.8056517088203341,92649.94651433843
BASE_9,COW_034,16.2726766,107.2307293,J_00102,16.547556620418277,107.3098233592149,31.708220578443154,0.634164411568863,72928.90733041926
BASE_9,COW_034,16.2726766,107.2307293,J_00103,16.30681962375361,107.38568972103658,16.969240700450914,0.33938481400901827,39029.2536110371
BASE_9,COW_034,16.2726766,107.2307293,J_00104,16.380155048074425,107.67675752946212,49.073617122169225,0.9814723424433844,112869.31938098921
BASE_9,COW_034,16.2726766,107.2307293,J_00105,16.730113981967406,107.400003273698,53.97144906132436,1.0794289812264872,124134.33284104602
BASE_9,COW_034,16.2726766,107.2307293,J_00106,16.369866099155256,107.60485959798804,41.36166496535371,0.8272332993070742,95131.82942031353
BASE_9,COW_034,16.2726766,107.2307293,J_00107,16.113891588725753,107.66074099746874,49.19561714751233,0.9839123429502465,113149.91943927835
BASE_9,COW_034,16.2726766,107.2307293,J_00108,16.362255190888888,107.77612445102936,59.04852179172603,1.1809704358345205,135811.60012096987
BASE_9,COW_034,16.2726766,107.2307293,J_00109,16.309746863677077,107.75132688590683,55.71619005618178,1.1143238011236356,128147.23712921809
BASE_9,COW_034,16.2726766,107.2307293,J_00110,16.32186391385828,107.73943123957228,54.56699476953789,1.0913398953907578,125504.08796993716
BASE_9,COW_034,16.2726766,107.2307293,J_00111,16.372264871840603,107.6709710682885,48.26707317611267,0.9653414635222534,111014.26830505913
BASE_9,COW_034,16.2726766,107.2307293,J_00112,16.329782686393113,107.41267661232116,20.430157309460178,0.40860314618920357,46989.36181175841
BASE_9,COW_034,16.2726766,107.2307293,J_00113,16.320008469677312,107.70521742737984,50.913662853196435,1.0182732570639288,117101.4245623518
BASE_9,COW_034,16.2726766,107.2307293,J_00114,16.74059460183718,107.3850389961322,54.568997803815954,1.091379956076319,125508.6949487767
BASE_9,COW_034,16.2726766,107.2307293,J_00115,16.347584401325978,107.53061376748612,33.06980694428584,0.6613961388857167,76060.55597185742
BASE_9,COW_034,16.2726766,107.2307293,J_00116,16.510544056993798,107.49977339066342,39.02941747230743,0.7805883494461486,89767.66018630708
BASE_9,COW_035,16.2726766,107.2307293,J_00000,16.470828921881164,107.60955399746234,46.031287231476064,0.8369324951177466,105871.96063239494
BASE_9,COW_035,16.2726766,107.2307293,J_00001,16.470362127018827,107.55930326094062,41.37632336549143,0.7522967884634806,95165.5437406303
BASE_9,COW_035,16.2726766,107.2307293,J_00002,16.47424359958971,107.55772818698266,41.465454548053174,0.7539173554191486,95370.5454605223
BASE_9,COW_035,16.2726766,107.2307293,J_00003,16.49348337564258,107.59002065245971,45.518765102110876,0.8276139109474705,104693.15973485501
BASE_9,COW_035,16.2726766,107.2307293,J_00004,16.478745441146955,107.55129534455035,41.165932275623,0.7484714959204182,94681.6442339329
BASE_9,COW_035,16.2726766,107.2307293,J_00005,16.487027304858945,107.54731760776494,41.33751994611852,0.7515912717476094,95076.29587607259
BASE_9,COW_035,16.2726766,107.2307293,J_00006,16.532160339026593,107.44578496129934,36.86120748458402,0.6702037724469821,84780.77721454325
BASE_9,COW_035,16.2726766,107.2307293,J_00007,16.476934281241164,107.53317577214604,39.45849085986506,0.717427106543001,90754.52897768964
BASE_9,COW_035,16.2726766,107.2307293,J_00008,16.54063239867831,107.44448001783373,37.51811379100796,0.682147523472872,86291.66171931832
BASE_9,COW_035,16.2726766,107.2307293,J_00009,16.531547558962664,107.69012324181722,56.83231536441133,1.0333148248074786,130714.32533814605
BASE_9,COW_035,16.2726766,107.2307293,J_00010,16.52738878877641,107.68921427085154,56.516028178226975,1.027564148695036,129986.86480992204
BASE_9,COW_035,16.2726766,107.2307293,J_00011,16.53789357129583,107.68082715522364,56.34498833211984,1.02445433331127,129593.47316387563
BASE_9,COW_035,16.2726766,107.2307293,J_00012,16.524835706155326,107.69309264998252,56.733857761141266,1.0315246865662049,130487.87285062492
BASE_9,COW_035,16.2726766,107.2307293,J_00013,16.2729315745512,107.87292622951324,68.54825807096,1.2463319649265454,157660.993563208
BASE_9,COW_035,16.2726766,107.2307293,J_00014,16.52317642712633,107.701478157211,57.42363918059086,1.044066166919834,132074.370115359
BASE_9,COW_035,16.2726766,107.2307293,J_00015,16.564129718701782,107.59382455637665,50.49891238729916,0.9181620434054392,116147.49849078806
BASE_9,COW_035,16.2726766,107.2307293,J_00016,16.55503728513068,107.61353852963492,51.507256353033014,0.9364955700551457,118466.68961197593
BASE_9,COW_035,16.2726766,107.2307293,J_00017,16.56802006575831,107.6179667081558,52.76753321946635,0.9594096948993882,121365.32640477261
BASE_9,COW_035,16.2726766,107.2307293,J_00018,16.493997607340088,107.53193954239708,40.47437802685311,0.7358977823064202,93091.06946176215
BASE_9,COW_035,16.2726766,107.2307293,J_00019,16.543546895491804,107.42583058377517,36.60962654829,0.6656295736052728,84202.141061067
BASE_9,COW_035,16.2726766,107.2307293,J_00020,16.242503801359586,107.2454051174484,3.7028025956961037,0.06732368355811098,8516.445970101038
BASE_9,COW_035,16.2726766,107.2307293,J_00021,16.45055723769587,107.72225686630698,56.04804721433672,1.0190554038970312,128910.50859297445
BASE_9,COW_035,16.2726766,107.2307293,J_00022,16.504833393469443,107.6291677934963,49.72928781697773,0.9041688693995951,114377.36197904879
BASE_9,COW_035,16.2726766,107.2307293,J_00023,16.57986665656081,107.58768387995444,51.148822498846464,0.9299785908881175,117642.29174734687
BASE_9,COW_035,16.2726766,107.2307293,J_00024,16.23991207988329,107.25090001724132,4.231969744342749,0.07694490444259543,9733.530411988322
BASE_9,COW_035,16.2726766,107.2307293,J_00025,16.250014260366132,107.24074792938237,2.7374832774828377,0.04977242322696068,6296.211538210527
BASE_9,COW_035,16.2726766,107.2307293,J_00026,16.459357749451215,107.7205673132457,56.23215196189029,1.0224027629434598,129333.94951234767
BASE_9,COW_035,16.2726766,107.2307293,J_00027,16.656791523009364,107.34955392909389,44.55147992300865,0.8100269076910663,102468.40382291989
BASE_9,COW_035,16.2726766,107.2307293,J_00028,16.230739178703335,108.0800528964888,90.7865508156967,1.6506645602853944,208809.0668761024
BASE_9,COW_035,16.2726766,107.2307293,J_00029,16.582372023215015,107.36897627611086,37.46046113425164,0.6810992933500298,86159.06060877876
BASE_9,COW_035,16.2726766,107.2307293,J_00030,16.23582074671607,107.25576696739624,4.892735910448947,0.08895883473543541,11253.292594032579
BASE_9,COW_035,16.2726766,107.2307293,J_00031,16.267972860818134,107.22291398151737,0.9846243530484754,0.017902260964517736,2264.636012011493
BASE_9,COW_035,16.2726766,107.2307293,J_00032,16.15816879245868,107.72785909820898,54.58504041255024,0.9924552802281862,125545.59294886555
BASE_9,COW_035,16.2726766,107.2307293,J_00033,16.597430221109658,107.50487743972349,46.46373607212191,0.8447952013113075,106866.5929658804
BASE_9,COW_035,16.2726766,107.2307293,J_00034,16.66429736358062,107.48232283480873,51.14709911201642,0.9299472565821167,117638.32795763777
BASE_9,COW_035,16.2726766,107.2307293,J_00035,16.461689838165945,107.7055674468512,54.84660967481184,0.9972110849965788,126147.20225206723
BASE_9,COW_035,16.2726766,107.2307293,J_00036,16.268139796636127,107.2187570048448,1.3739085066581127,0.02498015466651114,3159.989565313659
BASE_9,COW_035,16.2726766,107.2307293,J_00037,16.56508206793363,107.52621803008316,45.2821961572548,0.8233126574046328,104149.05116168605
BASE_9,COW_035,16.2726766,107.2307293,J_00038,16.46918567451601,107.70508512969802,55.12323858940869,1.0022407016256125,126783.44875564
BASE_9,COW_035,16.2726766,107.2307293,J_00039,16.569871522873257,107.536183895912,46.40580458002039,0.8437419014549161,106733.35053404688
BASE_9,COW_035,16.2726766,107.2307293,J_00040,16.666607075648248,107.36250567880695,46.001707610522615,0.8363946838276839,105803.92750420202
BASE_9,COW_035,16.2726766,107.2307293,J_00041,16.665155641834726,107.3688001600834,46.05821440530212,0.8374220800964022,105933.89313219486
BASE_9,COW_035,16.2726766,107.2307293,J_00042,16.51315499139435,107.5606764490754,44.20242295576052,0.803680417377464,101665.5727982492
BASE_9,COW_035,16.2726766,107.2307293,J_00043,16.64927714226641,107.41145471933169,46.09790375227042,0.8381437045867349,106025.17863022197
BASE_9,COW_035,16.2726766,107.2307293,J_00044,16.57166890824097,107.49529040517794,43.606919920464684,0.7928530894629943,100295.91581706877
BASE_9,COW_035,16.2726766,107.2307293,J_00045,16.63143941985154,107.5110583130454,49.851004564713016,0.9063819011766003,114657.31049883994
BASE_9,COW_035,16.2726766,107.2307293,J_00046,16.59440973361349,107.38534822450936,39.39279714525215,0.716232675368221,90603.43343407995
BASE_9,COW_035,16.2726766,107.2307293,J_00047,16.599347151767944,107.49633576858352,46.06375341250539,0.8375227893182798,105946.6328487624
BASE_9,COW_035,16.2726766,107.2307293,J_00048,16.28167999352194,107.97816386593117,79.78583369620979,1.450651521749269,183507.41750128253
BASE_9,COW_035,16.2726766,107.2307293,J_00049,16.277599338947514,107.9824641404575,80.24125539710873,1.4589319163110679,184554.88741335008
BASE_9,COW_035,16.2726766,107.2307293,J_00050,16.462928914647218,107.64012940439612,48.53170612457306,0.8823946568104193,111622.92408651805
BASE_9,COW_035,16.2726766,107.2307293,J_00051,16.601594932702508,107.48296237382375,45.40165583000543,0.8254846514546442,104423.80840901249
BASE_9,COW_035,16.2726766,107.2307293,J_00052,16.34480069014235,107.90990007727194,72.92388710284457,1.325888856415356,167724.94033654252
BASE_9,COW_035,16.2726766,107.2307293,J_00053,16.586804944456667,107.58305427522006,51.30398460681944,0.9327997201239898,117999.16459568472
BASE_9,COW_035,16.2726766,107.2307293,J_00054,16.619028870649785,107.4534404914762,45.24752213563263,0.822682220647866,104069.30091195504
BASE_9,COW_035,16.2726766,107.2307293,J_00055,16.282227234021125,107.2142450904469,2.055140398672967,0.037366189066781214,4726.822916947824
BASE_9,COW_035,16.2726766,107.2307293,J_00056,16.435088326817397,107.65074059522672,48.31555874723524,0.8784647044951861,111125.78511864104
BASE_9,COW_035,16.2726766,107.2307293,J_00057,16.371952558474792,107.86327621053776,68.3978300818899,1.2435969105798161,157315.00918834674
BASE_9,COW_035,16.2726766,107.2307293,J_00058,16.605809254100482,107.44852928114123,43.72307121999529,0.7949649312726417,100563.06380598916
BASE_9,COW_035,16.2726766,107.2307293,J_00059,16.604451821387112,107.44540383479944,43.418625028425375,0.7894295459713705,99862.83756537836
BASE_9,COW_035,16.2726766,107.2307293,J_00060,16.41077084398415,107.70813735661868,53.20473578263743,0.9673588324115896,122370.89230006609
BASE_9,COW_035,16.2726766,107.2307293,J_00061,16.423400400047356,107.82881823459424,65.9796962870171,1.1996308415821293,151753.30146013934
BASE_9,COW_035,16.2726766,107.2307293,J_00062,16.392061127207906,107.71969303091058,53.83849797657446,0.9788817813922629,123828.54534612126
BASE_9,COW_035,16.2726766,107.2307293,J_00063,16.51352049869946,107.39836603004166,32.2022957592132,0.585496286531149,74065.28024619036
BASE_9,COW_035,16.2726766,107.2307293,J_00064,16.12581966029344,107.33689825793644,19.87919136541865,0.3614398430076118,45722.14014046289
BASE_9,COW_035,16.2726766,107.2307293,J_00065,16.58814063386911,107.58112744571652,51.25509316217995,0.9319107847669083,117886.71427301389
BASE_9,COW_035,16.2726766,107.2307293,J_00066,16.311065134737067,108.00316203108642,82.55205633845375,1.5009464788809772,189869.72957844363
BASE_9,COW_035,16.2726766,107.2307293,J_00067,16.51365978864296,107.39155449638712,31.81757168390422,0.5785013033437131,73180.4148729797
BASE_9,COW_035,16.2726766,107.2307293,J_00068,16.52448692518508,107.36199005595924,31.305776768863815,0.5691959412520694,72003.28656838677
BASE_9,COW_035,16.2726766,107.2307293,J_00069,16.59106004686489,107.57447245809988,50.964662640499625,0.926630229827266,117218.72407314913
BASE_9,COW_035,16.2726766,107.2307293,J_00070,16.514385209681947,107.35917522677836,30.167901594342133,0.5485073017153115,69386.17366698691
BASE_9,COW_035,16.2726766,107.2307293,J_00071,16.500172317744823,107.387722313213,30.33797625527808,0.5515995682777832,69777.34538713958
BASE_9,COW_035,16.2726766,107.2307293,J_00072,16.393597378184786,107.47492481043388,29.32201067012214,0.5331274667294934,67440.62454128092
BASE_9,COW_035,16.2726766,107.2307293,J_00073,16.311140756886953,108.00574411813372,82.82769214741997,1.5059580390439995,190503.69193906593
BASE_9,COW_035,16.2726766,107.2307293,J_00074,16.521508537272283,107.40421975752768,33.28754446423223,0.6052280811678586,76561.35226773412
BASE_9,COW_035,16.2726766,107.2307293,J_00075,16.402154789177548,107.47526188616476,29.801343667897203,0.5418426121435855,68543.09043616356
BASE_9,COW_035,16.2726766,107.2307293,J_00076,16.588713873543426,107.3252892,36.56026227772241,0.6647320414131347,84088.60323876154
BASE_9,COW_035,16.2726766,107.2307293,J_00077,16.08851719650639,107.38588473919135,26.341342091349446,0.4789334925699899,60585.08681010373
BASE_9,COW_035,16.2726766,107.2307293,J_00078,16.527850544725265,107.37652351643136,32.35660530942534,0.5883019147168244,74420.19221167828
BASE_9,COW_035,16.2726766,107.2307293,J_00079,16.085892686488275,107.36589613925749,25.292813809206923,0.45986934198558044,58173.47176117592
BASE_9,COW_035,16.2726766,107.2307293,J_00080,16.291495257578905,108.0261164720742,84.92156477790596,1.5440284505073811,195319.5989891837
BASE_9,COW_035,16.2726766,107.2307293,J_00081,16.382115370526147,107.0536835996094,22.47258867811292,0.40859252142023494,51686.95395965972
BASE_9,COW_035,16.2726766,107.2307293,J_00082,16.376677240357246,107.04298993910136,23.132162679372176,0.420584775988585,53203.974162556005
BASE_9,COW_035,16.2726766,107.2307293,J_00083,16.145727559220454,107.74412376098628,56.60591189579237,1.0291983981053157,130193.59736032244
BASE_9,COW_035,16.2726766,107.2307293,J_00084,16.327564155367586,107.1717988691137,8.763874429395587,0.15934317144355611,20156.91118760985
BASE_9,COW_035,16.2726766,107.2307293,J_00085,16.536406972867166,107.35115792249393,32.01563871724678,0.5821025221317596,73635.96904966759
BASE_9,COW_035,16.2726766,107.2307293,J_00086,16.516865528399663,107.28775679746394,27.8256886414028,0.5059216116618691,63999.08387522644
BASE_9,COW_035,16.2726766,107.2307293,J_00087,16.286613968463637,108.0076708460382,82.9424970905812,1.508045401646931,190767.74330833677
BASE_9,COW_035,16.2726766,107.2307293,J_00088,16.31580618944039,108.01104614910422,83.42005190422373,1.5167282164404314,191866.11937971457
BASE_9,COW_035,16.2726766,107.2307293,J_00089,16.612873091094567,107.40389222873738,42.095243413622704,0.7653680620658674,96819.05985133222
BASE_9,COW_035,16.2726766,107.2307293,J_00090,16.330456476800176,107.6200542865036,42.04434619170849,0.7644426580310635,96701.99624092953
BASE_9,COW_035,16.2726766,107.2307293,J_00091,16.286166291524196,108.0212320394954,84.38891797147814,1.5343439631177842,194094.51133439972
BASE_9,COW_035,16.2726766,107.2307293,J_00092,16.276565522813957,108.0303636867135,85.35344956524439,1.5518809011862615,196312.9340000621
BASE_9,COW_035,16.2726766,107.2307293,J_00093,16.343745314767705,107.94446775635662,76.57967208514285,1.3923576742753245,176133.24579582855
BASE_9,COW_035,16.2726766,107.2307293,J_00094,16.374390937218454,107.4611604849838,27.066266998663785,0.49211394543025067,62252.4140969267
BASE_9,COW_035,16.2726766,107.2307293,J_00095,16.563745734293335,107.33058047516714,34.07266570458806,0.619503012810692,78367.13112055254
BASE_9,COW_035,16.2726766,107.2307293,J_00096,16.333238096088046,107.95986908838688,78.10741000282505,1.4201347273240919,179647.0430064976
BASE_9,COW_035,16.2726766,107.2307293,J_00097,16.345740957020553,107.15320156741336,11.595745901951588,0.21083174367184707,26670.21557448865
BASE_9,COW_035,16.2726766,107.2307293,J_00098,16.219107397405065,108.05398556961838,88.08820820926195,1.6016037856229446,202602.8788813025
BASE_9,COW_035,16.2726766,107.2307293,J_00099,16.422942208064033,107.46784915441106,30.319963917044987,0.5512720712189998,69735.91700920348
BASE_9,COW_035,16.2726766,107.2307293,J_00100,16.402644021436732,107.75780974463012,58.06910717547201,1.0558019486449457,133558.94650358564
BASE_9,COW_035,16.2726766,107.2307293,J_00101,16.37524964320665,107.59276945006624,40.28258544101671,0.7324106443821219,92649.94651433843
BASE_9,COW_035,16.2726766,107.2307293,J_00102,16.547556620418277,107.3098233592149,31.708220578443154,0.5765131014262391,72928.90733041926
BASE_9,COW_035,16.2726766,107.2307293,J_00103,16.30681962375361,107.38568972103658,16.969240700450914,0.3085316490991075,39029.2536110371
BASE_9,COW_035,16.2726766,107.2307293,J_00104,16.380155048074425,107.67675752946212,49.073617122169225,0.8922475840394405,112869.31938098921
BASE_9,COW_035,16.2726766,107.2307293,J_00105,16.730113981967406,107.400003273698,53.97144906132436,0.981299073842261,124134.33284104602
BASE_9,COW_035,16.2726766,107.2307293,J_00106,16.369866099155256,107.60485959798804,41.36166496535371,0.7520302720973402,95131.82942031353
BASE_9,COW_035,16.2726766,107.2307293,J_00107,16.113891588725753,107.66074099746874,49.19561714751233,0.894465766318406,113149.91943927835
BASE_9,COW_035,16.2726766,107.2307293,J_00108,16.362255190888888,107.77612445102936,59.04852179172603,1.0736094871222914,135811.60012096987
BASE_9,COW_035,16.2726766,107.2307293,J_00109,16.309746863677077,107.75132688590683,55.71619005618178,1.0130216373851233,128147.23712921809
BASE_9,COW_035,16.2726766,107.2307293,J_00110,16.32186391385828,107.73943123957228,54.56699476953789,0.9921271776279617,125504.08796993716
BASE_9,COW_035,16.2726766,107.2307293,J_00111,16.372264871840603,107.6709710682885,48.26707317611267,0.8775831486565939,111014.26830505913
BASE_9,COW_035,16.2726766,107.2307293,J_00112,16.329782686393113,107.41267661232116,20.430157309460178,0.37145740562654866,46989.36181175841
BASE_9,COW_035,16.2726766,107.2307293,J_00113,16.320008469677312,107.70521742737984,50.913662853196435,0.9257029609672079,117101.4245623518
BASE_9,COW_035,16.2726766,107.2307293,J_00114,16.74059460183718,107.3850389961322,54.568997803815954,0.9921635964330173,125508.6949487767
BASE_9,COW_035,16.2726766,107.2307293,J_00115,16.347584401325978,107.53061376748612,33.06980694428584,0.6012692171688334,76060.55597185742
BASE_9,COW_035,16.2726766,107.2307293,J_00116,16.510544056993798,107.49977339066342,39.02941747230743,0.7096257722237714,89767.66018630708
BASE_9,COW_036,16.2726766,107.2307293,J_00000,16.470828921881164,107.60955399746234,46.031287231476064,0.7671881205246011,105871.96063239494
BASE_9,COW_036,16.2726766,107.2307293,J_00001,16.470362127018827,107.55930326094062,41.37632336549143,0.6896053894248572,95165.5437406303
BASE_9,COW_036,16.2726766,107.2307293,J_00002,16.47424359958971,107.55772818698266,41.465454548053174,0.6910909091342196,95370.5454605223
BASE_9,COW_036,16.2726766,107.2307293,J_00003,16.49348337564258,107.59002065245971,45.518765102110876,0.7586460850351813,104693.15973485501
BASE_9,COW_036,16.2726766,107.2307293,J_00004,16.478745441146955,107.55129534455035,41.165932275623,0.6860988712603834,94681.6442339329
BASE_9,COW_036,16.2726766,107.2307293,J_00005,16.487027304858945,107.54731760776494,41.33751994611852,0.688958665768642,95076.29587607259
BASE_9,COW_036,16.2726766,107.2307293,J_00006,16.532160339026593,107.44578496129934,36.86120748458402,0.6143534580764004,84780.77721454325
BASE_9,COW_036,16.2726766,107.2307293,J_00007,16.476934281241164,107.53317577214604,39.45849085986506,0.6576415143310843,90754.52897768964
BASE_9,COW_036,16.2726766,107.2307293,J_00008,16.54063239867831,107.44448001783373,37.51811379100796,0.6253018965167993,86291.66171931832
BASE_9,COW_036,16.2726766,107.2307293,J_00009,16.531547558962664,107.69012324181722,56.83231536441133,0.9472052560735221,130714.32533814605
BASE_9,COW_036,16.2726766,107.2307293,J_00010,16.52738878877641,107.68921427085154,56.516028178226975,0.9419338029704496,129986.86480992204
BASE_9,COW_036,16.2726766,107.2307293,J_00011,16.53789357129583,107.68082715522364,56.34498833211984,0.939083138868664,129593.47316387563
BASE_9,COW_036,16.2726766,107.2307293,J_00012,16.524835706155326,107.69309264998252,56.733857761141266,0.9455642960190211,130487.87285062492
BASE_9,COW_036,16.2726766,107.2307293,J_00013,16.2729315745512,107.87292622951324,68.54825807096,1.1424709678493334,157660.993563208
BASE_9,COW_036,16.2726766,107.2307293,J_00014,16.52317642712633,107.701478157211,57.42363918059086,0.9570606530098477,132074.370115359
BASE_9,COW_036,16.2726766,107.2307293,J_00015,16.564129718701782,107.59382455637665,50.49891238729916,0.8416485397883193,116147.49849078806
BASE_9,COW_036,16.2726766,107.2307293,J_00016,16.55503728513068,107.61353852963492,51.507256353033014,0.8584542725505503,118466.68961197593
BASE_9,COW_036,16.2726766,107.2307293,J_00017,16.56802006575831,107.6179667081558,52.76753321946635,0.8794588869911059,121365.32640477261
BASE_9,COW_036,16.2726766,107.2307293,J_00018,16.493997607340088,107.53193954239708,40.47437802685311,0.6745729671142185,93091.06946176215
BASE_9,COW_036,16.2726766,107.2307293,J_00019,16.543546895491804,107.42583058377517,36.60962654829,0.6101604424715,84202.141061067
BASE_9,COW_036,16.2726766,107.2307293,J_00020,16.242503801359586,107.2454051174484,3.7028025956961037,0.06171337659493506,8516.445970101038
BASE_9,COW_036,16.2726766,107.2307293,J_00021,16.45055723769587,107.72225686630698,56.04804721433672,0.9341341202389454,128910.50859297445
BASE_9,COW_036,16.2726766,107.2307293,J_00022,16.504833393469443,107.6291677934963,49.72928781697773,0.8288214636162955,114377.36197904879
BASE_9,COW_036,16.2726766,107.2307293,J_00023,16.57986665656081,107.58768387995444,51.148822498846464,0.8524803749807744,117642.29174734687
BASE_9,COW_036,16.2726766,107.2307293,J_00024,16.23991207988329,107.25090001724132,4.231969744342749,0.07053282907237915,9733.530411988322
BASE_9,COW_036,16.2726766,107.2307293,J_00025,16.250014260366132,107.24074792938237,2.7374832774828377,0.04562472129138063,6296.211538210527
BASE_9,COW_036,16.2726766,107.2307293,J_00026,16.459357749451215,107.7205673132457,56.23215196189029,0.9372025326981714,129333.94951234767
BASE_9,COW_036,16.2726766,107.2307293,J_00027,16.656791523009364,107.34955392909389,44.55147992300865,0.7425246653834775,102468.40382291989
BASE_9,COW_036,16.2726766,107.2307293,J_00028,16.230739178703335,108.0800528964888,90.7865508156967,1.5131091802616117,208809.0668761024
BASE_9,COW_036,16.2726766,107.2307293,J_00029,16.582372023215015,107.36897627611086,37.46046113425164,0.6243410189041939,86159.06060877876
BASE_9,COW_036,16.2726766,107.2307293,J_00030,16.23582074671607,107.25576696739624,4.892735910448947,0.08154559850748246,11253.292594032579
BASE_9,COW_036,16.2726766,107.2307293,J_00031,16.267972860818134,107.22291398151737,0.9846243530484754,0.016410405884141256,2264.636012011493
BASE_9,COW_036,16.2726766,107.2307293,J_00032,16.15816879245868,107.72785909820898,54.58504041255024,0.909750673542504,125545.59294886555
BASE_9,COW_036,16.2726766,107.2307293,J_00033,16.597430221109658,107.50487743972349,46.46373607212191,0.7743956012020319,106866.5929658804
BASE_9,COW_036,16.2726766,107.2307293,J_00034,16.66429736358062,107.48232283480873,51.14709911201642,0.8524516518669404,117638.32795763777
BASE_9,COW_036,16.2726766,107.2307293,J_00035,16.461689838165945,107.7055674468512,54.84660967481184,0.914110161246864,126147.20225206723
BASE_9,COW_036,16.2726766,107.2307293,J_00036,16.268139796636127,107.2187570048448,1.3739085066581127,0.022898475110968545,3159.989565313659
BASE_9,COW_036,16.2726766,107.2307293,J_00037,16.56508206793363,107.52621803008316,45.2821961572548,0.75470326928758,104149.05116168605
BASE_9,COW_036,16.2726766,107.2307293,J_00038,16.46918567451601,107.70508512969802,55.12323858940869,0.9187206431568116,126783.44875564
BASE_9,COW_036,16.2726766,107.2307293,J_00039,16.569871522873257,107.536183895912,46.40580458002039,0.7734300763336731,106733.35053404688
BASE_9,COW_036,16.2726766,107.2307293,J_00040,16.666607075648248,107.36250567880695,46.001707610522615,0.7666951268420436,105803.92750420202
BASE_9,COW_036,16.2726766,107.2307293,J_00041,16.665155641834726,107.3688001600834,46.05821440530212,0.7676369067550353,105933.89313219486
BASE_9,COW_036,16.2726766,107.2307293,J_00042,16.51315499139435,107.5606764490754,44.20242295576052,0.7367070492626753,101665.5727982492
BASE_9,COW_036,16.2726766,107.2307293,J_00043,16.64927714226641,107.41145471933169,46.09790375227042,0.7682983958711737,106025.17863022197
BASE_9,COW_036,16.2726766,107.2307293,J_00044,16.57166890824097,107.49529040517794,43.606919920464684,0.7267819986744114,100295.91581706877
BASE_9,COW_036,16.2726766,107.2307293,J_00045,16.63143941985154,107.5110583130454,49.851004564713016,0.8308500760785502,114657.31049883994
BASE_9,COW_036,16.2726766,107.2307293,J_00046,16.59440973361349,107.38534822450936,39.39279714525215,0.6565466190875359,90603.43343407995
BASE_9,COW_036,16.2726766,107.2307293,J_00047,16.599347151767944,107.49633576858352,46.06375341250539,0.7677292235417565,105946.6328487624
BASE_9,COW_036,16.2726766,107.2307293,J_00048,16.28167999352194,107.97816386593117,79.78583369620979,1.3297638949368298,183507.41750128253
BASE_9,COW_036,16.2726766,107.2307293,J_00049,16.277599338947514,107.9824641404575,80.24125539710873,1.3373542566184788,184554.88741335008
BASE_9,COW_036,16.2726766,107.2307293,J_00050,16.462928914647218,107.64012940439612,48.53170612457306,0.8088617687428844,111622.92408651805
BASE_9,COW_036,16.2726766,107.2307293,J_00051,16.601594932702508,107.48296237382375,45.40165583000543,0.7566942638334239,104423.80840901249
BASE_9,COW_036,16.2726766,107.2307293,J_00052,16.34480069014235,107.90990007727194,72.92388710284457,1.215398118380743,167724.94033654252
BASE_9,COW_036,16.2726766,107.2307293,J_00053,16.586804944456667,107.58305427522006,51.30398460681944,0.8550664101136574,117999.16459568472
BASE_9,COW_036,16.2726766,107.2307293,J_00054,16.619028870649785,107.4534404914762,45.24752213563263,0.7541253689272105,104069.30091195504
BASE_9,COW_036,16.2726766,107.2307293,J_00055,16.282227234021125,107.2142450904469,2.055140398672967,0.03425233997788278,4726.822916947824
BASE_9,COW_036,16.2726766,107.2307293,J_00056,16.435088326817397,107.65074059522672,48.31555874723524,0.8052593124539206,111125.78511864104
BASE_9,COW_036,16.2726766,107.2307293,J_00057,16.371952558474792,107.86327621053776,68.3978300818899,1.1399638346981649,157315.00918834674
BASE_9,COW_036,16.2726766,107.2307293,J_00058,16.605809254100482,107.44852928114123,43.72307121999529,0.7287178536665881,100563.06380598916
BASE_9,COW_036,16.2726766,107.2307293,J_00059,16.604451821387112,107.44540383479944,43.418625028425375,0.7236437504737563,99862.83756537836
BASE_9,COW_036,16.2726766,107.2307293,J_00060,16.41077084398415,107.70813735661868,53.20473578263743,0.8867455963772904,122370.89230006609
BASE_9,COW_036,16.2726766,107.2307293,J_00061,16.423400400047356,107.82881823459424,65.9796962870171,1.0996616047836185,151753.30146013934
BASE_9,COW_036,16.2726766,107.2307293,J_00062,16.392061127207906,107.71969303091058,53.83849797657446,0.8973082996095744,123828.54534612126
BASE_9,COW_036,16.2726766,107.2307293,J_00063,16.51352049869946,107.39836603004166,32.2022957592132,0.53670492932022,74065.28024619036
BASE_9,COW_036,16.2726766,107.2307293,J_00064,16.12581966029344,107.33689825793644,19.87919136541865,0.33131985609031084,45722.14014046289
BASE_9,COW_036,16.2726766,107.2307293,J_00065,16.58814063386911,107.58112744571652,51.25509316217995,0.8542515527029992,117886.71427301389
BASE_9,COW_036,16.2726766,107.2307293,J_00066,16.311065134737067,108.00316203108642,82.55205633845375,1.3758676056408958,189869.72957844363
BASE_9,COW_036,16.2726766,107.2307293,J_00067,16.51365978864296,107.39155449638712,31.81757168390422,0.5302928613984037,73180.4148729797
BASE_9,COW_036,16.2726766,107.2307293,J_00068,16.52448692518508,107.36199005595924,31.305776768863815,0.5217629461477302,72003.28656838677
BASE_9,COW_036,16.2726766,107.2307293,J_00069,16.59106004686489,107.57447245809988,50.964662640499625,0.8494110440083271,117218.72407314913
BASE_9,COW_036,16.2726766,107.2307293,J_00070,16.514385209681947,107.35917522677836,30.167901594342133,0.5027983599057022,69386.17366698691
BASE_9,COW_036,16.2726766,107.2307293,J_00071,16.500172317744823,107.387722313213,30.33797625527808,0.505632937587968,69777.34538713958
BASE_9,COW_036,16.2726766,107.2307293,J_00072,16.393597378184786,107.47492481043388,29.32201067012214,0.488700177835369,67440.62454128092
BASE_9,COW_036,16.2726766,107.2307293,J_00073,16.311140756886953,108.00574411813372,82.82769214741997,1.3804615357903327,190503.69193906593
BASE_9,COW_036,16.2726766,107.2307293,J_00074,16.521508537272283,107.40421975752768,33.28754446423223,0.5547924077372037,76561.35226773412
BASE_9,COW_036,16.2726766,107.2307293,J_00075,16.402154789177548,107.47526188616476,29.801343667897203,0.49668906113162004,68543.09043616356
BASE_9,COW_036,16.2726766,107.2307293,J_00076,16.588713873543426,107.3252892,36.56026227772241,0.6093377046287068,84088.60323876154
BASE_9,COW_036,16.2726766,107.2307293,J_00077,16.08851719650639,107.38588473919135,26.341342091349446,0.43902236818915746,60585.08681010373
BASE_9,COW_036,16.2726766,107.2307293,J_00078,16.527850544725265,107.37652351643136,32.35660530942534,0.5392767551570891,74420.19221167828
BASE_9,COW_036,16.2726766,107.2307293,J_00079,16.085892686488275,107.36589613925749,25.292813809206923,0.42154689682011537,58173.47176117592
BASE_9,COW_036,16.2726766,107.2307293,J_00080,16.291495257578905,108.0261164720742,84.92156477790596,1.4153594129650993,195319.5989891837
BASE_9,COW_036,16.2726766,107.2307293,J_00081,16.382115370526147,107.0536835996094,22.47258867811292,0.3745431446352153,51686.95395965972
BASE_9,COW_036,16.2726766,107.2307293,J_00082,16.376677240357246,107.04298993910136,23.132162679372176,0.38553604465620295,53203.974162556005
BASE_9,COW_036,16.2726766,107.2307293,J_00083,16.145727559220454,107.74412376098628,56.60591189579237,0.9434318649298727,130193.59736032244
BASE_9,COW_036,16.2726766,107.2307293,J_00084,16.327564155367586,107.1717988691137,8.763874429395587,0.1460645738232598,20156.91118760985
BASE_9,COW_036,16.2726766,107.2307293,J_00085,16.536406972867166,107.35115792249393,32.01563871724678,0.5335939786207796,73635.96904966759
BASE_9,COW_036,16.2726766,107.2307293,J_00086,16.516865528399663,107.28775679746394,27.8256886414028,0.4637614773567133,63999.08387522644
BASE_9,COW_036,16.2726766,107.2307293,J_00087,16.286613968463637,108.0076708460382,82.9424970905812,1.3823749515096866,190767.74330833677
BASE_9,COW_036,16.2726766,107.2307293,J_00088,16.31580618944039,108.01104614910422,83.42005190422373,1.3903341984037287,191866.11937971457
BASE_9,COW_036,16.2726766,107.2307293,J_00089,16.612873091094567,107.40389222873738,42.095243413622704,0.7015873902270451,96819.05985133222
BASE_9,COW_036,16.2726766,107.2307293,J_00090,16.330456476800176,107.6200542865036,42.04434619170849,0.7007391031951415,96701.99624092953
BASE_9,COW_036,16.2726766,107.2307293,J_00091,16.286166291524196,108.0212320394954,84.38891797147814,1.4064819661913022,194094.51133439972
BASE_9,COW_036,16.2726766,107.2307293,J_00092,16.276565522813957,108.0303636867135,85.35344956524439,1.4225574927540732,196312.9340000621
BASE_9,COW_036,16.2726766,107.2307293,J_00093,16.343745314767705,107.94446775635662,76.57967208514285,1.2763278680857142,176133.24579582855
BASE_9,COW_036,16.2726766,107.2307293,J_00094,16.374390937218454,107.4611604849838,27.066266998663785,0.45110444997772975,62252.4140969267
BASE_9,COW_036,16.2726766,107.2307293,J_00095,16.563745734293335,107.33058047516714,34.07266570458806,0.5678777617431343,78367.13112055254
BASE_9,COW_036,16.2726766,107.2307293,J_00096,16.333238096088046,107.95986908838688,78.10741000282505,1.3017901667137508,179647.0430064976
BASE_9,COW_036,16.2726766,107.2307293,J_00097,16.345740957020553,107.15320156741336,11.595745901951588,0.19326243169919313,26670.21557448865
BASE_9,COW_036,16.2726766,107.2307293,J_00098,16.219107397405065,108.05398556961838,88.08820820926195,1.4681368034876991,202602.8788813025
BASE_9,COW_036,16.2726766,107.2307293,J_00099,16.422942208064033,107.46784915441106,30.319963917044987,0.5053327319507498,69735.91700920348
BASE_9,COW_036,16.2726766,107.2307293,J_00100,16.402644021436732,107.75780974463012,58.06910717547201,0.9678184529245335,133558.94650358564
BASE_9,COW_036,16.2726766,107.2307293,J_00101,16.37524964320665,107.59276945006624,40.28258544101671,0.6713764240169451,92649.94651433843
BASE_9,COW_036,16.2726766,107.2307293,J_00102,16.547556620418277,107.3098233592149,31.708220578443154,0.5284703429740526,72928.90733041926
BASE_9,COW_036,16.2726766,107.2307293,J_00103,16.30681962375361,107.38568972103658,16.969240700450914,0.28282067834084856,39029.2536110371
BASE_9,COW_036,16.2726766,107.2307293,J_00104,16.380155048074425,107.67675752946212,49.073617122169225,0.8178936187028204,112869.31938098921
BASE_9,COW_036,16.2726766,107.2307293,J_00105,16.730113981967406,107.400003273698,53.97144906132436,0.8995241510220726,124134.33284104602
BASE_9,COW_036,16.2726766,107.2307293,J_00106,16.369866099155256,107.60485959798804,41.36166496535371,0.6893610827558951,95131.82942031353
BASE_9,COW_036,16.2726766,107.2307293,J_00107,16.113891588725753,107.66074099746874,49.19561714751233,0.8199269524585389,113149.91943927835
BASE_9,COW_036,16.2726766,107.2307293,J_00108,16.362255190888888,107.77612445102936,59.04852179172603,0.9841420298621005,135811.60012096987
BASE_9,COW_036,16.2726766,107.2307293,J_00109,16.309746863677077,107.75132688590683,55.71619005618178,0.9286031676030296,128147.23712921809
BASE_9,COW_036,16.2726766,107.2307293,J_00110,16.32186391385828,107.73943123957228,54.56699476953789,0.9094499128256316,125504.08796993716
BASE_9,COW_036,16.2726766,107.2307293,J_00111,16.372264871840603,107.6709710682885,48.26707317611267,0.8044512196018778,111014.26830505913
BASE_9,COW_036,16.2726766,107.2307293,J_00112,16.329782686393113,107.41267661232116,20.430157309460178,0.34050262182433627,46989.36181175841
BASE_9,COW_036,16.2726766,107.2307293,J_00113,16.320008469677312,107.70521742737984,50.913662853196435,0.8485610475532739,117101.4245623518
BASE_9,COW_036,16.2726766,107.2307293,J_00114,16.74059460183718,107.3850389961322,54.568997803815954,0.9094832967302658,125508.6949487767
BASE_9,COW_036,16.2726766,107.2307293,J_00115,16.347584401325978,107.53061376748612,33.06980694428584,0.5511634490714307,76060.55597185742
BASE_9,COW_036,16.2726766,107.2307293,J_00116,16.510544056993798,107.49977339066342,39.02941747230743,0.6504902912051238,89767.66018630708
