site_id,latitude,longitude,utm_x,utm_y,pop_covered,pop_unique_covered,overlap_ratio_network,total_unique_pop_network,elevation_m,slope_deg,neighbour_weight,dist_to_school_m,dist_to_hospital_m,dist_to_road_m,dist_to_residential_m,dist_to_industrial_m,site_accessibility_score,antenna_height_m,region_type,bts_type,coverage_radius_m,power_W,status
BTS_06379,16.42541693696498,107.462082183485,762925.8923689101,1817591.6654688509,650.6,1.5033140182495115,81.11014941020868,1163364.75,39,89.98456,0,12173.905002512336,12750.697961346405,32.68475970079785,6165.771306188298,6719.862759289784,0.9836576201496012,19.9,mountain,4G_remote,2500,1200,failed
BTS_04100,16.50875026996498,107.475415516765,764237.4519809533,1826834.5814503743,3516.16,0.0,81.11014941020868,1163364.75,15,89.98658,0,10033.524993030424,6053.165125401521,10.07728110088119,836.8789264360718,735.3237475749779,0.9949613594495594,30.3,mountain,5G_macro,1000,10000,failed
BTS_02086,16.378750270898372,107.85416551531996,804896.5390017106,1812974.0792937009,14926.69,0.0,81.11014941020868,1163364.75,10,89.95974,0,4173.110124949329,26014.29974792712,24.59687739478634,6287.551443799118,6699.799895077318,0.9877015613026068,32.7,mountain,4G_remote,2500,1200,failed
BTS_03469,16.40958360369498,107.656248849375,783696.0588640799,1816100.823860184,33249.16,0.0,81.11014941020868,1163364.75,22,89.99628,0,8928.541152176733,6424.657084667123,100.37424410401532,989.1652259462718,3902.52998248758,0.9498128779479924,34.3,mountain,4G_remote,2500,1200,failed
BTS_01811,16.52125027033145,107.70749884923625,789007.4150047837,1828537.449549421,9929.22,,81.11014941020868,1163364.75,14,89.99252,0,12558.678701395487,11104.981081385173,66.43983712507688,3965.3172133166895,7494.168951697376,0.9667800814374616,30.7,mountain,4G_remote,2500,1200,failed
BTS_04382,16.362916937214983,107.53374884986502,770669.7625355897,1810766.742937654,2567.88,0.0,81.11014941020868,1163364.75,23,89.98752,0,12097.011525559754,12269.75903703558,11.724323457606156,8009.911058046066,9369.635710417491,0.994137838271197,26.2,mountain,4G_remote,2500,1200,failed
BTS_06467,16.32791693735498,107.179582184615,732860.3989792769,1806453.8827317187,944.86,944.8641357421876,81.11014941020868,1163364.75,686,89.99888,0,44151.55227099716,37326.46000487314,182.26702676926624,139.82905586291815,30497.042664449764,0.9088664866153668,24.1,mountain,5G_macro,1000,10000,failed
BTS_04051,16.561250269754986,107.587915516315,776178.2055124389,1832798.0990773868,3635.64,0.0,81.11014941020868,1163364.75,1,89.909966,0,9421.22886942499,8407.528817813982,89.01739455532417,73.01779677920914,5659.707142956261,0.955491302722338,28.3,mountain,5G_macro,1000,10000,failed
BTS_06264,16.617916936194984,107.547082183145,771738.4138596609,1839016.0915158875,3992.65,,81.11014941020868,1163364.75,18,89.98818,0,15776.250012790784,13504.563966153088,94.20258585735156,417.9878746660124,12359.712851949263,0.9528987070713242,25.6,mountain,4G_remote,2500,1200,failed
BTS_01417,16.43875027168476,107.61822801477132,779591.1464448425,1819277.1859149523,13118.26,0.0,81.11014941020868,1163364.75,10,89.990456,0,3741.278455881273,2428.3949674832784,9.34306630338534,0.0,57.58081188011472,0.9953284668483072,18.8,mountain,5G_macro,1000,10000,failed
BTS_03164,16.449583603949907,107.77833218228804,796682.6242688281,1820704.922175892,13279.93,0.0,81.11014941020868,1163364.75,11,89.97749,0,11371.727430085555,16357.76687081766,20.35709320527837,6512.7969076679,5554.489483981641,0.9898214533973608,30.8,mountain,4G_remote,2500,1200,failed
BTS_03546,16.54208360316498,107.48958218337502,765704.8312784057,1830543.4909422176,1370.42,0.0,81.11014941020868,1163364.75,5,89.97878,0,10712.860087634248,5334.700686047652,25.04322270383262,0.0,3309.62970662056,0.9874783886480836,29.5,mountain,5G_macro,1000,10000,failed
BTS_04745,16.597083603362954,107.3849988505183,754465.1209408209,1836496.71916228,615.28,21.708885192871094,81.11014941020868,1163364.75,12,89.97878,0,23252.7033154646,7765.872297860861,426.9278659615831,1376.8891694405752,0.0,0.7865360670192084,36.5,mountain,5G_macro,1000,10000,failed
BTS_06371,16.40208360372498,107.628748849485,780767.9834893553,1815232.1266623868,7557.0,0.0,81.11014941020868,1163364.75,26,89.95974,0,7627.680805548037,6366.161777029388,22.01056516647126,2291.548570137185,3931.225819253576,0.9889947174167644,20.5,mountain,4G_remote,2500,1200,failed
BTS_06383,16.312083604084982,107.781248848875,797202.8827556189,1805483.9978174688,13408.84,0.0,81.11014941020868,1163364.75,7,89.9852,0,786.3838577536987,23308.673069271143,6.652909284668815,3728.056073812061,2808.781561782611,0.9966735453576656,31.7,mountain,4G_remote,2500,1200,failed
BTS_06171,16.229583604414984,108.082915514335,829601.8205287743,1796810.9677244422,6459.79,0.0,81.11014941020868,1163364.75,0,0.0,0,21312.319009218576,919.1593877953756,40.62948934279292,9995.697839601018,11338.060694303756,0.9796852553286036,27.9,rural,4G_macro,1500,5000,failed
BTS_05083,16.475000270107287,107.7537488489126,794017.4287605346,1823483.3018826505,7866.28,0.0,81.11014941020868,1163364.75,8,89.97153,0,13401.916345424212,13800.16982654772,9.402950309348164,4668.281677947301,4052.213991575206,0.995298524845326,28.7,mountain,4G_remote,2500,1200,failed
BTS_04796,16.472083603444982,107.618748849525,779598.9815315674,1822968.4687797816,4026.67,0.0,81.11014941020868,1163364.75,5,89.98994,0,2143.5338923694285,1573.945403610055,43.087178686922975,0.0,3375.7726517619917,0.9784564106565384,25.1,mountain,5G_macro,1000,10000,failed
BTS_04374,16.502639159198278,107.59347107224144,776855.0655896093,1826316.5829667712,75520.37,0.0,81.11014941020868,1163364.75,6,89.97749,0,2919.986129202189,2918.7061738522707,11.83263110726954,607.8677337156078,1042.1832537629546,0.9940836844463652,37.2,mountain,4G_remote,2500,1200,failed
BTS_01168,16.508750270291834,107.72354051567925,790739.5580843589,1827176.4932702568,5103.58,0.0,81.11014941020868,1163364.75,9,89.99153,0,13733.071308211103,11800.193694778452,9.712074011189513,5406.5346726710895,6112.666291030966,0.9951439629944052,28.4,mountain,4G_remote,2500,1200,failed
BTS_02041,16.521250271025387,107.59541551645437,777036.2094283556,1828379.7971334576,24724.11,0.0,81.11014941020868,1163364.75,5,89.981995,0,4930.882571941519,4574.343217678554,44.04664613425162,1024.7816606439312,3104.6968917317017,0.9779766769328742,28.0,mountain,4G_remote,2500,1200,failed
BTS_03058,16.422916936974982,107.641248849435,782073.800073305,1817556.1167917063,9225.94,0.0,81.11014941020868,1163364.75,9,89.97503,0,6752.839047958771,4382.247604497982,34.68915288391959,67.18914036906054,2571.6505175752272,0.9826554235580404,26.1,mountain,5G_macro,1000,10000,failed
BTS_05808,16.429583603614972,107.596248849615,777255.7255061745,1818232.0348055155,66051.16,0.0,81.11014941020868,1163364.75,30,89.99523,0,3497.40938021625,4561.150569045469,67.93676912143052,414.8864415089501,2549.923674300813,0.9660316154392848,24.4,mountain,4G_remote,2500,1200,failed
BTS_06378,16.404583603714983,107.759582182295,794747.0229918424,1815694.7468447487,9261.98,77.61650085449219,81.11014941020868,1163364.75,3,89.97878,0,6002.777309309817,15556.527259039043,138.56983188311673,3256.9893840480577,6110.563518011477,0.9307150840584416,25.9,mountain,4G_remote,2500,1200,failed
BTS_00460,16.501250269994973,107.416248850335,757928.4775280452,1825927.613049029,6426.9,706.9246215820312,81.11014941020868,1163364.75,7,89.909966,0,15929.13116806687,6190.973350065625,16.61447186378462,330.6019408821901,3904.5256023032457,0.9916927640681076,22.3,mountain,4G_remote,2500,1200,failed
BTS_06463,16.446250270214982,107.652082182725,783197.5937010436,1820154.6949457636,14449.87,31.29033660888672,81.11014941020868,1163364.75,4,89.982346,0,6579.706557393669,3187.7001693503635,60.70421124741961,1970.9247803400087,3179.45787879415,0.9696478943762902,30.1,mountain,4G_remote,2500,1200,failed
BTS_06438,16.460416936824984,107.707915515835,789142.353371226,1821802.3413384515,7336.85,0.0,81.11014941020868,1163364.75,9,89.98727,0,11746.171520230484,8796.532217684124,54.716444465392215,1196.1589589538123,1361.4146727688874,0.972641777767304,33.0,mountain,4G_remote,2500,1200,failed
BTS_04944,16.657083602704986,107.473748850105,763856.9712929565,1843254.001112779,2254.77,0.0,81.11014941020868,1163364.75,12,89.9921,0,22176.803473660617,12162.316928713968,29.836021674361163,0.0,10520.177743274184,0.9850819891628194,27.6,mountain,5G_macro,1000,10000,failed
BTS_04091,16.276250270894977,107.194582184555,734525.1357749067,1800752.2983989497,802.6,197.9913024902344,81.11014941020868,1163364.75,589,89.99582,0,45183.7618916356,40287.11377023949,118.39341773993876,0.0,34145.30685660632,0.9408032911300306,27.9,mountain,5G_macro,1000,10000,failed
BTS_02131,16.165416938004984,107.714582182475,790289.6548768186,1789148.610636181,4870.31,0.0,81.11014941020868,1163364.75,54,89.99425,0,17953.822292972945,33925.0661683571,95.75654688242751,72.12746504938507,16926.198694821884,0.9521217265587862,20.9,mountain,5G_macro,1000,10000,failed
BTS_01282,16.707916935834984,107.367082183865,752407.2586358294,1848743.3819598712,1426.32,431.9842224121094,81.11014941020868,1163364.75,7,89.95974,5,33101.65881214692,18969.6015560413,1.0682991769543473,3.438288520135857,11225.09421158223,0.9994658504115228,22.9,mountain,5G_macro,1000,10000,failed
BTS_02936,16.535694714732383,107.46930440527626,763548.1988672509,1829809.5018197729,3420.85,0.0,81.11014941020868,1163364.75,10,89.98658,0,11986.14758786693,3547.112020386636,37.28432436427733,0.0,1582.2275835175967,0.9813578378178612,18.3,mountain,5G_macro,1000,10000,failed
BTS_01065,16.37416693717719,107.84291551522028,803701.0255381179,1812449.6756727728,14082.0,,81.11014941020868,1163364.75,13,89.990234,0,5200.273342823701,25075.559661194507,8.50195035691657,7129.587680481245,7614.7582390347825,0.9957490248215416,32.6,mountain,4G_remote,2500,1200,failed
BTS_00976,16.430416937242374,107.68916551672434,787183.2115502362,1818453.9222004104,19482.88,0.0,81.11014941020868,1163364.75,6,89.97503,0,9761.953194909696,7517.528774473775,15.88893957981817,1498.0612893804564,3718.1372816558182,0.992055530210091,38.8,mountain,4G_remote,2500,1200,failed
BTS_06333,16.538750269844982,107.609582182895,778524.1228676476,1830336.898661113,560.15,0.0,81.11014941020868,1163364.75,5,89.98908,5,6938.339791680932,7028.923361002128,3.5528257558368463,0.0,3487.230261528584,0.9982235871220816,24.4,mountain,5G_macro,1000,10000,failed
BTS_03591,16.49041693670498,107.555415516445,772807.461768276,1824911.513388925,15138.48,0.0,81.11014941020868,1163364.75,1,89.98576,0,1768.464870441726,1757.9652332948629,13.664882928654771,0.0,505.13837963051816,0.9931675585356726,28.2,mountain,5G_macro,1000,10000,failed
BTS_01036,16.581250270092678,107.51166551668142,768008.7626341893,1834908.9531058103,10714.74,0.0,81.11014941020868,1163364.75,9,89.99,0,12856.162296576304,8243.675830009539,18.14428066995259,0.0,8146.660052298282,0.9909278596650236,30.3,mountain,5G_macro,1000,10000,failed
BTS_03066,16.11708360486498,107.324582184035,748623.4419112201,1783287.225521956,1032.94,54.59168243408203,81.11014941020868,1163364.75,599,89.97749,0,46787.25854055807,46987.964989175736,19.611135297399358,0.0,43650.12361768334,0.9901944323513004,31.1,mountain,5G_macro,1000,10000,failed
BTS_01689,16.5175002699375,107.46624885007016,763246.5887917476,1827791.2572673664,3526.36,0.0,81.11014941020868,1163364.75,19,89.98763,0,11308.181864765802,4691.140505182741,38.44298173413791,313.62192299162564,0.0,0.9807785091329312,22.1,mountain,5G_macro,1000,10000,failed
BTS_05577,16.52708360322498,107.449582183535,761453.7686944674,1828830.4602683352,2320.45,0.0,81.11014941020868,1163364.75,9,89.9852,5,13367.332798595442,2913.243841819666,4.54326916910518,202.0223998361764,1591.4225587286685,0.9977283654154474,33.1,mountain,5G_macro,1000,10000,failed
BTS_00191,16.268333606240162,107.8810752365364,807946.169600483,1800787.5665614707,13213.75,0.0,81.11014941020868,1163364.75,9,89.98594,5,705.8691609552826,21426.27508632952,1.9122129063464064,8985.49809036546,9731.622468560068,0.9990438935468268,22.1,mountain,4G_remote,2500,1200,failed
BTS_04540,16.465416937220144,107.60833218296386,778495.6950565134,1822215.9573200396,30162.22,746.9805908203125,81.11014941020868,1163364.75,3,89.97878,0,1593.4560383217408,1957.4873135380024,53.59414084267031,63.29353031410575,2872.136582384018,0.9732029295786648,20.3,mountain,5G_macro,1000,10000,failed
BTS_01090,16.385416937124983,107.691248849235,787471.9924237349,1813474.3917376064,2033.65,0.0,81.11014941020868,1163364.75,14,89.98499,0,5900.080652297807,10794.302802768516,57.75871511248747,1859.292361186116,0.0,0.9711206424437564,34.5,mountain,5G_macro,1000,10000,failed
BTS_00102,16.34208360396498,107.765415515605,795464.7152855378,1808782.7754293804,11502.68,133.63079833984375,81.11014941020868,1163364.75,3,89.983284,0,1720.1217179324724,19808.64305159322,50.33816575463437,1972.2393191736217,3189.1430519048067,0.9748309171226828,31.0,mountain,4G_remote,2500,1200,failed
BTS_03050,16.25875027096498,107.939582181575,814219.6097175719,1799815.4285838625,9043.33,0.0,81.11014941020868,1163364.75,11,89.97503,0,5642.468017567533,15078.052558099927,58.03860007282036,5266.007262307971,10703.113471898165,0.9709806999635898,27.2,mountain,4G_remote,2500,1200,failed
BTS_04639,16.537083603184985,107.632915516135,781018.4085088868,1830184.842786732,3178.7,0.0,81.11014941020868,1163364.75,4,89.95974,0,7571.601673224392,8592.044034988265,10.56233977197891,0.0,1486.4479937290168,0.9947188301140104,28.9,mountain,5G_macro,1000,10000,failed
BTS_04842,16.251250270994984,107.942082181565,814498.9891523689,1798988.7177796229,6456.98,0.0,81.11014941020868,1163364.75,10,89.95974,0,6095.190673317118,14700.8954593326,34.87555276413065,5263.551388371467,11004.716094238678,0.9825622236179348,27.6,mountain,4G_remote,2500,1200,failed
BTS_00797,16.327916937354985,107.756248848975,794505.9213920312,1807200.8529014091,15872.41,94.20635986328124,81.11014941020868,1163364.75,4,89.98576,0,243.7231632770396,20182.170377867267,26.271937677139636,607.2865691065823,1423.6840103349398,0.9868640311614302,33.2,mountain,4G_remote,2500,1200,failed
BTS_03581,16.440416936904985,107.714582182475,789884.38207258,1819597.4166661112,2958.07,0.0,81.11014941020868,1163364.75,4,89.97153,5,9736.547962982166,9740.686977620351,2.7927544432928397,0.0,929.013616167033,0.9986036227783536,20.2,mountain,5G_macro,1000,10000,failed
BTS_03221,16.358750270564983,107.727915515755,791430.773256887,1810574.0612063168,19798.84,0.0,81.11014941020868,1163364.75,6,89.97749,0,1016.2225562467572,15621.94263232401,52.393276738354366,1579.1591415060036,3472.329601634241,0.9738033616308228,32.1,mountain,4G_remote,2500,1200,failed
BTS_03740,16.413750270344984,107.471248850115,763921.0705259938,1816312.0274655428,1466.45,1.133113980293274,81.11014941020868,1163364.75,39,89.97153,0,12010.08037847408,12401.100309644991,45.69681146349287,7223.914678963941,7919.214406727942,0.9771515942682536,24.0,mountain,4G_remote,2500,1200,failed
BTS_05445,16.572083603044984,107.49458218335502,766197.5147471663,1833871.368237912,16472.9,1.8565559387207031,81.11014941020868,1163364.75,5,89.98658,0,12887.747659720557,6171.243604329612,24.68166012713386,402.7511456673749,6318.782030902021,0.9876591699364332,30.8,mountain,4G_remote,2500,1200,failed
BTS_04865,16.604583602914985,107.474582183435,764017.7933528333,1837442.9364818328,4990.4,956.5330810546876,81.11014941020868,1163364.75,6,89.98847,0,17064.50702680507,6858.862488173203,82.4722291352723,1024.8742208751594,7944.600848314602,0.958763885432364,36.3,mountain,4G_remote,2500,1200,failed
BTS_01446,16.709583602494984,107.361248850555,751782.7535359593,1848920.4967378527,940.24,,81.11014941020868,1163364.75,5,89.9852,5,33640.2272366437,19401.556891796885,3.762130412615914,33.942435438875634,11466.102503222824,0.998118934793692,27.7,mountain,5G_macro,1000,10000,failed
BTS_06168,16.488750270044985,107.406248850375,756876.9819126886,1824531.0639699816,1019.1,,81.11014941020868,1163364.75,5,89.969986,0,16812.78026178074,7905.502569517486,39.19499256791669,94.6266210832025,5537.00786603035,0.9804025037160417,23.4,mountain,5G_macro,1000,10000,failed
BTS_01033,16.440416936924386,107.78458218199977,797364.4471544904,1819699.0890639024,15486.45,0.0,81.11014941020868,1163364.75,11,89.98714,0,10747.5129070485,17120.057735340295,62.37070556418342,7147.756015130638,6305.859178869582,0.9688146472179084,32.5,mountain,4G_remote,2500,1200,failed
BTS_03684,16.44041693690498,107.788748848845,797809.7008984305,1819705.2229027983,14793.0,0.0,81.11014941020868,1163364.75,11,89.96817,0,10966.89161778104,17562.014315527726,50.85757612603279,7592.680381382085,6745.727209768984,0.9745712119369836,28.4,mountain,4G_remote,2500,1200,failed
BTS_01215,16.548750269804987,107.462082183485,762759.2774536675,1831245.3817591567,6027.64,0.0,81.11014941020868,1163364.75,9,89.983284,0,13447.004994750218,2312.209106769457,13.371553139102046,0.0,3055.260055958099,0.993314223430449,25.7,mountain,5G_macro,1000,10000,failed
BTS_01111,16.575416936364984,107.551248849795,772243.0718153454,1834316.447586237,5183.54,833.4308471679688,81.11014941020868,1163364.75,4,89.97503,0,11050.288562462129,10026.461982381414,52.99362346038362,548.5189175529506,9141.47099667058,0.9735031882698082,26.2,mountain,4G_remote,2500,1200,failed
BTS_06161,16.540416936504993,107.67958218261502,785997.3930371915,1830619.7312227096,11531.64,,81.11014941020868,1163364.75,10,89.99518,0,11091.841521796749,10655.796322784869,28.7367859024378,2673.8632947960145,3944.6134230452894,0.985631607048781,35.5,mountain,4G_remote,2500,1200,failed
BTS_00158,16.44375027022498,107.795415515485,798517.0083725802,1820084.157577476,14445.27,,81.11014941020868,1163364.75,12,89.98576,0,11654.605132232267,18230.327965601784,20.43936518246376,8299.456013054965,7409.523320910755,0.9897803174087682,27.0,mountain,4G_remote,2500,1200,failed
BTS_03728,16.57375027012244,107.38166551719824,754139.9678582391,1833909.4627903588,1959.15,0.0,81.11014941020868,1163364.75,10,89.98752,0,22180.30076030437,6747.906158418058,15.238685174776204,206.52175483612297,200.0763518255486,0.992380657412612,31.3,mountain,5G_macro,1000,10000,failed
BTS_00189,16.3495002748881,107.90783217691848,810679.9727003844,1809816.38154702,2809.29,0.0,81.11014941020868,1163364.75,9,89.97153,5,1004.5827225783514,22130.216520432907,1.8456012218307756,0.0,360.3205745081669,0.9990771993890846,19.3,mountain,5G_macro,1000,10000,failed
BTS_01392,16.382916937134983,107.861248848555,805647.2453957114,1813446.134816411,13822.21,0.0,81.11014941020868,1163364.75,12,89.96817,0,3691.413005006285,26575.510292490984,23.921843295503976,5933.658136604084,6263.596932509393,0.988039078352248,25.8,mountain,4G_remote,2500,1200,failed
BTS_05097,16.411250270354984,107.582082183005,775767.8612530709,1816182.919626407,17436.9,0.0,81.11014941020868,1163364.75,56,89.997406,0,5495.938823021946,6232.80706622789,51.67996089881536,1942.8276793586288,4891.561878533772,0.9741600195505924,34.0,mountain,4G_remote,2500,1200,failed
BTS_05780,16.278750270884984,108.010415514625,821764.385675933,1802140.622801784,5993.89,1.6822420358657837,81.11014941020868,1163364.75,9,89.96817,0,13200.419709571766,8655.18744973034,71.78001368569579,1274.4739641773351,4088.414410862344,0.964109993157152,24.7,mountain,4G_remote,2500,1200,failed
BTS_03103,16.478750270084983,107.486248850055,765435.4073941594,1823527.5991468583,8187.98,75.26824951171875,81.11014941020868,1163364.75,6,89.979866,0,8215.02954144429,9151.017667745393,19.76448712455539,477.95630000596617,1631.7981647723166,0.9901177564377224,28.3,mountain,4G_remote,2500,1200,failed
BTS_06363,16.427083603624983,107.811248848755,800234.6049851372,1818262.0831703036,17721.54,0.0,81.11014941020868,1163364.75,10,89.98456,0,10890.44465822301,20161.709337811008,39.22820594299686,9281.214944616511,9409.57291659472,0.9803858970285017,33.2,mountain,4G_remote,2500,1200,failed
BTS_02084,16.266250270934982,107.687915515915,787289.8387338403,1800275.4111583724,2495.56,0.0,81.11014941020868,1163364.75,44,89.990234,0,10190.54715699764,22411.09599770723,110.08330461359982,8468.31741406506,7554.335763210987,0.9449583476932,39.0,mountain,4G_remote,2500,1200,failed
BTS_06355,16.51958360325499,107.567082183065,774012.526865272,1828156.4802465667,26765.35,0.0,81.11014941020868,1163364.75,1,89.96817,0,4814.335521010872,3639.296507328304,163.80784787264477,988.7574417738213,3566.981388908672,0.9180960760636776,30.8,mountain,4G_remote,2500,1200,failed
BTS_03507,16.435416936924987,107.576248849695,775110.4648063693,1818850.561683976,14477.61,0.0,81.11014941020868,1163364.75,31,89.98994,5,3092.003306641572,3500.8436331313787,4.297151871083673,1.0333324628496778,2990.2328165282656,0.997851424064458,21.9,mountain,5G_macro,1000,10000,failed
BTS_06293,16.390416937104984,107.607915516235,778558.1455356056,1813911.6940492352,4411.74,0.0,81.11014941020868,1163364.75,12,89.995926,0,8006.114864837288,7878.87622385636,17.802351786291123,4530.098403818445,5351.908313292074,0.9910988241068543,36.5,mountain,4G_remote,2500,1200,failed
BTS_00074,16.423598760215445,107.582082179801,775750.4353975893,1817550.0684290708,43162.73,0.0,81.11014941020868,1163364.75,18,89.98714,0,4145.867857699943,4885.009673138308,55.69532808378689,667.1834750591861,4201.65161931057,0.9721523359581066,34.3,mountain,4G_remote,2500,1200,failed
BTS_00851,16.427916936954983,107.656248849375,783669.4402650461,1818130.6795402856,30473.94,0.0,81.11014941020868,1163364.75,3,89.93634,0,7786.816158477436,4791.353772910663,78.78889153633192,678.7761503689007,3743.2487364340423,0.960605554231834,36.7,mountain,4G_remote,2500,1200,failed
BTS_03653,16.541250269834983,107.468748850125,763481.3252514722,1830423.8110305232,3739.0,0.0,81.11014941020868,1163364.75,10,89.98658,0,12382.628252293993,3222.7161361427534,54.5878136878447,0.0,2186.341042503815,0.9727060931560776,26.3,mountain,5G_macro,1000,10000,failed
BTS_06485,16.30541693744498,107.389582183775,755335.9523775742,1804214.903573108,887.38,,81.11014941020868,1163364.75,235,89.99773,0,26349.505997256376,26564.419753357244,174.32654449591365,117.77721669977404,21795.853844802048,0.9128367277520432,22.5,mountain,5G_macro,1000,10000,failed
BTS_06178,16.554583603114978,107.452915516855,761772.602764886,1831879.1999395944,3684.05,0.0,81.11014941020868,1163364.75,9,89.97153,0,14618.026248367009,1337.8321561983198,27.159098106808862,0.0,2681.5125251555583,0.9864204509465956,21.1,mountain,5G_macro,1000,10000,failed
BTS_03399,16.491250270034982,107.49958218333502,766842.5113922243,1824929.043872653,21103.62,0.0,81.11014941020868,1163364.75,8,89.9852,0,6985.567615733819,7695.318686749712,71.36884412884469,903.3582434525111,2527.6721361002387,0.9643155779355777,28.4,mountain,4G_remote,2500,1200,failed
BTS_06373,16.598750269604984,107.383748850465,754329.4945496737,1836679.634365589,641.23,34.75465774536133,81.11014941020868,1163364.75,12,89.97153,0,23468.083707813043,7986.921599453096,515.2463083492235,1150.7312321688414,0.0,0.7423768458253883,30.6,mountain,5G_macro,1000,10000,failed
BTS_03310,16.29958360413498,107.345415517285,750621.7427067622,1803514.3679265704,425.8,294.981689453125,81.11014941020868,1163364.75,70,89.95974,0,30391.85148270121,29736.596772965604,27.923154210096804,0.0,24517.83034147664,0.9860384228949516,23.1,mountain,5G_macro,1000,10000,failed
BTS_04689,16.536250269854982,107.506248849975,767492.610297482,1829919.7920710803,18628.15,0.0,81.11014941020868,1163364.75,6,89.99252,0,8998.955598226386,7214.166553236118,26.795737722194684,1611.1707549995472,4361.276163963113,0.9866021311389026,31.0,mountain,4G_remote,2500,1200,failed
BTS_04197,16.422083603644985,107.578748849685,775396.3888173231,1817377.7813354724,36610.54,0.0,81.11014941020868,1163364.75,14,89.98456,0,4387.307436963721,4996.676949162847,35.75481458362278,700.672114393782,4038.339943895061,0.9821225927081886,36.5,mountain,4G_remote,2500,1200,failed
BTS_06405,16.415416937004988,107.805415515445,799629.0937167616,1816961.5727949813,17554.6,0.0,81.11014941020868,1163364.75,10,89.97749,0,9932.693727291007,19827.040973131363,67.53264554137694,8300.729297801203,9258.733048530605,0.9662336772293116,23.2,mountain,4G_remote,2500,1200,failed
BTS_01608,16.24041693770498,107.937082181585,813981.3274030255,1797781.3426027766,3501.64,0.0,81.11014941020868,1163364.75,11,89.9921,0,6075.454302360787,15154.1007543351,148.66519420547218,6281.516419433718,12191.507444522804,0.925667402897264,29.4,mountain,4G_remote,2500,1200,failed
BTS_00276,16.120416938184984,107.399582183735,756644.6345117165,1783748.1198452062,1096.58,0.0,81.11014941020868,1163364.75,488,89.99576,0,42441.98446062907,42627.51587047088,19.664381770641363,0.0,39464.05738271221,0.9901678091146792,19.7,mountain,5G_macro,1000,10000,failed
BTS_01796,16.572708603283925,107.517290517135,768621.1682365988,1833970.8270623784,10067.93,0.0,81.11014941020868,1163364.75,6,89.98953,0,11745.2897860966,8496.280969440757,7.41792458928349,0.0,7800.797849226351,0.9962910377053582,23.2,mountain,5G_macro,1000,10000,failed
BTS_01496,16.55138916001639,107.57916551794769,775257.9008876085,1831694.3113526308,14499.84,0.0,81.11014941020868,1163364.75,4,89.97153,0,8492.263826823602,7177.478207022187,24.00773019137753,696.2342931282757,6483.559207662472,0.9879961349043112,31.0,mountain,4G_remote,2500,1200,failed
BTS_06413,16.590416936304983,107.530415516545,769997.7827659845,1835948.9611970847,580.48,419.7106628417969,81.11014941020868,1163364.75,4,89.993095,0,13111.581152024206,10484.44384552074,41.41910781390039,5.653595611930315,10193.213038965076,0.9792904460930498,25.7,mountain,5G_macro,1000,10000,failed
BTS_00552,16.49625027001498,107.512915516615,768259.7811430246,1825500.2866817184,5922.99,0.0,81.11014941020868,1163364.75,6,89.97503,0,5799.840883181334,6339.92545657442,9.732676521296018,0.0,3215.520205947058,0.995133661739352,25.6,mountain,5G_macro,1000,10000,failed
BTS_02814,16.416250270334984,107.615415516205,779322.814460898,1816782.1798991435,15658.28,0.0,81.11014941020868,1163364.75,32,89.99367,0,5564.830347719644,4910.591740202386,13.449302517407787,1806.2397193188424,2381.361254078788,0.993275348741296,24.4,mountain,4G_remote,2500,1200,failed
BTS_02335,16.537639159172564,107.6290266268592,780602.2865262766,1830240.920837188,2731.16,0.0,81.11014941020868,1163364.75,6,89.978165,0,7439.28959919841,8320.45824659619,18.563747555293443,0.0,1711.1425276022767,0.9907181262223532,22.1,mountain,5G_macro,1000,10000,failed
BTS_02248,16.111250271554976,107.397082183745,756388.9080433978,1782730.276158239,1498.52,0.0,81.11014941020868,1163364.75,487,89.99506,0,43473.00176683157,43658.00534310492,18.609825464100755,0.0,40500.52329963109,0.9906950872679496,19.9,mountain,5G_macro,1000,10000,failed
BTS_03767,16.086250271654983,107.360415517225,752496.814150248,1779917.6576971668,1521.56,0.0,81.11014941020868,1163364.75,613,89.990234,5,47714.43643059889,47904.9021034385,4.590611590191902,1.7212142844256475,44680.08629785015,0.997704694204904,24.1,mountain,5G_macro,1000,10000,failed
BTS_03203,16.341250270634983,107.712082182485,789764.0194018884,1808613.7580375292,4817.45,49.24262619018555,81.11014941020868,1163364.75,9,89.98456,5,3041.053051426072,16027.80674136592,2.800718328767,2617.6822385090345,2681.363051753919,0.9985996408356164,36.8,mountain,4G_remote,2500,1200,failed
BTS_06351,16.567083603064983,107.508748849965,767716.9724438176,1833336.6676472595,23368.77,30.10453414916992,81.11014941020868,1163364.75,6,89.98752,0,11610.345029692007,7458.221314519984,36.41107321488157,356.1554247560408,6725.380282139698,0.9817944633925592,27.8,mountain,4G_remote,2500,1200,failed
BTS_04427,16.459791937252213,107.53145718240243,770290.8501698149,1821488.731747472,31446.99,373.7541198730469,81.11014941020868,1163364.75,15,89.99104,5,3842.024081186471,4550.226054826606,1.1227403155552755,505.6311619587688,2203.573042782345,0.9994386298422224,18.3,mountain,4G_remote,2500,1200,failed
BTS_04263,16.268750270924983,107.771248848915,796198.7298176268,1800671.2515920885,2377.66,,81.11014941020868,1163364.75,23,89.99153,0,5026.8184550283495,26241.02124790827,162.06680681435572,6731.970447430127,5243.527268619946,0.9189665965928222,33.6,mountain,4G_remote,2500,1200,failed
BTS_01514,16.257083604715742,107.98666551479327,819259.007792764,1799703.8480970026,5388.77,1.3395509719848633,81.11014941020868,1163364.75,8,89.95974,0,10659.727398878327,10096.481778178792,106.70032843306204,1352.2663890560227,7340.062777841807,0.946649835783469,31.5,mountain,4G_remote,2500,1200,failed
BTS_04350,16.456250270174984,107.543748849825,771608.9288275302,1821113.1186165728,10974.15,0.0,81.11014941020868,1163364.75,8,89.98763,0,3031.59596652503,3381.070953680576,16.301053996759997,326.36405000155634,948.8548004516108,0.99184947300162,24.0,mountain,5G_macro,1000,10000,failed
BTS_05612,16.162083604684984,107.709582182495,789759.4921505121,1788772.4830345265,2720.96,0.0,81.11014941020868,1163364.75,69,89.98658,0,18523.539072117084,34134.90666313158,26.161301622219334,0.0,17421.750300128668,0.9869193491888903,30.1,mountain,5G_macro,1000,10000,failed
BTS_01039,16.57791693635497,107.604582182915,777933.9370148124,1834666.3811731848,3774.14,0.0,81.11014941020868,1163364.75,10,89.99626,0,11201.936344084872,10670.358603310964,31.541191330295486,0.0,4792.151813949316,0.9842294043348524,25.8,mountain,5G_macro,1000,10000,failed
BTS_01536,16.38041693755823,107.58249884973328,775855.8486291057,1812769.814749565,5888.23,0.0,81.11014941020868,1163364.75,10,89.95974,0,8886.272385016215,9626.554505407585,45.04995902160229,5331.488332621549,7444.293234911393,0.9774750204891988,36.4,mountain,4G_remote,2500,1200,failed
BTS_06337,16.11791693819498,107.325415517365,748711.5720539229,1783380.4749443058,1022.06,24.394474029541016,81.11014941020868,1163364.75,601,89.95974,0,46660.78785183558,46861.45504363359,31.1680925221242,0.0,43524.03526020061,0.984415953738938,21.3,mountain,5G_macro,1000,10000,failed
BTS_06488,16.286250270854975,107.829582182015,802410.9717350473,1802694.5564281251,2607.82,,81.11014941020868,1163364.75,43,89.9981,0,5175.796575126143,27204.23271462009,79.34723907245673,9635.996959214202,8546.030202367889,0.9603263804637716,24.3,mountain,4G_remote,2500,1200,failed
BTS_01925,16.63270860304536,107.508957183838,767648.2670995602,1840602.2954238984,1181.42,0.0,81.11014941020868,1163364.75,6,89.93634,0,18260.39713365148,11534.991116039842,15.307301573723786,0.0,12695.672919801193,0.992346349213138,21.1,mountain,5G_macro,1000,10000,failed
BTS_04431,16.479583603414987,107.624582182835,780211.3679663357,1823806.9410013803,44489.75,3.411210060119629,81.11014941020868,1163364.75,3,89.990906,0,2716.5708113898663,2226.714599821037,32.560225137013056,432.6204023352655,3480.591959240888,0.9837198874314936,24.3,mountain,4G_remote,2500,1200,failed
BTS_04723,16.687916935914984,107.451248850195,761413.8965700641,1846637.8567298115,312.56,54.365997314453125,81.11014941020868,1163364.75,9,89.98714,0,26300.908121308054,15094.674267441324,58.27395527305936,63.00600660525557,11421.569685383738,0.9708630223634704,30.5,mountain,5G_macro,1000,10000,failed
BTS_04447,16.39902804861333,107.63597107127946,781544.2229743709,1814903.8430892332,6812.92,0.0,81.11014941020868,1163364.75,26,89.98752,0,8329.303627943784,6786.7717939753375,78.87696889973456,2381.306777103157,4466.890971355903,0.9605615155501328,29.7,mountain,4G_remote,2500,1200,failed
BTS_02096,16.38625027045499,107.862082181885,805731.1217024756,1813816.508616276,12517.64,0.0,81.11014941020868,1163364.75,11,89.969986,0,3824.5460094799,26544.63120813037,41.800192300017365,6106.360204557571,6388.257557403822,0.9790999038499912,29.0,mountain,4G_remote,2500,1200,failed
BTS_00725,16.400416937064985,107.678748849285,786114.0197457504,1815117.5300670925,6763.6,0.0,81.11014941020868,1163364.75,10,0.0,0,7966.824419451066,8663.838377598537,115.64125146792874,424.8679588854938,1335.5220159237083,0.9421793742660356,27.3,urban,5G_macro,1000,10000,failed
BTS_06451,16.495416936684975,107.454582183515,762030.4238380827,1825331.2908887696,694.2,21.13736724853516,81.11014941020868,1163364.75,12,89.969986,0,11784.952956925335,6433.429846422868,43.78626677656346,845.8041441196592,681.3877019223092,0.9781068666117184,41.8,mountain,5G_macro,1000,10000,failed
BTS_01878,16.36308360422936,107.73591551605156,792279.5263615167,1811065.363662677,17361.75,0.0,81.11014941020868,1163364.75,7,89.9852,5,886.6970514588663,15905.979341996344,1.994066756428963,1733.2472661152822,3924.020394434372,0.9990029666217856,31.6,mountain,4G_remote,2500,1200,failed
BTS_05886,16.443750270224974,107.791248848835,798071.760146856,1820078.007902517,14330.0,0.0,81.11014941020868,1163364.75,11,89.93634,0,11420.655892648963,17787.14760266355,20.352838436914578,7854.181091170628,6966.089960408745,0.9898235807815428,33.6,mountain,4G_remote,2500,1200,failed
BTS_05632,16.277916937554977,107.766248848935,795650.2202870883,1801679.0015649933,2386.39,,81.11014941020868,1163364.75,10,89.98763,0,4366.630234983408,25107.151923908128,122.69171956192665,5586.360720883817,4110.91171487152,0.9386541402190368,35.0,mountain,4G_remote,2500,1200,failed
BTS_01060,16.507083603721096,107.6349988495245,781284.3735809603,1826866.1965711543,4737.77,,81.11014941020868,1163364.75,4,89.95974,5,5071.809732581145,5364.011876010618,0.8490206378950415,0.0,4592.715084082639,0.9995754896810524,28.3,mountain,5G_macro,1000,10000,failed
BTS_06435,16.289583604174982,108.020415514585,822816.3107173366,1803356.186772272,5144.9,0.0,81.11014941020868,1163364.75,7,89.97878,0,14421.409225290305,8545.413804543263,102.58295150980118,2070.968460801587,2704.997365897866,0.9487085242450994,33.7,mountain,4G_remote,2500,1200,failed
BTS_03621,16.162083604684984,107.729582182415,791899.6405360047,1788800.7810063732,2723.69,,81.11014941020868,1163364.75,68,89.978165,5,17651.398812396965,34759.13718372657,1.4524896837098673,0.0,16964.865088756607,0.9992737551581452,29.4,mountain,5G_macro,1000,10000,failed
BTS_06370,16.42541693696498,107.828748848685,802107.422540824,1818103.580878014,12220.27,,81.11014941020868,1163364.75,12,89.98499,0,9371.838443458855,22035.569354795676,11.690787708627145,10997.608303969146,11266.536951237536,0.9941546061456864,26.4,mountain,4G_remote,2500,1200,failed
BTS_00674,16.25875027096498,107.204582184515,735615.1257940645,1798826.789433283,4360.14,6.872962951660156,81.11014941020868,1163364.75,621,89.99635,0,45257.33614566339,41110.54688682578,298.9158978513275,879.5949043694444,35260.74869172961,0.8505420510743362,21.4,mountain,4G_remote,2500,1200,failed
BTS_00559,16.667083603175765,107.3654155185433,752283.0717890274,1844220.9819215152,1446.0,1007.6102905273438,81.11014941020868,1163364.75,8,89.98576,0,29863.66671478948,15066.870667601448,13.08578811954952,0.0,6742.422254914641,0.9934571059402252,28.7,mountain,5G_macro,1000,10000,failed
BTS_04058,16.28291693753498,107.93791551491502,814002.840276911,1802489.1007806212,6673.26,0.0,81.11014941020868,1163364.75,5,89.98499,5,5653.996690509002,15901.044071328128,3.5434213510122308,4047.2243318445,8109.537899248207,0.998228289324494,27.2,mountain,4G_remote,2500,1200,failed
BTS_02467,16.450416936864983,107.739582182375,792540.7913769437,1820740.690397863,7199.62,0.0,81.11014941020868,1163364.75,7,89.9921,0,10558.917811063908,12221.432703896044,28.932457260281208,2407.7986136059694,1415.759611229484,0.9855337713698594,28.2,mountain,4G_remote,2500,1200,failed
BTS_06414,16.08791693831498,107.358748850565,752316.3368743169,1780100.1131963069,1676.22,2.263936996459961,81.11014941020868,1163364.75,612,89.99204,0,47636.850110374246,47827.85789084013,18.88969858219386,0.0,44596.72801751045,0.9905551507089032,28.2,mountain,5G_macro,1000,10000,failed
BTS_00345,16.277083604224984,107.882082181805,808040.205879116,1801758.026038331,12766.34,,81.11014941020868,1163364.75,0,89.99424,5,1231.754441376933,21499.6082165373,4.807276121750803,8026.4668930666685,8783.504526747576,0.9975963619391246,34.2,mountain,4G_remote,2500,1200,failed
BTS_00785,16.519583603254983,107.70874884916502,789143.4108008881,1828354.7049893336,9102.82,0.0,81.11014941020868,1163364.75,7,89.993256,0,12611.373320819304,11098.936784613878,22.15516802033656,4028.424824506252,7375.01584138524,0.9889224159898318,37.4,mountain,4G_remote,2500,1200,failed
BTS_05855,16.645416936084978,107.386248850455,754534.7737585745,1841848.8913407363,4579.33,1337.6220703125,81.11014941020868,1163364.75,7,89.990234,0,26595.6785405145,11867.231966705136,843.9351680035157,850.0661149896578,4475.538996835595,0.5780324159982422,35.4,mountain,4G_remote,2500,1200,failed
BTS_00062,16.41057828584282,107.67743171645218,785958.3917549727,1816240.7446459825,17623.3,0.0,81.11014941020868,1163364.75,9,89.97153,0,8819.730528973063,7747.637905251462,12.13280827250485,0.0,2194.803358094713,0.9939335958637476,20.3,mountain,5G_macro,1000,10000,failed
BTS_00961,16.54833360356444,107.64249884942517,782025.5066489535,1831443.856820744,4203.83,,81.11014941020868,1163364.75,5,89.97153,0,9158.95958857786,10001.005070054412,17.918102802646523,0.0,23.373690815877147,0.9910409485986768,19.6,mountain,5G_macro,1000,10000,failed
BTS_01404,16.504791937702638,107.57437385049548,774812.214855259,1826528.7767162053,56469.02,0.0,81.11014941020868,1163364.75,6,89.981995,0,3379.488668427705,1995.0540460665857,16.509129740549746,372.6594054473516,2406.4130115519342,0.9917454351297252,31.6,mountain,4G_remote,2500,1200,failed
BTS_00683,16.400416937064985,107.536248849855,770885.1092273929,1814921.7081647792,495.73,5.199993133544922,81.11014941020868,1163364.75,40,89.99641,0,8175.163241757844,8364.896343419157,1385.8123635523705,3900.048542980399,5258.276705142942,0.3070938182238147,29.1,mountain,4G_remote,2500,1200,failed
BTS_00894,16.505416936644977,107.428748850285,759257.9365685259,1826404.9203902984,1473.66,0.0,81.11014941020868,1163364.75,8,89.98908,0,14710.161499855843,5308.0986213546885,162.87125910111166,150.40623130127386,3385.9401046248727,0.9185643704494442,27.5,mountain,5G_macro,1000,10000,failed
BTS_06338,16.507916936634977,107.453748850185,761924.5744458176,1826714.024598522,1920.34,0.0,81.11014941020868,1163364.75,11,89.98499,5,12195.5184345941,5071.636315708579,4.594349615158751,415.3209124104867,948.5638458338572,0.9977028251924206,29.9,mountain,5G_macro,1000,10000,failed
BTS_03171,16.392916937094984,107.482915516735,765195.9327073371,1814020.879801603,2302.14,,81.11014941020868,1163364.75,39,89.969986,0,12457.332607758346,12673.41093091306,16.82501275905865,7901.91963624233,9232.274199729194,0.9915874936204708,28.1,mountain,4G_remote,2500,1200,failed
BTS_04235,16.489583603374985,107.600415516265,777615.4608775639,1824880.6826536043,26744.1,0.0,81.11014941020868,1163364.75,2,89.982346,0,1411.9630653058675,3099.4687297122155,58.66882840741167,0.0,672.5398369423316,0.970665585796294,17.0,mountain,5G_macro,1000,10000,failed
BTS_04439,16.133750271464972,107.685415515925,787214.4422116342,1785601.5180980496,5199.07,,81.11014941020868,1163364.75,62,89.98576,0,22511.606055283435,36632.12502014073,42.15364117586544,3462.3405413861988,21160.977222831927,0.9789231794120672,31.8,mountain,4G_remote,2500,1200,failed
BTS_04324,16.359583603894983,107.539582183175,771297.8691977202,1810405.4905432316,2592.72,5.380393981933594,81.11014941020868,1163364.75,16,89.993286,0,12256.530688575764,12421.30609379187,38.55913837631807,8283.269564950746,9645.569567719594,0.980720430811841,35.3,mountain,4G_remote,2500,1200,failed
BTS_00051,16.488305072241015,107.51748174003885,768758.480249012,1824626.759018496,8006.11,0.0,81.11014941020868,1163364.75,7,89.97503,0,5052.596448991735,5770.662928319199,12.171884427445846,0.0,2674.493541080963,0.9939140577862772,28.7,mountain,5G_macro,1000,10000,failed
BTS_02747,16.503750269984984,107.536248849855,770741.5926675472,1826361.8233330415,21465.74,1.8029940128326416,81.11014941020868,1163364.75,3,89.97749,0,4181.676435341206,4196.47300595571,14.012603462921533,515.9733946597337,1587.0775013602176,0.9929936982685392,29.8,mountain,4G_remote,2500,1200,failed
BTS_01247,16.389166937117196,107.84374884855022,803766.8397398265,1814111.9303639568,15465.33,0.0,81.11014941020868,1163364.75,4,89.99138,0,5662.154547532554,24581.625460999378,32.07521496928483,7849.317581044317,8228.4186346125,0.9839623925153576,30.9,mountain,4G_remote,2500,1200,failed
BTS_06298,16.495416936684983,107.623748849505,780099.5460750386,1825558.811037951,8472.25,0.0,81.11014941020868,1163364.75,3,89.99104,0,3321.2977173396944,3982.147618913819,66.50355591554643,0.0,3155.0441507926703,0.9667482220422268,24.5,mountain,5G_macro,1000,10000,failed
BTS_00312,16.55625026977498,107.553748849785,772536.9796585407,1832197.8425331088,12633.51,0.0,81.11014941020868,1163364.75,1,89.98456,0,8911.53497542272,7899.090642688709,13.781777708542457,318.5094802124283,7037.627617243611,0.9931091111457288,29.3,mountain,4G_remote,2500,1200,failed
BTS_02610,16.508750270380986,107.40833218375894,757073.0515620458,1826747.7626999768,1007.79,0.0,81.11014941020868,1163364.75,6,89.98499,0,16919.06753858312,5900.990560300805,11.83696667188893,0.0,3427.858824219282,0.9940815166640556,24.0,mountain,5G_macro,1000,10000,failed
BTS_05111,16.48458360339498,107.695415515885,787771.0891039905,1824460.285569334,7007.49,0.0,81.11014941020868,1163364.75,12,89.981995,0,10303.080219816677,7960.209594196989,7.2520698669797214,3550.2200820259204,4246.673630922815,0.99637396506651,39.2,mountain,4G_remote,2500,1200,failed
BTS_00623,16.380416937144975,107.485415516725,765480.0411881717,1812640.318547025,2527.52,0.0,81.11014941020868,1163364.75,31,89.99051,0,13208.473637580484,13420.880875665216,44.909200179539965,8693.986831386883,9987.70380466392,0.97754539991023,32.1,mountain,4G_remote,2500,1200,failed
BTS_06425,16.700416935864975,107.427915516955,758907.3949422936,1847991.2128685284,4198.58,213.78466796875,81.11014941020868,1163364.75,10,89.981995,0,28708.922445443062,16492.736940569976,152.9820005159541,467.7881736848251,11628.242824333742,0.9235089997420228,30.7,mountain,4G_remote,2500,1200,failed
BTS_06349,16.135416938124976,107.629582182815,781236.9109509517,1785708.9747731208,1942.34,,81.11014941020868,1163364.75,144,89.99352,0,25401.604663531667,35886.47751534764,109.15707226301126,8648.511676350523,23154.283566167636,0.9454214638684943,37.8,mountain,4G_remote,2500,1200,failed
BTS_01577,16.419583603654974,107.762082182285,794991.5787970223,1817359.2988068536,9770.5,0.0,81.11014941020868,1163364.75,6,89.981995,0,7640.39845317767,15240.443167661544,161.82947193972925,4212.242616162296,5061.527009626871,0.9190852640301354,34.2,mountain,4G_remote,2500,1200,failed
BTS_00213,16.549338512966226,107.57580767008024,774902.2448105362,1831462.67670442,16264.95,0.0,81.11014941020868,1163364.75,5,89.98883,5,8203.114253753552,6918.796054958241,3.10597597817655,1116.7278001741208,6502.682905816352,0.9984470120109116,26.5,mountain,4G_remote,2500,1200,failed
BTS_00607,16.505178843571134,107.72874885085898,791301.2609603775,1826788.5724378224,4346.51,,81.11014941020868,1163364.75,9,89.9921,0,14179.045668109502,12126.226905962332,22.47112958951777,5971.979860133737,5792.221637227849,0.9887644352052412,23.7,mountain,4G_remote,2500,1200,failed
BTS_00212,16.36916693719765,107.11708218480932,726132.953275172,1810949.068574308,757.52,757.5182495117188,81.11014941020868,1163364.75,621,89.99551,5,49108.76313807071,40054.85319918548,0.7302471591035166,53.16673113318998,32406.847150711328,0.9996348764204482,23.6,mountain,5G_macro,1000,10000,failed
BTS_06391,16.304583604114974,107.793748848825,798550.9027504527,1804671.8080111009,7374.06,0.0,81.11014941020868,1163364.75,10,89.99297,0,902.2671487854922,24846.81749242937,47.88575303783163,5299.802460286518,4280.8481958727625,0.9760571234810842,35.8,mountain,4G_remote,2500,1200,failed
BTS_03815,16.458750270164984,107.638748849445,781754.9001570574,1821520.038501636,2389.78,0.0,81.11014941020868,1163364.75,2,89.96817,0,4667.307857876667,1407.8545263991225,56.4779227538732,59.65319695467769,2725.1903005543363,0.9717610386230634,20.3,mountain,5G_macro,1000,10000,failed
BTS_04657,16.318750270724983,107.791248848835,798262.082904182,1806236.8084594645,11012.2,,81.11014941020868,1163364.75,4,89.97503,0,909.8171975313682,23589.106936693697,44.03031752740565,4470.694529305633,3880.795113096633,0.9779848412362973,28.4,mountain,4G_remote,2500,1200,failed
BTS_05123,16.530416936544988,107.437915516915,760203.4327463171,1829184.349781324,3995.46,,81.11014941020868,1163364.75,8,89.95499,0,14654.15675657151,2403.220367373537,9.24358753022366,0.0,1579.1899046832789,0.9953782062348882,25.3,mountain,5G_macro,1000,10000,failed
BTS_04381,16.30541693785663,107.7074988492364,789326.7523823356,1804639.674913125,966.33,13.500978469848633,81.11014941020868,1163364.75,26,89.98752,0,6004.307604450872,19176.397042201344,31.373952249420096,3992.3678755048472,2961.1749895797566,0.98431302387529,36.8,mountain,4G_remote,2500,1200,failed
BTS_05623,16.279583604214984,107.798748848805,799123.5473902989,1801910.902681264,3231.16,8.692225456237793,81.11014941020868,1163364.75,23,89.98499,0,3644.224635743058,27194.6738140806,9.510297952990951,7442.095160495408,6009.056026566026,0.9952448510235046,24.9,mountain,4G_remote,2500,1200,failed
BTS_03953,16.408750270364983,107.596248849615,777285.2892220847,1815925.4742403384,11908.37,0.0,81.11014941020868,1163364.75,24,89.99358,0,5770.912419055912,6434.861171719374,80.57570791504651,2294.793571194445,4016.172699117853,0.9597121460424768,28.7,mountain,4G_remote,2500,1200,failed
BTS_04114,16.53541693652498,107.430415516945,759395.8517796551,1829728.182787389,1629.39,348.0848083496094,81.11014941020868,1163364.75,7,89.99086,0,15612.425567347724,2134.6665376930378,20.622223360529546,177.23769393139116,637.5079519339813,0.9896888883197352,21.1,mountain,5G_macro,1000,10000,failed
BTS_05288,16.360416937224976,107.497915516675,766843.169404116,1810442.565879866,4976.08,0.0,81.11014941020868,1163364.75,31,89.99635,0,14086.47033047066,14286.786833202656,28.64818974339857,9394.002727856045,10974.126805003105,0.9856759051283008,24.3,mountain,4G_remote,2500,1200,failed
BTS_03476,16.496250270014983,107.397082183745,755888.0522279809,1825349.669113736,1358.52,0.0,81.11014941020868,1163364.75,8,89.991,0,17872.14668052265,7728.105213316,32.30030384818047,2.318312339841798,4928.178023744366,0.9838498480759098,27.8,mountain,5G_macro,1000,10000,failed
BTS_05184,16.664583602674984,107.340415517305,749618.6893852737,1843912.796436022,2355.7,0.0,81.11014941020868,1163364.75,4,89.982346,0,31623.15581146428,16432.789440690238,43.47556557513585,9.387551250704384,7336.607303922021,0.978262217212432,27.4,mountain,5G_macro,1000,10000,failed
BTS_06392,16.47291693677498,107.610415516225,778707.5329390985,1823049.2051378563,16443.64,0.0,81.11014941020868,1163364.75,4,89.98456,0,1264.8872400428145,2199.6212856185166,8.78338498955818,19.76970228540517,2679.816124182401,0.9956083075052208,24.0,mountain,5G_macro,1000,10000,failed
BTS_06434,16.60041693626498,107.565415516405,773720.2380097834,1837103.579301969,438.43,1.758033037185669,81.11014941020868,1163364.75,3,89.982346,0,13747.84949766292,12575.619723529486,57.98277761066123,71.76269362351415,9640.062320286286,0.9710086111946694,23.3,mountain,5G_macro,1000,10000,failed
BTS_05035,16.380000270487198,107.83958218190035,803335.6534947826,1813090.6351660583,15630.56,0.0,81.11014941020868,1163364.75,13,89.98994,0,5697.376984717621,24506.18833476354,15.288613385818742,7722.105066597351,8177.0391323573,0.9923556933070906,30.9,mountain,4G_remote,2500,1200,failed
BTS_01101,16.42333360364724,107.8179155153209,800952.853598628,1817856.7435468212,16625.21,0.0,81.11014941020868,1163364.75,12,89.9852,0,10075.456666933464,20938.824892161447,24.12568458234796,9822.104640696552,10208.870436534413,0.987937157708826,19.6,mountain,4G_remote,2500,1200,failed
BTS_00243,16.465625276324985,107.54267741829489,771481.4025411743,1822149.597763039,8747.42,0.0,81.11014941020868,1163364.75,9,89.98883,0,2480.349663849394,3285.652007793348,20.22617295583603,0.0,1918.083117139092,0.989886913522082,30.0,mountain,5G_macro,1000,10000,failed
BTS_06457,16.427916936954983,107.724582182435,790971.5747086748,1818227.7226003208,6888.38,37.096824645996094,81.11014941020868,1163364.75,6,89.981995,0,8164.988883639635,11140.778143334215,5.025384599716015,1255.446597949,2124.6617391340183,0.997487307700142,33.8,mountain,4G_remote,2500,1200,failed
BTS_06268,16.472916936774983,107.768748848925,795623.1915273718,1823274.5379451795,6602.07,,81.11014941020868,1163364.75,12,89.990234,0,13489.804357870176,15367.887661925268,397.9372007834505,5982.611901930081,5209.025721289303,0.8010313996082747,27.5,mountain,4G_remote,2500,1200,failed
BTS_00465,16.4195836040691,107.5674988497929,774197.7764398272,1817085.726303872,21604.23,0.0,81.11014941020868,1163364.75,3,89.95974,0,5078.389538330908,5278.509108196963,48.803437627563454,1420.399428387244,3483.044210292745,0.9755982811862184,30.2,mountain,4G_remote,2500,1200,failed
BTS_05679,16.484583603394984,107.592915516295,776821.4271942668,1824316.7935279736,36306.25,0.0,81.11014941020868,1163364.75,6,89.979866,0,1093.1411892550768,2295.35341870968,64.71599627866787,18.453106749798625,764.4811932544677,0.967642001860666,19.8,mountain,5G_macro,1000,10000,failed
BTS_01738,16.39750027041737,107.59208218289686,776855.9460763236,1814674.2375345945,7827.68,0.0,81.11014941020868,1163364.75,23,89.99832,0,6973.445964772042,7742.684841367731,85.6751102156739,3443.3733059046413,5296.689570009382,0.9571624448921632,35.6,mountain,4G_remote,2500,1200,failed
BTS_02390,16.540416936921872,107.68249884933564,786308.8868183393,1830623.8839387584,13030.06,,81.11014941020868,1163364.75,17,89.995735,0,11334.437598432189,10827.615636772269,87.48767271001782,2939.741490021621,4238.526267092659,0.9562561636449912,27.2,mountain,4G_remote,2500,1200,failed
BTS_04254,16.62541693616499,107.439582183575,760253.5656863836,1839703.4837620407,2399.16,6.30204963684082,81.11014941020868,1163364.75,8,89.978165,5,21134.593780986652,8133.6723261992465,2.2760125361762404,0.0,5533.497740639491,0.998861993731912,30.5,mountain,5G_macro,1000,10000,failed
BTS_03148,16.512083603284978,107.408748850365,757113.1386457593,1827117.302219254,954.63,0.0,81.11014941020868,1163364.75,7,89.97153,0,16957.916181203556,5578.661974364144,17.266575874513,9.716463397303682,3088.2524756222333,0.9913667120627436,21.1,mountain,5G_macro,1000,10000,failed
BTS_00912,16.37125027083943,107.71979051569448,790543.6782105771,1811946.470383756,5273.21,0.0,81.11014941020868,1163364.75,4,89.909966,0,2537.7798603171104,14029.682225301018,53.34822480872886,241.8115261572233,2223.887417659175,0.9733258875956357,19.4,mountain,5G_macro,1000,10000,failed
BTS_02625,16.103750271584982,107.639582182775,782351.942871761,1782216.663308691,2818.96,,81.11014941020868,1163364.75,132,89.99721,0,27906.72042735395,39418.73500228307,59.77027158750955,9329.31362629893,25861.955153435363,0.9701148642062452,33.8,mountain,4G_remote,2500,1200,failed
BTS_02321,16.231666937747505,107.2670821842054,742330.9457008153,1795901.9688018695,2624.51,263.9732360839844,81.11014941020868,1163364.75,566,89.909966,0,41621.06132091212,40017.98655696867,6.083638837117312,0.0,35227.76434306975,0.9969581805814414,23.1,mountain,5G_macro,1000,10000,failed
BTS_06123,16.53541693652498,107.543748849825,771498.3650121678,1829877.7953204603,3843.22,0.0,81.11014941020868,1163364.75,6,89.98456,0,6867.212047368047,6125.840465915046,19.92233602981604,0.0,4733.230390065871,0.990038831985092,18.6,mountain,5G_macro,1000,10000,failed
BTS_06388,16.52708360322499,107.518748849925,768840.1649262129,1828921.619733927,3979.49,0.0,81.11014941020868,1163364.75,6,89.99126,0,7355.169248004685,7171.861087147601,22.357877498425427,254.68247534518315,4761.942760242365,0.9888210612507872,24.5,mountain,5G_macro,1000,10000,failed
BTS_05498,16.433750270679415,107.56833218312292,774266.9279315504,1818655.288125764,64608.35,244.9483184814453,81.11014941020868,1163364.75,8,89.99297,0,3572.9701350610694,3711.865556502335,25.822216786215243,320.2870605101796,2355.6464385954205,0.9870888916068924,28.9,mountain,4G_remote,2500,1200,failed
BTS_06375,16.28291693753499,107.766248848935,795642.7210378582,1802232.635570652,2830.45,,81.11014941020868,1163364.75,11,89.97153,5,3914.136383115728,24665.876651927687,3.894440054740464,5086.894661538857,3586.3522830475204,0.9980527799726298,37.3,mountain,4G_remote,2500,1200,failed
BTS_05268,16.15708360511329,107.70999884922657,789811.371375479,1788219.46341439,1824.79,0.0,81.11014941020868,1163364.75,74,89.990456,5,18998.31718106368,34680.94823794704,2.077722580529575,0.0,17943.492833285578,0.9989611387097352,25.3,mountain,5G_macro,1000,10000,failed
BTS_00316,16.41458360367499,107.626248849495,780482.8760327253,1816612.627606716,19378.44,0.0,81.11014941020868,1163364.75,32,89.9942,5,6321.941666509839,4973.641727071497,3.381883623356216,1235.841020927981,2521.6166504970797,0.998309058188322,31.2,mountain,4G_remote,2500,1200,failed
BTS_00367,16.440357414139317,107.78666551590972,797587.1647090323,1819695.5638941333,15203.44,0.0,81.11014941020868,1163364.75,15,89.98594,5,10849.7368861965,17341.82159414943,1.0120094606162413,7370.484565990428,6526.729931496971,0.9994939952696918,32.5,mountain,4G_remote,2500,1200,failed
BTS_06331,16.38458360379498,107.060415518425,720060.6394640068,1812593.1309181915,452.42,452.4188537597656,81.11014941020868,1163364.75,300,89.9941,0,54658.13430793134,44644.92204748914,31.75381532732248,94.29001665877284,36717.68366461692,0.9841230923363388,27.1,mountain,5G_macro,1000,10000,failed
BTS_04734,16.32291693778706,107.7691655156579,795894.5072737043,1806665.9521502908,16480.08,0.0,81.11014941020868,1163364.75,11,89.99288,0,1271.8667223010937,21546.216009091186,17.476861955967184,2068.7549135926006,1732.9704080571876,0.9912615690220165,30.2,mountain,4G_remote,2500,1200,failed
BTS_03695,16.73625026905498,107.396248850415,755481.1137576371,1851917.1829540771,76.51,67.37187957763672,81.11014941020868,1163364.75,0,89.993904,0,33849.74249961922,20947.32582813949,62.7638483067116,43.61021316240989,14533.864541948826,0.9686180758466442,28.7,mountain,5G_small,300,250,failed
BTS_00240,16.427708604456676,107.60124884967112,777792.6574284274,1818031.3022264864,47496.54,0.0,81.11014941020868,1163364.75,23,89.9941,0,3831.766511351141,4376.907965166595,26.10004265243564,794.7422185231177,2167.940954097876,0.9869499786737822,33.8,mountain,4G_remote,2500,1200,failed
BTS_03798,16.44208360356498,107.542915516495,771539.6243340994,1819543.588977772,7126.65,0.0,81.11014941020868,1163364.75,11,89.96817,0,4046.4910919598137,4262.550301920879,13.663040094999086,0.0,827.0420095073482,0.9931684799525003,26.0,mountain,5G_macro,1000,10000,failed
BTS_02532,16.360833603897156,107.8937488483489,809156.3236417556,1811049.929898371,12439.4,,81.11014941020868,1163364.75,9,89.98953,0,615.9425435548244,24082.33356965455,34.87180054703321,1718.138569850329,2030.0018426991187,0.9825640997264834,29.2,mountain,4G_remote,2500,1200,failed
BTS_06384,16.544583603154972,107.546248849815,771752.49403656,1830896.0350755504,16866.72,0.0,81.11014941020868,1163364.75,3,89.98883,0,7774.880849294117,6923.076397973431,66.48193292112057,315.4439682501917,5726.855580578012,0.9667590335394396,25.6,mountain,4G_remote,2500,1200,failed
BTS_05732,16.37291693717498,107.635415516125,781522.3894157389,1812012.1129758745,1228.28,13.511079788208008,81.11014941020868,1163364.75,43,89.9921,0,10814.63335191754,9644.049324225263,33.39343433012748,5081.623056841087,5621.309854915055,0.9833032828349364,26.0,mountain,4G_remote,2500,1200,failed
BTS_00735,16.32791693776708,107.62416551623431,780384.2031004778,1807014.3053330956,1964.14,2.487684965133667,81.11014941020868,1163364.75,33,89.99252,0,12396.473353216968,14570.192644946204,8.901335851965849,9859.10506126115,9135.575883071628,0.9955493320740172,32.4,mountain,4G_remote,2500,1200,failed
BTS_02281,16.30791693743498,107.771248848915,796139.8512645722,1805008.069309117,12481.81,0.0,81.11014941020868,1163364.75,9,89.982346,5,1876.831500728791,22894.16257462867,2.6375332432005965,3142.207178370982,1862.8543765729264,0.9986812333783996,36.8,mountain,4G_remote,2500,1200,failed
BTS_00261,16.57875026968498,107.368748850525,752754.4752500503,1834446.647778842,3798.76,34.22467041015625,81.11014941020868,1163364.75,7,89.98499,0,23655.24387199772,8233.732241709198,46.31806169888128,0.0,636.6644343506941,0.9768409691505594,22.3,mountain,5G_macro,1000,10000,failed
BTS_02703,16.424166936977358,107.63374884939576,781270.5548770538,1817684.075902618,9729.81,0.0,81.11014941020868,1163364.75,10,89.97749,5,6054.502690522793,4007.87970311018,0.8188337716589071,0.0,1894.0006944915212,0.9995905831141706,28.2,mountain,5G_macro,1000,10000,failed
BTS_02104,16.519583603274857,107.57791551617426,775169.5434805162,1828171.2615188211,7470.27,0.0,81.11014941020868,1163364.75,3,89.98752,5,5049.820711487647,3673.61936501817,1.5047376620796282,0.0,3364.430659307923,0.9992476311689602,21.7,mountain,5G_macro,1000,10000,failed
BTS_05348,16.28375027086498,107.366248850535,752869.2963946745,1801787.3741070507,989.32,568.8526611328125,81.11014941020868,1163364.75,81,89.99454,0,29809.34247481622,30024.142646280096,8.838878013452922,410.66805666633655,25004.26402575632,0.9955805609932736,25.7,mountain,4G_remote,2500,1200,failed
BTS_03239,16.47375027010498,107.519582183255,769002.9549712252,1823018.2001296012,4012.84,0.0,81.11014941020868,1163364.75,7,89.983284,0,4657.946681814066,5735.179162428259,18.31915640546593,15.439286103487856,3045.2457910615635,0.9908404217972672,19.0,mountain,5G_macro,1000,10000,failed
BTS_05407,16.414583603674984,107.639582182775,781907.7239867584,1816631.1434711,24223.59,0.0,81.11014941020868,1163364.75,28,89.99185,0,7240.356142957359,5192.918725001791,73.1926082296178,642.5592523774633,3113.5961574294865,0.9634036958851911,23.8,mountain,4G_remote,2500,1200,failed
BTS_06437,16.147083604744985,107.738748849045,792902.6575467774,1787152.966342985,1251.23,13.513071060180664,81.11014941020868,1163364.75,71,89.99424,0,18913.070203746072,36648.78892673898,7.365961007536089,0.0,18490.26307526291,0.996317019496232,23.1,mountain,5G_macro,1000,10000,failed
BTS_06448,16.268750270924983,107.931248848275,813312.2961613906,1800910.0318902968,8804.05,0.0,81.11014941020868,1163364.75,7,89.97153,0,4673.230148620157,16164.113904865751,112.89576445944984,5502.57854024562,9402.016254743145,0.943552117770275,25.4,mountain,4G_remote,2500,1200,failed
BTS_06478,16.56875026972499,107.507082183305,767536.7173410221,1833518.9613561945,4932.51,0.0,81.11014941020868,1163364.75,5,89.983284,0,11859.305151790008,7329.490297660808,162.94219857811234,237.36477403618431,6750.580806479647,0.9185289007109438,21.9,mountain,5G_macro,1000,10000,failed
BTS_06085,16.48875027004498,107.635415516125,781355.412069298,1824836.939644101,7316.31,0.0,81.11014941020868,1163364.75,4,89.981995,0,4075.209076625703,3404.7749615067546,121.88623206708633,64.20286334775024,4384.5733482726855,0.9390568839664568,20.6,mountain,5G_macro,1000,10000,failed
BTS_06460,16.562083603084982,107.508748849965,767723.8869949423,1832783.1187725307,22318.24,0.0,81.11014941020868,1163364.75,5,89.969986,0,11134.400691962084,7353.833018006243,11.2735862154265,711.5901525459908,6321.296231622833,0.9943632068922869,28.4,mountain,4G_remote,2500,1200,failed
BTS_00166,16.432361384154586,107.60360996267836,778038.3266598773,1818549.680333752,70011.48,0.0,81.11014941020868,1163364.75,18,89.984085,0,3419.757119465696,3814.032836191755,33.37519088143394,456.70348637457374,1708.8334469080255,0.983312404559283,26.6,mountain,4G_remote,2500,1200,failed
BTS_01238,16.50625027108436,107.50791551679865,767711.9578225253,1826600.729885252,2308.68,0.0,81.11014941020868,1163364.75,3,89.981995,0,6765.577863258753,7117.371182094615,20.09052028402644,299.827063509546,3792.123924150796,0.9899547398579868,29.1,mountain,5G_macro,1000,10000,failed
BTS_04004,16.461041937057765,107.62395718336462,780171.2750405231,1821753.1878481808,2056.23,71.5982437133789,81.11014941020868,1163364.75,3,89.93634,5,3163.606064753364,244.71782362198405,3.076898142197769,0.0,2250.225705323739,0.9984615509289012,25.0,mountain,5G_macro,1000,10000,failed
BTS_04655,16.62458360283499,107.461248850155,762567.2830282561,1839639.5433403696,3866.1,100.19866943359376,81.11014941020868,1163364.75,4,89.95974,0,19696.52369305465,8334.930067729132,107.37555965622404,959.376202147498,7583.876558958172,0.946312220171888,34.2,mountain,4G_remote,2500,1200,failed
BTS_01239,16.490416937120656,107.53416551659204,770537.6290239969,1824882.8775642985,3103.52,0.0,81.11014941020868,1163364.75,5,89.99316,0,3465.547207131356,4004.5847785127926,16.64593373040399,0.0,881.4579256014948,0.991677033134798,23.3,mountain,5G_macro,1000,10000,failed
BTS_02203,16.25791693763498,107.979582181415,818499.9109972598,1799785.0800344392,5764.55,0.0,81.11014941020868,1163364.75,10,89.97503,0,9896.3825915794,10856.145547462624,45.50537644643028,1530.324163532155,7681.376059072379,0.9772473117767848,29.3,mountain,4G_remote,2500,1200,failed
BTS_06436,16.19125027123497,107.297915517475,745678.3671370836,1791464.893294913,606.1,146.5224151611328,81.11014941020868,1163364.75,578,89.95974,0,42199.64020495607,42411.704021371566,18.53167055620972,107.81408952973362,37446.18669456741,0.9907341647218952,20.4,mountain,5G_macro,1000,10000,failed
BTS_06348,16.181250271274983,107.722082182445,791068.9789198427,1790912.3251738944,2280.23,0.0,81.11014941020868,1163364.75,61,89.992546,5,16026.369196521466,32491.656502076115,4.844351340938709,0.0,15032.521676250732,0.9975778243295308,21.3,mountain,5G_macro,1000,10000,failed
BTS_06444,16.105416938244982,107.339582183975,750243.1516194661,1782013.9396656803,412.02,345.29693603515625,81.11014941020868,1163364.75,604,89.99006,0,46992.9940026843,47189.78332744851,40.74226993957814,125.01691207772664,43893.39918747279,0.979628865030211,30.3,mountain,5G_macro,1000,10000,failed
BTS_06433,16.27458360423498,107.777915515555,796902.9735557269,1801326.8435974105,3021.06,0.0,81.11014941020868,1163364.75,15,89.979866,0,4185.845395498751,26161.43576355336,114.45788518585636,6511.467037456405,4955.319954695235,0.9427710574070718,25.8,mountain,4G_remote,2500,1200,failed
BTS_06269,16.137916938114984,107.332915517335,749489.0469850368,1785603.414000253,782.18,46.497703552246094,81.11014941020868,1163364.75,583,89.97749,0,44383.5587109043,44585.33753081271,71.97194426721062,108.73933092490464,41237.00908020338,0.9640140278663948,24.1,mountain,5G_macro,1000,10000,failed
BTS_06096,16.60208360292498,107.353748850585,751122.8419365943,1837010.79031939,5568.12,991.3201904296876,81.11014941020868,1163364.75,17,89.99006,0,26341.360815001164,10814.286253550576,154.04590514945525,426.5671723490118,1642.7771211747624,0.9229770474252724,24.0,mountain,4G_remote,2500,1200,failed
BTS_02431,16.57958360301498,107.48958218337502,765653.3808278579,1834695.0552043207,14085.27,,81.11014941020868,1163364.75,7,89.99331,0,13874.447239420666,6050.856851366076,73.43083622879553,821.1080555680227,6859.148627623526,0.9632845818856024,31.1,mountain,4G_remote,2500,1200,failed
BTS_01625,16.24958360474511,107.24749885106516,740214.9772418719,1797862.0765473724,2641.72,0.0,81.11014941020868,1163364.75,562,89.991,0,42044.56983299957,39327.934924507936,35.5837261190272,0.0,34111.04625933902,0.9822081369404864,25.1,mountain,5G_macro,1000,10000,failed
BTS_06415,16.29375027082498,107.700415515865,788586.4422210424,1803337.877378139,1350.22,,81.11014941020868,1163364.75,28,89.99478,0,7282.669367010893,20020.013243534184,76.74058672152233,5365.554339419883,4373.7983263628585,0.9616297066392387,27.6,mountain,4G_remote,2500,1200,failed
BTS_05856,16.274583604234984,107.235415517725,738892.6911834971,1800615.1413695402,8512.14,,81.11014941020868,1163364.75,607,89.99805,0,41534.55202561056,37735.4741107422,175.8922844774222,42.53037564255519,32143.5551483886,0.9120538577612888,21.0,mountain,5G_macro,1000,10000,failed
BTS_06394,16.382083603804983,107.677915515955,786051.750184145,1813086.4719258328,567.42,0.0,81.11014941020868,1163364.75,20,89.98576,0,6952.294664236674,10234.38019547597,28.6858651180462,2331.587873633663,970.3383463008636,0.9856570674409768,34.9,mountain,5G_macro,1000,10000,failed
BTS_01019,16.557500271819524,107.5843738524453,775805.3695165461,1832378.048363375,4258.38,0.0,81.11014941020868,1163364.75,4,89.9852,0,9068.491137758236,7927.552323983961,26.24307386190798,0.0,5968.29070573206,0.986878463069046,26.3,mountain,5G_macro,1000,10000,failed
BTS_03008,16.267083604264972,107.865415515205,806273.1195280892,1800625.5973524014,11895.54,0.0,81.11014941020868,1163364.75,8,89.990456,0,2372.118706288384,23060.282699321408,52.187496010901405,9712.232962473185,10522.20488825687,0.9739062519945492,24.7,mountain,4G_remote,2500,1200,failed
BTS_02997,16.51125026995498,107.508748849965,767794.0696143906,1827155.3840301824,22457.03,0.0,81.11014941020868,1163364.75,5,89.99,0,6979.396993979079,7219.58264861983,79.68952486993656,759.9306714816938,4137.864174052983,0.9601552375650316,24.8,mountain,4G_remote,2500,1200,failed
BTS_01337,16.499583603334983,107.492915516695,766119.0277182107,1825842.798668164,18159.23,0.0,81.11014941020868,1163364.75,7,89.98763,0,7929.671310435729,8046.073670030145,62.82152408476544,853.6336770734368,2028.5136799317436,0.9685892379576172,35.4,mountain,4G_remote,2500,1200,failed
BTS_06471,16.498750270004987,107.52874884988502,769947.4806300163,1825798.2049642117,24627.18,8.077216148376465,81.11014941020868,1163364.75,4,89.97503,0,4434.340474978546,4747.16119829082,10.37900369574426,563.467643649963,1723.5422706841528,0.994810498152128,22.0,mountain,4G_remote,2500,1200,failed
BTS_01268,16.52125026991498,107.56791551639502,774099.1746012957,1828342.1378387483,24742.57,0.0,81.11014941020868,1163364.75,2,89.984085,0,5006.534216334383,3812.4367121559744,127.42619963721047,849.5033988340587,3769.816511486936,0.9362869001813948,33.1,mountain,4G_remote,2500,1200,failed
BTS_04760,16.59541693628498,107.353748850585,751131.5075778628,1836272.7945943407,1540.47,0.0,81.11014941020868,1163364.75,7,89.96817,0,25958.95074812035,10454.899436681562,44.049010066647845,0.0,1688.985835665087,0.977975494966676,23.5,mountain,5G_macro,1000,10000,failed
BTS_03484,16.502083603324984,107.467082183465,763356.4821962721,1826085.6242955865,4760.66,0.0,81.11014941020868,1163364.75,13,89.97503,0,10647.998657123017,6199.818522374232,11.889876172696589,712.6802888215457,257.81076753391216,0.9940550619136516,25.6,mountain,5G_macro,1000,10000,failed
BTS_05957,16.483750270064984,107.583748849665,775843.4074358892,1824211.97062766,37297.42,0.0,81.11014941020868,1163364.75,7,89.98576,0,1828.396542690359,1345.462840631225,39.807658850883385,6.086946424136942,1353.5760764410534,0.9800961705745584,28.9,mountain,5G_macro,1000,10000,failed
BTS_00016,16.48567151543586,107.59954204224812,777527.7374740543,1824446.3503823543,29438.57,206.701171875,81.11014941020868,1163364.75,6,89.969986,0,974.1643456814458,2992.9417984117736,44.34045899794161,0.0,851.1739588991823,0.9778297705010291,27.2,mountain,5G_macro,1000,10000,failed
BTS_05852,16.55875026976498,107.492915516695,766037.8926297638,1832393.0423931023,3623.96,0.0,81.11014941020868,1163364.75,6,89.93634,0,11814.95522561067,5627.650709187947,69.39840653721527,274.55176192646564,4957.823671694018,0.9653007967313924,23.6,mountain,5G_macro,1000,10000,failed
BTS_02599,16.387083603784983,107.862915515215,805818.9001898065,1813910.0447267392,11835.56,,81.11014941020868,1163364.75,11,89.98594,0,3810.5731466066914,26601.444057563847,169.96515920051178,6103.739922392702,6368.031864145795,0.915017420399744,23.7,mountain,4G_remote,2500,1200,failed
BTS_05833,16.306250270774985,107.981248848075,818600.0471285186,1805140.3300457697,4022.75,0.0,81.11014941020868,1163364.75,10,89.979866,0,9974.136568064569,12953.476998281483,25.95752588648174,800.8286648675183,4428.430044213759,0.9870212370567591,32.2,mountain,4G_remote,2500,1200,failed
BTS_01241,16.61291693621498,107.556248849775,772723.982875216,1838474.994418991,2884.67,2.5944957733154297,81.11014941020868,1163364.75,13,89.99527,0,15147.327196477798,14037.513768379518,117.30008858846564,491.74732953052296,11245.137187740773,0.9413499557057672,24.9,mountain,4G_remote,2500,1200,failed
BTS_03809,16.55375026978498,107.576248849695,774943.0954187883,1831951.7261073424,13291.86,,81.11014941020868,1163364.75,3,89.983284,0,8692.730014301827,7409.351689394259,112.95805477763189,804.3549384144344,6800.884352243919,0.943520972611184,25.3,mountain,4G_remote,2500,1200,failed
BTS_03233,16.246250271014983,107.249582184335,740441.7985399726,1797495.5593308017,2496.78,0.0,81.11014941020868,1163364.75,558,89.990234,0,42088.62747468791,39527.13745290846,11.791247185516273,233.5316533465216,34366.16951999598,0.994104376407242,32.7,mountain,5G_macro,1000,10000,failed
BTS_00925,16.53008360347073,107.4617488512308,762748.976848105,1829178.4295139145,1963.18,13.583513259887695,81.11014941020868,1163364.75,6,89.993095,0,12357.36129406579,3305.247411210541,7.391746842417874,273.2307340344259,1098.7541576683695,0.9963041265787912,24.9,mountain,5G_macro,1000,10000,failed
BTS_02440,16.464583603890073,107.52166551664172,769238.1738817419,1822006.1377645363,2835.08,0.0,81.11014941020868,1163364.75,8,89.97749,0,4612.389589257235,5533.423622840609,28.318822163793183,0.0,3373.9004602791206,0.9858405889181034,29.5,mountain,5G_macro,1000,10000,failed
BTS_04618,16.386666937127384,107.5754155162973,775090.0139265833,1813452.1548827656,5524.98,0.0,81.11014941020868,1163364.75,11,89.978165,0,8296.54425508378,8887.911605978978,13.040148498362978,4628.859480555729,7136.803582616002,0.9934799257508186,30.5,mountain,4G_remote,2500,1200,failed
BTS_00180,16.66013915906786,107.38263774035144,754129.9657785888,1843474.070890409,1540.59,38.15648651123047,81.11014941020868,1163364.75,6,89.97153,0,28030.677809010143,13484.92200586921,21.553632227756783,0.0,5983.73087918628,0.9892231838861216,25.1,mountain,5G_macro,1000,10000,failed
BTS_03742,16.49791693667498,107.559582183095,773241.991898879,1825747.502708752,7596.95,0.0,81.11014941020868,1163364.75,6,89.97749,0,2425.9123675606725,1755.0187495398368,24.991471853558792,61.270690623215,1308.0566103425974,0.9875042640732206,18.5,mountain,5G_macro,1000,10000,failed
BTS_05575,16.423750270304982,107.805415515445,799616.3118408135,1817884.3314120555,18381.96,0.0,81.11014941020868,1163364.75,6,89.96817,0,10575.16451966705,19619.85497735585,68.97497742218081,8568.469675683717,8921.384151186168,0.9655125112889096,28.5,mountain,4G_remote,2500,1200,failed
BTS_02877,16.244583604354986,107.218748851125,737146.8338876988,1797275.0948972593,1103.77,,81.11014941020868,1163364.75,580,89.98883,0,44861.91361393262,41476.64822840979,96.2759805623462,49.6808385621608,35911.48930872325,0.951862009718827,25.6,mountain,5G_macro,1000,10000,failed
BTS_06097,16.43791693732961,107.73416551579696,791980.7232108654,1819348.785186934,10008.09,0.0,81.11014941020868,1163364.75,8,89.98763,0,9173.82440188813,11845.098835726752,50.58080898371142,1842.6574741889635,1529.9620571970386,0.9747095955081444,17.9,mountain,4G_remote,2500,1200,failed
BTS_06461,16.415416937004984,107.677082182625,785913.9591920676,1816775.9911596505,17761.05,0.0,81.11014941020868,1163364.75,8,89.98847,0,9226.611530488284,7354.959573865413,28.030128938382106,0.0,2626.3729582678334,0.9859849355308088,23.6,mountain,5G_macro,1000,10000,failed
BTS_02692,16.230416937744987,107.262915517615,741886.8973406056,1795758.6799121085,2461.66,0.0,81.11014941020868,1163364.75,560,89.99126,0,42056.04316074278,40348.345027824005,22.42444274356402,0.0,35502.296401346815,0.988787778628218,24.1,mountain,5G_macro,1000,10000,failed
BTS_02149,16.45458360351498,107.731248849075,791644.1286516612,1821189.998628637,1720.55,0.0,81.11014941020868,1163364.75,10,89.97153,0,11030.655885388896,11302.493914920724,78.26312248622324,1536.7505820023582,752.1318013009467,0.9608684387568884,20.7,mountain,5G_macro,1000,10000,failed
BTS_05252,16.24625027101497,107.687915515915,787318.9412464066,1798061.0013908865,1558.44,,81.11014941020868,1163364.75,51,89.969986,0,11792.700836579406,24534.45755430704,39.29623933691733,7206.878090867768,9396.799549590114,0.9803518803315412,34.0,mountain,4G_remote,2500,1200,failed
BTS_00060,16.425481046997287,107.65192191494452,783210.6060711984,1817854.918290724,30102.54,0.0,81.11014941020868,1163364.75,4,89.978165,0,7521.930966269998,4701.167413501569,13.55955600649343,944.059731866266,3419.776584409068,0.9932202219967532,37.2,mountain,4G_remote,2500,1200,failed
BTS_03235,16.455416936844983,107.567082183065,774102.9217958346,1821052.3746496409,19980.83,,81.11014941020868,1163364.75,1,0.0,0,1256.060898808524,1441.1111967782024,109.54490478189136,48.40900647803957,1877.7396900172744,0.9452275476090544,27.2,urban,5G_macro,1000,10000,failed
BTS_06387,16.101250271594978,107.356248850575,752031.9460041967,1781572.995914591,950.26,63.36743927001953,81.11014941020868,1163364.75,604,89.99006,5,46477.12583784207,46670.223053031004,2.086079469470815,0.0,43415.29203267201,0.9989569602652646,25.9,mountain,5G_macro,1000,10000,failed
BTS_05728,16.28458360419497,107.933748848265,813554.5262968868,1802667.2598877656,6285.89,0.0,81.11014941020868,1163364.75,5,89.98576,0,5295.178217486797,16382.445102330132,71.99555059351131,4375.217593589088,7786.291477031902,0.9640022247032444,24.7,mountain,4G_remote,2500,1200,failed
BTS_03493,16.530416936544984,107.507082183305,767589.6468867795,1829275.0961337315,20476.1,0.0,81.11014941020868,1163364.75,7,89.99331,0,8470.426308338821,7480.864056941225,11.78186258405154,1504.1831007868411,4196.1926299902725,0.9941090687079742,27.3,mountain,4G_remote,2500,1200,failed
BTS_03717,16.27541693797612,107.94749884828232,815039.8555781887,1801673.312629585,8426.75,0.0,81.11014941020868,1163364.75,10,89.909966,0,6471.314945682432,14670.644476252395,63.70515190861169,3714.9145742589017,9028.886906180353,0.9681474240456942,24.6,mountain,4G_remote,2500,1200,failed
BTS_06336,16.64625026941498,107.330415517345,748575.3083178455,1841870.8477533504,1047.73,538.8845825195312,81.11014941020868,1163364.75,8,89.9852,0,31168.490336636365,15733.528709492026,47.30362019303462,0.0,6370.080966614196,0.9763481899034828,18.9,mountain,5G_macro,1000,10000,failed
BTS_04368,16.387083603784983,107.832915515335,802612.052995414,1813865.0368377457,15994.13,0.0,81.11014941020868,1163364.75,7,89.993996,0,6624.550396193249,23563.834671387074,19.0922339041444,8716.65685792304,9146.655904560068,0.9904538830479278,28.5,mountain,4G_remote,2500,1200,failed
BTS_06341,16.383750270464972,107.801248848795,799232.2186668908,1813448.943348277,7328.01,0.0,81.11014941020868,1163364.75,8,89.98818,0,7600.764330615163,20561.62958551762,24.62530076114782,7448.182801232757,9065.128988829225,0.987687349619426,31.4,mountain,4G_remote,2500,1200,failed
BTS_00650,16.311250270754986,107.790415515505,798184.3473723198,1805405.1204398607,10279.39,0.0,81.11014941020868,1163364.75,7,89.99272,0,205.9492166407788,24080.85504081884,15.168228369516514,4650.388862300947,3793.217293044045,0.9924158858152418,35.6,mountain,4G_remote,2500,1200,failed
BTS_06395,16.30625027077498,107.70874884916502,789459.1877091734,1804733.7186698408,863.89,27.74248313903809,81.11014941020868,1163364.75,16,89.98456,0,5844.384618979544,19155.97963327764,155.8189903525635,3830.0991404119713,2798.786847981753,0.9220905048237182,23.2,mountain,4G_remote,2500,1200,failed
BTS_00120,16.507390624841538,107.4653716571821,763166.6049324223,1826670.9093420573,4731.04,0.0,81.11014941020868,1163364.75,12,89.98658,0,10993.73897109199,5594.401964815468,34.96674970712809,362.6606649297231,0.0,0.982516625146436,24.9,mountain,5G_macro,1000,10000,failed
BTS_04146,16.412500270357334,107.66041551595508,784137.1034778492,1816429.5968488688,35533.83,0.0,81.11014941020868,1163364.75,14,89.982346,0,9079.976556972157,6397.336904981084,157.55190280501913,524.8127666763291,3702.713809473753,0.9212240485974904,26.0,mountain,4G_remote,2500,1200,failed
BTS_04605,16.488750270044985,107.571248849715,774501.0823399397,1824748.48309203,19659.97,0.0,81.11014941020868,1163364.75,7,89.97503,0,1632.7570806355425,196.4590493691825,6.847283380386404,0.0,2160.521184794044,0.9965763583098068,24.6,mountain,5G_macro,1000,10000,failed
BTS_04430,16.393750270424984,107.824582182035,801710.9968052489,1814590.8347151969,15666.71,0.0,81.11014941020868,1163364.75,10,89.98658,0,7730.048480565163,22478.125529321107,129.43998265032926,9855.271572577978,10271.5955142819,0.9352800086748354,28.3,mountain,4G_remote,2500,1200,failed
BTS_03951,16.527916936554984,107.508748849965,767771.0820577431,1829000.5405259363,20277.22,0.0,81.11014941020868,1163364.75,6,89.95974,0,8149.079909290122,7740.584446697337,21.46968717356303,1224.4493463006547,4290.43064168598,0.9892651564132184,31.4,mountain,4G_remote,2500,1200,failed
BTS_06101,16.39625027041498,107.482082183405,765102.3636662116,1814388.8115625824,2309.56,1.0374130010604858,81.11014941020868,1163364.75,38,89.99633,0,12290.476786626225,12507.289820450378,39.05685230223155,7701.246086491399,9071.378622257149,0.9804715738488844,25.7,mountain,4G_remote,2500,1200,failed
BTS_00509,16.256250271297073,108.06645718096266,827796.5339822886,1799737.9054324669,3846.88,,81.11014941020868,1163364.75,12,89.981995,0,19175.42003901394,2519.9693895861974,42.78684369353182,7268.304211630072,7908.056702148951,0.978606578153234,23.8,mountain,4G_remote,2500,1200,failed
BTS_03025,16.665833602677633,107.3545821838531,751128.7272146918,1844068.9426984848,1544.14,10.454364776611328,81.11014941020868,1163364.75,6,89.95974,5,30596.99433115676,15601.988263018056,3.389660556266477,0.0,6861.231794794828,0.9983051697218668,21.7,mountain,5G_macro,1000,10000,failed
BTS_05823,16.22375027110499,108.040415514505,825063.9828632203,1796096.950466969,630.78,434.45941162109375,81.11014941020868,1163364.75,7,89.98994,0,17048.364343557725,4339.862249322653,169.90670036835357,6805.624527069092,10175.276009783183,0.9150466498158232,36.0,mountain,4G_remote,2500,1200,failed
BTS_06381,16.522916936574983,107.555415516445,772761.8344555391,1828509.6743420884,2272.2,0.0,81.11014941020868,1163364.75,5,89.95974,0,5229.498222758123,4332.358870061452,57.13119372584629,0.0,3407.5667760979222,0.9714344031370769,23.2,mountain,5G_macro,1000,10000,failed
BTS_03181,16.637083602784973,107.42124885031502,758281.158718206,1840971.2699576532,2694.21,72.0088882446289,81.11014941020868,1163364.75,7,89.981995,0,23376.48932216654,9650.16436807008,31.78617072621264,0.0,4959.576335883189,0.9841069146368936,22.3,mountain,5G_macro,1000,10000,failed
BTS_06390,16.157083604704972,107.707082182505,789499.2609461277,1788215.3545279347,1560.1,0.0,81.11014941020868,1163364.75,81,89.99532,0,19138.291339530817,34601.05312315016,17.865161248432322,17.97937890856646,18027.592185346188,0.9910674193757838,30.0,mountain,5G_macro,1000,10000,failed
BTS_02539,16.630416936144982,107.504582183315,767184.480521391,1840342.733192094,908.99,23.40070152282715,81.11014941020868,1163364.75,3,89.979866,0,18175.18484288157,11045.042652835644,5.690702593311485,0.0,12179.765705553416,0.9971546487033442,22.2,mountain,5G_macro,1000,10000,failed
BTS_06063,16.316250270734987,107.980415514745,818494.728160738,1806246.4735551155,3219.94,,81.11014941020868,1163364.75,8,89.99704,5,9429.296904310384,13708.4730193425,0.506565460414582,1729.1227949366505,4165.259246873318,0.9997467172697928,26.9,mountain,4G_remote,2500,1200,failed
BTS_02566,16.593750269624984,107.422915516975,758517.0787282591,1836176.2422075104,654.09,138.10491943359375,81.11014941020868,1163364.75,10,0.0,0,19832.42265883208,5000.787332381451,7.457532450663126,1101.8958463071558,3051.700726479341,0.9962712337746684,39.2,rural,4G_macro,1500,5000,failed
BTS_03779,16.712916935814984,107.386248850455,754445.4001647419,1849321.29357082,418.96,12.548741340637209,81.11014941020868,1163364.75,17,89.99164,0,32294.9740207549,18743.334840006843,192.9169718572441,140.96615743297312,11827.581100477277,0.903541514071378,28.1,mountain,5G_macro,1000,10000,failed
BTS_05887,16.117083604864984,107.347915517275,751120.2201826106,1783315.5031257884,785.71,712.6060791015625,81.11014941020868,1163364.75,618,89.99814,0,45425.416030941175,45622.05070644497,53.49190587582047,43.25302002580269,42327.71387909784,0.9732540470620896,24.9,mountain,5G_macro,1000,10000,failed
BTS_05558,16.41125027035498,107.658748849365,783960.808225312,1816288.8596935496,34886.51,0.0,81.11014941020868,1163364.75,9,89.993095,0,9021.331842062977,6410.300136587252,50.250685345747584,696.254750184952,3769.213627180554,0.9748746573271262,25.3,mountain,4G_remote,2500,1200,failed
BTS_06456,16.405416937044976,107.762915515615,795102.0273770553,1815791.872537567,10125.56,0.0,81.11014941020868,1163364.75,4,89.98763,0,6239.229045541837,15849.920548883252,37.57982116099797,3625.0260822743976,6260.169489935932,0.981210089419501,17.9,mountain,4G_remote,2500,1200,failed
BTS_06446,16.264583604274982,107.876248848495,807435.7727664758,1800365.0357941668,13000.3,0.0,81.11014941020868,1163364.75,10,89.95974,0,1250.282663357065,21873.7607950018,10.717572622676531,9535.615885790996,10299.26067599469,0.9946412136886618,31.9,mountain,4G_remote,2500,1200,failed
BTS_06350,16.228750271084987,107.261248850955,741710.7018526074,1795572.228743865,1703.73,0.0,81.11014941020868,1163364.75,559,89.97749,0,42310.31274998497,40595.05548396792,11.396061184958162,24.653651136994277,35735.112806664285,0.9943019694075208,27.4,mountain,5G_macro,1000,10000,failed
BTS_01994,16.49541693668498,107.620415516185,779743.4847627515,1825554.1810324143,7822.44,0.0,81.11014941020868,1163364.75,4,89.97749,0,3049.3170946009686,4015.5694707801777,14.641202164615317,0.0,2802.5494554313223,0.9926793989176924,22.1,mountain,5G_macro,1000,10000,failed
BTS_04104,16.417083603664974,107.657915516035,783863.2795794572,1816933.5551424357,35816.09,0.0,81.11014941020868,1163364.75,14,89.981995,0,8567.425615687765,5829.613820071752,24.53198559841045,571.6986203621418,4227.3475627843545,0.9877340072007949,37.9,mountain,4G_remote,2500,1200,failed
BTS_06477,16.28458360419498,107.969582181455,817387.231058298,1802722.6754902385,6576.23,0.0,81.11014941020868,1163364.75,8,89.96817,0,8977.120151106546,12814.548625974612,152.52793219630843,1502.94174423597,6471.150869295821,0.9237360339018458,27.5,mountain,4G_remote,2500,1200,failed
BTS_06353,16.191250271234985,107.716248849135,790430.1861225567,1792011.285309473,5437.56,,81.11014941020868,1163364.75,64,89.990906,0,15346.374308563054,31244.39651732708,9.642485807427713,443.7595169710259,14121.061702300776,0.995178757096286,25.0,mountain,4G_remote,2500,1200,failed
BTS_01466,16.491607413848392,107.55327265885954,772576.9012048882,1825040.4153941933,11966.6,0.0,81.11014941020868,1163364.75,3,89.95974,0,1996.5388591410203,2011.4877784679677,15.873980612941722,0.0,363.6259734631635,0.9920630096935292,27.1,mountain,5G_macro,1000,10000,failed
BTS_03361,16.170416938393608,107.72666551582698,791575.2985895405,1789719.3310030082,3906.79,,81.11014941020868,1163364.75,73,89.998405,0,16912.23926438906,33785.006109187096,85.6704378172806,52.99006737212701,16107.61964165642,0.9571647810913596,27.7,mountain,5G_macro,1000,10000,failed
BTS_04780,16.24750027101725,107.6929155158242,787851.9182343344,1798206.4332220498,1718.24,14.495012283325195,81.11014941020868,1163364.75,48,89.99288,0,11348.536984464248,24552.6547014454,114.95397210657258,7048.86392998545,9014.410543778156,0.9425230139467136,31.2,mountain,4G_remote,2500,1200,failed
BTS_03829,16.40458360371499,107.596248849615,777291.1975820966,1815464.1625626136,9175.62,0.0,81.11014941020868,1163364.75,11,89.98752,0,6228.546534867242,6841.431976311887,5.960734256661306,2738.404072834974,4395.993213191727,0.9970196328716694,28.7,mountain,4G_remote,2500,1200,failed
BTS_04251,16.432083603604983,107.735415515725,792123.0273595222,1818704.6912004072,9273.15,0.0,81.11014941020868,1163364.75,9,89.95499,5,8525.061737192289,12121.553429181886,2.443216365328273,2136.1084662315234,2131.8457483267694,0.998778391817336,30.7,mountain,4G_remote,2500,1200,failed
BTS_05956,16.272916937574983,107.985415514725,819099.673555196,1801455.3535426948,3202.43,0.0,81.11014941020868,1163364.75,5,89.98847,0,10483.536160228152,10748.977125149358,66.07403015094548,290.2779199521092,5989.916183103216,0.9669629849245271,28.0,mountain,5G_macro,1000,10000,failed
BTS_00022,16.396250270828677,107.7266655158268,791241.3881559793,1814724.4361952173,1716.28,,81.11014941020868,1163364.75,5,89.969986,5,4679.118658506938,12873.0114388018,4.051312273254744,0.0,2754.0191421529184,0.9979743438633726,27.5,mountain,5G_macro,1000,10000,failed
BTS_01216,16.43375027028471,107.60624884939224,778318.3163723892,1818707.080932076,68902.05,1203.630126953125,81.11014941020868,1163364.75,20,89.99228,0,3393.6026126320257,3521.505987454552,109.10586532820476,510.1592944004632,1388.229756501969,0.9454470673358976,33.2,mountain,4G_remote,2500,1200,failed
BTS_04624,16.30375027078498,107.764582182275,795433.2266168911,1804537.0293213464,9178.05,,81.11014941020868,1163364.75,7,89.978165,0,2681.0938674684376,22763.19550746547,6.310527367996105,3078.2690588492,1493.9002245582828,0.996844736316002,36.0,mountain,4G_remote,2500,1200,failed
BTS_00013,16.516250269934975,107.715415515805,789860.4655814364,1827995.2138621523,8514.2,,81.11014941020868,1163364.75,18,89.983284,0,13147.450663600364,11470.612274911162,140.0948897822646,4624.965989084018,6934.615355713128,0.9299525551088677,33.6,mountain,4G_remote,2500,1200,failed
BTS_06404,16.680416935944983,107.417082183665,757778.4171323325,1845763.0719814692,3734.01,281.193115234375,81.11014941020868,1163364.75,3,89.982346,0,27458.05329325587,14443.446617293452,57.41396291635071,96.01450675385284,9175.899373592783,0.9712930185418246,23.6,mountain,5G_macro,1000,10000,failed
BTS_06356,16.452083603524976,107.516248849935,768676.7517722636,1820615.0551902263,12544.91,1.5401129722595217,81.11014941020868,1163364.75,47,89.99682,0,5677.325015956226,6323.25274945291,64.66531350926047,1254.1771987046038,3513.9111471205388,0.9676673432453696,38.0,mountain,4G_remote,2500,1200,failed
BTS_00104,16.475416937812806,107.6927488485494,787499.7518398348,1823441.523862208,7921.39,0.0,81.11014941020868,1163364.75,6,89.909966,0,9984.307230551723,7388.424959042852,43.0361048656955,3446.6763911243825,3681.894611936836,0.9784819475671522,23.9,mountain,4G_remote,2500,1200,failed
BTS_06150,16.41291693701498,107.588748849645,776477.9173940367,1816376.5321959944,19410.33,0.0,81.11014941020868,1163364.75,18,89.99307,0,5259.545437641035,6199.702140031745,45.89454626448864,1731.5104624315993,4221.867484336527,0.9770527268677556,33.3,mountain,4G_remote,2500,1200,failed
BTS_00416,16.516250270351108,107.30333218417636,745850.3107292149,1827446.887556471,691.77,498.22845458984375,81.11014941020868,1163364.75,18,89.96817,0,28097.74565076044,15191.04952617052,68.57375599221231,38.37158345949688,7054.514790467351,0.9657131220038938,25.6,mountain,5G_macro,1000,10000,failed
BTS_02216,16.558750269764978,107.507915516635,767639.5160359696,1832412.975402633,21015.49,0.0,81.11014941020868,1163364.75,3,89.98818,0,10869.219151331336,7218.237543199123,32.736019771631845,881.1393184555095,5999.978562840316,0.983631990114184,30.2,mountain,4G_remote,2500,1200,failed
BTS_03304,16.48291693673499,107.609582182895,778604.1946351579,1824155.2182640228,14716.95,0.0,81.11014941020868,1163364.75,7,89.982346,5,1285.1853834128658,3106.686117998961,2.718362588174824,0.0,1878.573266162956,0.9986408187059126,24.8,mountain,5G_macro,1000,10000,failed
BTS_06482,16.332083604004985,108.021248847915,822835.675563664,1808064.3030304487,201.78,174.9097900390625,81.11014941020868,1163364.75,7,89.997826,0,13235.472661007869,12211.684790130355,21.748078290131456,2608.681303989951,0.0,0.9891259608549344,27.7,mountain,4G_macro,1500,5000,failed
BTS_06195,16.450416936864976,107.570415516385,774466.0823003404,1820503.3339950887,17916.53,0.0,81.11014941020868,1163364.75,4,89.979866,0,1714.9834081331835,1854.415646207078,58.19452165700314,64.52508593926571,2061.192199011156,0.9709027391714984,24.3,mountain,5G_macro,1000,10000,failed
BTS_03124,16.428750270284976,107.793748848825,798361.8429146397,1818420.7430706625,17160.62,0.0,81.11014941020868,1163364.75,13,89.98499,5,10186.951817540716,18289.036849061944,0.0292194666922077,7642.088852398954,7563.763221898023,0.999985390266654,28.9,mountain,4G_remote,2500,1200,failed
BTS_02247,16.64104193734935,107.42770718306156,758965.1133554694,1841417.832098324,1799.08,105.2541046142578,81.11014941020868,1163364.75,2,89.97503,0,23277.432008235643,9959.535852612353,37.460744232049976,0.0,5723.098583734837,0.981269627883975,24.9,mountain,5G_macro,1000,10000,failed
BTS_06374,16.49375027002499,107.686248849255,786778.3034644462,1825462.1798327616,8073.94,4.654839038848877,81.11014941020868,1163364.75,10,89.95974,0,9474.146216645217,7508.586421691801,394.8490414693139,2140.455027159574,5647.94704579138,0.802575479265343,24.3,mountain,4G_remote,2500,1200,failed
BTS_06347,16.295416937484983,107.983748848065,818884.9743694915,1803944.5054199975,6061.53,0.0,81.11014941020868,1163364.75,9,89.978165,0,10746.797431686384,12052.908361825404,14.03140098760058,701.7269284151824,4566.168291927745,0.9929842995061996,30.2,mountain,4G_remote,2500,1200,failed
BTS_06430,16.45625027017498,107.768748848925,795648.4872776982,1821429.0632714687,9230.32,0.0,81.11014941020868,1163364.75,7,89.95499,0,11714.363760444365,15300.756294982935,16.560200779837054,5537.577225366899,4588.052024985649,0.9917198996100814,31.2,mountain,4G_remote,2500,1200,failed
BTS_03563,16.47958360341498,107.668748849325,784929.6441203286,1823868.8128664205,9357.01,0.0,81.11014941020868,1163364.75,6,89.983284,0,7424.749458253969,5119.081146371062,5.664580907665575,1549.7117595480236,5983.759213358072,0.9971677095461672,38.4,mountain,4G_remote,2500,1200,failed
BTS_06006,16.37458360383498,107.862082181885,805749.3367381603,1812524.5966797972,15090.34,0.0,81.11014941020868,1163364.75,9,89.909966,0,3221.6877621335434,26968.17583119881,75.69863025969535,5324.87451344753,5736.566300200027,0.9621506848701524,27.5,mountain,4G_remote,2500,1200,failed
BTS_06464,16.273750270904973,107.202082184525,735329.9434888946,1800484.208461762,1329.18,8.886634826660156,81.11014941020868,1163364.75,582,89.99394,0,44625.527793674,39981.678060530365,112.3111257668524,77.3400437673881,33959.36357702792,0.9438444371165738,22.8,mountain,5G_macro,1000,10000,failed
BTS_06416,16.432916936934976,107.631248849475,780990.8174249767,1818649.3818911947,11027.53,156.2034454345703,81.11014941020868,1163364.75,23,89.997536,5,5229.645190727367,3004.529222813628,1.6585107256927278,0.0,1069.83300696656,0.9991707446371536,17.6,mountain,5G_macro,1000,10000,failed
BTS_06447,16.498750270004987,107.367915517195,752769.75985157,1825589.615391556,972.32,0.0,81.11014941020868,1163364.75,15,89.95974,0,20998.027618675827,9751.741128501111,24.58930414248009,0.0,3860.935371632828,0.98770534792876,24.8,mountain,5G_macro,1000,10000,failed
BTS_06453,16.355416937244982,107.403748850385,756785.1342384133,1809767.7209205283,13.8,13.79857063293457,81.11014941020868,1163364.75,189,89.998344,0,21656.79966614839,21933.4167564943,87.46729209816785,2854.481243230595,16121.006620463251,0.956266353950916,35.6,mountain,4G_remote,2500,1200,failed
BTS_00256,16.469166936797414,107.57791551628723,775240.8976879844,1822589.4213096525,201728.05,217.15870666503903,81.11014941020868,1163364.75,11,89.93634,0,760.3657113575075,542.8616546455353,9.764122170613202,370.46821757059473,2982.200203953712,0.9951179389146934,23.0,mountain,4G_remote,2500,1200,failed
BTS_00179,16.521250270331322,107.47916551681064,764620.9231954144,1828223.3459315528,8290.69,0.0,81.11014941020868,1163364.75,9,89.98752,0,10256.29526770629,5333.423708371905,17.532310524826375,0.0,1047.2486211448547,0.9912338447375868,26.0,mountain,5G_macro,1000,10000,failed
BTS_05694,16.431250270274983,107.799582182135,798981.4110631347,1818706.1825717697,16301.35,0.0,81.11014941020868,1163364.75,10,89.98658,0,10787.407783207858,18853.8875339472,60.53741730124695,8323.390771503107,8085.783351824485,0.9697312913493764,33.1,mountain,4G_remote,2500,1200,failed
BTS_06382,16.506250269974984,107.484582183395,765219.8743462624,1826569.8617134104,26383.98,0.0,81.11014941020868,1163364.75,7,89.9852,0,9020.730719487072,6898.285981544357,10.377472506233158,928.3132469534448,1637.2805238683832,0.9948112637468834,34.5,mountain,4G_remote,2500,1200,failed
BTS_02333,16.712083602484984,107.362082183885,751868.3725892971,1849198.3032133544,885.63,11.049812316894531,81.11014941020868,1163364.75,5,89.98763,0,33796.58465195626,19612.647162383942,36.37109414778914,79.25929307462519,11731.03467524026,0.9818144529261056,28.8,mountain,5G_macro,1000,10000,failed
BTS_02156,16.46069471491972,107.63985996094368,781870.7985782276,1821736.874953504,3062.77,0.0,81.11014941020868,1163364.75,3,89.98456,0,4688.311818002998,1529.8901740647805,15.65198864895387,0.0,2968.522082491869,0.992174005675523,21.4,mountain,5G_macro,1000,10000,failed
BTS_06164,16.567083603064983,107.52374884990502,769318.5430935,1833356.736194021,3484.57,0.0,81.11014941020868,1163364.75,6,89.93634,0,10897.988950134468,9026.252906499474,16.30228971965714,0.0,7878.283226682528,0.9918488551401714,28.9,mountain,5G_macro,1000,10000,failed
BTS_02731,16.554583603114978,107.442915516895,760704.8664448203,1831866.1939673596,1933.11,0.0,81.11014941020868,1163364.75,8,89.981995,0,15490.841575732518,375.678684491268,33.65060090285805,0.0,1678.0212265517018,0.983174699548571,18.8,mountain,5G_macro,1000,10000,failed
BTS_02200,16.545416936484983,107.669582182655,784922.069239638,1831159.135109434,13781.59,,81.11014941020868,1163364.75,8,89.99443,0,10674.520608420407,10610.931392269878,23.43914112158699,1481.6192031471635,2755.6185533490825,0.9882804294392064,25.2,mountain,4G_remote,2500,1200,failed
BTS_06169,16.298750270804977,108.007082181305,821375.1933395164,1804350.304859844,5836.74,,81.11014941020868,1163364.75,6,89.95974,0,12819.43559232931,10282.95838759062,120.82494247384956,624.4533636913288,2311.4712132368795,0.9395875287630752,32.3,mountain,4G_remote,2500,1200,failed
BTS_00339,16.132916938134983,107.334582183995,749673.640187992,1785051.9638478754,901.68,,81.11014941020868,1163364.75,586,89.99138,0,44736.49421918288,44937.4041553636,63.87939545953165,45.90819802220475,41597.81632659613,0.9680603022702342,24.3,mountain,5G_macro,1000,10000,failed
BTS_04864,16.543750269824983,107.529582183215,769973.8994591171,1830781.3119451413,14709.84,0.0,81.11014941020868,1163364.75,5,89.97503,0,8284.940550457995,7715.297638824234,22.59266184758675,1258.347927909804,5977.000042774287,0.9887036690762068,32.1,mountain,4G_remote,2500,1200,failed
BTS_02862,16.516250269934975,107.599582182935,777488.3657508057,1827831.9581063744,27336.88,0.0,81.11014941020868,1163364.75,2,89.978165,0,4359.77949072529,4416.435639834457,180.25731618205924,992.1251828176904,2615.6463276297104,0.9098713419089705,29.0,mountain,4G_remote,2500,1200,failed
BTS_01048,16.57291693637498,107.617082182865,779275.806089676,1834130.1567824609,3275.48,,81.11014941020868,1163364.75,0,0.0,0,10802.287059747368,10688.239745546734,104.51799410732328,181.14007118290144,3422.5921967891563,0.9477410029463385,27.6,urban,5G_macro,1000,10000,failed
BTS_00798,16.513750269944975,107.516248849935,768591.6271303047,1827442.148028069,22464.7,0.0,81.11014941020868,1163364.75,4,89.97153,0,6501.5919194972375,6602.287679091296,29.05735543061318,548.6776000029704,3801.635754555533,0.9854713222846934,38.4,mountain,4G_remote,2500,1200,failed
BTS_03260,16.71541693580497,107.408748850365,756842.406490204,1849626.9554382733,1195.61,466.4693298339844,81.11014941020868,1163364.75,11,89.95974,0,31186.809374594384,18415.159598745613,7.70452472828292,649.3748727283656,12588.5706860615,0.9961477376358584,42.8,mountain,4G_remote,2500,1200,failed
BTS_00249,16.34625027061498,107.522915516575,769534.7407470595,1808907.1885322048,4837.21,32.921775817871094,81.11014941020868,1163364.75,22,89.99168,5,14231.463912125628,14408.41394163378,3.3082080211989275,10064.288421911122,11420.601164477606,0.9983458959894004,30.1,mountain,4G_remote,2500,1200,failed
BTS_02153,16.492916936694982,107.543748849825,771557.7845411744,1825172.5412183632,5079.14,0.0,81.11014941020868,1163364.75,5,89.969986,0,2769.804051068321,3034.612228385467,12.96926610112485,14.825645979958718,209.52204589340928,0.9935153669494377,20.1,mountain,5G_macro,1000,10000,failed
BTS_04349,16.67958360261499,107.407082183705,756712.5153857383,1845657.917629303,2478.72,0.0,81.11014941020868,1163364.75,7,89.978165,0,28003.77969462716,14577.883072398903,12.90858216189409,18.878509122278597,8798.496156142195,0.9935457089190528,21.7,mountain,5G_macro,1000,10000,failed
BTS_05127,16.46708360346498,107.778748848885,796700.500316589,1822643.2953880855,5599.38,,81.11014941020868,1163364.75,11,89.98594,0,13191.59487536168,16386.226007356792,224.17274294990517,6793.865762962286,5920.5988974677,0.8879136285250474,36.1,mountain,4G_remote,2500,1200,failed
BTS_05425,16.35375027058498,107.134582184795,728020.8353518612,1809262.2645872624,1103.17,332.31793212890625,81.11014941020868,1163364.75,606,89.99117,0,47754.87227963626,39379.26862290169,45.60296000981286,2.107062536963676,31946.00678466375,0.9771985199950936,18.2,mountain,5G_macro,1000,10000,failed
BTS_05606,16.58375026966499,107.428748850285,759153.1958530364,1835076.7324722088,480.91,0.0,81.11014941020868,1163364.75,10,0.0,0,18641.23157696658,3743.4129896237073,60.84390125345625,0.0,3893.38252347908,0.969578049373272,23.8,urban,5G_macro,1000,10000,failed
BTS_01310,16.48902804814049,107.6315266276444,780939.5885611672,1824862.2714478308,7766.84,0.0,81.11014941020868,1163364.75,3,89.97749,0,3695.478483512494,3330.6827131820583,30.42226499113293,0.0,3967.9795271648095,0.9847888675044336,24.6,mountain,5G_macro,1000,10000,failed
BTS_02460,16.6940836028237,107.39408218485391,755306.1294429381,1847246.4182807552,1764.55,73.44723510742188,81.11014941020868,1163364.75,9,89.93634,0,30119.82542089311,16502.56414961477,53.81251134658154,0.0,9904.899989869178,0.9730937443267093,28.6,mountain,5G_macro,1000,10000,failed
BTS_03088,16.485416937147612,107.6682488491652,784867.688755478,1824513.978238214,10389.91,0.0,81.11014941020868,1163364.75,7,89.97503,5,7425.629186241864,5385.628681170485,1.2306380890629036,1083.6110024797,6389.110172768514,0.9993846809554684,28.4,mountain,4G_remote,2500,1200,failed
BTS_06418,16.27708360422497,107.960415514825,816418.803576301,1801877.864678253,6768.4,0.0,81.11014941020868,1163364.75,6,89.981995,0,7865.330559752406,13415.117279494414,167.39830811191484,2734.237410733548,7739.753221794111,0.9163008459440426,25.3,mountain,4G_remote,2500,1200,failed
BTS_01502,16.2494169382536,107.25374885164392,740883.4791013664,1797850.9778217024,2115.82,0.0,81.11014941020868,1163364.75,566,89.98994,5,41521.77541332744,38997.439146246215,3.5674681375468724,0.0,33873.943125562044,0.9982162659312266,27.3,mountain,5G_macro,1000,10000,failed
BTS_03888,16.462916936814988,107.619582182855,779701.1703177164,1821954.7172790773,4706.17,0.0,81.11014941020868,1163364.75,5,89.983284,0,2660.852316713282,745.7589263076878,42.97343236445807,0.0,2384.085284575668,0.9785132838177708,24.3,mountain,5G_macro,1000,10000,failed
BTS_02173,16.609583603313332,107.55166551652238,772239.4200308095,1838099.7107854448,1812.8,0.0,81.11014941020868,1163364.75,6,89.991,0,14810.988711547556,13457.815017272796,15.62827410282994,0.0,11424.734199457427,0.992185862948585,31.2,mountain,5G_macro,1000,10000,failed
BTS_05113,16.44291693689498,107.714582182475,789880.6672387305,1819874.226812921,3037.7,0.0,81.11014941020868,1163364.75,8,89.99338,0,10005.367488153068,9684.353763587456,9.387966233942636,0.0,742.1382975935851,0.9953060168830288,15.6,mountain,5G_macro,1000,10000,failed
BTS_03837,16.522500269917504,107.47458218336992,764129.7499993123,1828355.708599097,7910.07,0.0,81.11014941020868,1163364.75,18,89.98946,0,10752.080883045388,4872.393979056046,55.07257637494863,0.0,675.127991264769,0.9724637118125256,23.5,mountain,5G_macro,1000,10000,failed
BTS_02882,16.262083604284967,107.884582181795,808331.0488935276,1800100.756488063,12658.66,0.0,81.11014941020868,1163364.75,9,89.97878,0,662.7472915643569,20952.805966346303,15.00178448372129,9561.980687394222,10278.950390542946,0.9924991077581392,33.5,mountain,4G_remote,2500,1200,failed
BTS_00474,16.53375026986498,107.527082183225,769720.8460086421,1829670.846599477,20382.07,0.0,81.11014941020868,1163364.75,6,89.93634,0,7436.795880483412,7021.232516194516,145.8689010054255,815.7144878381127,5028.07128847186,0.9270655494972871,34.3,mountain,4G_remote,2500,1200,failed
BTS_05554,16.510416936624974,107.722082182445,790581.2877904989,1827358.930011803,5654.92,,81.11014941020868,1163364.75,11,89.9926,0,13631.625065745371,11749.642775195378,10.561207316621289,5256.136128628919,6286.602486469893,0.9947193963416894,29.1,mountain,4G_remote,2500,1200,failed
BTS_04366,16.272083604244976,107.680415515945,786479.2552643223,1800910.7447224208,1270.85,3.576413154602051,81.11014941020868,1163364.75,56,89.99781,0,10400.8638924403,21563.58460788276,72.54266857229864,8556.340128620543,7582.361484593928,0.9637286657138506,37.8,mountain,4G_remote,2500,1200,failed
BTS_00469,16.4158336036774,107.58041551627716,775583.2963185564,1816688.088861048,23658.08,0.0,81.11014941020868,1163364.75,14,89.99117,0,5023.737747797653,5705.359272714528,41.56253139177202,1410.43883850615,4651.472118858633,0.979218734304114,40.0,mountain,4G_remote,2500,1200,failed
BTS_04518,16.265416937604982,107.223748851105,737656.4123331323,1799586.8925038478,4080.42,0.0,81.11014941020868,1163364.75,562,89.98908,0,43132.43722243027,39288.26610599419,114.75112989112088,111.20738785700917,33619.36116366028,0.9426244350544396,20.7,mountain,5G_macro,1000,10000,failed
BTS_01868,16.504583603314977,107.547082183145,771897.5144537808,1826468.674504327,1688.03,0.0,81.11014941020868,1163364.75,6,89.98456,0,3571.5143081369497,3254.0954059477203,16.189495269621595,0.0,1300.8242914500277,0.9919052523651892,18.4,mountain,5G_macro,1000,10000,failed
BTS_02285,16.387916937114976,107.700415515865,788448.080859647,1813764.2123061847,3024.74,0.0,81.11014941020868,1163364.75,18,89.96817,0,5309.987368838259,11258.733042031778,45.53015042287256,989.7361506237175,0.0,0.9772349247885636,28.1,mountain,5G_macro,1000,10000,failed
BTS_04052,16.318750270724983,107.959582181495,816262.71825608,1806490.8554989763,1780.71,509.7958984375,81.11014941020868,1163364.75,19,89.99765,5,7280.72550808301,15642.388528654294,0.8553262139178978,2482.130555185015,6309.404277054297,0.999572336893041,32.8,mountain,4G_remote,2500,1200,failed
BTS_00968,16.46375027014498,107.707082182505,789048.3714233583,1822170.227074607,7048.48,0.0,81.11014941020868,1163364.75,7,89.990234,0,11606.145226084476,8719.549500408079,75.4789315641723,1573.9347719284028,1686.0516520490314,0.9622605342179138,25.8,mountain,4G_remote,2500,1200,failed
BTS_03077,16.5554169368621,107.51583218333155,768489.4442367253,1832054.509942193,18829.86,0.0,81.11014941020868,1163364.75,3,89.981995,0,10113.499002463335,8033.551945409907,69.95290899503644,1177.798414752421,6392.416786238036,0.9650235455024818,20.3,mountain,4G_remote,2500,1200,failed
BTS_05759,16.51125026995498,107.596248849615,777139.4835698977,1827273.7872700293,41589.94,0.0,81.11014941020868,1163364.75,4,89.984085,0,3820.074478906273,3770.101474497996,21.1297704485232,553.9078443312172,2007.94747038799,0.9894351147757384,24.8,mountain,4G_remote,2500,1200,failed
BTS_03655,16.50041693666498,107.431248850275,759531.6115198674,1825854.620541831,2451.19,0.0,81.11014941020868,1163364.75,8,89.98594,0,14336.46032187008,5794.62512748704,41.278602142776165,0.0,3226.873308525536,0.979360698928612,27.4,mountain,5G_macro,1000,10000,failed
BTS_00171,16.35097249625293,107.733285885994,792016.4505948601,1809720.580667709,18565.01,0.0,81.11014941020868,1163364.75,7,89.95974,5,581.5064881702256,16640.075123325303,0.2896865234865151,720.8958150194625,2570.0415234559264,0.9998551567382568,28.1,mountain,4G_remote,2500,1200,failed
BTS_06201,16.422083603644975,107.692082182565,787507.1525476938,1817535.3801527768,27129.49,0.0,81.11014941020868,1163364.75,7,89.984085,0,8814.231081703154,8224.416112652576,27.309111275902023,1020.4147673771096,2839.41766483759,0.986345444362049,34.3,mountain,4G_remote,2500,1200,failed
BTS_00649,16.392083603764984,107.780415515545,796992.6521149322,1814341.062067852,8237.97,,81.11014941020868,1163364.75,6,89.984085,5,6218.355533984103,18151.96580581798,4.198567697271249,5414.678919168195,8366.401812864631,0.9979007161513644,30.2,mountain,4G_remote,2500,1200,failed
BTS_06470,16.583750269664982,107.426248850295,758886.3054982299,1835073.5031388616,485.59,34.98183822631836,81.11014941020868,1163364.75,9,89.984085,0,18847.504999132678,3842.5022639171702,59.65076586236066,0.0,3634.5794910696095,0.9701746170688196,25.6,mountain,5G_macro,1000,10000,failed
BTS_03889,16.664583602695437,107.32541551720198,748018.112077308,1843894.0970008352,2008.81,0.0,81.11014941020868,1163364.75,6,89.98763,0,32844.19237802344,17517.851326072687,6.718374207327236,0.0,8234.518220822318,0.9966408128963364,31.1,mountain,5G_macro,1000,10000,failed
BTS_05442,16.36041693722498,107.912915515015,811206.163707383,1811033.0635061832,1039.39,,81.11014941020868,1163364.75,9,89.982346,0,2064.212939535897,22400.975204320966,90.01318792010582,866.9088095970593,761.2659851008644,0.9549934060399472,30.9,mountain,5G_macro,1000,10000,failed
BTS_03461,16.23625027146533,108.08166551441565,829456.9582781506,1797547.3072182434,8030.12,0.0,81.11014941020868,1163364.75,9,89.99006,0,21047.60131081791,327.2553861188153,8.297717005812252,9547.293500391545,10656.728357762428,0.995851141497094,26.0,mountain,4G_remote,2500,1200,failed
BTS_04727,16.41208360368498,107.650415516065,783069.0431134494,1816369.4595918392,30048.75,0.0,81.11014941020868,1163364.75,12,89.97503,0,8274.31713968176,5881.956758680421,31.63164738556928,1512.8331743948188,4096.369250931138,0.9841841763072152,30.9,mountain,4G_remote,2500,1200,failed
BTS_02544,16.466250270134978,107.610415516225,778717.0735492466,1822311.0959344625,22778.68,0.0,81.11014941020868,1163364.75,1,89.99006,0,1670.9600105697068,1785.9523537631624,32.45568413193023,61.06938486368527,2883.309467716832,0.9837721579340348,22.0,mountain,5G_macro,1000,10000,failed
BTS_06443,16.379583603814982,107.799582182135,799060.4268740512,1812985.109111949,6338.13,,81.11014941020868,1163364.75,5,89.979866,0,7200.053413161881,20593.30459048279,9.699531286218088,7053.941362097949,8581.591815673562,0.995150234356891,32.6,mountain,4G_remote,2500,1200,failed
BTS_04705,16.29625027081498,107.857082181905,805336.583240283,1803842.8635240048,2808.52,,81.11014941020868,1163364.75,0,89.99635,0,4573.4420016117565,24602.40364746063,20.94145414418922,7506.260479681219,8374.442990945254,0.9895292729279054,33.2,mountain,4G_remote,2500,1200,failed
BTS_01578,16.580416936762706,107.6008321829936,777529.9564376452,1834937.979627513,7642.59,656.305908203125,81.11014941020868,1163364.75,11,89.99749,0,11465.725746466476,10809.03491190651,24.21625495919264,396.04594670864776,5278.127786067277,0.9878918725204036,24.7,mountain,4G_remote,2500,1200,failed
BTS_03638,16.430416936944983,107.603748849585,778055.936253066,1818334.5906659917,56895.14,0.0,81.11014941020868,1163364.75,26,89.9921,0,3626.366867622325,3977.128869877831,72.06769983066505,658.3701023524242,1786.2953787972351,0.9639661500846676,22.2,mountain,4G_remote,2500,1200,failed
BTS_01454,16.477916936754983,107.756248848975,794280.1176274936,1823809.9024861276,7644.86,0.0,81.11014941020868,1163364.75,10,89.981995,0,13760.117813134004,14108.225631099302,14.984812629145722,5069.775546640278,4468.608615265186,0.9925075936854272,34.2,mountain,4G_remote,2500,1200,failed
BTS_01375,16.565833603077603,107.32958218395378,748589.8765887289,1832967.861881337,476.31,0.0,81.11014941020868,1163364.75,16,89.98847,5,26838.987718210985,11962.115384184017,0.4206529131228658,0.0,4783.143913093022,0.9997896735434386,27.9,mountain,5G_macro,1000,10000,failed
BTS_05310,16.279583604214984,107.221248851115,737372.0758985255,1801152.0645447392,4487.56,0.0,81.11014941020868,1163364.75,577,89.909966,0,42532.34455884992,38196.145714159946,18.82342649623515,0.0,32375.230458683043,0.9905882867518824,24.1,mountain,5G_macro,1000,10000,failed
BTS_02038,16.657916936034987,107.326248850695,748115.6281976254,1843157.1454569057,1731.07,26.28153610229492,81.11014941020868,1163364.75,2,89.982346,0,32311.352680598768,16936.309807115573,98.5022494038296,125.03233967453272,7614.012363144795,0.9507488752980852,26.4,mountain,5G_macro,1000,10000,failed
BTS_02878,16.454583603514987,107.542915516495,771522.2215498092,1820927.4795128016,9766.45,0.0,81.11014941020868,1163364.75,6,89.98576,0,3227.843257907674,3531.809298708617,5.5516542032313,260.38997525753774,872.0682586280246,0.9972241728983844,24.9,mountain,5G_macro,1000,10000,failed
BTS_06389,16.268750270924983,107.982915514735,818838.9899461153,1800990.0114073746,7103.39,0.0,81.11014941020868,1163364.75,11,89.98883,5,10199.058963273072,10838.398230179106,0.6606903133688871,501.6099822079337,6515.060522796817,0.9996696548433156,35.7,mountain,4G_remote,2500,1200,failed
BTS_02111,16.562083603084982,107.481248850075,764787.6382699847,1832746.6478089984,1946.6,0.0,81.11014941020868,1163364.75,7,89.96817,0,12911.360901807782,4474.047310020752,8.663836107721846,0.0,4735.03763056626,0.9956680819461392,26.5,mountain,5G_macro,1000,10000,failed
BTS_04055,16.479583603414977,107.479582183415,764722.155444558,1823611.0957248816,605.33,0.0,81.11014941020868,1163364.75,7,89.983284,0,8930.133960366058,9025.795171720383,11.375046752305156,13.116499155038936,980.7809088720118,0.9943124766238476,20.2,mountain,5G_macro,1000,10000,failed
BTS_01106,16.563750269744983,107.329582184015,748592.5513972952,1832737.242193392,480.69,0.0,81.11014941020868,1163364.75,13,89.98727,0,26754.75643161952,11934.753366355826,51.1928044257769,0.3420068252563909,4671.09531056121,0.9744035977871116,21.5,mountain,5G_macro,1000,10000,failed
BTS_06212,16.380416937144982,107.482915516735,765212.8616523229,1812637.049599028,2661.79,0.0,81.11014941020868,1163364.75,40,89.99424,0,13396.27057791085,13609.35882847322,37.61684646775158,8888.45073634175,10172.415585015013,0.9811915767661242,36.3,mountain,4G_remote,2500,1200,failed
BTS_02565,16.36152804865108,107.48319329490135,765268.108810842,1810546.2936487503,3540.04,0.0,81.11014941020868,1163364.75,40,89.99572,0,14928.093037103532,15135.44818035973,12.35392565679354,7989.440002263565,11742.765662999696,0.9938230371716033,26.0,mountain,4G_remote,2500,1200,failed
BTS_05911,16.12291693817497,107.390415517105,755660.5304594196,1784013.4728308867,2168.58,55.28571701049805,81.11014941020868,1163364.75,496,89.996056,0,42629.16601418808,42817.34136922101,98.2300459537114,485.8762539583291,39621.63194578335,0.9508849770231445,26.9,mountain,4G_remote,2500,1200,failed
BTS_06172,16.347083603944984,107.725415515765,791180.8343623376,1809278.6942412409,17482.04,0.0,81.11014941020868,1163364.75,8,89.98576,0,1493.107799811566,16394.229574332858,26.666616101205378,1384.747188897946,2284.3199993967164,0.9866666919493972,29.7,mountain,4G_remote,2500,1200,failed
BTS_03328,16.55291693645499,107.467082183465,763287.5057639906,1831713.2050495248,3789.73,0.0,81.11014941020868,1163364.75,6,89.978165,0,13311.552744523966,2820.6539192532296,9.523017263721457,0.0,3470.3771910795635,0.9952384913681392,25.3,mountain,5G_macro,1000,10000,failed
BTS_04578,16.38791693711499,107.856248848575,805104.9624070143,1813992.28091942,13662.36,0.0,81.11014941020868,1163364.75,10,89.909966,5,4440.279964199348,25894.44986901096,2.6912286075087843,6698.198103218293,7010.115206427201,0.9986543856962457,35.3,mountain,4G_remote,2500,1200,failed
BTS_05462,16.284583604194975,107.215415517805,736742.4343889821,1801698.7302188925,2385.39,107.74903869628906,81.11014941020868,1163364.75,571,89.981995,0,42791.37673660332,38150.59989629656,41.123844636791645,47.85112893930945,32202.84451097171,0.9794380776816042,25.3,mountain,5G_macro,1000,10000,failed
BTS_03298,16.425416937379293,107.67166551604544,785320.4955495261,1817875.5558227447,6633.12,0.0,81.11014941020868,1163364.75,3,89.979866,0,9381.44564739576,6202.940274520013,73.96121716004235,147.63570571638647,3864.78876578013,0.9630193914199788,28.8,mountain,5G_macro,1000,10000,failed
BTS_04848,16.280416937544985,107.857915515235,805450.2534354995,1802090.819582942,5786.82,0.0,81.11014941020868,1163364.75,18,89.99459,0,3490.0455284811355,24105.67297267161,71.83071713467298,8828.948478625642,9678.410919552034,0.9640846414326636,33.3,mountain,4G_remote,2500,1200,failed
BTS_04994,16.294583604154983,107.354582183915,751608.1095316241,1802972.17137008,492.21,,81.11014941020868,1163364.75,84,89.909966,0,29965.779273543794,29942.105162522315,13.89193682045033,0.0,24502.264651146925,0.9930540315897748,24.4,mountain,5G_macro,1000,10000,failed
BTS_01127,16.473750270104983,107.632082182805,781020.9957522799,1823171.5191897536,1378.17,0.0,81.11014941020868,1163364.75,3,89.981995,0,3518.3808636334143,1723.658484912506,71.32723820151729,65.40701865347168,3863.266946459091,0.9643363808992412,26.7,mountain,5G_macro,1000,10000,failed
BTS_04035,16.169583604654974,107.725415515765,791442.7675515579,1789625.2883867489,4717.5,0.0,81.11014941020868,1163364.75,63,89.99006,5,17049.69590289575,33830.025305721785,0.8435153330680771,0.0,16222.935446038411,0.999578242333466,26.1,mountain,5G_macro,1000,10000,failed
BTS_01594,16.211250271154984,107.273748850905,743068.9372989498,1793649.9333678542,2744.12,92.76286315917967,81.11014941020868,1163364.75,566,89.98953,0,42530.51575479918,41724.64005717592,223.94721774627263,801.6272503952578,36888.06284510116,0.8880263911268637,27.9,mountain,4G_remote,2500,1200,failed
BTS_01680,16.50208360332498,107.545415516485,771722.9965200394,1826189.645825092,1892.84,0.0,81.11014941020868,1163364.75,-1,89.98727,0,3426.096451840182,3247.66217024132,28.510311536176417,290.8890837469985,1064.5829933029634,0.9857448442319118,28.1,mountain,5G_macro,1000,10000,failed
BTS_03456,16.453750270184987,107.730415515745,791556.3343753483,1821096.5244477908,1655.47,0.0,81.11014941020868,1163364.75,9,89.982346,0,10943.553009985815,11218.430247998102,29.51618063011148,1434.1977775802316,623.982901625783,0.9852419096849444,24.5,mountain,5G_macro,1000,10000,failed
BTS_00321,16.198750271204982,107.271248850915,742816.8774387408,1792263.3405334938,1405.13,22.929224014282227,81.11014941020868,1163364.75,591,89.99825,0,43656.96981887829,43091.42646144431,124.33819976320213,1281.7750051508172,38191.17690678477,0.937830900118399,26.6,mountain,4G_remote,2500,1200,failed
BTS_01240,16.49125027003498,107.67458218263502,785535.6994887778,1825168.8110885085,8247.09,,81.11014941020868,1163364.75,8,89.98939,5,8197.68288675255,6305.1125384770885,0.1836475407082664,1599.4253381931085,6293.829125988291,0.999908176229646,29.3,mountain,4G_remote,2500,1200,failed
BTS_00216,16.569583603054983,107.443748850225,760773.6424917206,1833527.853394735,1106.27,0.0,81.11014941020868,1163364.75,4,89.99231,0,16408.34963819145,1978.536122366136,42.42190310157741,83.7441235349423,2871.4336207993883,0.9787890484492112,20.1,mountain,5G_macro,1000,10000,failed
BTS_03053,16.333750270664982,107.749582182335,793784.399533768,1807837.1180460248,3279.32,0.0,81.11014941020868,1163364.75,4,0.0,0,1145.8526981334046,19222.6978030581,55.35627176199857,74.68193218735158,1610.006388146505,0.9723218641190008,28.0,urban,5G_macro,1000,10000,failed
BTS_06449,16.367083603864977,107.863748848545,805939.2181263387,1811696.5933608776,12924.2,,81.11014941020868,1163364.75,11,89.9852,0,2889.916697680072,27141.51388617236,35.60427449948979,4774.362189637658,5253.348784122217,0.9821978627502552,20.6,mountain,4G_remote,2500,1200,failed
BTS_03183,16.684583602594987,107.347082183945,750304.0233489918,1846135.13769294,6339.6,408.61138916015625,81.11014941020868,1163364.75,4,89.98456,0,32616.930977131957,17760.034647497992,145.045828968529,608.9425020638527,9082.734941338316,0.9274770855157356,29.5,mountain,4G_remote,2500,1200,failed
BTS_02760,16.35625027057498,107.896248848415,809430.8384058791,1810546.188442599,11166.89,92.13719177246094,81.11014941020868,1163364.75,6,89.98763,0,953.915837944087,23574.800034970824,71.18389251520135,1168.4729973763012,1577.178627890532,0.9644080537423994,29.0,mountain,4G_remote,2500,1200,failed
BTS_06400,16.41625027033499,107.598748849605,777541.8008200321,1816759.2608119692,20138.48,0.0,81.11014941020868,1163364.75,26,89.9951,0,4996.878382537072,5582.129068155831,66.29094697230656,1660.9992079523051,3201.3610987055504,0.9668545265138468,23.6,mountain,4G_remote,2500,1200,failed
BTS_04253,16.515416936604982,107.534582183195,770547.3320011958,1827651.2142695412,6348.9,0.0,81.11014941020868,1163364.75,5,89.98946,5,5297.897104710978,5044.211552959316,1.985867705810427,0.0,2847.150337191024,0.9990070661470948,21.3,mountain,5G_macro,1000,10000,failed
BTS_06204,16.416250270334977,107.837082181985,803012.2488717202,1817100.9848668212,13405.28,,81.11014941020868,1163364.75,13,89.978165,0,8024.668632292873,23102.94573456536,53.1924118225002,10328.271053462062,10541.819563144634,0.97340379408875,28.5,mountain,4G_remote,2500,1200,failed
BTS_06296,16.65291693605498,107.474582183435,763951.6170796176,1842793.818706472,2293.35,0.0,81.11014941020868,1163364.75,6,89.981995,0,21722.439087674917,11748.730968150643,9.037112287971146,0.0,10323.166149888944,0.9954814438560144,16.5,mountain,5G_macro,1000,10000,failed
BTS_05266,16.659583602694983,107.481248850075,764653.9244434638,1843540.6995106009,7271.83,1982.627685546875,81.11014941020868,1163364.75,26,89.99459,0,22098.199787555637,12678.140831589884,484.04268315104287,605.8214759716396,11329.562591750277,0.7579786584244785,29.2,mountain,4G_remote,2500,1200,failed
BTS_06074,16.54458360315498,107.445415516885,760985.2670215168,1830762.3886360617,5101.53,1124.5302734375,81.11014941020868,1163364.75,4,89.97749,0,14670.273305249715,960.0739995517348,67.58845516559856,255.54322298415133,1669.4739300406552,0.9662057724172008,28.4,mountain,5G_macro,1000,10000,failed
BTS_04768,16.528750269884984,107.464582183475,763053.3508386592,1829034.524201748,2554.55,0.0,81.11014941020868,1163364.75,11,89.97153,0,12021.098103287615,3621.3556677330894,73.22610678871683,578.0701835113663,836.9480066791695,0.9633869466056416,27.3,mountain,5G_macro,1000,10000,failed
BTS_02071,16.32791693735498,107.761248848955,795040.5231646324,1807208.0951828684,16252.06,0.0,81.11014941020868,1163364.75,7,89.98727,0,291.71762430585187,20555.64779280751,20.86587971481534,1141.814062003015,1567.4957824710248,0.9895670601425924,27.1,mountain,4G_remote,2500,1200,failed
BTS_06462,16.496250270014986,107.487082183385,765500.5398053178,1825466.078248194,3947.43,0.0,81.11014941020868,1163364.75,7,89.909966,0,8416.909508173958,7911.612729259074,98.2126543289356,169.45768919944982,1307.2673514277074,0.9508936728355322,22.1,mountain,5G_macro,1000,10000,failed
BTS_04926,16.274583604234984,108.00124884799502,820790.6371913946,1801664.7476794648,1701.96,0.0,81.11014941020868,1163364.75,5,89.983284,0,12185.61069267406,9280.122388797334,93.65554908733289,229.6779534092732,4888.06001936032,0.9531722254563336,30.1,mountain,5G_macro,1000,10000,failed
BTS_05448,16.422083603644985,107.467082183465,763464.6169713679,1817229.148792341,902.55,2.551162004470825,81.11014941020868,1163364.75,41,89.97749,0,11884.934190437594,12397.081363053165,142.12244685005328,6390.62928478115,7019.6460583992,0.9289387765749734,30.6,mountain,4G_remote,2500,1200,failed
BTS_01246,16.57458360303498,107.600415516265,777493.8379529049,1834291.556451492,8975.35,,81.11014941020868,1163364.75,6,89.99338,0,10819.315115992653,10179.031136566178,6.842309396985748,479.42463140903385,4946.546831726438,0.9965788453015072,27.0,mountain,4G_remote,2500,1200,failed
BTS_05011,16.39458360375498,107.692915515895,787636.6616560085,1814491.706006658,1636.69,0.0,81.11014941020868,1163364.75,16,89.979866,0,6399.741580220858,10169.763321966806,32.596596781866964,1106.6097243548602,0.0,0.9837017016090666,27.8,mountain,5G_macro,1000,10000,failed
BTS_00326,16.575285366425227,107.61015236320088,778532.464562784,1834382.7485017327,4486.77,0.0,81.11014941020868,1163364.75,18,89.995995,0,10957.779296770286,10612.968100143707,50.31109799179451,25.48859860262016,4146.690048388791,0.9748444510041028,34.9,mountain,5G_macro,1000,10000,failed
BTS_04358,16.490000270047375,107.63708218271567,781531.6412322839,1824977.6645353776,6624.8,0.3828470110893249,81.11014941020868,1163364.75,4,89.97153,0,4289.019584849707,3593.556945513018,17.1251563019866,0.0,4554.65888257366,0.9914374218490069,29.1,mountain,5G_macro,1000,10000,failed
BTS_06411,16.48791693671498,107.492082183365,766045.9816387441,1824550.105171775,12766.25,0.0,81.11014941020868,1163364.75,8,89.96817,0,7695.878345475044,8482.703368870802,73.50200118022187,1081.0414064233669,1769.2466170060395,0.9632489994098892,27.9,mountain,4G_remote,2500,1200,failed
BTS_00391,16.547916937586876,107.53041551671004,770057.0815258014,1831243.728230772,13324.7,0.0,81.11014941020868,1163364.75,7,89.95499,0,8667.00007657409,8046.617867890569,38.15667654528,790.0166799498098,6386.134758723221,0.98092166172736,22.2,mountain,4G_remote,2500,1200,failed
BTS_05352,16.495416936684983,107.462082183485,762831.4760476002,1825341.0559385717,1616.25,88.37290954589844,81.11014941020868,1163364.75,11,89.98727,0,10997.81230821913,6663.955273226699,76.36703820167551,880.7080289224496,0.0,0.9618164808991624,25.7,mountain,5G_macro,1000,10000,failed
BTS_06459,16.672916935974982,107.478748850085,764368.8039370237,1845013.5004608163,2858.52,,81.11014941020868,1163364.75,0,0.0,0,23561.968582280184,13994.749255760831,103.64233609454746,81.7601398017881,12047.609521626911,0.9481788319527262,22.2,urban,5G_macro,1000,10000,failed
BTS_04117,16.552083603124984,107.450415516865,761509.0424835944,1831599.1795425687,4341.68,0.0,81.11014941020868,1163364.75,6,89.95974,0,14673.82994159958,1039.0264746687133,33.48505180439524,234.4706515976018,2347.010209082968,0.9832574740978024,24.1,mountain,5G_macro,1000,10000,failed
BTS_02671,16.37791693715498,107.879582181815,807614.9140603675,1812920.1677825968,8985.61,0.0,81.11014941020868,1163364.75,13,89.981995,0,1813.962994582749,26414.417244134976,8.661090908965598,4112.628845584306,4332.843254402378,0.9956694545455173,27.7,mountain,4G_remote,2500,1200,failed
BTS_06098,16.362916937214987,107.584582182995,776103.1646342825,1810835.15930772,2757.42,,81.11014941020868,1163364.75,16,89.99443,0,10806.513928323082,11557.265471188171,72.13089487513115,7281.339395856424,9064.371262383258,0.9639345525624344,30.4,mountain,4G_remote,2500,1200,failed
BTS_02385,16.31902804893471,107.77180440407125,796182.5264091082,1806239.182538013,16380.49,0.0,81.11014941020868,1163364.75,8,89.978165,0,1736.1795466504243,22049.78734520805,68.20693602470978,2481.792318792781,1833.6147048857388,0.9658965319876452,30.3,mountain,4G_remote,2500,1200,failed
BTS_02469,16.406805826364067,107.8156932927822,800740.7960216978,1816023.2887962528,18280.96,0.0,81.11014941020868,1163364.75,12,89.95974,0,9230.809281922213,21136.969518631075,47.53467419720924,9216.300337168148,10659.465108882809,0.9762326629013954,31.0,mountain,4G_remote,2500,1200,failed
BTS_02130,16.325833604037243,107.74791551560276,793618.0351897082,1806958.133105088,2892.13,0.0,81.11014941020868,1163364.75,9,89.95499,0,1160.572289938688,19748.653193559865,119.91170130862454,119.16526714106962,1157.46252273162,0.9400441493456876,23.4,mountain,5G_macro,1000,10000,failed
BTS_05451,16.590416936304987,107.347082183945,750426.3552171232,1835710.9576981235,1381.78,0.0,81.11014941020868,1163364.75,11,89.98658,0,26304.404362604448,10863.105872695503,45.04066623428845,0.0,2454.3893417714767,0.9774796668828558,23.1,mountain,5G_macro,1000,10000,failed
BTS_05004,16.257083604304977,107.232915517735,738646.5634472951,1798675.1701456076,2660.08,15.844347953796388,81.11014941020868,1163364.75,561,89.97749,0,42828.551040481965,39478.16289471483,15.19954360289365,0.0,33997.86704838735,0.9924002281985532,20.2,mountain,5G_macro,1000,10000,failed
BTS_04599,16.127916938154975,107.628748849485,781158.3244281497,1784877.4744896533,2185.9,,81.11014941020868,1163364.75,126,89.9852,0,26150.208132147785,36715.91138301192,54.71127951969365,8998.331064197868,23929.354605078723,0.9726443602401532,30.6,mountain,4G_remote,2500,1200,failed
BTS_00931,16.54541693690185,107.47166551684046,763787.1045914094,1830888.9154152377,3484.68,1.290796995162964,81.11014941020868,1163364.75,7,89.981995,0,12409.512962757424,3386.50274103308,27.76576923330009,0.0,2685.856736027637,0.98611711538335,28.6,mountain,5G_macro,1000,10000,failed
BTS_01378,16.577083603353323,107.36979051710637,752867.8569974408,1834263.4602385424,3456.44,25.127002716064453,81.11014941020868,1163364.75,9,89.99338,0,23469.46044600986,8064.622602986555,7.596986286157063,0.0,787.7593109302901,0.9962015068569214,28.6,mountain,5G_macro,1000,10000,failed
BTS_00025,16.530416936961565,107.55333218318246,772528.804573744,1829337.1963896449,5405.25,0.0,81.11014941020868,1163364.75,5,89.979866,0,6085.207468187286,5184.471743363243,13.696037225738303,231.17501582967932,4187.511678589704,0.9931519813871308,23.7,mountain,5G_macro,1000,10000,failed
BTS_04183,16.322916937374984,107.777915515555,796830.0941276194,1806678.6908233904,15578.21,0.0,81.11014941020868,1163364.75,7,89.982346,0,1741.8007315126404,22222.15264182303,5.944410834779932,2979.234503897466,2584.754289871682,0.99702779458261,30.2,mountain,4G_remote,2500,1200,failed
BTS_05401,16.465416936804985,107.536248849855,770794.9350770705,1822117.8990817696,7125.56,0.0,81.11014941020868,1163364.75,7,89.98456,0,3110.680642261038,3972.822468416117,39.52810842422717,0.0,2241.670045042946,0.9802359457878864,27.0,mountain,5G_macro,1000,10000,failed
BTS_01859,16.31208360408499,107.628748849485,780896.8263890464,1805267.6132571355,1068.19,,81.11014941020868,1163364.75,12,89.99126,0,12480.751666528446,16326.050989230507,39.08441567349817,11202.162966796575,10084.634660537766,0.9804577921632508,25.0,mountain,4G_remote,2500,1200,failed
BTS_06314,16.376250270494978,107.46041551682502,762813.8539627821,1812146.5077079851,794.22,129.0276641845703,81.11014941020868,1163364.75,38,89.990234,0,15485.246044120708,15701.603726363404,59.00638079341154,6947.469179437999,12139.0686603567,0.9704968096032942,18.9,mountain,4G_remote,2500,1200,failed
BTS_06455,16.418750270324978,107.578748849685,775401.0873774933,1817008.7359175773,28247.22,0.0,81.11014941020868,1163364.75,9,89.981995,0,4745.284126282477,5363.497413678959,97.45872356355736,1068.831006458929,4294.750651172913,0.9512706382182212,31.8,mountain,4G_remote,2500,1200,failed
BTS_06475,16.472916936774983,107.753748848985,794020.5752894892,1823252.6198497224,8259.65,0.0,81.11014941020868,1163364.75,6,89.93634,0,13173.411071543707,13773.448026100246,10.042047259984264,4546.739011872151,3896.260552357524,0.994978976370008,38.9,mountain,4G_remote,2500,1200,failed
BTS_02937,16.390416937104984,107.71374884914502,789869.4942319229,1814060.0329280968,14029.84,6.072146415710449,81.11014941020868,1163364.75,6,89.97153,0,4612.659257955676,12135.314824681336,18.309195543360406,383.8721345620051,1251.367112636689,0.9908454022283198,20.7,mountain,4G_remote,2500,1200,failed
BTS_02053,16.420416936984974,107.777915515555,796682.4382118778,1817474.7154628076,15866.28,0.0,81.11014941020868,1163364.75,7,89.98908,0,8471.951782082391,16843.005531442242,62.11787130307055,5715.641413992331,6387.810758937529,0.9689410643484648,35.5,mountain,4G_remote,2500,1200,failed
BTS_02535,16.582083603004982,107.372082183845,753105.9637990982,1834819.8523433085,3467.96,22.131637573242188,81.11014941020868,1163364.75,10,89.95974,0,23524.95463363612,8048.492214676688,32.35099910796323,0.0,219.86625809042425,0.9838245004460184,22.1,mountain,5G_macro,1000,10000,failed
BTS_04220,16.56958360305498,107.551248849795,772251.2796769891,1833670.6223328423,2661.3,0.0,81.11014941020868,1163364.75,2,89.979866,0,10408.928167499838,9396.801151171449,128.6372763742992,104.64900902861574,8495.987618267922,0.9356813618128504,23.1,mountain,5G_macro,1000,10000,failed
BTS_05761,16.286250270854982,107.223748851105,737631.3161101828,1801892.8928339228,2820.19,0.3356249928474426,81.11014941020868,1163364.75,598,89.994965,0,41927.42769418461,37450.13536203723,8.611396609850166,0.0,31601.60544507834,0.9956943016950748,25.9,mountain,5G_macro,1000,10000,failed
BTS_05990,16.555416936444978,107.434582183595,759813.9736682441,1831947.650086978,1598.2,459.567626953125,81.11014941020868,1163364.75,7,89.981995,0,16285.452398560286,755.9241046557443,53.62859052151848,118.65953409657396,1025.8057236913944,0.9731857047392408,25.7,mountain,5G_macro,1000,10000,failed
BTS_04453,16.589583602974987,107.351248850595,750872.21723369,1835623.9183817909,1936.96,0.0,81.11014941020868,1163364.75,10,89.981995,0,25870.24230677227,10418.089138381838,18.286531789554736,19.273931339988238,2021.5869579959667,0.9908567341052228,25.0,mountain,5G_macro,1000,10000,failed
BTS_00903,16.526666936567487,107.49541551661942,766348.9039414355,1828844.4540898209,22931.73,0.0,81.11014941020868,1163364.75,4,89.97503,0,9132.920387488211,6480.793698064729,14.957562755824132,1065.3353673983693,2882.849462162776,0.992521218622088,29.2,mountain,4G_remote,2500,1200,failed
BTS_04538,16.507916937051114,107.63666551618454,781461.1878716582,1826960.7907620803,4172.54,1.8941829204559328,81.11014941020868,1163364.75,6,89.98658,0,5266.720268784209,5490.266258551145,14.045227917352166,0.0,4480.537774430978,0.992977386041324,29.0,mountain,5G_macro,1000,10000,failed
BTS_01990,16.407916937034983,107.204582184515,735436.3761104608,1815337.647083989,43.5,43.50109100341797,81.11014941020868,1163364.75,259,89.99431,0,39044.46136625628,29837.509895641346,99.16182544042952,7661.914462369192,22360.357683585706,0.9504190872797852,30.0,mountain,4G_remote,2500,1200,failed
BTS_05765,16.312083604084986,107.77708218222502,796757.3387888821,1805477.9230031008,14193.51,0.0,81.11014941020868,1163364.75,7,89.95974,5,1228.454684162254,22992.81805096573,4.442004081089279,3342.696209605242,2366.805470229609,0.9977789979594552,35.1,mountain,4G_remote,2500,1200,failed
BTS_03784,16.423750270304982,107.539582183175,771208.9516629078,1817509.415720948,7828.64,0.0,81.11014941020868,1163364.75,23,89.99352,0,5787.753629317902,5991.656590438024,6.568385584323101,1318.8012225885277,2695.80387452423,0.9967158072078384,22.2,mountain,4G_remote,2500,1200,failed
BTS_04572,16.457083603504984,107.700415515865,788345.9580267016,1821422.539837234,6726.5,0.0,81.11014941020868,1163364.75,3,89.98763,0,11022.72021646245,7999.076840674775,258.2712882569039,1397.9441187204811,1829.9349112184827,0.8708643558715481,31.1,mountain,4G_remote,2500,1200,failed
BTS_03055,16.257916938045742,107.98166551481316,818722.7778612839,1799788.3289130218,5645.0,0.0,81.11014941020868,1163364.75,5,89.98576,0,10118.058673202377,10638.591130000195,14.93127269151517,1418.1738137565462,7552.273242089298,0.9925343636542424,34.5,mountain,4G_remote,2500,1200,failed
BTS_01291,16.43569471513768,107.80263773727816,799301.1333612853,1819202.839366409,15252.79,,81.11014941020868,1163364.75,11,89.98714,5,11375.91619688074,19101.66590960973,4.118851322433789,8841.111917588327,8297.077830687778,0.9979405743387832,27.4,mountain,4G_remote,2500,1200,failed
BTS_06441,16.563750269744983,107.314582184075,746991.1463654916,1832718.729573036,1060.33,594.8010864257812,81.11014941020868,1163364.75,19,89.93634,0,28253.9269529077,13527.838158761147,89.4690024599825,407.9185748849805,6132.829414395717,0.9552654987700088,23.4,mountain,4G_remote,2500,1200,failed
BTS_06422,16.43375027026499,107.505415516645,767544.5178897949,1818571.0258297808,3457.77,14.30148696899414,81.11014941020868,1163364.75,12,89.990234,0,7755.998755874212,8139.427338641059,43.13352699266553,3259.0045568413984,4895.679133074081,0.9784332365036672,27.3,mountain,4G_remote,2500,1200,failed
BTS_03850,16.47041693789245,107.64458218292764,782361.2231287898,1822819.9062178745,15733.74,,81.11014941020868,1163364.75,6,89.93634,0,4889.445801313512,2361.633994014,22.71925300428842,309.60731221209755,4139.893404853721,0.9886403734978558,32.9,mountain,4G_remote,2500,1200,failed
BTS_02815,16.366250270534984,107.867915515195,806385.9677408515,1811610.597376928,11689.99,0.0,81.11014941020868,1163364.75,6,89.98883,0,2440.7316760945387,26715.535082275837,7.084530146811068,4331.897064716933,4802.245629541116,0.9964577349265944,40.6,mountain,4G_remote,2500,1200,failed
BTS_03789,16.313750270744983,108.017082181265,822420.1739835534,1806027.3162558472,1222.54,0.0,81.11014941020868,1163364.75,5,89.93634,0,13226.967802723582,10773.108717181964,115.57794806238373,815.5974938678356,512.9915742965317,0.942211025968808,26.2,mountain,5G_macro,1000,10000,failed
BTS_05114,16.432083603604983,107.518748849925,768971.4077106466,1818404.1920928976,7764.98,0.0,81.11014941020868,1163364.75,5,89.990234,0,6779.972280831179,6998.068440401924,270.6280643241099,2128.7169983877816,3626.74055289632,0.864685967837945,32.4,mountain,4G_remote,2500,1200,failed
BTS_02723,16.28125027087498,107.907915515035,810796.7355681253,1802258.6003375016,3707.28,,81.11014941020868,1163364.75,5,89.984085,5,2666.3262253379976,18919.54566499355,1.666032183128788,7107.161094288223,7769.416088458494,0.9991669839084356,22.6,mountain,4G_remote,2500,1200,failed
BTS_02766,16.604583602914968,107.452915516855,761704.9408830055,1837414.498209612,3902.15,0.0,81.11014941020868,1163364.75,8,89.98847,0,18447.106603481487,5970.829166793602,100.63851829724588,1337.7272158610033,6211.856691666158,0.9496807408513772,35.2,mountain,4G_remote,2500,1200,failed
BTS_05637,16.40708360370499,107.825415515365,801779.4974299457,1816068.50846883,18119.66,0.0,81.11014941020868,1163364.75,8,89.97749,0,8360.29642832116,22129.447557866933,76.01475583746252,10252.802645941683,10930.500928356538,0.9619926220812688,36.4,mountain,4G_remote,2500,1200,failed
BTS_02013,16.42041693698498,107.647915516075,782789.8182480976,1817288.623087339,28015.94,0.0,81.11014941020868,1163364.75,7,89.98763,5,7485.00912699098,4941.0628919908095,2.963939206940493,810.322018690194,3310.9341800069083,0.9985180303965298,28.1,mountain,4G_remote,2500,1200,failed
BTS_04118,16.23875027104498,107.947082181545,815053.8091322889,1797612.150981939,2878.0,,81.11014941020868,1163364.75,9,89.983284,0,7107.723135686701,14080.565731638357,45.80665646481632,5501.447595890156,11550.4680060613,0.977096671767592,28.3,mountain,4G_remote,2500,1200,failed
BTS_03531,16.462916936814985,107.716248849135,790029.0006559168,1822091.103316378,7106.5,,81.11014941020868,1163364.75,8,89.981995,0,12135.629810125183,9693.72981835035,48.79606203135486,1180.4200533331366,1060.028708024205,0.9756019689843226,31.5,mountain,4G_remote,2500,1200,failed
BTS_06465,16.58458360299498,107.443748850225,760753.422961416,1835188.4329783148,2698.2,233.04200744628903,81.11014941020868,1163364.75,9,89.99405,0,17501.28985275036,3626.79558241727,276.957262948673,574.6537430148646,4348.875361116923,0.8615213685256635,30.5,mountain,4G_remote,2500,1200,failed
BTS_00541,16.414166938397557,107.8216655164484,801367.7679440344,1816847.2784848616,16995.05,0.0,81.11014941020868,1163364.75,11,89.98594,0,9136.734359797172,21546.452518075577,9.948032799874118,9969.300640356138,10916.11496882878,0.9950259836000628,20.0,mountain,4G_remote,2500,1200,failed
BTS_06452,16.388750270444977,107.857082181905,805192.7422843523,1814085.814186568,13160.96,0.0,81.11014941020868,1163364.75,11,89.95974,0,4419.539881392758,25951.20384844588,6.894649703241651,6690.050872597637,6986.174059625723,0.9965526751483792,36.4,mountain,4G_remote,2500,1200,failed
BTS_00082,16.503750269984984,107.578748849685,775280.9840207375,1826419.4232373184,68336.04,0.0,81.11014941020868,1163364.75,3,89.983284,5,3471.255268645822,2011.4325504093383,0.8968211158346578,340.15613231616203,1956.4410180597736,0.9995515894420828,21.0,mountain,4G_remote,2500,1200,failed
BTS_05092,16.486250270054985,107.607915516235,778421.3841583068,1824521.9710191835,16886.01,0.0,81.11014941020868,1163364.75,5,89.978165,0,1386.5524323163288,3513.240293658153,8.287388808744986,0.0,1553.078468288785,0.9958563055956275,22.1,mountain,5G_macro,1000,10000,failed
BTS_04212,16.34958360393498,107.715415515805,790108.069012107,1809541.205139712,13127.73,0.0,81.11014941020868,1163364.75,12,89.93634,0,2350.12289485706,15501.24658418857,63.71505481544614,2474.0936818991227,3055.5240815782063,0.9681424725922768,30.4,mountain,4G_remote,2500,1200,failed
BTS_02822,16.120000271527225,107.6587488492951,784380.2346945489,1784042.1451484184,4161.51,0.0,81.11014941020868,1163364.75,94,89.98763,0,25296.72788620115,37758.17392388506,42.870913485116525,6603.605652763933,23443.238239186023,0.9785645432574416,32.4,mountain,4G_remote,2500,1200,failed
BTS_05774,16.409583603694983,107.811248848755,800261.5009482628,1816324.2820660209,17795.45,0.0,81.11014941020868,1163364.75,10,89.98994,0,9795.902354735208,20596.024363257187,52.70294747957873,8785.986721178324,10097.375630819168,0.9736485262602106,30.2,mountain,4G_remote,2500,1200,failed
BTS_06424,16.181250271274983,107.717915515795,790623.1577080528,1790906.4226227133,2103.65,0.0,81.11014941020868,1163364.75,59,89.9941,0,16228.900003557892,32352.894852654532,98.12388884518128,124.29283038681686,15139.534582180882,0.9509380555774094,23.4,mountain,5G_macro,1000,10000,failed
BTS_06408,16.41875027032498,107.798748848805,798911.4885518642,1817320.8190880115,17097.35,0.0,81.11014941020868,1163364.75,7,89.97153,0,9682.593499647845,19046.32206677344,40.27922965856573,7715.31231125392,8457.65102179341,0.9798603851707172,28.1,mountain,4G_remote,2500,1200,failed
BTS_02799,16.53125026987499,107.52374884990502,769368.3493792992,1829389.602175324,20267.51,0.0,81.11014941020868,1163364.75,6,89.982346,0,7397.721108268158,7071.942257347079,107.1836026668116,508.1221802252059,4908.99252089005,0.9464081986665942,27.3,mountain,4G_remote,2500,1200,failed
BTS_05136,16.706250269174983,107.359582183895,751609.3217938315,1848549.3870635452,1071.79,,81.11014941020868,1163364.75,3,89.969986,0,33473.013633773655,19150.08491622281,76.22132449035081,37.11768578960852,11122.888259557203,0.9618893377548244,25.3,mountain,5G_macro,1000,10000,failed
BTS_03845,16.513750269944982,107.529582183215,770015.6442227291,1827459.9830818984,5171.92,0.0,81.11014941020868,1163364.75,5,89.95974,0,5481.062229952496,5367.720709075489,62.536576460849055,49.73374028081312,2899.379236422907,0.9687317117695756,26.1,mountain,5G_macro,1000,10000,failed
BTS_00965,16.56708360348229,107.3958321838086,755661.1949825985,1833189.4468280445,4590.71,1200.0362548828125,81.11014941020868,1163364.75,7,89.982346,0,20499.91712007628,5073.6448753837785,252.6295884447113,313.41083320259924,1051.3243894581256,0.8736852057776443,23.8,mountain,4G_remote,2500,1200,failed
BTS_05530,16.424583603634982,107.692915515895,787592.5246766119,1817813.3697434503,23698.78,0.0,81.11014941020868,1163364.75,7,89.979866,0,9001.822586076094,8166.8036267399375,20.976272333203564,1309.8422872561914,3118.290619640137,0.9895118638333982,33.4,mountain,4G_remote,2500,1200,failed
BTS_00865,16.16775027368438,107.7189155152686,790749.9287777678,1789413.0885617058,5364.82,0.0,81.11014941020868,1163364.75,64,89.98818,0,17520.272982433937,33811.03482129146,5.427539347004475,0.0,16565.3126517033,0.9972862303264978,32.9,mountain,5G_macro,1000,10000,failed
BTS_04451,16.462916937230155,107.70833218256632,789183.1610542422,1822079.7474118017,7077.93,0.0,81.11014941020868,1163364.75,8,89.98847,5,11750.472437613056,8848.513816597688,2.2086055092932773,1447.1554681877271,1526.4569026093932,0.9988956972453532,34.0,mountain,4G_remote,2500,1200,failed
BTS_05925,16.68958360257498,107.34374885062502,749941.8688585453,1846684.4528778095,367.05,0.0,81.11014941020868,1163364.75,3,89.978165,0,33260.06240845765,18417.76406489941,5.094039089497939,0.0,9721.640768816833,0.997452980455251,32.0,mountain,5G_macro,1000,10000,failed
BTS_01280,16.279583604214984,107.857082181905,805362.4162183809,1801997.293979921,5630.05,0.0,81.11014941020868,1163364.75,31,89.98946,0,3534.8281750887686,24174.802156300164,12.147347912087032,8955.44654457948,9805.343220466308,0.9939263260439564,24.0,mountain,4G_remote,2500,1200,failed
BTS_00197,16.41854194456253,107.82262385912207,801463.4432203644,1817333.160177094,16193.64,0.0,81.11014941020868,1163364.75,13,89.982346,0,9350.19646871264,21538.65087704524,45.98528612527824,10169.98166894392,10848.587433196555,0.9770073569373608,27.4,mountain,4G_remote,2500,1200,failed
BTS_03194,16.121250271514977,107.400415517065,756732.7334151921,1783841.406231163,981.23,0.0,81.11014941020868,1163364.75,497,89.9981,0,42320.22753164912,42505.64996568643,58.01134714101982,11.293998833895923,39343.592196328194,0.97099432642949,28.1,mountain,5G_macro,1000,10000,failed
BTS_00994,16.399583603734975,107.665415516005,784690.2428828154,1815006.4856480465,26377.6,0.0,81.11014941020868,1163364.75,16,89.97503,0,9067.786469484818,7881.638689256444,13.8515419677644,781.1815221619433,2557.7232188403373,0.9930742290161176,31.0,mountain,4G_remote,2500,1200,failed
BTS_06426,16.517916936594983,107.284582184195,743846.0039767884,1827608.5759553951,673.8,673.7998046875,81.11014941020868,1163364.75,22,89.97153,0,30104.52447374981,17090.44419476356,56.33580166622946,20.61715637574956,8930.047166136408,0.9718320991668852,25.0,mountain,5G_macro,1000,10000,failed
BTS_06007,16.454583603514976,107.717082182465,790130.4434364096,1821169.5973481373,1616.09,0.0,81.11014941020868,1163364.75,5,89.981995,0,11212.127532262311,9790.716582505918,118.87903742954248,256.1597131390262,212.85695321168575,0.9405604812852288,25.5,mountain,5G_macro,1000,10000,failed
BTS_05330,16.529583603214984,107.438748850245,760293.5392575744,1829093.174168614,4078.39,0.0,81.11014941020868,1163364.75,10,89.93634,5,14535.299050409529,2485.823101328981,1.445738701436699,0.0,1696.7741646187255,0.9992771306492816,24.0,mountain,5G_macro,1000,10000,failed
BTS_05434,16.387083603784983,107.632082182805,781145.7668448056,1813575.987441832,3429.8,0.0,81.11014941020868,1163364.75,23,89.99195,0,9251.42913915489,8048.052160950985,43.57765403690279,3754.550512329384,5629.758442721458,0.9782111729815486,32.6,mountain,4G_remote,2500,1200,failed
BTS_06409,16.36208360388498,107.585415516325,776193.4119658272,1810744.030884015,2724.48,1.1092259883880615,81.11014941020868,1163364.75,13,89.99164,0,10895.07342282799,11609.466084134385,13.9723998717362,7371.189351558452,9112.687780327942,0.993013800064132,23.6,mountain,4G_remote,2500,1200,failed
BTS_06111,16.46625027013498,107.582082183005,775690.1501035781,1822272.1909833648,221841.34,3810.873779296875,81.11014941020868,1163364.75,5,89.99,5,993.1115272959868,930.3306438307046,4.173163038313259,421.4536709975869,3049.5790985534213,0.9979134184808434,28.5,mountain,4G_remote,2500,1200,failed
BTS_06473,16.424583603634982,107.815415515405,800683.7474936787,1817991.4417476575,17004.3,0.0,81.11014941020868,1163364.75,13,89.98883,0,10369.986672359,20650.210987298826,76.36521896085331,9609.126745202617,9913.463042912328,0.9618173905195734,32.8,mountain,4G_remote,2500,1200,failed
BTS_03690,16.529583603631526,107.51083218335144,767991.2646563299,1829187.830896567,19944.28,0.0,81.11014941020868,1163364.75,5,89.93634,0,8125.094202431541,7889.975326712373,124.26765448883545,1107.2891445625714,4552.657442378476,0.9378661727555824,31.5,mountain,4G_remote,2500,1200,failed
BTS_06361,16.405416937044976,107.82124884871502,801336.7244935837,1815877.751149225,17948.01,0.0,81.11014941020868,1163364.75,9,89.95974,0,8640.085752356737,21750.19967642462,9.51557400869537,9791.65653638602,11212.358658329944,0.9952422129956524,34.6,mountain,4G_remote,2500,1200,failed
BTS_06359,16.370416937184977,107.710415515825,789542.783931588,1811840.8058194343,15769.45,0.0,81.11014941020868,1163364.75,3,89.95974,0,3276.305077897626,13396.759813834344,30.62841802534692,984.263846432582,1468.96701271573,0.9846857909873266,33.2,mountain,4G_remote,2500,1200,failed
BTS_03961,16.300416937464977,108.033748847865,824224.6386115728,1804577.1235596207,2594.67,40.982566833496094,81.11014941020868,1163364.75,6,89.98714,0,15384.717440440414,8529.502858104448,125.30530846306058,2398.1656926871337,1893.4806390271744,0.9373473457684696,29.3,mountain,4G_remote,2500,1200,failed
BTS_06086,16.37708360382499,107.839582181975,803340.1708244582,1812767.662569645,14548.7,0.0,81.11014941020868,1163364.75,14,89.99185,0,5615.390107798366,24624.212087919248,92.68242837268548,7584.996317681623,8059.108021008636,0.9536587858136572,38.9,mountain,4G_remote,2500,1200,failed
BTS_05896,16.42041693698498,107.641248849435,782077.4099421968,1817279.3210642987,8067.9,0.0,81.11014941020868,1163364.75,13,89.99228,0,6929.744370574307,4639.313769810326,27.027879812858465,211.12942853549688,2750.646492356395,0.9864860600935708,24.1,mountain,5G_macro,1000,10000,failed
BTS_04523,16.55625026977498,107.519582183255,768888.7046315486,1832151.785544694,18269.44,0.0,81.11014941020868,1163364.75,4,89.97749,0,10001.216330030136,8438.24481056379,37.08440645088293,775.3301153641376,6762.04964247331,0.9814577967745586,28.9,mountain,4G_remote,2500,1200,failed
BTS_02597,16.16208360468498,107.722915515775,791186.254386226,1788791.325146477,5034.64,0.0,81.11014941020868,1163364.75,64,89.93634,5,17918.460507504253,34537.59985710222,1.3862607107497051,0.0,17089.194373779173,0.9993068696446252,22.9,mountain,5G_macro,1000,10000,failed
BTS_02424,16.163750271344984,107.70874884916502,789667.8895581518,1788955.8440589614,2536.46,0.0,81.11014941020868,1163364.75,74,89.991,0,18400.613061889493,33933.417938619794,58.39145119233811,0.0,17268.914807692167,0.970804274403831,23.5,mountain,5G_macro,1000,10000,failed
BTS_00862,16.44041693690498,107.717915515795,790240.5672699899,1819602.1993107763,2724.69,0.0,81.11014941020868,1163364.75,3,89.98908,0,9656.473130282578,10088.70322494119,94.30683160043748,105.51938613632925,740.7472678089456,0.9528465841997812,22.6,mountain,5G_macro,1000,10000,failed
BTS_02712,16.55791693643498,107.396248850415,755717.7848613607,1832175.2100319308,1332.76,0.0,81.11014941020868,1163364.75,10,89.982346,0,19982.382453251164,4790.608038241,15.345259880933463,0.0,1873.3234133948351,0.9923273700595332,30.4,mountain,5G_macro,1000,10000,failed
BTS_06344,16.418750270324985,107.810415515425,800158.3538575054,1817338.084437091,17703.36,0.0,81.11014941020868,1163364.75,8,89.96817,0,10411.760160861577,20259.841359593327,10.359383317765664,8910.92630514697,9611.65437580164,0.9948203083411172,28.2,mountain,4G_remote,2500,1200,failed
BTS_03224,16.266250270934982,107.773748848905,796469.8708244013,1800398.0608763972,2277.35,0.2056390047073364,81.11014941020868,1163364.75,12,89.97749,0,5197.938727646581,26622.569673663907,105.7599478399004,7096.794246790409,5596.425039328974,0.94712002608005,29.8,mountain,4G_remote,2500,1200,failed
BTS_01464,16.377083604238106,107.4933321834211,766330.6437982742,1812281.668397604,2179.4,,81.11014941020868,1163364.75,34,89.98953,0,12911.38077362102,13120.02968788647,10.679778795399764,8383.638256398921,9716.759940812282,0.9946601106023,27.0,mountain,4G_remote,2500,1200,failed
BTS_02114,16.621250269933576,107.52999884994183,769910.193491879,1839362.0091968293,2112.17,0.0,81.11014941020868,1163364.75,8,89.981995,0,16436.879723962757,12238.623385553925,36.884578872288,0.0,12922.48810854305,0.981557710563856,25.8,mountain,5G_macro,1000,10000,failed
BTS_00604,16.61625026953498,107.46041551682502,762489.6752358172,1838715.8926690037,1370.01,0.0,81.11014941020868,1163364.75,4,89.95974,0,18985.558528308866,7423.1292525654835,14.758486903274031,50.748699903378,7218.366859141104,0.992620756548363,24.1,mountain,5G_macro,1000,10000,failed
BTS_00292,16.391666937520878,107.71166551581514,789644.972056686,1814195.460073054,13698.96,0.0,81.11014941020868,1163364.75,10,89.99117,0,4849.509698666835,11875.23705646551,53.56479913888736,548.3134702542352,1072.933218032677,0.9732176004305564,19.9,mountain,4G_remote,2500,1200,failed
BTS_06211,16.386250270454983,107.676248849295,785867.526253822,1813545.458623791,10709.27,264.06982421875,81.11014941020868,1163364.75,35,89.99262,0,7319.266823930391,9751.147654003287,45.027873098917226,1915.1125243387637,1053.7870418428113,0.9774860634505412,27.5,mountain,4G_remote,2500,1200,failed
BTS_00993,16.58541693632498,107.365415517205,752389.9252652753,1835180.4505299765,3681.46,21.324087142944336,81.11014941020868,1163364.75,17,89.98953,0,24325.9672235294,8849.247227242191,8.192271780014924,0.0,565.3578585844401,0.9959038641099924,24.7,mountain,5G_macro,1000,10000,failed
BTS_00575,16.480416936744987,107.641248849435,781990.625415227,1823922.432830014,5816.17,0.0,81.11014941020868,1163364.75,0,89.97749,0,4497.7185990720745,2857.0358204261825,26.428797804860316,212.47301249452653,4945.404042720282,0.98678560109757,25.0,mountain,5G_macro,1000,10000,failed
BTS_05909,16.39541693708498,107.725415515765,791109.0273622505,1814630.3700270937,1891.99,0.0,81.11014941020868,1163364.75,5,89.97153,0,4622.187146402679,12812.017999627024,47.51549256658378,68.27603444497582,2598.3513866299536,0.976242253716708,17.4,mountain,5G_macro,1000,10000,failed
BTS_06340,16.10208360492498,107.64041551610502,782443.4973082015,1782033.2780716207,2680.01,1.4506080150604248,81.11014941020868,1163364.75,120,89.99331,0,28030.82283186452,39606.6215347211,68.64411224162934,9378.110880089862,25998.49904343654,0.9656779438791854,31.9,mountain,4G_remote,2500,1200,failed
BTS_03496,16.50291693665498,107.727082182425,791126.6151570828,1826535.711551495,4284.8,0.0,81.11014941020868,1163364.75,3,89.909966,0,13951.608958984338,11860.956219286189,122.54674612608912,5712.025495574519,5515.368810721776,0.9387266269369554,24.3,mountain,4G_remote,2500,1200,failed
BTS_02616,16.388750270444984,107.694582182555,787823.3717461748,1813848.192628299,2721.94,0.0,81.11014941020868,1163364.75,17,89.98883,0,5838.954136965326,10757.469596059163,9.21264017414978,1596.2479636920473,0.0,0.9953936799129252,29.4,mountain,5G_macro,1000,10000,failed
BTS_06481,16.374583603834985,107.56291551641502,773770.9724113496,1812097.4718967213,3117.32,,81.11014941020868,1163364.75,16,89.99126,0,9908.368388560348,10284.383337355095,13.830038280896296,6176.593896478635,8058.592919034799,0.993084980859552,20.0,mountain,4G_remote,2500,1200,failed
BTS_02412,16.513750269944985,107.451248850195,761649.7185688133,1827356.5557940635,15797.61,628.1829223632812,81.11014941020868,1163364.75,10,89.97749,0,12648.292331805362,4377.988389962909,22.15438502780949,609.5687284020771,1185.041445970533,0.9889228074860952,27.3,mountain,4G_remote,2500,1200,failed
BTS_05570,16.499583603750853,107.50416551671128,767320.6110392467,1825857.689888561,1913.3,0.0,81.11014941020868,1163364.75,5,89.983284,0,6804.620270497259,7325.025336287843,5.957190699339878,0.0,3149.9504286606,0.99702140465033,30.5,mountain,5G_macro,1000,10000,failed
BTS_01617,16.50625026997498,107.521248849915,769136.0223194855,1826618.4985717705,2781.77,0.0,81.11014941020868,1163364.75,6,89.98594,0,5568.499516697631,5774.345721139148,117.6037779627077,25.49190395061143,2856.9862392009863,0.941198111018646,31.9,mountain,5G_macro,1000,10000,failed
BTS_00973,16.332083604004982,107.655415516045,783719.1711535193,1807518.938794342,1459.35,,81.11014941020868,1163364.75,43,89.99584,0,9050.658296207432,14463.74829558232,36.37723911303272,8052.96538361359,6632.943556387058,0.9818113804434836,23.1,mountain,4G_remote,2500,1200,failed
BTS_02472,16.50791693705109,107.59166551636342,776654.6956303436,1826898.4331092811,59202.85,0.0,81.11014941020868,1163364.75,4,89.95499,5,3532.649409610589,3164.8727636957374,4.41072973951965,301.22090744792354,1644.37916924043,0.99779463513024,22.0,mountain,4G_remote,2500,1200,failed
BTS_01379,16.491250270034982,107.629582182815,780728.6705358643,1825105.602714676,7696.44,0.0,81.11014941020868,1163364.75,5,89.97503,5,3604.485451652767,3541.6098965336137,3.4489772736278868,0.0,3750.144735940648,0.998275511363186,22.2,mountain,5G_macro,1000,10000,failed
BTS_00642,16.364305826527175,107.53735996056392,771053.8161467329,1810925.3222496656,2451.73,0.0,81.11014941020868,1163364.75,26,89.98499,5,11826.942617112902,11996.157400162248,2.067042692980692,7794.179611203081,9156.29042936817,0.9989664786535096,21.2,mountain,4G_remote,2500,1200,failed
BTS_01550,16.256250270974974,107.973748848105,817878.569952897,1799591.422639303,5004.6,,81.11014941020868,1163364.75,7,89.9925,0,9298.56167536015,11430.193721723608,14.346293470694532,2073.5087521566907,8207.612556876924,0.9928268532646528,36.9,mountain,4G_remote,2500,1200,failed
BTS_03046,16.279583604214984,107.232915517735,738619.3597595446,1801165.662162366,6125.27,,81.11014941020868,1163364.75,613,89.99769,0,41466.34833022097,37444.01067399677,103.45510898659155,80.37761346170109,31774.807859192748,0.9482724455067042,26.9,mountain,5G_macro,1000,10000,failed
BTS_00088,16.53311301655761,107.69218022545944,787353.6654937707,1829828.9877019431,14089.71,0.9214249849319458,81.11014941020868,1163364.75,18,89.95974,0,11713.138263378072,10818.705737059983,72.24603668096586,3409.248732627489,5492.2128027250765,0.9638769816595172,30.0,mountain,4G_remote,2500,1200,failed
BTS_00078,16.44479193772243,107.59874884968104,777501.2321159211,1819919.256877112,23265.69,0.0,81.11014941020868,1163364.75,15,89.990234,0,1948.7599485823728,3298.474047774158,57.10917047432105,6.69465484615867,2102.938309975408,0.9714454147628396,32.5,mountain,5G_macro,1000,10000,failed
BTS_04679,16.348750270604974,107.688748849245,787258.5086233036,1809411.0633575416,1426.93,56.48064041137695,81.11014941020868,1163364.75,24,89.98658,0,5168.301904313924,13997.835138433553,298.22770380942154,4319.011315573332,3627.183679872132,0.8508861480952892,32.3,mountain,4G_remote,2500,1200,failed
BTS_06417,16.378750270484975,107.812915515415,800486.9822748923,1812912.5347643837,7937.37,0.0,81.11014941020868,1163364.75,9,89.97503,0,7946.517589115127,21926.23653258744,51.286663376966246,8273.890383897162,9375.935418489218,0.9743566683115168,35.0,mountain,4G_remote,2500,1200,failed
BTS_01888,16.417083603664977,107.624582182835,780301.1851678934,1816887.112213223,22770.19,0.0,81.11014941020868,1163364.75,37,89.99006,0,5993.127542695318,4697.580559771867,60.82317903970202,1081.783651476419,2218.4061256172126,0.969588410480149,34.8,mountain,4G_remote,2500,1200,failed
BTS_01184,16.28083360421706,107.97624884801672,818106.3579425288,1802317.7695819724,7134.99,0.0,81.11014941020868,1163364.75,6,89.97749,0,9601.752894274125,11993.828000853957,38.62941402463876,1514.5354374052888,6106.010071704388,0.9806852929876806,32.9,mountain,4G_remote,2500,1200,failed
BTS_01746,16.451250270194976,107.789582182175,797882.2037680306,1820906.025565163,13791.54,,81.11014941020868,1163364.75,9,89.98883,0,12057.24101253399,17546.80397860641,508.75486647454846,7728.19365859767,6758.878749387974,0.7456225667627258,33.5,mountain,4G_remote,2500,1200,failed
BTS_05688,16.295416937484983,108.009582181295,821648.0302010089,1803985.091815688,6292.14,0.0,81.11014941020868,1163364.75,6,89.96817,0,13220.29155718374,9837.897095714068,26.842926732280933,1057.9545230038348,2439.0482018296934,0.9865785366338596,28.9,mountain,4G_remote,2500,1200,failed
BTS_01836,16.530535986303303,107.57255837507398,774581.8950500789,1829376.5270054152,21715.86,0.0,81.11014941020868,1163364.75,5,89.93634,0,6092.512939931123,4822.847872544087,9.672111022498756,475.711928440565,4702.844038601787,0.9951639444887508,26.0,mountain,4G_remote,2500,1200,failed
BTS_00205,16.39041693818318,107.83267742149458,802581.4490784665,1814233.7916001095,16319.91,0.0,81.11014941020868,1163364.75,10,89.909966,0,6789.295524876369,23416.561971769857,8.461467129787275,8922.039644643348,9333.042150820223,0.9957692664351064,33.9,mountain,4G_remote,2500,1200,failed
BTS_05882,16.191250271234985,107.293748850825,745232.6913100377,1791459.91093454,702.01,11.014740943908691,81.11014941020868,1163364.75,564,89.98456,0,42509.712261034656,42722.1549676447,136.16844899560027,143.5081921234311,37661.33400927031,0.9319157755021998,24.2,mountain,5G_macro,1000,10000,failed
BTS_00491,16.393750270425,107.791248848835,798148.0589522377,1814541.513109852,8058.87,0.0,81.11014941020868,1163364.75,7,89.909966,0,7238.427493700212,19142.272725916493,79.72215636194167,6554.395284784208,9291.940176830663,0.9601389218190292,28.2,mountain,4G_remote,2500,1200,failed
BTS_05016,16.392916937094984,107.570415516385,774546.8757261846,1814137.3351334883,5430.52,0.0,81.11014941020868,1163364.75,14,89.99104,0,7737.091200338807,8199.491161114009,44.6042819468456,4014.0822390815206,6300.872369081973,0.9776978590265772,27.2,mountain,4G_remote,2500,1200,failed
BTS_02189,16.485000270067474,107.4920821832995,766049.9698512248,1824227.2070742853,11528.52,0.0,81.11014941020868,1163364.75,11,89.98847,0,7648.462451046017,8485.008633773277,14.114443880101003,1288.6902109078524,1866.6237755803368,0.9929427780599496,36.1,mountain,4G_remote,2500,1200,failed
BTS_06368,16.10541693824498,107.644582182755,782884.7440892828,1782408.039966714,2952.29,,81.11014941020868,1163364.75,116,89.981995,0,27481.266566725026,39258.42420458899,55.59227700946779,8799.22415693061,25489.42036737746,0.972203861495266,24.0,mountain,4G_remote,2500,1200,failed
BTS_05616,16.486250270054985,107.609582182895,778599.4216295416,1824524.2730772505,14308.74,0.0,81.11014941020868,1163364.75,6,89.983284,0,1510.506136846515,3420.801055912365,76.0667485478097,32.37799572506517,1718.9739448996506,0.9619666257260951,30.5,mountain,5G_macro,1000,10000,failed
BTS_00776,16.54258360350138,107.59308218243122,776756.565994211,1830738.5193002445,3152.55,0.0,81.11014941020868,1163364.75,4,89.909966,0,7305.781896820071,6573.589163328282,17.818387506548603,0.0,5087.406688547834,0.9910908062467256,21.2,mountain,5G_macro,1000,10000,failed
BTS_00136,16.670139158535086,107.44013773952577,760252.417711477,1844655.2102771008,1593.46,932.6014404296876,81.11014941020868,1163364.75,10,89.981995,0,25161.851535948557,13084.324414203167,17.658306403186018,0.0,9124.16154869908,0.991170846798407,24.2,mountain,5G_macro,1000,10000,failed
BTS_04824,16.66958360265498,107.337915517315,749345.4442468423,1844463.1660398927,7163.17,784.8985595703125,81.11014941020868,1163364.75,4,89.97153,0,32189.461831356224,17027.26326220362,105.75381801210612,350.95230279310675,7950.026991305771,0.947123090993947,20.8,mountain,4G_remote,2500,1200,failed
BTS_02139,16.547500269817387,107.66624884926492,784563.029512408,1831385.080447654,14773.31,2680.385498046875,81.11014941020868,1163364.75,10,89.99512,0,10596.247726489875,10668.38146717276,13.783545120434962,1059.473119853194,2350.834851420948,0.9931082274397826,21.3,mountain,4G_remote,2500,1200,failed
BTS_00169,16.425416936964982,107.681248849275,786344.5785834491,1817889.092795832,34783.83,0.0,81.11014941020868,1163364.75,5,89.97503,0,9781.23574367074,7043.32409645748,52.84043679324265,552.9158084209288,3401.726396964761,0.9735797816033788,27.9,mountain,4G_remote,2500,1200,failed
BTS_02919,16.369583603854984,107.883748848465,808073.4459460243,1812003.6814727688,10356.52,,81.11014941020868,1163364.75,13,89.99168,0,868.8677594116971,25513.91484045768,40.82715646048206,3156.245191636293,3441.140756817008,0.979586421769759,26.1,mountain,4G_remote,2500,1200,failed
BTS_06237,16.402916937054982,107.833748848665,802676.6351473168,1815619.555017831,17131.27,0.0,81.11014941020868,1163364.75,9,89.9852,0,7363.270054144961,23111.139014660286,79.02072357343823,9613.07513344346,9932.108883780298,0.9604896382132808,31.8,mountain,4G_remote,2500,1200,failed
BTS_00845,16.627083602824975,107.312915517415,746732.3373164083,1839727.4660618943,2229.06,332.5605163574219,81.11014941020868,1163364.75,7,89.909966,0,31504.208340672143,15976.022059687908,91.5384321619946,420.19955632384216,6597.703982198037,0.9542307839190028,26.1,mountain,4G_remote,2500,1200,failed
BTS_01533,16.37375027050498,107.721248849115,790695.8562646102,1812225.3682529416,4396.92,0.0,81.11014941020868,1163364.75,6,89.978165,5,2639.950396270245,13952.055684892624,3.0184453712438803,0.0,2261.527104193478,0.998490777314378,29.4,mountain,5G_macro,1000,10000,failed
BTS_05260,16.549583603134984,107.643748849425,782157.1747715023,1831584.0114035488,6051.1,450.54791259765625,81.11014941020868,1163364.75,3,89.98456,0,9345.891166696892,10161.809605708277,9.434233327028972,0.0,7.362762669232437,0.9952828833364856,21.5,mountain,5G_macro,1000,10000,failed
BTS_00834,16.417916936994978,107.619582182855,779765.684867346,1816972.460347692,24432.62,0.0,81.11014941020868,1163364.75,36,89.99588,0,5620.667598017117,4648.67560980301,143.83867739024953,1349.1529023575624,2114.232322914216,0.9280806613048752,27.9,mountain,4G_remote,2500,1200,failed
BTS_03430,16.3941669370973,107.69541551581412,787904.4723071463,1814449.1206717608,2062.8,0.0,81.11014941020868,1163364.75,16,89.95974,0,6174.838273953539,10392.564654315358,18.23025812017669,1227.0024333935344,44.94699176151955,0.9908848709399116,32.7,mountain,5G_macro,1000,10000,failed
BTS_03554,16.415416937004984,107.667915515995,784934.3538962747,1816763.0689118728,15087.24,0.0,81.11014941020868,1163364.75,9,89.97749,0,9561.886630840409,6653.993452404981,32.47892338114961,0.0,3305.5649857023745,0.9837605383094252,21.1,mountain,5G_macro,1000,10000,failed
BTS_04306,16.13458360520278,107.686665515986,787347.0142918299,1785695.5283167243,5063.15,,81.11014941020868,1163364.75,77,89.99687,5,22365.75362654242,36564.92757457936,1.264335662302985,3303.968937709382,21039.781380261404,0.9993678321688484,28.4,mountain,4G_remote,2500,1200,failed
BTS_06346,16.53541693652498,107.561248849755,773367.2143793938,1829901.506691665,18904.66,0.0,81.11014941020868,1163364.75,1,89.93634,0,6551.637690460127,5472.214538314699,138.33935189094498,1202.4479860932677,4904.327781925143,0.9308303240545276,31.3,mountain,4G_remote,2500,1200,failed
BTS_04778,16.38291693713497,107.834582181995,802796.6537061237,1813406.13684407,15530.45,0.0,81.11014941020868,1163364.75,6,89.979866,0,6303.066821236683,23891.495982590764,29.553546562666497,8344.511329970404,8794.952452272624,0.9852232267186668,25.4,mountain,4G_remote,2500,1200,failed
BTS_06334,16.549583603134984,107.612915516215,778864.51513106,1831540.9564534884,968.43,,81.11014941020868,1163364.75,4,89.97153,0,8180.68930893883,8222.978336553671,59.74258478240674,45.2488126326318,2884.684646882029,0.9701287076087968,18.6,mountain,5G_macro,1000,10000,failed
BTS_02425,16.277916937554973,107.947915514875,815080.4279093745,1801950.809847896,7998.15,0.0,81.11014941020868,1163364.75,10,89.98456,0,6559.28315430031,14711.291792253383,14.895198793636766,3488.23884937854,8861.44242361962,0.9925524006031816,34.2,mountain,4G_remote,2500,1200,failed
BTS_04131,16.517083603264982,107.589582182975,776419.1300209581,1827910.4615211969,32755.24,0.0,81.11014941020868,1163364.75,6,89.99104,0,4571.609727717513,3852.2464884082624,24.088940581244447,307.1354732641858,2682.256652483718,0.9879555297093776,17.6,mountain,4G_remote,2500,1200,failed
BTS_04827,16.23625027146482,107.2574988510254,741300.5300138921,1796397.9804264298,2165.72,355.61822509765625,81.11014941020868,1163364.75,560,89.981995,0,42108.55853271823,40059.24483879862,39.17010832419641,8.873998343315318,35089.79460560778,0.9804149458379018,24.1,mountain,5G_macro,1000,10000,failed
BTS_01765,16.494916936945128,107.49641551673294,766499.2490650724,1825330.7854754964,19824.71,0.0,81.11014941020868,1163364.75,7,89.9852,0,7417.138187142064,8066.924166784936,22.59335480438577,916.2117040561324,2223.5013934363574,0.9887033225978072,34.2,mountain,4G_remote,2500,1200,failed
BTS_01952,16.47750027009737,107.65291551598524,783241.2020286561,1823615.8473527876,16115.24,0.0,81.11014941020868,1163364.75,7,89.98763,0,5727.510158628122,3534.7088661843354,18.91663619548715,957.1655385869462,5294.147799423564,0.9905416819022564,20.4,mountain,4G_remote,2500,1200,failed
BTS_06407,16.404583603714986,107.847082181945,804099.1849725913,1815824.0798889971,11413.6,,81.11014941020868,1163364.75,13,89.978165,0,6359.488352666916,24439.23069380797,38.71306262839534,8663.647461933204,8891.251584677568,0.9806434686858024,29.7,mountain,4G_remote,2500,1200,failed
BTS_01345,16.51208360328498,107.642082182765,782033.7070923985,1827429.6988724307,2316.53,649.057373046875,81.11014941020868,1163364.75,1,89.978165,0,6006.293941709298,6083.316499853005,87.03250636061,63.54735530169211,4000.669807761736,0.956483746819695,22.0,mountain,5G_macro,1000,10000,failed
BTS_00888,16.37625027049498,107.818748848725,801114.391132277,1812644.354008549,9387.25,0.0,81.11014941020868,1163364.75,10,89.969986,0,7786.440690045634,22608.55577589049,9.65213548168029,8737.585351485122,9600.587289800196,0.9951739322591598,35.3,mountain,4G_remote,2500,1200,failed
BTS_02553,16.472083603444982,107.577915516355,775236.7755528556,1822912.3371012288,35495.23,0.0,81.11014941020868,1163364.75,7,89.99153,0,958.6879679176968,748.3286618711928,7.082477050333461,172.95793149190314,2720.962172375376,0.9964587614748333,24.6,mountain,5G_macro,1000,10000,failed
BTS_03397,16.67125026931498,107.408748850365,756901.4871641458,1844737.5327547905,567.91,24.47384262084961,81.11014941020868,1163364.75,4,89.990234,0,27159.54245003249,13640.000078059536,36.287780906080734,0.0,7985.160154723287,0.9818561095469596,26.1,mountain,5G_macro,1000,10000,failed
BTS_01342,16.31791693739499,107.772915515575,796303.007723164,1806117.768367204,16269.06,0.0,81.11014941020868,1163364.75,9,89.96817,0,1836.6352095811003,22220.80218600572,25.931927549984863,2640.971580064922,1925.004171287326,0.9870340362250076,27.6,mountain,4G_remote,2500,1200,failed
BTS_06412,16.090416938304983,107.348748850605,751242.9751791639,1780364.6593937,706.81,155.62950134277344,81.11014941020868,1163364.75,620,89.97749,0,47916.61163207946,48109.92424666414,216.10061300331915,264.799365753125,44852.141900787145,0.8919496934983404,26.3,mountain,5G_macro,1000,10000,failed
BTS_00112,16.502916936654984,107.59708218294502,777240.3810639638,1826352.3036128304,12232.29,0.0,81.11014941020868,1163364.75,4,89.979866,0,2893.1505130794494,3253.81229010365,52.91462293807347,231.2591994803985,1119.6978511345535,0.9735426885309632,29.4,mountain,5G_macro,1000,10000,failed
BTS_01785,16.511250269954978,107.594582182955,776961.4706415737,1827271.493934017,45374.61,0.0,81.11014941020868,1163364.75,5,89.978165,0,3839.413397821432,3647.3787826332864,25.32503665696025,376.4647290964649,1994.793659189677,0.98733748167152,26.6,mountain,4G_remote,2500,1200,failed
BTS_01087,16.504583603314977,107.552915516455,772520.5624086919,1826476.5574713585,37696.18,312.0416259765625,81.11014941020868,1163364.75,3,89.95974,0,3318.2777245881907,2780.087247268264,71.45115710812378,424.7455761009119,1381.6612650083068,0.964274421445938,23.8,mountain,4G_remote,2500,1200,failed
BTS_02005,16.606666936247596,107.3737488504426,753251.6677344138,1837543.347824514,636.83,108.22966003417967,81.11014941020868,1163364.75,14,89.981995,5,24845.921312213693,9367.926515477438,4.449861380489985,36.21148192635889,5.255959387919437,0.997775069309755,27.1,mountain,5G_macro,1000,10000,failed
BTS_04315,16.431250270274983,107.571248849715,774582.0857208467,1818382.4621748736,57691.94,0.0,81.11014941020868,1163364.75,13,89.99456,0,3752.998055462532,3955.632844553048,26.71868079421468,510.6991702096551,2771.353260891936,0.9866406596028928,24.7,mountain,4G_remote,2500,1200,failed
BTS_03086,16.25583360431753,107.244582184296,739895.5163211691,1798550.4608677016,2643.88,650.7628784179688,81.11014941020868,1163364.75,569,89.96817,0,41887.75669373098,38907.48341083035,38.45678347310255,0.0,33599.46689993276,0.9807716082634488,27.5,mountain,5G_macro,1000,10000,failed
BTS_02978,16.269583604254983,107.975415514765,818035.3705125843,1801070.6010117438,7341.94,0.0,81.11014941020868,1163364.75,9,89.97749,0,9398.794416101488,11628.255542224611,38.44387164432266,1299.1689189844765,6990.001357890949,0.9807780641778386,35.6,mountain,4G_remote,2500,1200,failed
BTS_04653,16.41541693700498,107.631248849475,781015.9942593535,1816711.8246016933,20923.71,0.0,81.11014941020868,1163364.75,20,89.93634,0,6574.120048240514,4918.133977400991,27.109194282043813,948.7645569129728,2593.6243744347303,0.986445402858978,34.8,mountain,4G_remote,2500,1200,failed
BTS_00583,16.38583360379744,107.48458218332968,765383.6420188963,1813238.8887630291,2226.01,0.0,81.11014941020868,1163364.75,31,89.99371,0,12850.05679892514,13064.166194778209,29.629895860231844,8356.940581100778,9623.09755067728,0.985185052069884,27.3,mountain,4G_remote,2500,1200,failed
BTS_01262,16.57791693635499,107.475415516765,764143.1930756303,1834491.831471545,716.73,3.794277906417847,81.11014941020868,1163364.75,9,89.990234,0,14641.112736296938,4691.596070525898,5.284500685964776,0.0,5981.021140355525,0.9973577496570176,18.6,mountain,5G_macro,1000,10000,failed
BTS_03933,16.369583603854984,107.741248849035,792839.9473530147,1811792.7626413929,13457.86,0.0,81.11014941020868,1163364.75,8,89.990234,0,1677.1247399072672,15871.766788925195,9.48270986533559,1963.6935085301975,4441.909569191151,0.9952586450673322,30.6,mountain,4G_remote,2500,1200,failed
BTS_02876,16.411458607143054,107.8090613509163,800024.8238599872,1816528.6614521544,17671.38,0.0,81.11014941020868,1163364.75,9,89.98883,0,9943.829874271583,20315.461410990647,86.31949761439586,8589.935011811447,9796.517777760992,0.956840251192802,31.1,mountain,4G_remote,2500,1200,failed
BTS_03778,16.42125027031498,107.579582183015,775486.6102800926,1817286.653924268,34604.21,0.0,81.11014941020868,1163364.75,16,89.95499,0,4455.37679686862,5099.118957362523,34.83806517293913,804.3938832055787,4166.292049969597,0.9825809674135304,31.5,mountain,4G_remote,2500,1200,failed
BTS_00659,16.484583603721493,107.63645718269728,781472.7147265634,1824377.0667456689,6411.27,0.0,81.11014941020868,1163364.75,6,89.978165,0,4059.345031372357,3010.398314338408,23.52782505070073,0.0,4551.419799267976,0.9882360874746496,26.9,mountain,5G_macro,1000,10000,failed
BTS_01982,16.432916936934983,107.599582182935,777607.1619881431,1818605.6566009056,8037.38,0.0,81.11014941020868,1163364.75,14,89.990906,0,3228.745701892251,4048.2440287561503,70.07119985205729,200.25517268504208,2075.489036885533,0.9649644000739712,27.8,mountain,5G_macro,1000,10000,failed
BTS_00900,16.4237502707192,107.57916551641316,775438.56198558,1817562.871132048,42228.86,0.0,81.11014941020868,1163364.75,17,89.97153,0,4197.510135346812,4818.883958612496,12.590380698443948,524.1982925306868,3951.025134297488,0.993704809650778,26.2,mountain,4G_remote,2500,1200,failed
BTS_06480,16.48791693671498,107.570415516385,774413.2425479444,1824655.0873708748,20882.65,0.0,81.11014941020868,1163364.75,7,89.95499,0,1507.4675693215868,153.46314924839982,9.35372839718985,0.0,2069.743843006323,0.9953231358014052,19.2,mountain,5G_macro,1000,10000,failed
BTS_02042,16.466250270134974,107.762915515615,795010.0497399757,1822527.8129706483,7272.68,0.0,81.11014941020868,1163364.75,9,89.978165,0,12624.035464268032,14691.847335863484,31.011724885079023,5141.30815722696,4315.525335282969,0.9844941375574604,32.5,mountain,4G_remote,2500,1200,failed
BTS_04516,16.447083603544982,107.733748849065,791922.4806887143,1820363.1677348248,2014.12,0.0,81.11014941020868,1163364.75,8,89.97749,0,10189.774202032677,11638.2174513665,47.656846560374426,1764.3650053155154,838.1298023647375,0.9761715767198128,20.3,mountain,5G_macro,1000,10000,failed
BTS_01182,16.43041693694499,107.572082183045,774672.2997602161,1818291.3324116648,54500.6,0.0,81.11014941020868,1163364.75,18,89.98576,0,3789.051235637104,4043.666899437352,55.21533020584531,439.0998410064154,2898.2977316865586,0.9723923348970772,32.1,mountain,4G_remote,2500,1200,failed
BTS_05188,16.31083360409722,107.78541551545176,797650.3194039217,1805351.671057814,11811.91,0.0,81.11014941020868,1163364.75,4,89.909966,0,331.4410714677249,23724.576113149837,7.294940330871741,4186.86695204393,3268.5906701166045,0.996352529834564,32.4,mountain,4G_remote,2500,1200,failed
BTS_04620,16.156250271374976,107.711248849155,789946.3490400538,1788128.9577525072,1811.65,,81.11014941020868,1163364.75,74,89.98763,0,19022.66248413524,34805.0078183278,85.99892227792303,99.48396701717871,17998.248531369827,0.9570005388610384,18.7,mountain,5G_macro,1000,10000,failed
BTS_06377,16.264583604274982,107.772082182245,796294.1152402163,1800211.0972588835,2016.67,2.895180940628052,81.11014941020868,1163364.75,14,89.979866,0,5429.1191263087885,26666.128255017444,54.85469783269067,7188.903591955028,5708.480077044162,0.9725726510836546,31.3,mountain,4G_remote,2500,1200,failed
BTS_02807,16.506528048184435,107.59013773812676,776493.4912735283,1826742.5638267936,64327.88,0.0,81.11014941020868,1163364.75,7,89.969986,0,3426.2738951437686,2941.1559504424163,15.382367201875654,436.901717982234,1525.7061104805814,0.9923088163990622,30.4,mountain,4G_remote,2500,1200,failed
BTS_04710,16.41875027032498,107.800415515465,799089.611523388,1817323.2811531764,17511.4,0.0,81.11014941020868,1163364.75,9,89.97749,5,9805.625923412232,19219.420013268253,0.4352034814806844,7885.138101088047,8620.92441772147,0.9997823982592596,25.9,mountain,4G_remote,2500,1200,failed
BTS_04230,16.440416937319558,107.56083218315273,773456.2256260013,1819383.21659208,7199.14,0.0,81.11014941020868,1163364.75,24,89.97503,0,3045.978951803505,3226.7453716566165,22.24361157240428,27.04788074962986,1275.836473924833,0.988878194213798,26.1,mountain,5G_macro,1000,10000,failed
BTS_02839,16.476250270094976,107.570415516385,774429.6941339639,1823363.4294951947,40140.51,0.0,81.11014941020868,1163364.75,7,89.909966,5,781.0874995276545,1081.69080120722,3.840861298491148,0.0,2442.443142101524,0.9980795693507544,22.6,mountain,5G_macro,1000,10000,failed
BTS_02040,16.35041693726498,107.495415516685,766589.5466507219,1809332.213611347,4877.57,0.0,81.11014941020868,1163364.75,24,89.96817,0,15158.896576716828,15356.87435889272,48.56042171056227,8808.54496646786,12070.502786106346,0.9757197891447188,35.6,mountain,4G_remote,2500,1200,failed
BTS_06483,16.66541693600498,107.341248850635,749706.5291449812,1844006.0880880689,2260.02,0.0,81.11014941020868,1163364.75,6,89.9852,0,31617.311754800903,16445.334554564844,14.52776368419461,0.0,7374.744133266069,0.9927361181579027,24.5,mountain,5G_macro,1000,10000,failed
BTS_00317,16.452583604857583,107.522915516709,769388.2942057049,1820679.2864480212,20244.55,0.0,81.11014941020868,1163364.75,7,89.97878,5,5031.393135381114,5622.586180894532,0.3005964760233474,1201.9411878969363,2811.447364146543,0.9998497017619884,21.5,mountain,4G_remote,2500,1200,failed
BTS_01850,16.436250270254977,107.618748849525,779650.3796526222,1819001.1141627915,12359.86,0.0,81.11014941020868,1163364.75,26,89.9921,0,3970.102719258308,2676.013118076125,23.775772245426904,13.526068118052224,161.30471962010657,0.9881121138772866,26.0,mountain,5G_macro,1000,10000,failed
BTS_02188,16.24291693769498,107.222082184445,737505.2649669186,1797094.481482203,1206.25,109.48429870605467,81.11014941020868,1163364.75,576,89.98994,0,44676.6909479943,41426.355249484346,98.07580482395376,103.00969511017875,35915.94451562921,0.9509620975880232,18.8,mountain,5G_macro,1000,10000,failed
BTS_01175,16.370416937184984,107.819582182055,801212.4412870097,1811999.655314492,7667.05,,81.11014941020868,1163364.75,7,89.983284,0,7373.892879247422,22960.217337770817,12.165274120719983,8542.939548556169,9222.368646604018,0.99391736293964,24.4,mountain,4G_remote,2500,1200,failed
BTS_00027,16.25402804906916,107.92569329312826,812741.3732123992,1799271.1818174024,6320.66,,81.11014941020868,1163364.75,8,89.97749,5,4333.862666487216,16477.7203041073,0.5997637659190945,6833.558943977069,10892.867043597444,0.9997001181170404,26.2,mountain,4G_remote,2500,1200,failed
BTS_04397,16.080416938344978,107.369582183855,753485.2630577029,1779283.1582630978,829.74,214.38194274902344,81.11014941020868,1163364.75,617,89.99454,0,47833.74210947273,48021.55572914781,51.36722712703629,0.0,44828.13384944372,0.974316386436482,25.2,mountain,5G_macro,1000,10000,failed
BTS_00760,16.33736138219502,107.76930440408076,795887.6047332713,1808265.550418408,12676.08,0.0,81.11014941020868,1163364.75,5,89.99281,0,1546.7649516657968,20465.98037266881,85.08454329427812,2101.137487696079,2897.727035320227,0.9574577283528608,36.4,mountain,4G_remote,2500,1200,failed
BTS_03763,16.607083602904986,107.452082183525,761612.5984981505,1837690.1747756992,4262.87,30.899246215820312,81.11014941020868,1163364.75,8,89.909966,0,18717.300279850013,6223.199283857741,72.90169915679903,1169.5855629878474,6152.021552390264,0.9635491504216004,24.7,mountain,4G_remote,2500,1200,failed
BTS_01221,16.264583604274982,107.71374884914502,790055.1525303889,1800127.3806258622,1733.86,,81.11014941020868,1163364.75,31,89.99338,0,8503.99442150662,23550.47183894604,46.23134092023719,7176.82527348571,6388.735957102327,0.9768843295398814,23.7,mountain,4G_remote,2500,1200,failed
BTS_02375,16.197916937874986,107.724582182435,791311.9864501164,1792761.2509578487,3197.37,4.5092878341674805,81.11014941020868,1163364.75,76,89.99288,0,14265.166804053362,30837.876794718813,50.79553526095688,676.1152528082577,13175.214787822302,0.9746022323695216,32.9,mountain,4G_remote,2500,1200,failed
BTS_05686,16.250416937664983,107.256248850975,741149.5790222858,1797964.6131440124,1947.41,49.08173370361328,81.11014941020868,1163364.75,595,89.99775,0,41242.05883456446,38765.91148065863,149.35041557911225,104.5574676002379,33672.427577549475,0.9253247922104438,26.3,mountain,5G_macro,1000,10000,failed
BTS_06420,16.51208360328498,107.608748849565,778473.3920798174,1827383.298220088,33771.87,0.0,81.11014941020868,1163364.75,5,89.95974,0,4026.632483217817,4854.462260634273,19.41412777604926,991.9588088656328,2612.2594368933637,0.9902929361119752,29.8,mountain,4G_remote,2500,1200,failed
BTS_06472,16.251250270994984,107.23124885107502,738475.4007252101,1798027.543890697,1570.98,601.2516479492188,81.11014941020868,1163364.75,556,89.981995,0,43343.78157627936,40113.03416570012,145.59991077873872,111.91233931098482,34656.91529285243,0.9272000446106308,21.7,mountain,5G_macro,1000,10000,failed
BTS_06345,16.48958360337498,107.702082182525,788475.8736593034,1825023.4290076732,5380.21,0.0,81.11014941020868,1163364.75,6,89.96817,0,11069.60178396259,8824.988592999238,16.92899705471112,3734.146227312925,4363.559830595914,0.9915355014726444,22.4,mountain,4G_remote,2500,1200,failed
BTS_03473,16.134583604794983,107.669582182655,785518.7703801119,1785671.762928846,4868.49,8.06583023071289,81.11014941020868,1163364.75,83,89.9921,0,23310.70245152641,36282.95589782424,17.05413943294674,4728.807241605525,21539.41813514423,0.9914729302835268,31.5,mountain,4G_remote,2500,1200,failed
BTS_02095,16.367083603864977,107.729582182415,791596.548631609,1811499.157830004,19540.22,0.0,81.11014941020868,1163364.75,4,89.96817,0,1525.8455449870262,15107.327734456268,57.90036567896454,929.983411445938,3366.906364678804,0.9710498171605176,22.5,mountain,4G_remote,2500,1200,failed
BTS_04457,16.54708360314498,107.59708218294502,777177.2924177025,1831242.2539232925,3541.02,6.912975788116455,81.11014941020868,1163364.75,8,89.98456,0,7777.347734393182,7193.624388407966,10.961661473556116,0.0,4592.709221694487,0.994519169263222,22.7,mountain,5G_macro,1000,10000,failed
BTS_06366,16.297083604144984,107.805415515445,799809.9145733605,1803858.4602376556,4063.77,,81.11014941020868,1163364.75,25,89.99807,0,2373.484062970577,26324.07151776215,200.1763523388001,6795.482258920672,5708.676187025074,0.8999118238306,34.5,mountain,4G_remote,2500,1200,failed
BTS_01677,16.462083603900073,107.6183321829241,779568.8209615066,1821860.722088368,6173.21,0.0,81.11014941020868,1163364.75,6,89.97749,0,2610.215363474252,827.1968241403077,15.752326223818333,0.0,2289.1563366227097,0.9921238368880908,24.3,mountain,5G_macro,1000,10000,failed
BTS_00985,16.657916936034983,107.382915517135,754162.5423411168,1843228.4203053887,1557.63,0.0,81.11014941020868,1163364.75,6,89.98994,0,27832.077323627294,13253.085448899485,114.66798345124624,108.77706691014605,5745.6576187092,0.9426660082743769,29.4,mountain,5G_macro,1000,10000,failed
BTS_01138,16.281250270874978,108.023748847905,823186.5227372568,1802438.5651041188,3979.06,1.4589649438858032,81.11014941020868,1163364.75,5,89.95974,0,14647.40373052989,7665.867063291343,40.04669228542582,2677.596162553392,3626.1003403035006,0.979976653857287,44.9,mountain,4G_remote,2500,1200,failed
BTS_02134,16.33486138208393,107.7848599603604,797554.5394649308,1808011.4220737,10500.23,,81.11014941020868,1163364.75,4,89.969986,0,2674.228309844356,21915.161580318698,23.88422840257747,3678.597581504385,3860.405905396522,0.9880578857987112,30.7,mountain,4G_remote,2500,1200,failed
BTS_05350,16.592083602964983,107.496248850015,766347.911754451,1836087.7608653412,2368.28,0.0,81.11014941020868,1163364.75,8,89.95974,0,14676.53028395108,7411.575898997293,24.43775532560788,0.0,8406.84959431961,0.987781122337196,19.9,mountain,5G_macro,1000,10000,failed
BTS_02355,16.382083603804986,107.867082181865,806272.1233066664,1813362.654707971,11977.58,0.0,81.11014941020868,1163364.75,13,89.98594,0,3120.515592998061,27196.161374274525,25.07846695250274,5400.44082031547,5687.122584178962,0.9874607665237486,28.1,mountain,4G_remote,2500,1200,failed
BTS_06080,16.422083603644985,107.661248849355,784212.2197907366,1817491.8307124549,9675.22,0.0,81.11014941020868,1163364.75,7,89.97878,0,8570.157589979457,5628.2984368525495,49.12554603555878,0.0,4328.735088351797,0.9754372269822206,29.5,mountain,5G_macro,1000,10000,failed
BTS_01081,16.452083603524983,107.767915515595,795565.7630865085,1820966.4755175563,10797.53,0.0,81.11014941020868,1163364.75,6,89.981995,0,11247.22676507666,15229.786047485071,117.1338940664159,5428.873047184747,4449.135970127907,0.941433052966792,30.3,mountain,4G_remote,2500,1200,failed
BTS_06094,16.533750269864985,107.627915516155,780489.2495037487,1829808.7992419088,2366.17,0.0,81.11014941020868,1163364.75,0,0.0,0,6999.637533507779,7946.165225711555,30.74909590736616,117.32311126243135,2104.866306708411,0.9846254520463168,34.4,urban,5G_macro,1000,10000,failed
BTS_05908,16.382083603804986,107.580415516345,775630.8395119742,1812951.5059331565,5748.6,0.0,81.11014941020868,1163364.75,13,89.97749,0,8723.31766191267,9422.65491821114,53.37419930489149,5132.487130867836,7407.179364959597,0.9733129003475542,36.4,mountain,4G_remote,2500,1200,failed
BTS_06369,16.39541693708498,107.625415516165,780421.3054999666,1814489.398371444,4961.1,0.0,81.11014941020868,1163364.75,23,89.99252,0,8106.273661359136,7095.42924090427,14.267355441453777,3111.1415086145903,4612.541235709659,0.9928663222792732,25.5,mountain,4G_remote,2500,1200,failed
BTS_04738,16.429583603614976,107.513748849945,768440.6160276766,1818120.7784799505,4398.02,,81.11014941020868,1163364.75,9,89.96817,0,7378.56446607393,7596.684493661375,7.28267683270637,2716.328685276326,4228.17875829105,0.9963586615836468,21.7,mountain,4G_remote,2500,1200,failed
BTS_03353,16.672916935974982,107.336248850655,749163.2877131763,1844830.080171824,2055.64,0.0,81.11014941020868,1163364.75,1,89.97749,0,32567.964769970175,17424.3461447528,84.47218050197307,105.47237692019122,8359.05644816233,0.9577639097490136,22.1,mountain,5G_macro,1000,10000,failed
BTS_00539,16.100416938671835,107.3841655171886,755020.52770181,1781515.0434608553,916.1,10.174362182617188,81.11014941020868,1163364.75,486,89.95499,0,45155.27923094152,45342.1282913712,42.1937522079548,0.0,42161.353052456165,0.9789031238960226,25.7,mountain,5G_macro,1000,10000,failed
BTS_02300,16.54680582568836,107.63180440542249,780885.6584073175,1831259.7206077543,4822.13,,81.11014941020868,1163364.75,4,89.99447,0,8485.429748259116,9240.031236602028,22.16748841548544,0.0,965.7570357596848,0.9889162557922572,23.5,mountain,5G_macro,1000,10000,failed
BTS_06419,16.522083603244983,107.339582183975,749713.8199326731,1828137.2371852729,862.85,633.755859375,81.11014941020868,1163364.75,13,89.99181,0,24407.719564521703,11291.8300068369,27.151559634127647,57.661670327204966,3240.804884832351,0.9864242201829362,20.6,mountain,5G_macro,1000,10000,failed
BTS_06109,16.24875027100497,108.072915514375,828499.9555218869,1798917.6363248064,5901.33,,81.11014941020868,1163364.75,9,89.9852,0,19933.92888276435,1460.2612449435928,9.7790884918575,8165.322415102789,8986.301755951457,0.9951104557540712,29.9,mountain,4G_remote,2500,1200,failed
BTS_03765,16.49041693670498,107.487915516715,765597.5131728664,1824821.3813968648,12225.21,0.0,81.11014941020868,1163364.75,13,89.978165,0,8183.41468753564,8477.504524479971,13.959898381028392,606.4082863815718,1286.0853075758143,0.993020050809486,26.0,mountain,4G_remote,2500,1200,failed
BTS_06486,16.392916937094984,107.826248848695,801890.4316707852,1814501.0391385911,15194.83,0.0,81.11014941020868,1163364.75,10,89.98994,0,7529.801567798874,22676.61187029659,190.92202202417437,9654.841372509703,10070.953457566577,0.9045389889879129,36.4,mountain,4G_remote,2500,1200,failed
BTS_01794,16.336250270654986,107.672082182645,785494.96530165,1808003.5838739143,1439.11,0.0,81.11014941020868,1163364.75,47,89.994705,0,7211.127875624228,14523.289561660997,54.23745350453963,6528.64981333364,5447.882031024563,0.9728812732477302,32.0,mountain,4G_remote,2500,1200,failed
BTS_05043,16.41791693699498,107.701248849195,788492.8936800918,1817087.079135344,17086.52,0.0,81.11014941020868,1163364.75,6,89.97503,5,7917.490244558486,9303.612463385189,2.527729803998292,918.8101335909884,2582.3845703599613,0.9987361350980009,35.0,mountain,4G_remote,2500,1200,failed
BTS_04884,16.496250270014983,107.481248850075,764877.4916396949,1825458.4028257907,3297.65,0.0,81.11014941020868,1163364.75,9,89.99006,0,9019.619838947638,7537.07562428096,21.72760449641187,0.0,781.8516696241853,0.989136197751794,18.6,mountain,5G_macro,1000,10000,failed
BTS_06238,16.218750271124993,108.067915514395,828014.7959527888,1795587.057642792,6706.55,1.3352949619293213,81.11014941020868,1163364.75,10,89.93634,0,20029.831918762964,2305.42925703744,22.707043708510817,9304.736452149353,11600.706998136278,0.9886464781457446,24.1,mountain,4G_remote,2500,1200,failed
BTS_02964,16.399583603734975,107.832915515335,802592.7216826645,1815249.199819152,16513.03,0.0,81.11014941020868,1163364.75,4,89.98883,0,7238.405875837418,23128.768988226024,21.415519887055066,9460.94342043127,9810.566147999009,0.9892922400564724,26.5,mountain,4G_remote,2500,1200,failed
BTS_06367,16.393750270424984,107.604582182915,778197.1580336442,1814276.1691076923,5124.86,0.0,81.11014941020868,1163364.75,15,89.99431,0,7563.751554783798,7618.358798387674,63.59574763565687,4161.187478996552,5102.9344031896935,0.9682021261821716,30.8,mountain,4G_remote,2500,1200,failed
BTS_02557,16.372500270546116,107.81874884835442,801120.154879659,1812229.1099710343,8377.38,0.0,81.11014941020868,1163364.75,9,89.909966,0,7541.936450695157,22781.204538846483,19.514952834098462,8586.122865279587,9312.078479582236,0.9902425235829508,35.8,mountain,4G_remote,2500,1200,failed
BTS_06332,16.345416937284984,107.633748849465,781383.6938787277,1808965.0790083208,1859.83,5.836969375610352,81.11014941020868,1163364.75,23,89.99153,0,11052.445558787573,12661.76200866185,31.435980330020637,7668.220889645543,7111.945976770153,0.9842820098349896,26.2,mountain,4G_remote,2500,1200,failed
BTS_01646,16.578750269684978,107.607915516235,778288.643612003,1834763.2677877543,3975.57,0.0,81.11014941020868,1163364.75,9,89.98658,0,11317.4446114563,10879.660007860512,7.582681735194433,31.677189990747426,4578.532395790664,0.9962086591324028,25.9,mountain,5G_macro,1000,10000,failed
BTS_03481,16.28541693752498,107.220415517785,737275.9653294496,1801796.7752191168,2959.55,0.0,81.11014941020868,1163364.75,579,89.993095,0,42282.00829374413,37743.680208019,60.43499770292052,0.0,31857.949594059464,0.9697825011485396,22.9,mountain,5G_macro,1000,10000,failed
BTS_06364,16.28541693752498,107.696248849215,788153.0701948397,1802409.3074096935,1854.82,0.0,81.11014941020868,1163364.75,25,89.99138,5,8163.073929714395,20702.59066919959,2.694267304710881,6311.087718372915,5346.081307989824,0.9986528663476446,26.8,mountain,4G_remote,2500,1200,failed
BTS_00757,16.29958360413498,108.013748847945,822086.8718136449,1804453.118465035,5860.08,,81.11014941020868,1163364.75,5,89.95974,0,13431.21159508876,9828.51796459104,209.63204923738925,786.4649454545597,1814.5193884073208,0.8951839753813053,32.0,mountain,4G_remote,2500,1200,failed
BTS_06372,16.540416936504982,107.464582183475,763037.5296713733,1830326.098777548,4519.23,361.4436950683594,81.11014941020868,1163364.75,8,89.981995,0,12695.63570440431,2853.8414104015774,61.97376039584631,23.52102143412382,2102.8649091674583,0.9690131198020768,29.5,mountain,5G_macro,1000,10000,failed
BTS_06458,16.41958360365499,107.565415516405,773975.1595668877,1817082.905643377,19023.21,0.0,81.11014941020868,1163364.75,12,89.991,0,5167.112828116761,5309.706938570374,48.35058589070275,1572.9515615152152,3373.915721691188,0.9758247070546486,27.1,mountain,4G_remote,2500,1200,failed
BTS_05090,16.497916936674976,107.569582183055,774310.1210820328,1825761.0890157048,12823.13,0.0,81.11014941020868,1163364.75,3,89.98847,0,2494.475833639266,1226.743512926964,68.3996863064682,49.22650688209875,2222.4294298427308,0.965800156846766,25.4,mountain,5G_macro,1000,10000,failed
BTS_06406,16.35291693725498,107.482915516735,765250.0610617477,1809592.6278418684,3595.28,,81.11014941020868,1163364.75,41,89.99698,0,15695.513295621207,15900.231333656147,29.856237542487836,7604.922102032532,12533.83469793112,0.985071881228756,32.9,mountain,4G_remote,2500,1200,failed
BTS_06025,16.491250270034968,107.605415516245,778147.1785250701,1825072.101544715,19922.53,0.0,81.11014941020868,1163364.75,5,89.983284,5,1720.0323572680004,3651.763237628322,2.095077805677888,5.581973644524358,1168.8995873341412,0.9989524610971612,23.2,mountain,5G_macro,1000,10000,failed
BTS_01832,16.409583603694983,107.627082182825,780579.1054612165,1816060.196360364,15059.66,0.0,81.11014941020868,1163364.75,36,89.99,0,6829.497968488451,5529.068205951504,52.07718045874761,1692.249779576364,3082.023549701602,0.9739614097706262,29.8,mountain,4G_remote,2500,1200,failed
BTS_05197,16.27500027090709,107.9329155148579,813480.6372321167,1801604.717066425,7984.95,0.0,81.11014941020868,1163364.75,9,89.969986,0,4922.870018012968,16157.290530871767,14.27483886026086,4952.153755839106,8776.135441019056,0.9928625805698696,34.5,mountain,4G_remote,2500,1200,failed
BTS_03614,16.514583603274982,107.445415516885,761025.6208748727,1827441.238343204,2333.67,0.0,81.11014941020868,1163364.75,11,89.98594,0,13267.650075924676,4168.6095363275335,23.893861574224427,7.415236215412397,1767.2825936717409,0.9880530692128878,13.4,mountain,5G_macro,1000,10000,failed
BTS_02739,16.38458360379498,107.872082181845,806802.7024766204,1813647.0516371047,9738.27,,81.11014941020868,1163364.75,11,89.98908,0,2899.8606242390115,27497.9032941964,18.465921896921,5201.475057806456,5420.253522733665,0.9907670390515396,31.9,mountain,4G_remote,2500,1200,failed
BTS_06468,16.28541693752498,107.97208218144502,817653.289371416,1802818.8533585623,6770.48,0.0,81.11014941020868,1163364.75,9,89.98763,0,9258.125762785709,12610.581339601427,57.28639312831459,1305.6997398877877,6193.831983147477,0.9713568034358429,24.5,mountain,4G_remote,2500,1200,failed
BTS_02668,16.367916937608047,107.73583218245706,792263.4122741775,1811600.4150213604,16937.12,0.0,81.11014941020868,1163364.75,3,89.97153,0,1421.155554632063,15544.957267092796,139.54325333826873,1455.4756520792257,3946.787158112462,0.9302283733308656,35.5,mountain,4G_remote,2500,1200,failed
BTS_04455,16.49958360333498,107.736248849055,792110.8301837688,1826179.8959184412,6564.46,,81.11014941020868,1163364.75,8,89.99471,0,14844.36508522633,12628.144093490042,9.372634947241952,5631.331333783417,5402.108739289202,0.995313682526379,26.6,mountain,4G_remote,2500,1200,failed
BTS_03528,16.23875027104499,108.082082181005,829497.3712931394,1797824.860635769,7951.41,,81.11014941020868,1163364.75,15,89.9947,0,21048.05915814143,425.75008132727226,44.621924378808885,9476.22941971145,10460.388192738124,0.9776890378105956,26.6,mountain,4G_remote,2500,1200,failed
BTS_02100,16.445972492757566,107.57180440566005,774620.7286584934,1820013.1616742515,17013.89,0.0,81.11014941020868,1163364.75,25,89.982346,0,2201.8000109862737,2325.133468433807,13.01601007439325,0.0,2202.1363395645844,0.9934919949628034,26.2,mountain,5G_macro,1000,10000,failed
BTS_06015,16.319583604054976,107.626248849495,780618.828010824,1806094.5400859376,1505.15,,81.11014941020868,1163364.75,20,89.99354,0,12441.021767113032,15492.27253277508,21.35653441670437,10564.276765863337,9627.659123315008,0.9893217327916478,27.0,mountain,4G_remote,2500,1200,failed
BTS_02159,16.304583604114974,107.771248848915,796144.8675741669,1804638.9779615807,11029.97,0.0,81.11014941020868,1163364.75,7,89.93634,0,1976.996169120424,23166.22029004668,8.580283152982568,3414.3828182692646,2012.4985491906589,0.9957098584235088,24.2,mountain,4G_remote,2500,1200,failed
BTS_00781,16.484583604503268,107.6287488496566,780649.2711272317,1824366.323110652,5920.27,0.0,81.11014941020868,1163364.75,6,89.984085,0,3258.821188686961,2798.0788724330114,26.31350128632053,0.0,3742.6800627510856,0.9868432493568398,18.9,mountain,5G_macro,1000,10000,failed
BTS_05326,16.50791693663498,107.482915516735,765039.596470204,1826752.180336553,26898.38,0.0,81.11014941020868,1163364.75,7,89.98576,0,9254.744084826862,6641.942566976196,25.046514664833005,750.4608975090636,1477.7503413009224,0.9874767426675836,36.7,mountain,4G_remote,2500,1200,failed
BTS_06401,16.27125027091498,107.89874884840502,809832.0111914172,1801137.284693583,10530.94,0.0,81.11014941020868,1163364.75,10,89.95974,0,1270.833522360579,19623.36898626792,82.17830850778653,8330.020790024804,8965.262690500742,0.9589108457461069,30.7,mountain,4G_remote,2500,1200,failed
BTS_05421,16.29041693750498,107.680415515945,786452.6127932287,1802940.613506204,996.42,36.99006271362305,81.11014941020868,1163364.75,43,89.997246,0,9334.41791389912,19617.66415773796,130.17450861793148,7329.698210202401,6291.223978276988,0.9349127456910342,37.2,mountain,4G_remote,2500,1200,failed
BTS_00492,16.503750269984984,107.472915516775,763977.2423963039,1826277.7693917144,4417.33,0.0,81.11014941020868,1163364.75,9,89.981995,0,10103.128777259955,6350.950372170793,45.28578618377203,618.5515325030922,449.3507947919885,0.977357106908114,29.6,mountain,5G_macro,1000,10000,failed
BTS_00294,16.564583603074983,107.336248850655,749303.2186250573,1832837.7567457864,554.03,1.5978881120681765,81.11014941020868,1163364.75,15,89.99364,0,26126.71001810432,11238.561578679586,49.84499188508842,15.333087319456872,4097.413259621279,0.9750775040574556,26.0,mountain,5G_macro,1000,10000,failed
BTS_03482,16.496250270014983,107.473748850105,764076.4331212442,1825448.5609845573,3253.59,0.0,81.11014941020868,1163364.75,11,89.95974,0,9798.283504365048,7106.961468130812,6.867208849107695,0.0,517.968044920677,0.996566395575446,23.9,mountain,5G_macro,1000,10000,failed
BTS_02793,16.379583603814982,107.880415515145,807701.3808226484,1813105.992844405,7948.07,,81.11014941020868,1163364.75,4,89.98727,0,1903.8764850820976,26452.5020573612,17.873855737501493,4186.525625368526,4381.688828556055,0.9910630721312492,33.3,mountain,4G_remote,2500,1200,failed
BTS_06300,16.16291693801498,107.730415515745,791987.5891197264,1788894.2338145296,2472.27,,81.11014941020868,1163364.75,65,89.993095,0,17533.438754926872,34700.40983693683,14.519795763147751,0.0,16859.767609233655,0.992740102118426,22.8,mountain,5G_macro,1000,10000,failed
BTS_02265,16.50930582584068,107.4893044059917,765720.042883024,1826914.359653669,26435.48,0.0,81.11014941020868,1163364.75,7,89.991,0,8690.52448180922,7018.502907375952,9.407630055048516,941.2200918390582,2176.4157496183248,0.9952961849724756,23.8,mountain,4G_remote,2500,1200,failed
BTS_04364,16.49541693668498,107.544582183155,771643.3041134783,1825450.4434477289,3490.27,0.0,81.11014941020868,1163364.75,3,89.97153,0,2899.7288481611304,3021.436355389443,157.85879505712165,157.36803709305366,436.4386158942568,0.9210706024714392,24.3,mountain,5G_macro,1000,10000,failed
BTS_03538,16.51270860351514,107.71812384965185,790155.0454485895,1827606.9656504043,7984.03,0.0,81.11014941020868,1163364.75,11,89.99126,0,13298.649523803508,11508.196354950043,7.5007811199641985,4853.295572593672,6532.476882525145,0.996249609440018,23.7,mountain,4G_remote,2500,1200,failed
BTS_05426,16.502916936654984,107.468748850125,763533.3589002675,1826180.058911252,4728.0,0.0,81.11014941020868,1163364.75,14,89.9852,0,10502.130719647548,6201.82157898273,88.05149253304563,750.6651435443847,256.10028543076334,0.9559742537334772,31.2,mountain,5G_macro,1000,10000,failed
BTS_06469,16.41875027032498,107.530415516545,770236.3943355246,1816943.604290048,3909.76,,81.11014941020868,1163364.75,46,89.99595,5,6829.66895250617,7038.211487590685,0.1549479687362085,2302.3411796091427,3651.7717196486433,0.999922526015632,26.8,mountain,4G_remote,2500,1200,failed
BTS_05198,16.67625026929497,107.337915517315,749336.7996254528,1845201.15911526,1514.97,0.0,81.11014941020868,1163364.75,2,89.95974,0,32684.558338759223,17598.03659115083,69.3558417741446,144.22575882997222,8603.290367285612,0.9653220791129276,28.7,mountain,5G_macro,1000,10000,failed
BTS_02380,16.455416936844983,107.612915516215,778999.6681477765,1821115.1204925063,19199.92,1587.7701416015625,81.11014941020868,1163364.75,3,89.98658,5,2308.558061911925,1428.1721503419617,0.8108735395259447,0.0,1662.2389008349471,0.999594563230237,27.1,mountain,5G_macro,1000,10000,failed
BTS_03537,16.515416937021214,107.5258321832918,769612.8244023707,1827639.4750833265,4484.3,0.0,81.11014941020868,1163364.75,4,89.97749,0,5885.295773857365,5803.964325239497,43.40986763213268,0.0,3266.977836351969,0.9782950661839336,30.7,mountain,5G_macro,1000,10000,failed
BTS_04029,16.482916936734984,107.53374884986502,770503.5503320053,1824051.9866441689,2696.1,0.6438019871711731,81.11014941020868,1163364.75,1,89.98847,0,3221.1986070600638,4056.315081663181,33.88700672597666,45.82623651232265,1241.3136775621847,0.9830564966370116,32.6,mountain,5G_macro,1000,10000,failed
BTS_04097,16.265416937604975,107.70874884916502,789519.1735870959,1800212.5565183864,2139.73,0.0,81.11014941020868,1163364.75,26,89.99168,0,8742.771035933563,23256.373323674132,124.02623758676592,7312.771947216251,6491.590468727477,0.937986881206617,34.8,mountain,4G_remote,2500,1200,failed
BTS_00325,16.11402804974811,107.65430440454682,783913.0758255457,1783374.7920934574,3716.74,,81.11014941020868,1163364.75,102,89.98714,0,26110.61049117625,38375.56960439062,175.28072454243548,7389.148510431806,24227.085276556863,0.9123596377287824,30.2,mountain,4G_remote,2500,1200,failed
BTS_05991,16.40458360371499,107.702082182525,788601.6347460711,1815611.9623223264,18354.58,0.0,81.11014941020868,1163364.75,14,89.9925,0,6607.826266521097,10187.470845548953,27.522851262234717,435.5707797140333,1390.03710602299,0.9862385743688826,19.3,mountain,4G_remote,2500,1200,failed
BTS_01837,16.517916938676446,107.53333218350994,770410.349195471,1827926.31279798,7222.24,0.0,81.11014941020868,1163364.75,7,89.969986,0,5601.345379661575,5322.909021898506,30.038598574087903,0.0,3152.502736320881,0.984980700712956,18.7,mountain,5G_macro,1000,10000,failed
BTS_02960,16.53541693652498,107.440415516905,760463.6855389596,1829741.108881375,4819.8,44.680171966552734,81.11014941020868,1163364.75,8,89.9852,0,14649.702467357756,1831.6042404610264,16.052278782627837,18.96514594763961,1526.2454588877374,0.991973860608686,21.4,mountain,5G_macro,1000,10000,failed
BTS_01094,16.69541693588497,107.358748850565,751534.6148485704,1847349.0776999665,1618.6,0.0,81.11014941020868,1163364.75,4,89.95974,5,32629.772114281448,18131.229596545392,2.7963757680582324,0.0,9950.517526196165,0.9986018121159708,27.4,mountain,5G_macro,1000,10000,failed
BTS_02635,16.234166937737548,107.20541551778702,735733.5429860497,1796106.7045367074,313.87,249.3957061767578,81.11014941020868,1163364.75,567,89.9951,0,46691.2660951462,43240.5677130784,20.604899154771456,0.0,37594.18372539577,0.9896975504226144,30.3,mountain,5G_macro,1000,10000,failed
BTS_02637,16.40958360369498,107.78708218218502,797678.5971032048,1816288.6051543804,12277.74,0.0,81.11014941020868,1163364.75,3,89.97153,0,8091.36123057217,18121.19169053216,64.07363264265067,6245.495571662513,7858.247512363196,0.9679631836786746,22.2,mountain,4G_remote,2500,1200,failed
BTS_06112,16.617083602864984,107.537915516515,770761.08709747,1838911.4051381568,1095.45,0.0,81.11014941020868,1163364.75,6,89.98576,0,15821.226656797093,12639.453215330528,36.8780171389449,0.0,13003.965543245034,0.9815609914305276,25.8,mountain,5G_macro,1000,10000,failed
BTS_04889,16.421250270314978,107.599582182935,777623.7467741854,1817313.979029435,25300.67,0.0,81.11014941020868,1163364.75,53,89.99656,0,4477.86296224536,5065.703145521989,44.937551262480696,1312.7129532554732,2743.523410024916,0.9775312243687596,35.9,mountain,4G_remote,2500,1200,failed
BTS_06474,16.53208360320498,107.698748849205,788056.742857791,1829724.40639537,12963.77,,81.11014941020868,1163364.75,7,89.995,0,12255.907478928557,11210.509313651826,233.88925137355503,3805.312614253444,6186.384150131516,0.8830553743132225,22.9,mountain,4G_remote,2500,1200,failed
BTS_05232,16.402083603724982,107.664582182675,784597.5437192535,1815282.114924308,29619.03,0.0,81.11014941020868,1163364.75,15,89.979866,0,9294.71903753545,7600.900173297264,82.58673163084244,594.6381367133567,2737.2862589165825,0.9587066341845788,27.4,mountain,4G_remote,2500,1200,failed
BTS_00747,16.533750270281608,107.5016655167212,767006.608799577,1829636.9276293705,20573.33,0.0,81.11014941020868,1163364.75,5,89.95974,0,9141.53813440131,6816.879963049114,51.27618898253411,1133.3368970698116,3799.714044199727,0.9743619055087328,29.3,mountain,4G_remote,2500,1200,failed
BTS_02063,16.58458360330546,107.50166551748808,766936.5323169307,1835264.646495213,19899.55,115.91835021972656,81.11014941020868,1163364.75,7,89.99371,0,13670.050594634818,7445.933839749837,129.72464574147625,687.9564116469863,7895.763965464505,0.935137677129262,31.8,mountain,4G_remote,2500,1200,failed
BTS_02586,16.38875027085856,107.7999988488686,799090.9632304824,1814000.751324774,8603.74,0.0,81.11014941020868,1163364.75,9,89.98752,0,7730.538936041267,20218.598530176656,27.076784854031203,7536.595871429608,9466.215711363498,0.9864616075729844,25.6,mountain,4G_remote,2500,1200,failed
BTS_03560,16.421666936987315,107.69708218247408,788042.0869947413,1817496.3552604103,20159.58,0.0,81.11014941020868,1163364.75,8,89.97503,0,8497.244965166945,8712.262954304517,81.45049768357141,1230.6182695803102,2849.0820492357966,0.9592747511582144,26.7,mountain,4G_remote,2500,1200,failed
BTS_03292,16.116250271534984,107.392082183765,755847.4319758501,1783277.5557051771,1116.76,0.0,81.11014941020868,1163364.75,490,89.9941,0,43208.5185626515,43395.42098230398,39.6692731289077,0.0,40214.84763367767,0.9801653634355462,21.9,mountain,5G_macro,1000,10000,failed
BTS_06399,16.297083604144976,107.802082182125,799453.4458299438,1803853.561253224,4609.72,0.0,81.11014941020868,1163364.75,21,89.996445,0,2114.6073558635235,26064.9718258266,15.70174412149918,6490.315728853318,5371.561633593755,0.9921491279392504,23.8,mountain,4G_remote,2500,1200,failed
BTS_03347,16.32958360401497,107.748748849005,793701.5312379161,1807374.5571914492,3576.61,0.0,81.11014941020868,1163364.75,6,89.979866,0,1059.0072467391994,19499.33544642126,10.34712105316594,0.0,1321.0289366757286,0.994826439473417,20.3,mountain,5G_macro,1000,10000,failed
BTS_05885,16.172083604644985,107.707915515835,789566.5662692182,1789877.347433464,10411.38,0.0,81.11014941020868,1163364.75,60,89.99364,0,17631.579395923814,33019.887956874045,13.774311241469473,518.9567178927755,16411.388762072325,0.9931128443792652,28.4,mountain,4G_remote,2500,1200,failed
BTS_04233,16.28291693785766,107.93562384815714,813757.7261291397,1802485.5750737428,6832.49,0.0,81.11014941020868,1163364.75,9,89.95974,0,5421.092075657311,16133.404552285898,71.65961456684988,4266.868484867029,8025.547164397037,0.9641701927165752,22.5,mountain,4G_remote,2500,1200,failed
BTS_06396,16.202916937854972,108.110415514225,832589.1756409258,1793901.9856730776,114.25,105.88446044921876,81.11014941020868,1163364.75,266,89.99802,0,24886.7937819528,5062.474293117256,22.66349615489049,14030.323545409625,15455.119256526332,0.9886682519225548,39.7,mountain,4G_remote,2500,1200,failed
BTS_03288,16.427083603624983,107.604582182915,778149.7284077058,1817966.6841930277,38736.81,0.0,81.11014941020868,1163364.75,35,89.99797,0,4003.71486114186,4233.5499478315205,9.333746297464243,1024.4077239429216,1917.1392698790632,0.9953331268512678,27.1,mountain,4G_remote,2500,1200,failed
BTS_02429,16.22291693777499,108.079582181015,829256.2543141947,1796067.2508412318,7359.58,0.0,81.11014941020868,1163364.75,6,89.99316,0,21122.62054637228,1539.967593822526,20.80479824724572,10057.168898419312,11769.207295133256,0.9895976008763772,34.9,mountain,4G_remote,2500,1200,failed
BTS_03056,16.497916936674983,107.526248849895,769681.6119386189,1825702.5987786995,23711.59,0.0,81.11014941020868,1163364.75,2,89.98456,0,4609.148793650872,4981.310138767521,56.67706549911663,596.9524664009782,1913.4325327012807,0.9716614672504416,28.8,mountain,4G_remote,2500,1200,failed
BTS_06083,16.292083604164972,107.915415515005,811581.7845372497,1803469.711380988,2705.5,318.295166015625,81.11014941020868,1163364.75,5,89.98953,0,4047.7104009317577,18507.263360463403,26.45445996082592,6065.863823350727,6580.559629054904,0.9867727700195872,29.8,mountain,4G_remote,2500,1200,failed
BTS_04837,16.626250269494975,107.424582183635,758651.447559752,1839776.2815564875,2329.48,46.92213439941406,81.11014941020868,1163364.75,6,89.993996,0,22238.351144520224,8402.806248519419,53.91461373334423,6.8493417080086685,4294.317539066987,0.973042693133328,26.7,mountain,5G_macro,1000,10000,failed
BTS_05863,16.640416936104977,107.317082184065,747159.9284854867,1841208.573247712,1916.49,54.83373641967773,81.11014941020868,1163364.75,8,89.93634,0,31943.220674201788,16432.207615010848,25.064830110178285,0.0,6975.717490725468,0.9874675849449108,26.4,mountain,5G_macro,1000,10000,failed
BTS_00123,16.50675027333771,107.54724884953806,771912.2838653541,1826708.7759458048,1738.82,0.0,81.11014941020868,1163364.75,6,89.98908,5,3775.792700669696,3389.502534007708,0.8786924134838018,0.0,1538.095338370948,0.999560653793258,21.9,mountain,5G_macro,1000,10000,failed
BTS_05250,16.392916937094984,107.702915515855,788707.9138337919,1814321.3835349733,2308.5,0.0,81.11014941020868,1163364.75,16,89.98752,0,5525.120151586161,11073.918048455424,119.08460026450636,1096.087165712735,440.8699783486457,0.9404576998677469,17.3,mountain,5G_macro,1000,10000,failed
BTS_05115,16.65291693605498,107.406248850375,756659.1753743519,1842704.751626744,2133.94,320.94317626953125,81.11014941020868,1163364.75,3,89.909966,0,25749.16374554068,11766.377091145829,70.42130090930625,30.00853812575139,5943.054071299475,0.9647893495453468,25.7,mountain,5G_macro,1000,10000,failed
BTS_02239,16.27333360424708,107.9362488481778,813839.8336387029,1801425.271645523,8584.33,0.0,81.11014941020868,1163364.75,6,89.983284,0,5247.849871149203,15765.066775337304,61.536639182695374,4768.608929891821,9054.309686119032,0.9692316804086524,34.5,mountain,4G_remote,2500,1200,failed
BTS_06319,16.53041693654499,107.524582183235,769458.4998967495,1829298.4596179423,20533.74,0.0,81.11014941020868,1163364.75,5,89.909966,0,7271.2529329051795,6943.840752816396,86.3249711974897,418.7182091477493,4787.880488039436,0.9568375144012552,23.9,mountain,4G_remote,2500,1200,failed
BTS_00510,16.53791693693178,107.63833218284456,781595.6787625838,1830284.6883746448,3220.92,0.0,81.11014941020868,1163364.75,3,89.981995,0,7940.847814991508,8789.168224063498,45.230295694245605,0.0,1166.1044528094903,0.9773848521528772,22.9,mountain,5G_macro,1000,10000,failed
BTS_04569,16.337916937314976,107.662915516015,784512.552188904,1808175.2732419127,1351.2,1.142125964164734,81.11014941020868,1163364.75,65,89.99371,0,8108.7894130807645,14040.843983294517,140.87502600334852,7030.419669548938,5670.92053707724,0.9295624869983258,16.7,mountain,4G_remote,2500,1200,failed
BTS_04694,16.422916936974982,107.67458218263502,785635.828392507,1817602.8684910403,8649.67,0.0,81.11014941020868,1163364.75,8,89.969986,0,9782.25520929344,6618.810679692007,43.658842205295066,15.762398755270691,3462.764888117305,0.9781705788973524,21.1,mountain,5G_macro,1000,10000,failed
BTS_03436,16.43000027028739,107.59041551623687,776631.8288118299,1818270.180878186,10406.49,0.0,81.11014941020868,1163364.75,18,89.99474,0,3370.597260563909,4473.411314760943,31.323331934893243,5.733615584774356,3106.035938694164,0.9843383340325532,23.5,mountain,5G_macro,1000,10000,failed
BTS_01618,16.417083603664985,107.596248849615,777273.4681188012,1816848.0980310007,22878.58,0.0,81.11014941020868,1163364.75,23,89.990234,0,4857.752097950287,5647.035947828372,34.8181564206417,1441.3784505348688,3319.1106676363097,0.9825909217896792,37.1,mountain,4G_remote,2500,1200,failed
BTS_04398,16.35708360390499,107.738748849045,792591.3600881163,1810405.0917472595,17230.03,0.0,81.11014941020868,1163364.75,7,89.98658,0,314.28631858255466,16579.061452385995,5.427458663038414,1114.501552307381,3305.8955688022565,0.9972862706684807,30.4,mountain,4G_remote,2500,1200,failed
BTS_03158,16.57708360302498,107.502915516655,767080.3406667227,1834435.9898508177,4759.83,0.0,81.11014941020868,1163364.75,4,89.95974,0,12880.629796681556,7203.495963007164,26.77447228608341,131.5367070331146,7242.378391646,0.9866127638569584,21.5,mountain,5G_macro,1000,10000,failed
BTS_02448,16.300833604137466,107.38791551705222,755163.7146811393,1803705.4459306565,828.13,,81.11014941020868,1163364.75,228,89.99615,5,26824.51666843109,27039.067914702333,2.7721119332115185,0.0,22331.987595471597,0.9986139440333942,26.6,mountain,5G_macro,1000,10000,failed
BTS_04177,16.482916936734984,107.677915515955,785904.0294078882,1824250.8558887185,9318.01,0.0,81.11014941020868,1163364.75,7,89.97878,0,8424.593042019593,6162.254589402806,33.43728472728597,2133.546564778576,5406.785513441654,0.983281357636357,32.3,mountain,4G_remote,2500,1200,failed
BTS_02506,16.129583604814982,107.336248850655,749856.1497113074,1784685.00437747,719.09,54.23613357543945,81.11014941020868,1163364.75,589,89.97503,0,44941.13002573214,45141.36213218312,48.92403648266086,0.0,41808.71100439352,0.9755379817586696,24.7,mountain,5G_macro,1000,10000,failed
BTS_06362,16.632916936134983,107.522082183245,769048.8727182447,1840642.9767046284,5951.47,2904.65673828125,81.11014941020868,1163364.75,26,89.99138,0,17888.553445549394,12484.426074563766,46.61411781132473,620.4796612822507,13657.098948130855,0.9766929410943376,23.5,mountain,4G_remote,2500,1200,failed
BTS_05974,16.46375027014498,107.667082182665,784774.7486650307,1822113.3821493352,9458.41,0.0,81.11014941020868,1163364.75,4,89.95974,0,7385.34803160025,4457.719634807981,5.348442766467343,2083.5931637144317,5415.886659909287,0.9973257786167664,26.6,mountain,4G_remote,2500,1200,failed
BTS_06358,16.65041693606498,107.478748850085,764399.7215858428,1842522.559524404,1905.07,0.0,81.11014941020868,1163364.75,8,89.99138,0,21281.51212293389,11633.543568510642,64.85783077095296,0.0,10543.59816222372,0.9675710846145236,23.0,mountain,5G_macro,1000,10000,failed
BTS_06324,16.517083603264982,107.326248850695,748296.42629641,1827567.257287244,1057.97,655.4584350585938,81.11014941020868,1163364.75,19,89.990234,0,25699.616215694976,12815.930775454644,12.208164332731734,17.779899476115084,4757.055767394089,0.9938959178336342,31.5,mountain,5G_macro,1000,10000,failed
BTS_00852,16.563750270162313,107.55499884984252,772659.8939204642,1833029.8873894808,2804.97,0.0,81.11014941020868,1163364.75,6,89.981995,0,9724.368477004611,8679.487712723156,25.937685940041643,0.0,7876.440218172407,0.9870311570299792,23.6,mountain,5G_macro,1000,10000,failed
BTS_02019,16.55208360312498,107.473748850105,764000.4817306434,1831629.6988451737,3058.65,384.6542663574219,81.11014941020868,1163364.75,6,89.95974,0,12709.936671919762,3530.5883940910467,22.746788296473117,0.0,3453.286352590269,0.9886266058517634,22.6,mountain,5G_macro,1000,10000,failed
BTS_03942,16.464583603890084,107.53416551659208,770573.5325277328,1822022.8470977645,6194.31,0.0,81.11014941020868,1163364.75,8,89.97503,0,3351.622937582606,4199.885323089688,15.503801540380447,0.0,2315.6079219832905,0.9922480992298096,18.3,mountain,5G_macro,1000,10000,failed
BTS_04063,16.30041693746498,107.802082182125,799448.3757778008,1804222.6605977144,4878.51,,81.11014941020868,1163364.75,6,89.99,0,1863.43663466824,25811.55493928498,113.52213874632862,6302.859284285586,5259.297280047821,0.9432389306268356,29.4,mountain,4G_remote,2500,1200,failed
BTS_06454,16.24541693768498,107.247915517675,740264.5957159562,1797401.3603669507,2358.24,210.2333831787109,81.11014941020868,1163364.75,559,89.98727,0,42286.32837911951,39698.27660440236,23.708523536597305,210.3641177923325,34519.381438682656,0.9881457382317014,26.0,mountain,5G_macro,1000,10000,failed
BTS_02354,16.522916936574976,107.530415516545,770091.8939687496,1828475.9511344356,6203.94,0.0,81.11014941020868,1163364.75,7,89.984085,0,6234.197579197475,5921.741456532391,5.95652763483808,237.81778435567955,3780.0482757290297,0.9970217361825808,28.1,mountain,5G_macro,1000,10000,failed
BTS_05289,16.521250269914972,107.577082183025,775078.1802501411,1828354.6461864708,7189.53,0.0,81.11014941020868,1163364.75,5,89.97503,0,5199.122866515963,3840.1907603248296,38.49621376745634,0.0,3568.926254319243,0.980751893116272,32.3,mountain,5G_macro,1000,10000,failed
BTS_02993,16.430416936944983,107.798748848805,798893.6313115853,1818612.675398422,16438.44,0.0,81.11014941020868,1163364.75,11,89.909966,5,10659.72728386507,18781.709747440436,0.264151339163881,8202.47136873097,8023.528108384389,0.999867924330418,34.7,mountain,4G_remote,2500,1200,failed
BTS_06385,16.488750270044978,107.662915516015,784293.0728498087,1824875.51917174,11764.54,0.9396140575408936,81.11014941020868,1163364.75,5,89.97749,0,6921.324368659473,5137.178681289417,121.9788970825996,406.5580839755695,6932.476794533044,0.9390105514587002,17.0,mountain,4G_remote,2500,1200,failed
BTS_03393,16.49208360336498,107.440415516905,760521.8006893069,1824943.9127980536,2024.58,0.0,81.11014941020868,1163364.75,14,89.98594,0,13222.545750234558,6628.987829233917,33.79095082417212,0.0,2219.035275611574,0.983104524587914,16.1,mountain,5G_macro,1000,10000,failed
BTS_03796,16.69458360297511,107.35999885061764,751669.0691921986,1847258.4058067612,1587.2,5.217083930969238,81.11014941020868,1163364.75,3,89.978165,0,32471.99813108893,17986.21528888259,22.71749163598737,0.0,9838.424518977174,0.9886412541820064,24.6,mountain,5G_macro,1000,10000,failed
BTS_04492,16.272083604244983,107.774582182235,796550.2304242738,1801045.1802839674,2774.46,0.0,81.11014941020868,1163364.75,12,89.969986,0,4556.7694356502025,26160.22161824073,26.214676190864456,6564.785537528594,5036.837996053509,0.9868926619045678,18.5,mountain,4G_remote,2500,1200,failed
BTS_03139,16.437916936914984,107.596248849615,777243.889792972,1819154.6600479248,11219.01,0.0,81.11014941020868,1163364.75,12,89.909966,0,2604.4273081077245,3942.4141243040185,42.3385091223437,56.99396027724705,2300.447882408724,0.9788307454388282,28.5,mountain,5G_macro,1000,10000,failed
BTS_05744,16.086250271654986,107.364582183875,752942.7436033639,1779922.7554314448,1371.32,5.052450180053711,81.11014941020868,1163364.75,620,89.99734,0,47505.16371241431,47694.74579923367,38.11944970282322,21.28991196873742,44480.394144263184,0.9809402751485884,29.1,mountain,5G_macro,1000,10000,failed
BTS_00916,16.475416940087722,107.53208218370088,770335.9348136622,1823219.422072196,2502.05,0.0,81.11014941020868,1163364.75,7,89.96817,0,3315.518761943035,4399.597011998441,7.702805770113893,0.0,1848.2863892934804,0.9961485971149432,27.1,mountain,5G_macro,1000,10000,failed
BTS_04699,16.401250270394982,107.56291551641502,773733.6874281041,1815049.796977206,5085.26,0.0,81.11014941020868,1163364.75,24,89.99431,0,7125.418109500885,7356.418073465638,9.082779265505224,3416.406767752544,5181.103780060607,0.9954586103672474,36.3,mountain,4G_remote,2500,1200,failed
BTS_01279,16.547083603144983,107.545415516485,771660.0017248057,1831171.6889945103,16786.02,0.0,81.11014941020868,1163364.75,5,89.95974,0,8064.799880303347,7212.732346856589,55.458653391275135,557.9301819623954,6007.4675732323685,0.9722706733043625,27.1,mountain,4G_remote,2500,1200,failed
BTS_04323,16.62375026950497,107.427082183625,758921.6350648064,1839502.754567158,2513.81,45.32825469970703,81.11014941020868,1163364.75,7,89.994514,0,21854.179102234943,8079.86871613998,36.900107545836285,265.23608819326057,4321.305347530473,0.9815499462270818,27.4,mountain,5G_macro,1000,10000,failed
BTS_02329,16.437222493592735,107.6012488496357,777779.1199108046,1819084.6361677293,8355.96,0.0,81.11014941020868,1163364.75,15,89.981995,0,2826.9492155461858,3584.816277419356,44.41183160835234,65.25978451753558,1778.7377122858427,0.9777940841958238,21.4,mountain,5G_macro,1000,10000,failed
BTS_06321,16.624583602834974,107.438748850245,760165.7449784576,1839610.145243916,2442.33,0.0,81.11014941020868,1163364.75,11,89.99138,0,21118.439660418728,8043.214316724752,9.733531627121677,0.0,5410.142294046172,0.9951332341864392,21.5,mountain,5G_macro,1000,10000,failed
BTS_01248,16.64291693609499,107.417082183665,757828.6610780904,1841611.664395405,2262.22,566.531005859375,81.11014941020868,1163364.75,6,89.97503,0,24156.658746765886,10380.718904311763,21.558133704629096,0.0,5283.384434782941,0.9892209331476854,25.6,mountain,5G_macro,1000,10000,failed
BTS_06489,16.617083602864984,107.539582183175,770938.995841702,1838913.6609886612,1204.16,0.0,81.11014941020868,1163364.75,7,89.99352,0,15791.947582347402,12786.014517089316,47.7970703377738,7.99736791618168,12958.29980089776,0.976101464831113,26.9,mountain,5G_macro,1000,10000,failed
BTS_04438,16.424583603634982,107.774582182235,796319.8797528151,1817931.201255766,17221.28,0.0,81.11014941020868,1163364.75,2,89.99006,0,8697.29163168745,16383.851442456122,73.13796630322346,5630.664865000621,5851.208137280446,0.9634310168483884,22.4,mountain,4G_remote,2500,1200,failed
BTS_03679,16.414583603674984,107.637915516115,781729.6172868717,1816628.8238436736,23963.56,0.0,81.11014941020868,1163364.75,22,89.983284,0,7116.441273985492,5144.482734112529,16.498080574047016,646.809341389467,3011.2231973231087,0.9917509597129764,32.6,mountain,4G_remote,2500,1200,failed
BTS_00738,16.413750270344984,107.755415515645,794287.8965617863,1816703.6865150055,8875.61,7.902547836303711,81.11014941020868,1163364.75,5,89.97878,0,6797.056886058319,14769.160817009652,21.473449141585487,3258.8642120931854,5038.669938914675,0.9892632754292072,30.7,mountain,4G_remote,2500,1200,failed
BTS_06113,16.547083603144983,107.552915516455,772460.8871005798,1831181.844047611,17192.95,0.0,81.11014941020868,1163364.75,0,89.98576,0,7915.548605911458,6942.943422863488,200.963219852232,998.8789120524364,6018.8030449272455,0.899518390073884,34.6,mountain,4G_remote,2500,1200,failed
BTS_05667,16.473750270104986,107.646248849415,782534.4428058465,1823191.3022440744,16264.1,0.0,81.11014941020868,1163364.75,5,89.98658,0,5026.808814680921,2712.9722843069776,10.728116140322484,578.5582632813707,4546.349434210189,0.9946359419298388,38.9,mountain,4G_remote,2500,1200,failed
BTS_03898,16.40291693705499,107.841248848635,803478.275738812,1815630.7753030427,14714.74,0.0,81.11014941020868,1163364.75,11,89.98752,0,6715.030230908053,23883.71602400225,5.070629642313804,8996.951155222378,9272.282232058227,0.9974646851788432,25.8,mountain,4G_remote,2500,1200,failed
BTS_06402,16.085416938324983,107.369582183855,753478.9181283715,1779836.6379723027,1015.73,8.648063659667969,81.11014941020868,1163364.75,638,89.99839,0,47340.44371903044,47528.84018538568,84.03054235544415,90.6466595978476,44328.62281271259,0.957984728822278,25.0,mountain,5G_macro,1000,10000,failed
BTS_00381,16.282916937534985,107.837915515315,803307.3430247623,1802337.8194874085,3397.15,,81.11014941020868,1163364.75,14,89.98499,0,5587.315585646271,26257.56489574477,10.998827115025966,9992.696327993668,9510.287069087535,0.9945005864424872,27.5,mountain,4G_remote,2500,1200,failed
BTS_04593,16.50333360332743,107.58041551627716,775459.5925520685,1826375.5706023728,72726.5,0.0,81.11014941020868,1163364.75,6,89.98847,0,3521.0583123622337,2045.680688709584,41.60416734254064,398.37733673975765,1787.932913947883,0.9791979163287295,22.3,mountain,4G_remote,2500,1200,failed
BTS_06484,16.565416936404983,107.447915516875,761224.1204753632,1833071.9993052008,1888.92,0.0,81.11014941020868,1163364.75,4,89.99126,0,15772.476805318884,1678.1120872160911,27.15089090511805,11.07743475674112,2808.253853058477,0.9864245545474408,25.4,mountain,5G_macro,1000,10000,failed
BTS_05337,16.44375027022497,107.75291551565502,793975.5388106023,1820021.862834142,9555.92,0.0,81.11014941020868,1163364.75,3,89.909966,0,9969.02134770576,13716.31627073782,44.16329916191928,3757.903285739139,2911.971583308296,0.9779183504190404,30.9,mountain,4G_remote,2500,1200,failed
BTS_06421,16.541250269834983,107.681248849275,786174.1592014446,1830714.3722145804,11884.01,,81.11014941020868,1163364.75,13,89.99647,0,11288.076220108653,10830.211116423232,37.96541705140333,2778.0647746815107,4082.767225934935,0.9810172914742984,31.5,mountain,4G_remote,2500,1200,failed
BTS_00044,16.269338516351535,107.2325070281832,738588.0771066969,1800031.1708077528,9586.06,529.472412109375,81.11014941020868,1163364.75,576,89.97878,5,42110.41455120847,38388.82837518086,3.897487766642145,0.0,32802.0433951179,0.9980512561166788,27.5,mountain,5G_macro,1000,10000,failed
BTS_02495,16.546250269814994,107.467082183465,763296.5636184898,1830975.1604024328,4657.65,0.0,81.11014941020868,1163364.75,10,89.97503,0,12853.731929627196,2888.6880488312054,35.21416678397493,0.0,2732.277810325928,0.9823929166080124,18.1,mountain,5G_macro,1000,10000,failed
BTS_02115,16.257083604304984,107.207915517835,735973.5172763565,1798646.155568284,4801.81,,81.11014941020868,1163364.75,602,89.99484,0,45055.38095449187,41039.64395249204,439.6576789803037,559.0252865078954,35244.98251810943,0.7801711605098481,30.3,mountain,4G_remote,2500,1200,failed
BTS_04875,16.437083603584984,107.799582182135,798972.4747010921,1819352.111563232,14842.82,0.0,81.11014941020868,1163364.75,8,89.97503,5,11299.46030762672,18757.266337500663,0.0231831715348108,8632.908694709115,7948.174575996908,0.9999884084142326,31.5,mountain,4G_remote,2500,1200,failed
BTS_05800,16.422083603644975,107.532082183205,770409.871194286,1817314.8637069769,6306.37,0.0,81.11014941020868,1163364.75,16,89.97153,0,6433.638749214944,6643.17248490535,33.99328153147473,1906.2300615924653,3246.4154953871184,0.9830033592342626,34.5,mountain,4G_remote,2500,1200,failed
BTS_04802,16.312916937414982,107.793748848825,798538.2579006436,1805594.5514753177,9030.45,,81.11014941020868,1163364.75,5,89.9921,0,600.1030285532522,24218.661285957594,9.68640089991081,4912.913768181309,4133.077791363932,0.9951567995500444,29.8,mountain,4G_remote,2500,1200,failed
BTS_00890,16.24500027102711,107.8787488484093,807733.7072537111,1798200.226360402,5121.02,27.70220947265625,81.11014941020868,1163364.75,12,89.98994,0,2646.151628076145,21409.01306706975,61.250608065991976,11546.802739400646,12269.732747315937,0.969374695967004,28.9,mountain,4G_remote,2500,1200,failed
BTS_05431,16.51458360327499,107.486248850055,765386.4948254792,1827494.6212373609,27098.64,0.0,81.11014941020868,1163364.75,5,89.95974,0,9240.777445465585,6387.423613095594,180.56744558399225,338.3869591393719,1814.021405070742,0.909716277208004,20.2,mountain,4G_remote,2500,1200,failed
BTS_04656,16.44125027023498,107.675415515965,785698.0476385638,1819633.9292472792,10647.54,0.0,81.11014941020868,1163364.75,2,89.981995,0,9038.08740743967,5694.031367955537,23.87192857734876,1732.2768163245491,4522.151328267784,0.9880640357113256,29.2,mountain,4G_remote,2500,1200,failed
BTS_00515,16.272916937858867,107.88249884927026,808091.2825524646,1801297.2543087238,13072.74,0.0,81.11014941020868,1163364.75,6,89.909966,0,825.3992472819996,21365.0095205536,15.997369119027551,8455.581066727127,9202.18890423074,0.9920013154404862,26.6,mountain,4G_remote,2500,1200,failed
BTS_02215,16.42625027029498,107.680415515945,786254.3061215718,1817980.181482635,35010.72,0.0,81.11014941020868,1163364.75,3,89.97878,0,9908.607758543663,6918.7492666593325,70.98600236845385,470.1206697862861,3518.7596228556845,0.9645069988157732,29.4,mountain,4G_remote,2500,1200,failed
BTS_05985,16.55208360312499,107.607915516235,778326.9853150134,1831810.814503676,1804.86,0.0,81.11014941020868,1163364.75,4,89.97503,0,8377.945011459577,8190.778054800938,10.456566721318104,0.0,3414.618706592704,0.9947717166393408,24.5,mountain,5G_macro,1000,10000,failed
BTS_04075,16.36791693719499,107.854582181915,804957.9430194467,1811775.0802253464,12793.22,,81.11014941020868,1163364.75,2,89.93634,0,3873.84966200854,26492.40490700348,83.12371385115698,5713.54087353586,6214.975496208191,0.9584381430744215,25.8,mountain,4G_remote,2500,1200,failed
BTS_05695,16.500833603337494,107.46874885006008,763536.1834420229,1825949.4205724292,4499.68,0.0,81.11014941020868,1163364.75,10,89.98576,0,10439.736511883557,6404.732321634693,28.137092612511527,610.7312175553611,461.78498994342107,0.9859314536937442,21.8,mountain,5G_macro,1000,10000,failed
BTS_05044,16.429583603614983,107.60208218292502,777879.0343125211,1818240.0378194705,56489.87,0.0,81.11014941020868,1163364.75,28,89.995285,0,3656.766596424295,4157.340657870911,125.70555572326914,651.1108354505942,1986.860589854317,0.9371472221383654,30.5,mountain,4G_remote,2500,1200,failed
BTS_02984,16.383750270464983,107.566248849735,774114.414322774,1813116.833900304,4522.91,0.0,81.11014941020868,1163364.75,11,89.95974,0,8834.267723996021,9239.885641261351,83.11631126203764,5104.154139902027,7143.92959798351,0.9584418443689812,21.7,mountain,4G_remote,2500,1200,failed
BTS_02953,16.268750270924983,108.044582181155,825435.6551367689,1801087.3077916042,3528.23,101.43920135498048,81.11014941020868,1163364.75,27,89.995026,0,16795.979342645263,5081.847258343069,357.3234867373154,4725.773621648348,5525.78561237367,0.8213382566313423,33.0,mountain,4G_remote,2500,1200,failed
BTS_00125,16.507916936634984,107.508748849965,767798.6644166094,1826786.353015964,23750.44,0.0,81.11014941020868,1163364.75,5,89.96817,0,6781.6032970391725,7090.605562454271,32.84752610598932,402.9974206470973,3954.35405670604,0.9835762369470054,34.0,mountain,4G_remote,2500,1200,failed
BTS_02744,16.422083603644985,107.653748849385,783410.7602285035,1817481.3137091813,32833.92,0.0,81.11014941020868,1163364.75,8,89.979866,0,7888.641947464922,5119.870839633588,25.80070900232068,695.6752312605602,3756.930331925217,0.9870996454988396,34.7,mountain,4G_remote,2500,1200,failed
BTS_00500,16.53875027026165,107.3916655171585,755253.671855214,1830047.6014728115,623.6,546.2168579101562,81.11014941020868,1163364.75,10,89.981995,0,19574.30985627863,5435.0432767175225,13.361651707551395,0.0,1941.0053996609097,0.9933191741462244,25.8,mountain,5G_macro,1000,10000,failed
BTS_04071,16.450833603537436,107.52958218314848,770102.9527066865,1820494.443252812,28720.33,0.0,81.11014941020868,1163364.75,9,89.98727,0,4556.308333258236,5008.947577079262,45.25492945224318,558.0562359680065,2082.7558641541564,0.9773725352738784,34.8,mountain,4G_remote,2500,1200,failed
BTS_04651,16.237916938125263,107.92999884835191,813227.5026668764,1797493.6326350772,2789.43,,81.11014941020868,1163364.75,27,89.978165,5,5584.510462226772,15907.2405853476,3.342127543170885,7076.038124973928,12726.658449525316,0.9983289362284146,32.4,mountain,4G_remote,2500,1200,failed
BTS_01517,16.262916937614982,107.865415515205,806279.5878041405,1800164.202869448,11638.46,,81.11014941020868,1163364.75,23,89.99683,0,2421.5136952882976,22997.913698221317,8.771312931013854,10130.824897361095,10934.290685737047,0.9956143435344932,28.3,mountain,4G_remote,2500,1200,failed
BTS_06343,16.098750271604985,107.383748850465,754978.0671362816,1781330.0335085816,841.48,4.047929763793945,81.11014941020868,1163364.75,485,89.99006,0,45340.44405760213,45527.18875748453,72.2184984666047,66.28890011722736,42347.60106806054,0.9638907507666976,21.9,mountain,5G_macro,1000,10000,failed
BTS_06339,16.32541693736498,107.670415515985,785332.5140964318,1806801.7815297216,1143.45,47.74018096923828,81.11014941020868,1163364.75,54,89.9972,0,7806.618014692848,15600.243917482763,61.85822314525334,7249.73449652851,6382.648681980507,0.9690708884273732,35.9,mountain,4G_remote,2500,1200,failed
BTS_04740,16.27208360424497,107.969582181455,817407.3602172666,1801338.3819484808,7624.34,0.0,81.11014941020868,1163364.75,9,89.983284,0,8787.206257283044,12307.739319474043,5.647506409952363,1939.8176931182204,7266.726308635128,0.9971762467950238,28.6,mountain,4G_remote,2500,1200,failed
BTS_03733,16.47625027009497,107.436248850255,760097.9307052541,1823185.7199825689,3147.98,154.10928344726562,81.11014941020868,1163364.75,7,89.979866,0,13551.780850906667,8395.245620700176,28.457006873283508,1030.4527344966734,3322.8597142863464,0.9857714965633584,24.3,mountain,4G_remote,2500,1200,failed
BTS_06365,16.314583604074976,107.765415515605,795506.0668895432,1805737.7796463652,14305.01,0.0,81.11014941020868,1163364.75,10,89.99431,0,1663.1482401353214,21928.71001469596,72.96468260515825,2180.030972633612,1097.5932701342424,0.9635176586974208,32.4,mountain,4G_remote,2500,1200,failed
BTS_02413,16.48708360338498,107.402082183725,756434.1493446965,1824341.257941432,1173.81,42.27185821533203,81.11014941020868,1163364.75,15,89.99272,5,17242.670390223826,8281.588742221451,1.8459396950842168,182.75395213101,5874.649247617335,0.999077030152458,23.9,mountain,5G_macro,1000,10000,failed
BTS_06450,16.50625026997498,107.310415517425,746619.4016318916,1826348.592993237,359.66,182.9660186767578,81.11014941020868,1163364.75,19,0.0,0,27194.411019961448,14803.383757529726,26.57973118335147,497.8453627150653,6814.932704691006,0.9867101344083242,25.7,urban,5G_macro,1000,10000,failed
BTS_06442,16.55375026978499,107.578748849685,775210.0529852109,1831955.1500862448,13004.6,0.0,81.11014941020868,1163364.75,6,89.97153,0,8739.841232458359,7432.4753942942225,16.163013355470767,581.3169218432632,6534.145169604413,0.9919184933222648,23.4,mountain,4G_remote,2500,1200,failed
BTS_04853,16.472083603444982,107.562082183085,773545.3398386587,1822890.8098286607,32711.11,0.0,81.11014941020868,1163364.75,7,89.98847,0,476.4404060552542,1337.904394605475,16.932841268791407,93.07673375110464,2117.092872481711,0.9915335793656044,24.2,mountain,5G_macro,1000,10000,failed
BTS_06410,16.533750269864985,107.584582182995,775861.4176066526,1829748.8504825488,2034.1,0.0,81.11014941020868,1163364.75,3,89.93634,0,6490.879156710904,5363.108603218863,104.9323677401967,33.46534079830337,4597.093145523375,0.9475338161299016,23.8,mountain,5G_macro,1000,10000,failed
BTS_02889,16.42125027031498,107.571248849715,774596.145141109,1817275.3309421637,28257.43,0.0,81.11014941020868,1163364.75,8,89.99331,0,4739.467906913371,5061.390169099834,62.878278633403696,1038.3784896357872,3558.0888879574627,0.9685608606832982,33.6,mountain,4G_remote,2500,1200,failed
BTS_04866,16.52375026990498,107.493748850025,766174.9169618541,1828519.348876112,23146.39,0.0,81.11014941020868,1163364.75,5,89.98594,5,9083.920637412311,6470.317142002999,0.2787195477737931,1029.043634873467,2625.099890809264,0.9998606402261132,38.4,mountain,4G_remote,2500,1200,failed
BTS_05081,16.392916937094984,107.800415515465,799129.1322100465,1814462.742616993,9562.8,0.0,81.11014941020868,1163364.75,9,89.96817,0,8001.040937995677,20085.571183089272,54.20395855019493,7538.06053505485,9888.551433570776,0.9728980207249024,33.9,mountain,4G_remote,2500,1200,failed
BTS_04613,16.21041693782498,107.259582184295,741554.834867059,1793540.949205573,1764.33,52.185646057128906,81.11014941020868,1163364.75,576,89.93634,0,43735.51562865136,42476.00483542644,109.30188037379912,812.3137026283426,37713.03129926312,0.9453490598131004,26.9,mountain,4G_remote,2500,1200,failed
BTS_05563,16.340416937304983,107.505415516645,767672.0726034123,1808238.2770664613,4869.83,58.57185363769531,81.11014941020868,1163364.75,17,89.99612,0,15589.975369218986,15778.30496818602,129.0595128847662,9665.270793176302,12618.169002834982,0.9354702435576168,25.0,mountain,4G_remote,2500,1200,failed
BTS_00231,16.493750270024982,107.385415517125,754645.3019270666,1825058.142542105,946.25,0.0,81.11014941020868,1163364.75,11,89.95499,0,19079.427077838547,8739.032954934451,74.25933333877208,171.3913587876466,4630.566976120297,0.962870333330614,21.4,mountain,5G_macro,1000,10000,failed
BTS_05869,16.41458360367498,107.598748849605,777544.167675396,1816574.7357101196,17588.1,0.0,81.11014941020868,1163364.75,27,89.979866,0,5177.622230859194,5741.225695378485,52.39031497654938,1815.0647159823363,3342.03043547222,0.9738048425117252,35.7,mountain,4G_remote,2500,1200,failed
BTS_01795,16.537083603601687,107.50333218338126,767179.9983677347,1830008.1717547127,18725.15,0.0,81.11014941020868,1163364.75,6,89.99181,0,9278.78569470085,6889.636172173169,12.02644579126032,1308.9539328366093,4130.452173581582,0.99398677710437,37.2,mountain,4G_remote,2500,1200,failed
BTS_00333,16.251250270994984,107.867915515195,806565.1166241124,1798876.046633245,6840.84,1.2699849605560305,81.11014941020868,1163364.75,49,89.99796,0,2755.9105607427737,22605.164722300524,141.9818424097365,11224.759910034749,12001.5383622599,0.9290090787951316,35.6,mountain,4G_remote,2500,1200,failed
BTS_03334,16.431250270274987,107.572915516375,774760.1692134659,1818384.725054388,59810.88,0.0,81.11014941020868,1163364.75,17,89.98939,0,3665.476877637816,3949.282359563496,12.822552907240064,392.9447999623255,2914.2881123893576,0.99358872354638,26.0,mountain,4G_remote,2500,1200,failed
BTS_03511,16.28791693751498,107.849582181935,804547.381749204,1802908.865715065,3976.19,0.0,81.11014941020868,1163364.75,7,89.98763,0,4661.903219504161,25153.106653360843,16.66203494187098,8728.708117555798,9596.723367464936,0.9916689825290644,34.5,mountain,4G_remote,2500,1200,failed
BTS_04924,16.35708360390498,107.731248849075,791789.5903971794,1810394.3050692023,19046.26,0.0,81.11014941020868,1163364.75,6,89.969986,0,616.5007729356963,16003.672387029364,48.15277255889666,1379.789039429475,3251.304527157164,0.9759236137205516,23.9,mountain,4G_remote,2500,1200,failed
BTS_02757,16.541250270251815,107.55749884983256,772958.5333365644,1830542.238213379,17206.28,0.0,81.11014941020868,1163364.75,5,89.97153,0,7219.381876234539,6190.6944337423165,10.1655472494723,1214.460672442039,5441.396888144862,0.9949172263752638,21.5,mountain,4G_remote,2500,1200,failed
BTS_05590,16.430416936944994,107.59708218294502,777343.585782944,1818325.439539655,70769.64,0.0,81.11014941020868,1163364.75,23,89.994415,0,3428.3406968175727,4432.923089209583,36.63780699844913,338.30508173358345,2429.8480973785254,0.9816810965007754,22.8,mountain,4G_remote,2500,1200,failed
BTS_06380,16.312083604084986,107.388748850445,755238.2185671647,1804951.854586979,478.54,11.88698387145996,81.11014941020868,1163364.75,231,89.99382,0,25924.52173541486,26140.244856131056,24.04269708220834,0.0,21156.803479557148,0.987978651458896,19.5,mountain,5G_macro,1000,10000,failed
BTS_06397,16.434583603594987,107.575415516365,775022.5988752826,1818757.1670821293,12925.44,0.0,81.11014941020868,1163364.75,33,89.978165,0,3214.514300386754,3586.329717266637,59.45366229546722,66.99845325314347,2952.282926573735,0.9702731688522664,25.1,mountain,5G_macro,1000,10000,failed
BTS_03701,16.25833360430708,107.92208218156816,812348.2667309726,1799742.4535022357,6327.87,,81.11014941020868,1163364.75,8,89.9964,0,3821.738751898368,16921.973727110726,14.790295136175212,6993.7325009809065,10369.756514290086,0.9926048524319124,21.7,mountain,4G_remote,2500,1200,failed
BTS_05202,16.469583603454986,107.554582183115,772747.6408503581,1822603.8784289376,17093.35,0.0,81.11014941020868,1163364.75,3,89.93634,0,1173.6120799988428,2032.233126404253,29.66023326802784,83.94992619362773,1975.4039513313564,0.985169883365986,27.7,mountain,5G_macro,1000,10000,failed
BTS_01119,16.44291693689498,107.553748849785,772695.9197555969,1819650.4299817516,7713.58,137.87652587890625,81.11014941020868,1163364.75,0,89.995895,0,3181.531093472196,3386.7032168423543,46.60447102357267,129.9790910736176,516.4219691376541,0.9766977644882135,26.4,mountain,5G_macro,1000,10000,failed
BTS_01829,16.56375026974498,107.552915516455,772437.444244171,1833027.0586538727,2817.89,0.0,81.11014941020868,1163364.75,3,89.99006,5,9746.691625703195,8727.340380929387,1.2516553387410805,0.0,7859.558623535698,0.9993741723306294,25.0,mountain,5G_macro,1000,10000,failed
BTS_06376,16.686250269254984,107.454582183515,761771.8344895999,1846457.720206705,93.5,0.0,81.11014941020868,1163364.75,6,89.982346,0,25975.98740951541,14941.808797115407,6.895134377581045,0.0,11460.691650173962,0.9965524328112096,22.2,mountain,5G_small,300,250,failed
BTS_01856,16.232083604404984,107.256248850975,741171.9408327976,1795935.3002408457,1251.94,4.06085205078125,81.11014941020868,1163364.75,565,89.97878,0,42504.42741615244,40527.18916299976,5.676367275221389,0.0,35568.75751614404,0.9971618163623892,36.6,mountain,5G_macro,1000,10000,failed
BTS_05955,16.557916936434978,107.588748849645,776271.9443019151,1832430.1939012755,3811.66,0.0,81.11014941020868,1163364.75,5,89.97503,0,9043.834178290415,8066.834368640114,7.303019749436775,11.631999821010622,5510.606414107786,0.9963484901252816,27.3,mountain,5G_macro,1000,10000,failed
BTS_04083,16.410416937024983,107.687082182585,786989.9682102117,1816236.5303567224,8623.36,0.0,81.11014941020868,1163364.75,9,89.981995,5,8097.844306298421,8526.964515184292,3.8884071147408097,0.0,1628.3727209141823,0.9980557964426297,19.3,mountain,5G_macro,1000,10000,failed
BTS_06440,16.660416936024983,107.445415516885,760828.7874188877,1843585.792211739,1408.13,879.1022338867188,81.11014941020868,1163364.75,2,89.96817,0,23949.876272206657,12018.437325171824,101.78074543633264,110.16453544072922,8579.150920298704,0.9491096272818336,24.2,mountain,5G_macro,1000,10000,failed
BTS_01973,16.437916936914984,107.722915515775,790778.5723506962,1819332.5726086395,9392.02,0.0,81.11014941020868,1163364.75,4,89.97153,0,9286.569202214623,10670.37777411992,61.42534825886128,665.1466563463176,1006.4852227733776,0.9692873258705692,36.3,mountain,4G_remote,2500,1200,failed
BTS_03409,16.428750270284972,107.764582182275,795244.8967167039,1818377.9491419345,13927.21,0.0,81.11014941020868,1163364.75,9,89.981995,0,8684.827028892772,15237.575682835824,32.81938688420147,5064.2874900024335,4692.361484008521,0.9835903065578993,28.4,mountain,4G_remote,2500,1200,failed
BTS_02474,16.222500271116957,108.08208218092396,829524.457290416,1796025.126345442,7253.06,,81.11014941020868,1163364.75,6,89.982346,0,21393.552474216296,1624.7830313484628,6.419149392145874,10308.841620892776,11947.566394090398,0.996790425303927,32.4,mountain,4G_remote,2500,1200,failed
BTS_03575,16.289583604174982,108.012082181285,821924.962327952,1803343.012664705,6269.75,0.0,81.11014941020868,1163364.75,10,89.97153,0,13543.90241891901,9215.766752026488,5.882990414390387,1757.2045484175778,2896.4627384930723,0.9970585047928048,35.6,mountain,4G_remote,2500,1200,failed
BTS_06342,16.36458360387498,107.716248849135,790174.9657427301,1811203.2472275228,17617.38,0.0,81.11014941020868,1163364.75,7,89.97749,0,2419.4024307386394,14294.35184508538,22.15633573022477,1046.6475672874508,2366.528596602937,0.9889218321348876,27.3,mountain,4G_remote,2500,1200,failed
BTS_02881,16.496250270014983,107.497915516675,766657.6354305353,1825480.380559164,21601.86,0.0,81.11014941020868,1163364.75,3,89.97503,0,7306.67724129535,7925.379430666445,83.5655290038803,717.0614198397085,2409.901635342532,0.9582172354980598,26.6,mountain,4G_remote,2500,1200,failed
BTS_01937,16.47541693676498,107.658748849365,783867.4192160103,1823393.3797750247,14866.18,0.0,81.11014941020868,1163364.75,9,89.97153,0,6352.417085730557,3956.6226377636576,25.936120053819828,1367.6288930821684,5519.739257922622,0.98703193997309,30.7,mountain,4G_remote,2500,1200,failed
BTS_03549,16.527916936554973,107.519582183255,768928.0047567384,1829014.992087288,3804.24,0.0,81.11014941020868,1163364.75,5,89.98818,0,7369.502209082269,7160.18879139134,9.28758948541632,291.88597712644565,4792.890715685781,0.9953562052572918,29.6,mountain,5G_macro,1000,10000,failed
BTS_00708,16.321250270714984,107.787915515515,797901.8691286618,1806508.7506524497,12349.14,0.0,81.11014941020868,1163364.75,4,89.93634,0,1140.0678404836333,23138.645238143403,163.13730151202213,4064.202309716272,3569.3804417823017,0.918431349243989,34.8,mountain,4G_remote,2500,1200,failed
BTS_06439,16.29208360416498,107.692082182565,787697.7576513707,1803141.568087396,1281.22,0.0,81.11014941020868,1163364.75,32,89.99138,0,8145.081765248493,19853.245185490687,16.82272131778447,6185.0196243791725,5167.438676684482,0.9915886393411076,34.4,mountain,4G_remote,2500,1200,failed
BTS_05946,16.460416936824984,107.53374884986502,770534.8051929234,1821560.994158124,6746.32,0.0,81.11014941020868,1163364.75,12,89.983284,0,3594.124330504717,4297.170192077437,38.286782177063486,282.0428499998838,2040.0661241135783,0.9808566089114684,19.0,mountain,5G_macro,1000,10000,failed
BTS_01390,16.307083604104978,107.765415515605,795517.3328271017,1804907.3273044247,11270.48,0.0,81.11014941020868,1163364.75,8,89.979866,0,2435.6606040529937,22543.722962343272,9.902708166037256,2815.066587972968,1333.7442596932774,0.9950486459169814,39.8,mountain,4G_remote,2500,1200,failed
BTS_02759,16.50541693664497,107.408748850365,757121.9605079128,1826379.2869171116,932.4,0.0,81.11014941020868,1163364.75,7,89.909966,0,16800.95226199715,6179.262496050103,5.648053126464189,9.75995928370422,3733.4136452944967,0.997175973436768,28.0,mountain,5G_macro,1000,10000,failed
BTS_06466,16.426250270294982,107.753748848985,794090.9558351082,1818085.3515493383,9108.47,0.0,81.11014941020868,1163364.75,7,89.95974,0,8087.65753339411,14180.91185179112,58.61850803445139,4073.167037373126,3905.109989584913,0.9706907459827744,22.6,mountain,4G_remote,2500,1200,failed
BTS_05491,16.56291693641498,107.550415516465,772171.6765776346,1832931.4066465616,3029.17,0.0,81.11014941020868,1163364.75,3,89.98883,5,9688.72777231294,8702.69408908407,0.5332002462493116,0.0,7755.35321650789,0.9997333998768754,22.8,mountain,5G_macro,1000,10000,failed
BTS_02482,16.495416936684983,107.478748850085,764611.6057125931,1825362.8630124724,2970.58,0.0,81.11014941020868,1163364.75,11,89.96817,0,9257.206607169122,7464.051038991376,6.365870701400796,0.0,536.8352674537192,0.9968170646492996,25.8,mountain,5G_macro,1000,10000,failed
BTS_02006,16.565416936404976,107.327915517355,748412.4785159627,1832919.6748779856,466.23,0.0,81.11014941020868,1163364.75,8,89.98714,0,26987.579842219944,12132.876274040464,182.91986710847084,143.17237111323396,4915.290027519189,0.9085400664457646,24.3,mountain,5G_macro,1000,10000,failed
BTS_02098,16.3970836048484,107.83541551551026,802863.8099845507,1814976.1017508048,15806.75,0.0,81.11014941020868,1163364.75,6,89.979866,0,6866.8269284644375,23465.050682562825,34.42752526752507,9082.08729971794,9439.089855806376,0.9827862373662376,31.0,mountain,4G_remote,2500,1200,failed
BTS_04702,16.550416936464988,107.457082183505,762223.1339980332,1831423.359728564,5397.8,83.34634399414062,81.11014941020868,1163364.75,8,89.983284,0,13986.632736348882,1759.131162732569,71.06033202692812,0.0,2984.896709936365,0.964469833986536,20.7,mountain,5G_macro,1000,10000,failed
BTS_01408,16.489583603374978,107.753748848985,793995.3922737769,1825098.077093843,7595.29,,81.11014941020868,1163364.75,26,89.981995,0,15003.337056936803,14091.93622063368,14.664922657531603,5706.152590177549,5256.04809502735,0.9926675386712344,28.5,mountain,4G_remote,2500,1200,failed
BTS_04003,16.30708360410498,107.763748848945,795339.1125596771,1804904.9108340675,10927.66,1.8207379579544067,81.11014941020868,1163364.75,4,89.96817,0,2387.7844842153395,22425.990126113546,102.44532654752746,2718.557920180409,1185.0995074145878,0.9487773367262364,34.6,mountain,4G_remote,2500,1200,failed
BTS_04749,16.267083604264982,107.938748848245,814117.1988921561,1800736.9867760544,9788.84,0.0,81.11014941020868,1163364.75,8,89.98714,5,5472.9467135441,15340.833898722209,4.295909615326588,5029.124986735078,9794.935022230657,0.9978520451923368,26.1,mountain,4G_remote,2500,1200,failed
BTS_02870,16.221250271114982,108.092082180965,830596.589342094,1795902.8066862195,6636.4,,81.11014941020868,1163364.75,10,89.981995,0,22466.87713763498,2242.020572388148,7.888022089097526,11301.67495785644,12656.461643138024,0.9960559889554512,34.3,mountain,4G_remote,2500,1200,failed
