site_id,i_ref,latitude,longitude,pop,priority_category,priority_weight,slope,dist_to_road_m,in_water
J_00000,I_00710,16.46907047615369,107.61456534830732,34590.75849819183,residential_clean,7.2,0.0,77.73291279093128,False
J_00001,I_00965,16.463877801849392,107.61094609790287,32981.12525463104,residential_clean,7.2,0.0,30.895000020751255,False
J_00002,I_00771,16.476612443166175,107.61697908524522,28700.560132980347,residential_clean,7.2,0.0,32.364032062277595,False
J_00003,I_00965,16.44899259338911,107.60790825034171,27185.656364440918,residential_clean,7.2,0.0,0.5585135887308671,False
J_00004,I_00710,16.468354487375528,107.62233874694606,23701.296204566956,residential_clean,7.2,0.0,177.91985192361858,False
J_00005,I_00982,16.554747810455073,107.62970610941645,21354.557412147522,residential_clean,3.7,0.0,618.2551615201422,False
J_00006,I_00523,16.552581668727985,107.62734938949687,20936.427685260773,residential_clean,3.7,0.0,262.48382772102866,False
J_00007,I_00087,16.448134921462238,107.58156600904029,20577.205258846283,residential_clean,8.7,0.0,43.42727115285925,False
J_00008,I_00523,16.54956132957883,107.62537981763602,19341.878309249878,residential_clean,3.7,0.0,126.31694803096215,False
J_00009,I_00630,16.53765178647826,107.64096096155315,18705.719007968903,residential_clean,3.7,0.0,114.17029710312926,False
J_00010,I_00087,16.446804858147264,107.57854044512888,17720.860305309296,residential_clean,8.7,0.0,19.226359576113886,False
J_00011,I_00480,16.47271352919484,107.54574632794267,15926.448597431183,residential_clean,8.7,0.0,537.501640439122,False
J_00012,I_00140,16.532142792810944,107.44581790711622,11512.14502954483,residential_clean,3.7,0.0,0.5721431342873595,False
J_00013,I_00306,16.50247587504879,107.54546137918372,11412.0416264534,residential_clean,8.7,0.0,21.363336549741494,False
J_00014,I_01132,16.50654930411928,107.5492711146482,9470.068602085114,residential_clean,2.2,0.0,14.071859396738951,False
J_00015,I_00140,16.512035013089378,107.44813274513623,8862.857114315033,residential_clean,3.7,0.0,74.59505299818062,False
J_00016,I_00140,16.510618125268884,107.44188993700621,8164.513496398926,residential_clean,3.7,0.0,47.7051272741311,False
J_00017,I_00140,16.535069589961456,107.43355494250834,7704.541892051697,residential_clean,3.7,0.0,314.0230320031569,False
J_00018,I_00325,16.49969647398242,107.44318079191615,7118.15322637558,residential_clean,2.2,0.0,0.9024846429219585,False
J_00019,I_00952,16.507212390624552,107.42914584080458,5823.812610626221,residential_clean,3.7,0.0,6.835630533245078,False
J_00020,I_00549,16.688798101826382,107.41731717649509,5655.413665294647,residential_clean,2.2,0.0,0.299197359311797,False
J_00021,I_00086,16.66380422032719,107.38814958941434,5566.5928020477295,residential_clean,2.2,0.0,89.4660767977897,False
J_00022,I_00668,16.699003763820883,107.40049885278621,5513.520513057709,residential_clean,2.2,0.0,0.5599718701086943,False
J_00023,I_00176,16.69528592513648,107.3887884446536,5041.90452671051,residential_clean,2.2,0.0,2.9843844284926426,False
J_00024,I_01193,16.44929957802219,107.64339706881313,4999.87130355835,normal,1.0,0.0,328.38282532922835,False
J_00025,I_00771,16.484588008943316,107.63568705897755,4855.68198633194,residential_clean,7.2,0.0,21.73788832107042,False
J_00026,I_00523,16.566176250432303,107.61120340366966,4700.624825000763,residential_clean,3.7,0.0,348.1309546945719,False
J_00027,I_00208,16.502457512434493,107.41956917423055,4611.618748664856,residential_clean,3.7,0.0,14.254653603859618,False
J_00028,I_01198,16.666510684270634,107.38093897961654,4573.000027656555,residential_clean,2.2,0.0,234.11514737932526,False
J_00029,I_00868,16.655380309153944,107.4731634184982,4416.812102794647,residential_clean,4.2,0.0,17.124129144723586,False
J_00030,I_00086,16.654854262425687,107.39851239649185,4320.105876922607,residential_clean,2.2,0.0,41.96596293921878,False
J_00031,I_00505,16.26428801162395,107.23286776629261,4304.80247926712,residential_clean,2.2,0.0,52.16967151404454,False
J_00032,I_01198,16.656681211142725,107.3495820183564,4296.927599430084,residential_clean,2.2,0.0,34.93723141625627,False
J_00033,I_00967,16.675402059219024,107.47187229260574,4289.995523452759,residential_clean,2.2,0.0,46.61216792902986,False
J_00034,I_00833,16.631445985886952,107.51105427061057,4191.937520027161,residential_clean,2.2,0.0,0.19074682388907688,False
J_00035,I_01077,16.268979292526403,107.23073788267557,4177.727949619293,residential_clean,2.2,0.0,0.8711928621633208,False
J_00036,I_00505,16.25932563302099,107.2254632950496,4111.17161989212,residential_clean,2.2,0.0,7.796427202902588,False
J_00037,I_00875,16.487577345446883,107.6458780041687,4098.435881614685,residential_clean,2.2,0.0,61.21895832096082,False
J_00038,I_00758,16.574658630251424,107.53414614184517,3917.043165206909,residential_clean,2.2,0.0,471.6797040427147,False
J_00039,I_00505,16.259175226826837,107.23839345933888,3916.6455492973328,residential_clean,2.2,0.0,6.550130416548576,False
J_00040,I_00833,16.620979245194484,107.5115482785928,3879.4684314727783,residential_clean,2.2,0.0,574.7694655361008,False
J_00041,I_00794,16.242080277511608,107.24564200996818,3846.315194606781,residential_clean,2.2,0.0,1.1300206167188842,False
J_00042,I_00156,16.154855087347443,107.7076769724129,3843.6805634498596,residential_clean,5.2,0.0,13.710417528737327,False
J_00043,I_00149,16.171255509118968,107.70640898497746,3710.6144366264343,residential_clean,5.2,0.0,2.9742737940103297,False
J_00044,I_00758,16.57683351486967,107.52898372327674,3422.019401073456,residential_clean,2.2,0.0,248.42358930332546,False
J_00045,I_00520,16.493512441623107,107.41498164974877,3372.7971534729004,residential_clean,2.2,0.0,15.938643243934866,False
J_00046,I_00251,16.46868225479047,107.70911730988622,3346.176227092743,normal,1.0,0.0,344.7226791182573,False
J_00047,I_01112,16.54760904464785,107.54786400793789,3311.4921069145203,residential_clean,2.2,0.0,13.143354421620053,False
J_00048,I_01186,16.46102253032453,107.71962393605224,3211.113779067993,normal,1.0,0.0,401.75803495766684,False
J_00049,I_00875,16.50527139530224,107.6566445690197,3172.1013236045837,residential_clean,2.2,0.0,1282.323512585772,False
J_00050,I_00332,16.63986895328944,107.4215901779915,3152.2670860290527,residential_clean,4.2,0.0,62.64725441154824,False
J_00051,I_00552,16.580865517680273,107.56844465749907,3126.019184112549,normal,1.0,0.0,1163.1185425985027,False
J_00052,I_00690,16.644716302316677,107.33979227582053,3007.8192839622498,residential_clean,2.2,0.0,101.55224244536247,False
J_00053,I_00149,16.1794439131534,107.70140864508035,2967.307779312134,residential_clean,5.2,0.0,16.16751701960845,False
J_00054,I_00257,16.546557740258503,107.4908414305019,2883.8619747161865,residential_clean,2.2,0.0,0.21096797943203902,False
J_00055,I_00537,16.5940602273734,107.51811436894394,2781.6063628196716,residential_clean,2.2,0.0,99.69610554628468,False
J_00056,I_00690,16.64247366665557,107.323467348273,2636.512668609619,residential_clean,2.2,0.0,13.796152217341774,False
J_00057,I_01142,16.553190225577346,107.49261265761454,2621.960193157196,residential_clean,2.2,0.0,0.13730659431404646,False
J_00058,I_00449,16.27500692006145,107.21925996509819,2559.7189264297485,residential_clean,2.2,0.0,13.110967440997879,False
J_00059,I_00507,16.509651545480924,107.35757037098747,2521.194734096527,residential_clean,2.2,0.0,1.9198290196520449,False
J_00060,I_01155,16.50889574952503,107.3785953786776,2490.2470483779907,residential_clean,3.7,0.0,5.944046238471471,False
J_00061,I_00392,16.596567414121292,107.34185740206931,2439.007616996765,residential_clean,2.2,0.0,22.695269948766,False
J_00062,I_00332,16.635157611996977,107.42705899024436,2213.863976955414,residential_clean,4.2,0.0,88.6641439351209,False
J_00063,I_00419,16.302204178686736,107.20356985158608,1907.237946510315,residential_clean,2.2,0.0,4.227939736301341,False
J_00064,I_00027,16.41731877477453,107.6378299448741,1840.142592906952,normal,1.0,0.0,1.7986221464449372,False
J_00065,I_00825,16.147691415071836,107.73710443950462,1660.8111906051636,residential_clean,2.2,0.0,25.550786354779227,False
J_00066,I_00528,16.32330399516508,107.1726294071447,1585.5186839103699,residential_clean,2.2,0.0,17.079148784533036,False
J_00067,I_00332,16.640741914907622,107.45544058936221,1555.169536113739,residential_clean,4.2,0.0,1275.2392349147315,False
J_00068,I_01142,16.59737831917832,107.48486310402642,1433.699366569519,residential_clean,2.2,0.0,96.07354269046388,False
J_00069,I_00211,16.254331189206955,107.87868903991205,1428.7877321243286,schools_clean,3.0,0.0,27.094229322442384,False
J_00070,I_00740,16.346992610045643,107.61547695401737,1379.5374612808228,normal,1.0,0.0,8.319876655721064,False
J_00071,I_01021,16.39641488012548,107.72516693477466,1360.8019437789917,residential_clean,2.2,0.0,3.2630410993252807,False
J_00072,I_00783,16.70988793574258,107.36353752291024,1255.637583732605,residential_clean,2.2,0.0,23.931710354505437,False
J_00073,I_00319,16.45380610728049,107.7375063935242,1230.3781275749207,industrial_clean,2.5,0.0,20.330979919910302,False
J_00074,I_00507,16.511368581305003,107.33068692230691,1197.7994742393494,residential_clean,2.2,0.0,0.24793078527454568,False
J_00075,I_00114,16.356657137132824,107.53689050973384,1188.2932348251343,normal,1.0,0.0,5.590852895133534,False
J_00076,I_00427,16.382658281723604,107.05278672242615,1085.119017124176,residential_clean,2.2,0.0,197.9172796175179,False
J_00077,I_00317,16.32582716941894,107.61319930822202,1066.6335654258728,normal,1.0,0.0,2.5302306892394055,False
J_00078,I_00820,16.11103590324196,107.3459280615403,940.236083984375,residential_clean,4.2,0.0,6.373977899336906,False
J_00079,I_00421,16.342723959575373,107.93366324970323,927.6025867462158,normal,1.0,0.0,130.54020656924658,False
J_00080,I_00923,16.366910870139833,107.03377608407895,793.7837834358215,residential_clean,2.2,0.0,626.7217881885432,False
J_00081,I_00201,16.327528578675473,107.91769913442246,772.0579261779785,normal,1.0,0.0,686.2482537520793,False
J_00082,I_00536,16.371024865375475,107.62673529260412,765.0025162696838,normal,1.0,0.0,16.129145696725956,False
J_00083,I_00331,16.34784015713974,107.13738620954561,757.4298076629639,residential_clean,2.2,0.0,28.84246260501221,False
J_00084,I_00381,16.385335013106356,107.69678520373758,748.4783415794373,residential_clean,2.2,0.0,77.6991325340561,False
J_00085,I_00809,16.51642786736271,107.29186470338261,715.3154625892639,residential_clean,2.2,0.0,13.074435997541903,False
J_00086,I_00691,16.29715213989491,107.3888896598896,578.1364169120789,residential_clean,2.2,0.0,44.35664975070702,False
J_00087,I_00892,16.379021978864632,107.59950022293981,551.7695274353027,normal,1.0,0.0,4.001252238633492,False
J_00088,I_00834,16.517355656425256,107.28389388194194,547.5500226020813,residential_clean,2.2,0.0,3.9314679534450963,False
J_00089,I_00794,16.232146116497553,107.268548723133,464.3259997367859,residential_clean,2.2,0.0,22.058632997636302,False
J_00090,I_00073,16.33847825591033,107.74657129911706,457.95793628692627,residential_clean,3.7,0.0,18.349502898653718,False
J_00091,I_01143,16.315408733579908,107.71728782355969,382.2435522079468,residential_clean,3.7,0.0,0.017676877000737445,False
J_00092,I_00372,16.0898499866631,107.34794630170715,354.8334803581238,residential_clean,2.2,0.0,421.1340179171003,False
J_00093,I_00839,16.22134647831323,108.05696866167376,351.3687081336975,normal,1.0,0.0,297.8580428854656,False
J_00094,I_00577,16.373561497173647,107.67345344704496,345.8324236869812,normal,1.0,0.0,8.768050877852355,False
J_00095,I_00878,16.161553072990216,107.31069687991754,299.64694595336914,residential_clean,2.2,0.0,2.4772421255875536,False
J_00096,I_00077,16.337862817657815,107.04580980388354,286.5137815475464,residential_clean,2.2,0.0,2032.8461067235353,False
J_00097,I_00661,16.38569522656985,107.11684938920651,285.6262745857239,residential_clean,2.2,0.0,1389.6137229153949,False
J_00098,I_00943,16.140745976146412,107.3326495168023,283.23806524276733,residential_clean,4.2,0.0,0.12061269814432682,False
J_00099,I_00702,16.27540410973227,107.78506907564588,272.52084827423096,normal,1.0,0.0,16.540341279263973,False
J_00100,I_00813,16.368960616290856,107.74155878446571,251.55485486984253,normal,1.0,0.0,1.6085124226706078,False
J_00101,I_00199,16.2521762647415,107.78974875097055,245.03417873382568,normal,1.0,0.0,473.4397814717857,False
J_00102,I_00734,16.708735086191467,107.4326580563688,239.48207473754883,residential_clean,2.2,0.0,368.99721257874137,False
J_00103,I_00855,16.07930587537987,107.35728194597112,227.21786642074585,residential_clean,2.2,0.0,18.831443830610016,False
J_00104,I_00158,16.31224844650222,108.01449911185527,196.71046590805054,residential_clean,3.7,0.0,1.8184763746903927,False
J_00105,I_00285,16.142054902801338,107.76332475216844,186.3197259902954,residential_clean,2.2,0.0,190.59185236720054,False
J_00106,I_00298,16.362339230182013,107.7692374140144,156.5417037010193,normal,1.0,0.0,104.87657126893684,False
J_00107,I_00133,16.733479720198904,107.3945170547977,140.04453706741333,residential_clean,2.2,0.0,32.952905706079385,False
J_00108,I_00188,16.29062963249446,108.02378664638233,128.01355028152466,normal,1.0,0.0,69.36887894479968,False
J_00109,I_00074,16.329797903452548,107.4128520025401,99.7864499092102,residential_clean,2.2,0.0,73.93821529265303,False
J_00110,I_00529,16.372134833795084,107.81696578448873,98.80155229568481,normal,1.0,0.0,7.54776828983567,False
J_00111,I_00585,16.202806785416392,107.29443566167922,82.06983375549316,residential_clean,2.2,0.0,10.166183872957173,False
J_00112,I_00518,16.42734520865633,107.50645514593869,68.91136169433594,normal,1.0,0.0,7.5958894088730435,False
J_00113,I_00702,16.29415200318885,107.81089171151778,21.79790687561035,normal,1.0,0.0,45.60982346194867,False
J_00114,I_00157,16.26204580393665,107.92280321260976,8.975886344909668,schools_clean,3.0,0.0,33.39557841652026,False
J_00115,I_00965,16.448987824484128,107.60790364219534,27185.656364440918,residential_clean,7.2,0.0,0.19629109729655483,False
J_00116,I_00965,16.44896532586678,107.60788321986836,27185.656364440918,residential_clean,7.2,0.0,3.65863765111375,False
J_00117,I_00965,16.448954837067657,107.6078736990314,27185.656364440918,residential_clean,7.2,0.0,5.2727748176826505,False
J_00118,I_00965,16.448925748434856,107.60784729485506,27185.656364440918,residential_clean,7.2,0.0,9.749268070865398,False
J_00119,I_00965,16.448979055670627,107.60789568261364,27185.656364440918,residential_clean,7.2,0.0,1.5457372342510391,False
J_00120,I_00965,16.449898627518124,107.61096751018788,27144.59634256363,residential_clean,7.2,0.0,49.52072480894363,False
J_00121,I_00965,16.448883948164205,107.60772330592357,27092.941452026367,residential_clean,7.2,0.0,7.31182390606606,False
J_00122,I_00965,16.44893191792098,107.60764381320178,27082.7516374588,residential_clean,7.2,0.0,16.558285369181526,False
J_00123,I_00965,16.44878795695486,107.60787505756461,27021.198448181152,residential_clean,7.2,0.0,12.9271075803772,False
J_00124,I_00965,16.44876695281814,107.6077320656067,27021.198448181152,residential_clean,7.2,0.0,10.99973990321437,False
J_00125,I_00965,16.448895561545577,107.60781989377949,27021.198448181152,residential_clean,7.2,0.0,6.949975451576774,False
J_00126,I_00965,16.448793315011805,107.60786680656355,27021.198448181152,residential_clean,7.2,0.0,11.817870062511348,False
J_00127,I_00965,16.44888137442024,107.6078070159223,27021.198448181152,residential_clean,7.2,0.0,4.766698075937293,False
J_00128,I_00965,16.448779555303524,107.60788799546957,27021.198448181152,residential_clean,7.2,0.0,14.66643708606633,False
J_00129,I_00965,16.448834518320265,107.60780335658798,27021.198448181152,residential_clean,7.2,0.0,3.2878634691084168,False
J_00130,I_00965,16.448867123360284,107.60775118701625,27021.198448181152,residential_clean,7.2,0.0,3.644856971489823,False
J_00131,I_00965,16.448853002530512,107.60777458723736,27021.198448181152,residential_clean,7.2,0.0,0.5672215976344768,False
J_00132,I_00965,16.44881560760751,107.60783247765559,27021.198448181152,residential_clean,7.2,0.0,7.202804279213609,False
J_00133,I_00965,16.44885037688464,107.60777893559589,27021.198448181152,residential_clean,7.2,0.0,0.004785396191085736,False
J_00134,I_00965,16.44879555263048,107.60786336080055,27021.198448181152,residential_clean,7.2,0.0,11.354632987267088,False
J_00135,I_00965,16.44877039929115,107.6079020950326,27021.198448181152,residential_clean,7.2,0.0,16.106186842498037,False
J_00136,I_00965,16.448868465723784,107.60779529851418,27021.198448181152,residential_clean,7.2,0.0,2.7801601224450905,False
J_00137,I_00965,16.451943476327,107.60287971614385,27014.502068519592,residential_clean,7.2,0.0,3.1240513994212424,False
J_00138,I_00965,16.451945368132037,107.6028254985188,27014.502068519592,residential_clean,7.2,0.0,5.269340287322894,False
J_00139,I_00965,16.45203091167051,107.60268927390045,27014.502068519592,residential_clean,7.2,0.0,12.011770422548581,False
J_00140,I_00965,16.452016086843003,107.60271288184178,27014.502068519592,residential_clean,7.2,0.0,15.153023541588965,False
J_00141,I_00965,16.45201248726678,107.60271861402181,27014.502068519592,residential_clean,7.2,0.0,15.915742668630505,False
J_00142,I_00965,16.45198387541958,107.60276417723134,27014.502068519592,residential_clean,7.2,0.0,13.428700005570926,False
J_00143,I_00965,16.45194500184512,107.60288068658589,27014.502068519592,residential_clean,7.2,0.0,3.331473470507053,False
J_00144,I_00965,16.45199403692302,107.60291187973053,27014.502068519592,residential_clean,7.2,0.0,9.998689399707652,False
J_00145,I_00965,16.452035035250066,107.60268270726561,27014.502068519592,residential_clean,7.2,0.0,11.138019429754554,False
J_00146,I_00965,16.45196218611346,107.60279871656968,27014.502068519592,residential_clean,7.2,0.0,8.832924253368477,False
J_00147,I_00965,16.45198420991177,107.60290562838095,27014.502068519592,residential_clean,7.2,0.0,8.662527302626659,False
J_00148,I_00965,16.451981492541204,107.60290389975435,27014.502068519592,residential_clean,7.2,0.0,8.293051033234487,False
J_00149,I_00965,16.4519869633695,107.6027592597963,27014.502068519592,residential_clean,7.2,0.0,14.083009836714332,False
J_00150,I_00965,16.452002465341447,107.60273457353337,27014.502068519592,residential_clean,7.2,0.0,17.367743535573247,False
J_00151,I_00965,16.452058864412216,107.60264476027908,27014.502068519592,residential_clean,7.2,0.0,6.088824831790598,False
J_00152,I_00965,16.452054159646213,107.6026522524309,27014.502068519592,residential_clean,7.2,0.0,7.0857243494919855,False
J_00153,I_00965,16.451980494779484,107.60276956076352,27014.502068519592,residential_clean,7.2,0.0,12.712371669919634,False
J_00154,I_00965,16.451969896561017,107.60289652309434,27014.502068519592,residential_clean,7.2,0.0,6.716365330438101,False
J_00155,I_00965,16.452052058825053,107.6026555979046,27014.502068519592,residential_clean,7.2,0.0,7.530870307129472,False
J_00156,I_00965,16.45192469815817,107.60285841460549,27014.502068519592,residential_clean,7.2,0.0,0.889553054635555,False
J_00157,I_00965,16.451965117200043,107.60279404893366,27014.502068519592,residential_clean,7.2,0.0,9.453996034882206,False
J_00158,I_00965,16.451940867173896,107.60283266611056,27014.502068519592,residential_clean,7.2,0.0,4.315626463476117,False
J_00159,I_00965,16.451997546159053,107.60274240713244,27014.502068519592,residential_clean,7.2,0.0,16.325411331658135,False
J_00160,I_00965,16.45199987920508,107.6029155962368,27014.502068519592,residential_clean,7.2,0.0,10.793054640908078,False
J_00161,I_00965,16.451952753567156,107.6028856177611,27014.502068519592,residential_clean,7.2,0.0,4.385461784483132,False
J_00162,I_00965,16.45192548236461,107.60285716578893,27014.502068519592,residential_clean,7.2,0.0,1.05571955316475,False
J_00163,I_00965,16.45195077006698,107.60281689615809,27014.502068519592,residential_clean,7.2,0.0,6.413963277254613,False
J_00164,I_00965,16.452021397206636,107.60270442530157,27014.502068519592,residential_clean,7.2,0.0,14.027803304162367,False
J_00165,I_00965,16.449595802183023,107.60395836614184,26319.306000709534,residential_clean,7.2,0.0,5.156076036991535,False
J_00166,I_00965,16.449599908614708,107.60386743246288,26167.719933509827,residential_clean,7.2,0.0,0.007584400478097393,False
J_00167,I_00965,16.450537603785484,107.59439195577828,25490.720071315765,residential_clean,7.2,0.0,4.940046715402003,False
J_00168,I_00965,16.450526897878444,107.59437215815932,25490.720071315765,residential_clean,7.2,0.0,2.4099938517120605,False
J_00169,I_00965,16.45054915997479,107.59441332576075,25490.720071315765,residential_clean,7.2,0.0,2.9871299693744873,False
J_00170,I_00965,16.450554922297293,107.5944239815862,25490.720071315765,residential_clean,7.2,0.0,1.6253600650112974,False
J_00171,I_00965,16.45052297137676,107.5943648971789,25490.720071315765,residential_clean,7.2,0.0,1.482070938512852,False
J_00172,I_00965,16.450542515151724,107.59440103799439,25490.720071315765,residential_clean,7.2,0.0,4.5574550954676285,False
J_00173,I_00965,16.450500385336813,107.594341153838,25454.289090633392,residential_clean,7.2,0.0,2.326827280862881,False
J_00174,I_00965,16.450483083990047,107.59432827309756,25454.289090633392,residential_clean,7.2,0.0,4.794376971064508,False
J_00175,I_00965,16.45049122284458,107.59433433242182,25454.289090633392,residential_clean,7.2,0.0,3.63359869270946,False
J_00176,I_00965,16.450468808649894,107.59431764520028,25454.289090633392,residential_clean,7.2,0.0,6.830351905625589,False
J_00177,I_00965,16.450456934327974,107.59430880484594,25449.156410694122,residential_clean,7.2,0.0,7.663685614745163,False
J_00178,I_00965,16.448936973374494,107.59540348999776,24896.069982528687,residential_clean,7.2,0.0,33.788246217055416,False
J_00179,I_00965,16.45043623811533,107.59105715834148,24656.57128763199,residential_clean,7.2,0.0,0.17912796421626465,False
J_00180,I_00965,16.450428091245346,107.59106781611028,24656.57128763199,residential_clean,7.2,0.0,1.6962872083287714,False
J_00181,I_00654,16.445966236965948,107.61869546472103,24383.103729724884,normal,1.0,0.0,4.304176174678077,False
J_00182,I_00654,16.44582513678164,107.61871921893655,24367.212172031403,normal,1.0,0.0,15.99239541613281,False
J_00183,I_00965,16.442141654602278,107.60154471944811,24282.27019262314,residential_clean,7.2,0.0,0.9067375445058358,False
J_00184,I_00965,16.442091702354077,107.60158628246434,24282.27019262314,residential_clean,7.2,0.0,2.1711300952749477,False
J_00185,I_00965,16.442131027049957,107.60155301090126,24282.27019262314,residential_clean,7.2,0.0,0.6338605715179667,False
J_00186,I_00965,16.442110902135642,107.60156870833448,24282.27019262314,residential_clean,7.2,0.0,0.7975363001304779,False
J_00187,I_00965,16.442123749595364,107.60155868731604,24282.27019262314,residential_clean,7.2,0.0,1.688730019779136,False
J_00188,I_00965,16.44215600927879,107.60153351829663,24282.27019262314,residential_clean,7.2,0.0,2.9877531371426764,False
J_00189,I_00965,16.442147793204267,107.60153992941267,24282.27019262314,residential_clean,7.2,0.0,1.7966584121928324,False
J_00190,I_00965,16.442871250696925,107.59903430324655,23560.01008749008,residential_clean,7.2,0.0,22.912878344751224,False
J_00191,I_00965,16.44267139303577,107.59904254178136,23554.75077867508,residential_clean,7.2,0.0,4.222480954059109,False
J_00192,I_00965,16.44267373908453,107.59905447217939,23554.75077867508,residential_clean,7.2,0.0,2.866767995567999,False
J_00193,I_00965,16.442713589656538,107.59907147423651,23554.75077867508,residential_clean,7.2,0.0,4.15174883277893,False
J_00194,I_00965,16.442758844898474,107.59906080462753,23554.75077867508,residential_clean,7.2,0.0,9.536967698415022,False
J_00195,I_00965,16.442676659202125,107.59906932189874,23554.75077867508,residential_clean,7.2,0.0,1.1793174304599972,False
J_00196,I_00965,16.442777547921022,107.59905639510582,23554.75077867508,residential_clean,7.2,0.0,11.762563722444739,False
J_00197,I_00965,16.442674779743594,107.59905976425908,23554.75077867508,residential_clean,7.2,0.0,2.2654015561286354,False
J_00198,I_00965,16.44267819329807,107.59907712326078,23554.75077867508,residential_clean,7.2,0.0,0.2928082327666585,False
J_00199,I_00965,16.4427442281898,107.59906425073832,23554.75077867508,residential_clean,7.2,0.0,7.797629267721327,False
J_00200,I_00965,16.448193819433886,107.58965169779029,23221.31492471695,residential_clean,7.2,0.0,3.5044256121556394,False
J_00201,I_00965,16.44816302346621,107.58959886299627,23221.31492471695,residential_clean,7.2,0.0,10.386968253965463,False
J_00202,I_00965,16.448158591762542,107.58959125978885,23221.31492471695,residential_clean,7.2,0.0,11.377402687391774,False
J_00203,I_00965,16.44537274645546,107.5853618510656,21704.97616815567,residential_clean,7.2,0.0,2.3629201073725095,False
J_00204,I_00965,16.44523749137589,107.58535886777044,21704.97616815567,residential_clean,7.2,0.0,18.06518849559075,False
J_00205,I_00965,16.44516129459515,107.58535718711369,21704.97616815567,residential_clean,7.2,0.0,15.196027049711612,False
J_00206,I_00965,16.44518268298178,107.58535765887287,21704.97616815567,residential_clean,7.2,0.0,17.67908319843194,False
J_00207,I_00965,16.445334375978323,107.58536100473519,21704.97616815567,residential_clean,7.2,0.0,6.817493513699686,False
J_00208,I_00965,16.445267653681064,107.5853595330544,21704.97616815567,residential_clean,7.2,0.0,14.563534551325173,False
J_00209,I_00965,16.445187805889926,107.58535777186779,21704.97616815567,residential_clean,7.2,0.0,18.273820410606955,False
J_00210,I_00965,16.44531344045981,107.58536054296445,21704.97616815567,residential_clean,7.2,0.0,9.247976445808344,False
J_00211,I_00965,16.445406065485926,107.585363212966,21704.97616815567,residential_clean,7.2,0.0,1.508303718872626,False
J_00212,I_00965,16.445319053349195,107.58536066676689,21704.97616815567,residential_clean,7.2,0.0,8.596355073182691,False
J_00213,I_00965,16.445353099440617,107.58536141771508,21704.97616815567,residential_clean,7.2,0.0,4.643816270095162,False
J_00214,I_00965,16.445196032414174,107.58535795331855,21704.97616815567,residential_clean,7.2,0.0,19.228867841478042,False
J_00215,I_00965,16.44514704852589,107.58535687289114,21704.97616815567,residential_clean,7.2,0.0,13.542148838578807,False
J_00216,I_00965,16.44530217305807,107.58536029444156,21704.97616815567,residential_clean,7.2,0.0,10.556051300970038,False
J_00217,I_00965,16.445143419664245,107.58535679285009,21704.97616815567,residential_clean,7.2,0.0,13.12086105608837,False
J_00218,I_00087,16.448277674244014,107.58409926561734,21544.096281528473,residential_clean,8.7,0.0,4.810370495747834,False
J_00219,I_00087,16.44827526060759,107.58415336702281,21544.096281528473,residential_clean,8.7,0.0,10.839423723459054,False
J_00220,I_00087,16.448275650402273,107.58414462981617,21544.096281528473,residential_clean,8.7,0.0,9.865750609781049,False
J_00221,I_00965,16.44827397401016,107.58418220596803,21544.096281528473,residential_clean,7.2,0.0,14.053231837546019,False
J_00222,I_00965,16.448270722872536,107.5842550798727,21544.096281528473,residential_clean,7.2,0.0,22.17428981006555,False
J_00223,I_00965,16.44827437792044,107.58417315236173,21544.096281528473,residential_clean,7.2,0.0,13.044299189890493,False
J_00224,I_00965,16.448273361507372,107.58419593515299,21544.096281528473,residential_clean,7.2,0.0,15.583210331941393,False
J_00225,I_00087,16.448279018815192,107.58406912719624,21532.756796360016,residential_clean,8.7,0.0,1.451748967062774,False
J_00226,I_00087,16.448279921944348,107.58404768745422,21532.756796360016,residential_clean,8.7,0.0,0.9372255547047763,False
J_00227,I_00965,16.443619824105603,107.5853851459971,21406.955601215363,residential_clean,7.2,0.0,43.69752715472327,False
J_00228,I_00965,16.443605305069298,107.58530097566886,21406.955601215363,residential_clean,7.2,0.0,41.24685120198057,False
J_00229,I_00965,16.443617975643914,107.58537443002194,21406.955601215363,residential_clean,7.2,0.0,44.26030211522143,False
J_00230,I_00965,16.443622336630316,107.58539971170482,21406.955601215363,residential_clean,7.2,0.0,42.9755885004298,False
J_00231,I_00965,16.44361362799492,107.58534922565983,21406.955601215363,residential_clean,7.2,0.0,45.68351173918177,False
J_00232,I_00965,16.443623650163723,107.58540732657275,21406.955601215363,residential_clean,7.2,0.0,42.61864988936019,False
J_00233,I_00965,16.443601190267117,107.58527712117699,21360.466789722443,residential_clean,7.2,0.0,38.54877518281584,False
J_00234,I_00965,16.443599519496146,107.58526743531841,21360.466789722443,residential_clean,7.2,0.0,37.4532505807088,False
J_00235,I_00965,16.443587140887058,107.5851956735661,21196.271028995514,residential_clean,7.2,0.0,29.336596326104768,False
J_00236,I_00965,16.443591571659315,107.5852213598102,21196.271028995514,residential_clean,7.2,0.0,32.24185373215426,False
J_00237,I_01149,16.557371339558813,107.62892188387085,21163.456042289734,residential_clean,3.7,0.0,737.494391831062,False
J_00238,I_00965,16.44357800448747,107.58514270767928,21143.83640909195,residential_clean,7.2,0.0,23.345859242285137,False
J_00239,I_00965,16.44358306100735,107.58517202153037,21143.83640909195,residential_clean,7.2,0.0,26.66141922400286,False
J_00240,I_00965,16.4435816304645,107.5851637283324,21143.83640909195,residential_clean,7.2,0.0,25.72341230023617,False
J_00241,I_00523,16.552166915526914,107.62964819528487,21126.78475666046,residential_clean,3.7,0.0,421.1701505520607,False
J_00242,I_00523,16.553478811410475,107.63048666236632,21076.932787418365,residential_clean,3.7,0.0,579.6737224193748,False
J_00243,I_00523,16.552773329991982,107.6302797773802,21063.418506145477,residential_clean,3.7,0.0,516.1878653631734,False
J_00244,I_01149,16.557793357487625,107.62926433102201,21051.264372348785,residential_clean,3.7,0.0,770.1375973453903,False
J_00245,I_00982,16.554300920630098,107.63133143800181,20983.39985227585,residential_clean,3.7,0.0,712.0260099884133,False
J_00246,I_01149,16.558651889230973,107.63081565810693,20976.228271961212,residential_clean,3.7,0.0,784.8794420860535,False
J_00247,I_00523,16.551077500470477,107.62928461925945,20923.492590904236,residential_clean,3.7,0.0,343.33459421707954,False
J_00248,I_01149,16.55475829471443,107.63166534288331,20918.607555389404,residential_clean,3.7,0.0,774.0332122389918,False
J_00249,I_00982,16.55344838918364,107.6313594730878,20900.541756153107,residential_clean,3.7,0.0,659.4615063371012,False
J_00250,I_00523,16.552269731381116,107.63077489194808,20878.95153570175,residential_clean,3.7,0.0,541.0355359748891,False
J_00251,I_00523,16.551322159565032,107.6304966037872,20868.243196964264,residential_clean,3.7,0.0,481.1312396540296,False
J_00252,I_01149,16.55988234234445,107.63156492355661,20868.096609592438,residential_clean,3.7,0.0,631.9283270672921,False
J_00253,I_01149,16.555635124023215,107.63275834673622,20843.741851329803,residential_clean,3.7,0.0,857.1022568056065,False
J_00254,I_00523,16.551020012730742,107.62994673299207,20800.37797641754,residential_clean,3.7,0.0,414.72138597927943,False
J_00255,I_01149,16.55471409223152,107.63246932037812,20783.246678829193,residential_clean,3.7,0.0,766.761893025832,False
J_00256,I_00523,16.55231275741427,107.63160495197428,20706.92823410034,residential_clean,3.7,0.0,575.8524786841049,False
J_00257,I_00982,16.55356932963096,107.6324544959378,20699.45919752121,residential_clean,3.7,0.0,645.7282766197001,False
J_00258,I_00982,16.55371660920001,107.63265271974419,20699.45919752121,residential_clean,3.7,0.0,651.9660624722247,False
J_00259,I_00278,16.552812705198914,107.63188353692992,20684.77048254013,residential_clean,3.7,0.0,602.3910147769744,False
J_00260,I_00982,16.55280251076966,107.63229176153384,20672.761573314667,residential_clean,3.7,0.0,576.3713755674082,False
J_00261,I_01149,16.559531607414204,107.63276445937518,20664.699562072754,residential_clean,3.7,0.0,556.0006854762465,False
J_00262,I_01149,16.554435203113176,107.6330575303655,20646.97477197647,residential_clean,3.7,0.0,714.1679904497353,False
J_00263,I_00523,16.55133438914055,107.6313482078058,20645.98084306717,residential_clean,3.7,0.0,493.3579240511972,False
J_00264,I_00523,16.551227052503215,107.63120000329026,20645.98084306717,residential_clean,3.7,0.0,484.1778960605526,False
J_00265,I_00523,16.551960499265125,107.63164525996767,20627.038249969482,residential_clean,3.7,0.0,542.5761519002681,False
J_00266,I_00884,16.54985048647555,107.629241846487,20613.82649564743,residential_clean,3.7,0.0,337.5849608975602,False
J_00267,I_01149,16.558666534899942,107.63329000311296,20607.23278427124,residential_clean,3.7,0.0,598.0782950349754,False
J_00268,I_00884,16.550666649933326,107.630684525705,20606.411250591278,residential_clean,3.7,0.0,436.5188631098455,False
J_00269,I_01149,16.55367524785179,107.63301691455865,20600.962362766266,residential_clean,3.7,0.0,632.2705293623264,False
J_00270,I_01149,16.553838706356004,107.63299930976989,20600.962362766266,residential_clean,3.7,0.0,650.755369221945,False
J_00271,I_00523,16.551315629459157,107.63147722303168,20598.79310274124,residential_clean,3.7,0.0,489.0008517356923,False
J_00272,I_00278,16.55214953820628,107.63217795953092,20586.429471492767,residential_clean,3.7,0.0,520.8697838163399,False
J_00273,I_00278,16.552132874202456,107.63216413167494,20586.429471492767,residential_clean,3.7,0.0,520.2626961123894,False
J_00274,I_00278,16.55219560269591,107.63234388451164,20580.6665892601,residential_clean,3.7,0.0,514.2904542998475,False
J_00275,I_00087,16.448085478449944,107.5815689994067,20577.205258846283,residential_clean,8.7,0.0,37.67880122169306,False
J_00276,I_00087,16.448048021206557,107.58157126486044,20577.205258846283,residential_clean,8.7,0.0,33.323852380247345,False
J_00277,I_00087,16.448193042763613,107.58156249380069,20577.205258846283,residential_clean,8.7,0.0,50.18472039352455,False
J_00278,I_00087,16.448012927111932,107.58157338738802,20577.205258846283,residential_clean,8.7,0.0,29.243654684858534,False
J_00279,I_00087,16.447976056649654,107.5815756173518,20577.205258846283,residential_clean,8.7,0.0,24.95692927023254,False
J_00280,I_00087,16.447989887413488,107.58157478085292,20577.205258846283,residential_clean,8.7,0.0,26.564955848693614,False
J_00281,I_00087,16.44803628716823,107.5815719745474,20577.205258846283,residential_clean,8.7,0.0,31.959600088364926,False
J_00282,I_00087,16.448173126760352,107.58156369834236,20577.205258846283,residential_clean,8.7,0.0,47.86919422410886,False
J_00283,I_00087,16.44806806523017,107.58157005257671,20577.205258846283,residential_clean,8.7,0.0,35.65426128434199,False
J_00284,I_00087,16.448102084393984,107.58156799506146,20577.205258846283,residential_clean,8.7,0.0,39.609483789089985,False
J_00285,I_00087,16.44811780682363,107.58156704415208,20577.205258846283,residential_clean,8.7,0.0,41.43744510737567,False
J_00286,I_00087,16.448158163512357,107.58156460333592,20577.205258846283,residential_clean,8.7,0.0,46.129498324287674,False
J_00287,I_00087,16.448059905971487,107.58157054605732,20577.205258846283,residential_clean,8.7,0.0,34.70562891157388,False
J_00288,I_00087,16.44814830035643,107.5815651998703,20577.205258846283,residential_clean,8.7,0.0,44.982762613153064,False
J_00289,I_00087,16.447999431260353,107.58157420363118,20577.205258846283,residential_clean,8.7,0.0,27.67456631786804,False
J_00290,I_00087,16.448138796250937,107.58156577468888,20577.205258846283,residential_clean,8.7,0.0,43.87777180674234,False
J_00291,I_00523,16.550126750314774,107.62813557130838,20560.7537484169,residential_clean,3.7,0.0,210.60130194257064,False
J_00292,I_01149,16.554755028890252,107.6335403677767,20549.576340198517,residential_clean,3.7,0.0,735.7874520359655,False
J_00293,I_01149,16.554825036970115,107.63337447077669,20549.576340198517,residential_clean,3.7,0.0,748.0113598418434,False
J_00294,I_00523,16.552485463207407,107.6266624767784,20541.820628643036,residential_clean,3.7,0.0,225.52350307576205,False
J_00295,I_00278,16.55217263224286,107.6323672777479,20527.55075597763,residential_clean,3.7,0.0,510.6103300363058,False
J_00296,I_00982,16.553167493051433,107.63296686904913,20526.603314876556,residential_clean,3.7,0.0,579.5563298135073,False
J_00297,I_00523,16.550292327478438,107.6275585972665,20518.730773448944,residential_clean,3.7,0.0,144.25692663930093,False
J_00298,I_00884,16.550963224196998,107.63145814431842,20493.843881607056,residential_clean,3.7,0.0,448.8399755210672,False
J_00299,I_00278,16.552401966465826,107.63264790289283,20493.29349565506,residential_clean,3.7,0.0,516.0657919722212,False
J_00300,I_00087,16.447952784782256,107.58157702485825,20482.080274105072,residential_clean,8.7,0.0,22.2512379440703,False
J_00301,I_00087,16.447960033769686,107.58157658643205,20482.080274105072,residential_clean,8.7,0.0,23.094037589960795,False
J_00302,I_00087,16.44792984717681,107.581578412148,20482.080274105072,residential_clean,8.7,0.0,19.584409724298673,False
J_00303,I_00087,16.44793920477894,107.58157784619071,20482.080274105072,residential_clean,8.7,0.0,20.672366207992948,False
J_00304,I_00087,16.447922969431865,107.581578828121,20482.080274105072,residential_clean,8.7,0.0,18.784772511193196,False
J_00305,I_00523,16.5501946528921,107.62777273982913,20473.93992948532,residential_clean,3.7,0.0,169.46033655796532,False
J_00306,I_01149,16.55413997521013,107.63334218760843,20464.302357196808,residential_clean,3.7,0.0,672.1334090455115,False
J_00307,I_01090,16.55171272921075,107.63229135355041,20457.147611141205,residential_clean,3.7,0.0,473.2641579259828,False
J_00308,I_00884,16.549516476941985,107.62981577216517,20452.79835176468,residential_clean,3.7,0.0,360.781144088105,False
J_00309,I_00278,16.55218846777815,107.63263243815094,20451.45224714279,residential_clean,3.7,0.0,495.7880011551974,False
J_00310,I_01149,16.556113801767815,107.63390532020887,20438.853630542755,residential_clean,3.7,0.0,834.9737532526949,False
J_00311,I_00884,16.55069962354135,107.6315738987344,20434.872491836548,residential_clean,3.7,0.0,416.662095758229,False
J_00312,I_00982,16.552992248551508,107.63314942591595,20434.79491186142,residential_clean,3.7,0.0,552.9796767864432,False
J_00313,I_01090,16.5513601436214,107.63251756745807,20386.486924648285,residential_clean,3.7,0.0,425.7219307434744,False
J_00314,I_00002,16.551774785689027,107.63288083013086,20380.504014492035,residential_clean,3.7,0.0,440.4054372460022,False
J_00315,I_00002,16.551809518456803,107.63281905481698,20380.504014492035,residential_clean,3.7,0.0,447.5143793867167,False
J_00316,I_00884,16.550516596411747,107.63150935531418,20358.03405189514,residential_clean,3.7,0.0,396.7279546081682,False
J_00317,I_00002,16.552251437695332,107.63308140406917,20356.622076511383,residential_clean,3.7,0.0,477.6031153767901,False
J_00318,I_01041,16.553154174213997,107.63332705094241,20356.482099056244,residential_clean,3.7,0.0,563.5936813872859,False
J_00319,I_01041,16.553260265735506,107.63353834081322,20356.482099056244,residential_clean,3.7,0.0,567.9689947753445,False
J_00320,I_00002,16.551875321941907,107.63299012347451,20351.593245983124,residential_clean,3.7,0.0,444.0351637824435,False
J_00321,I_01041,16.553465457174788,107.63351615114279,20341.588999271393,residential_clean,3.7,0.0,591.5096883152185,False
J_00322,I_00884,16.550609276988755,107.63178185483837,20332.88572883606,residential_clean,3.7,0.0,403.65028421697724,False
J_00323,I_00884,16.550348115197856,107.6319282554228,20311.676612854004,residential_clean,3.7,0.0,372.2968088222377,False
J_00324,I_00884,16.549982320885626,107.63187425503365,20255.44620513916,residential_clean,3.7,0.0,330.2556260600783,False
J_00325,I_01149,16.55529614465948,107.63449661331656,20239.22007894516,residential_clean,3.7,0.0,733.4849455925421,False
J_00326,I_00780,16.55261072380027,107.63339397374963,20217.83807516098,residential_clean,3.7,0.0,501.7880067650045,False
J_00327,I_00002,16.55227331592875,107.6332334250389,20217.83807516098,residential_clean,3.7,0.0,472.57067825146964,False
J_00328,I_00780,16.55274579384842,107.6338044034199,20203.672475337982,residential_clean,3.7,0.0,502.3255637926325,False
J_00329,I_00002,16.55214826362629,107.63340023834127,20200.29322195053,residential_clean,3.7,0.0,451.75587304385687,False
J_00330,I_00213,16.553779126327317,107.63419291445697,20187.191110134125,residential_clean,3.7,0.0,610.79087992739,False
J_00331,I_00213,16.553553364016846,107.63417851847997,20181.42822790146,residential_clean,3.7,0.0,585.135880458201,False
J_00332,I_01149,16.55892738781983,107.63545236166286,20172.215185165405,residential_clean,3.7,0.0,472.89648862267717,False
J_00333,I_00823,16.550493808335613,107.63263500443529,20147.8199133873,residential_clean,3.7,0.0,345.26927977320406,False
J_00334,I_00823,16.55037010100543,107.6327607268232,20147.8199133873,residential_clean,3.7,0.0,325.3127707490932,False
J_00335,I_00823,16.550495000958094,107.63260099865262,20147.8199133873,residential_clean,3.7,0.0,348.25799255657273,False
J_00336,I_00823,16.550087213217267,107.63283817491791,20147.8199133873,residential_clean,3.7,0.0,298.2091994203498,False
J_00337,I_00823,16.548777648300046,107.63178562554906,20144.70969390869,residential_clean,3.7,0.0,192.4878890841099,False
J_00338,I_00523,16.553566369861173,107.62543072782243,20128.55796813965,residential_clean,3.7,0.0,357.7995887427029,False
J_00339,I_00290,16.551486754363747,107.6332222819407,20125.97416448593,residential_clean,3.7,0.0,392.0360548694737,False
J_00340,I_00780,16.552977963938236,107.6340076453404,20119.212824344635,residential_clean,3.7,0.0,523.0277184913438,False
J_00341,I_01149,16.55529422101023,107.6347858389475,20106.229688167572,residential_clean,3.7,0.0,711.9108355203446,False
J_00342,I_00002,16.55176472542614,107.63323478602001,20097.06339597702,residential_clean,3.7,0.0,419.5428894954398,False
J_00343,I_01070,16.551695272878206,107.63346722118628,20097.06339597702,residential_clean,3.7,0.0,400.72771718236254,False
J_00344,I_01070,16.551591694992815,107.63350953868535,20097.06339597702,residential_clean,3.7,0.0,387.8402068124707,False
J_00345,I_00290,16.551275612340685,107.63339460400294,20069.743756771088,residential_clean,3.7,0.0,361.2040043733951,False
J_00346,I_00213,16.554172032788323,107.63473137725437,20068.684596538544,residential_clean,3.7,0.0,623.5648523632789,False
J_00347,I_00630,16.548309737491994,107.63268008975054,20066.036101818085,residential_clean,3.7,0.0,131.88744303577636,False
J_00348,I_00630,16.5483754053558,107.63266164006036,20066.036101818085,residential_clean,3.7,0.0,139.6017171681214,False
J_00349,I_00780,16.552471429217245,107.6339815870427,20066.005833148956,residential_clean,3.7,0.0,466.4532901391089,False
J_00350,I_00630,16.54819447346078,107.63226507779618,20059.283084869385,residential_clean,3.7,0.0,123.30834547905512,False
J_00351,I_00630,16.548311741872432,107.63286075906986,20057.604281902313,residential_clean,3.7,0.0,124.00915907694002,False
J_00352,I_00213,16.55349605963041,107.6344904369373,20034.381486415863,residential_clean,3.7,0.0,573.9938034386626,False
J_00353,I_00823,16.55086162141461,107.63335590922188,20024.050900936127,residential_clean,3.7,0.0,322.7760535691444,False
J_00354,I_00823,16.550912441143083,107.63337061787966,20024.050900936127,residential_clean,3.7,0.0,326.7347172316903,False
J_00355,I_01149,16.562162483004016,107.63504610696887,20006.66121339798,residential_clean,3.7,0.0,162.58641750809218,False
J_00356,I_00290,16.551057769251738,107.63357352137545,20000.523137569427,residential_clean,3.7,0.0,329.3920180446355,False
J_00357,I_01070,16.551077841240915,107.63380268683666,20000.523137569427,residential_clean,3.7,0.0,319.9599296837768,False
J_00358,I_00630,16.549968467508762,107.63345981471609,19992.51490354538,residential_clean,3.7,0.0,236.10032331517908,False
J_00359,I_00823,16.550012764907397,107.63338120180975,19982.13958120346,residential_clean,3.7,0.0,246.00866821351687,False
J_00360,I_01070,16.551346525330437,107.6337322318545,19971.612369060516,residential_clean,3.7,0.0,351.6341028452282,False
J_00361,I_01149,16.556606964629974,107.63564167746021,19970.80895805359,residential_clean,3.7,0.0,695.7890345619927,False
J_00362,I_01070,16.55162240480643,107.63398519239355,19966.265877246857,residential_clean,3.7,0.0,371.5820206034209,False
J_00363,I_01149,16.555392264298717,107.63517109033127,19961.754769802094,residential_clean,3.7,0.0,693.7137380082189,False
J_00364,I_00630,16.548358424452466,107.63352181834557,19949.828805446625,residential_clean,3.7,0.0,126.4710063775197,False
J_00365,I_01070,16.552056250102723,107.63407650661074,19935.195019245148,residential_clean,3.7,0.0,417.1249771929817,False
J_00366,I_00213,16.554001525595098,107.6347333470019,19920.902849674225,residential_clean,3.7,0.0,610.5831096999276,False
J_00367,I_00213,16.553998171189065,107.6347594583395,19920.902849674225,residential_clean,3.7,0.0,608.097922099552,False
J_00368,I_00457,16.552722626993475,107.63459243969073,19906.1363196373,residential_clean,3.7,0.0,483.48817131620297,False
J_00369,I_00213,16.5529822722491,107.6345955072289,19906.1363196373,residential_clean,3.7,0.0,513.4746134356799,False
J_00370,I_00630,16.548259618894246,107.63384980008242,19892.386132717133,residential_clean,3.7,0.0,93.34286057262753,False
J_00371,I_00884,16.547509730437223,107.62921629185578,19873.32844734192,residential_clean,3.7,0.0,205.68155511872325,False
J_00372,I_00213,16.553658956027274,107.6351317822127,19856.038811206818,residential_clean,3.7,0.0,551.052858487331,False
J_00373,I_00523,16.557172266128717,107.62570549841833,19854.682409763336,residential_clean,3.7,0.0,393.3906940001382,False
J_00374,I_00630,16.549558118592625,107.63398732065347,19829.393313884735,residential_clean,3.7,0.0,160.77539827749806,False
J_00375,I_00630,16.549916199508754,107.63412471641745,19818.301804065704,residential_clean,3.7,0.0,183.97222914525008,False
J_00376,I_00630,16.54885525518363,107.63414808507875,19818.301804065704,residential_clean,3.7,0.0,100.20798190198838,False
J_00377,I_00630,16.54882475384163,107.63417445935585,19818.301804065704,residential_clean,3.7,0.0,96.28176209733776,False
J_00378,I_00630,16.55018332902058,107.63473311030847,19777.96173810959,residential_clean,3.7,0.0,188.93641523962154,False
J_00379,I_01149,16.56274576336361,107.63658984790217,19759.465893268585,residential_clean,3.7,0.0,25.259646491623585,False
J_00380,I_00213,16.558919453249217,107.63782248040705,19717.696807861328,residential_clean,3.7,0.0,346.11193197391344,False
J_00381,I_00213,16.55586700357347,107.63671299218613,19650.203498840332,residential_clean,3.7,0.0,655.579188992492,False
J_00382,I_00654,16.443654954273445,107.6212187775736,19649.739996910095,normal,1.0,0.0,31.032963733837768,False
J_00383,I_00630,16.549805712618404,107.63540449683566,19646.78648710251,residential_clean,3.7,0.0,141.92561857952828,False
J_00384,I_00630,16.549940328403174,107.63541046239682,19646.78648710251,residential_clean,3.7,0.0,157.446401439429,False
J_00385,I_01070,16.551390383622216,107.6349840745222,19630.2204413414,residential_clean,3.7,0.0,326.4841388108889,False
J_00386,I_01070,16.55173166637086,107.63536734746197,19616.054841518402,residential_clean,3.7,0.0,365.3954496986268,False
J_00387,I_00630,16.55077897780152,107.63506522790102,19612.529226779938,residential_clean,3.7,0.0,255.51915901307834,False
J_00388,I_00630,16.550055460856466,107.63561762008925,19612.529226779938,residential_clean,3.7,0.0,170.67446993490825,False
J_00389,I_00213,16.556724732788982,107.63767638806652,19563.117141246796,residential_clean,3.7,0.0,552.3219585906894,False
J_00390,I_00213,16.552986875609324,107.6359093725912,19558.02763414383,residential_clean,3.7,0.0,434.65827824503384,False
J_00391,I_00213,16.552109145287655,107.63621486685831,19515.82243204117,residential_clean,3.7,0.0,349.3174956371314,False
J_00392,I_00654,16.443573824593784,107.62122583487366,19462.707724571228,normal,1.0,0.0,24.05390330684794,False
J_00393,I_00213,16.556608376047688,107.63802957054168,19443.585525035858,residential_clean,3.7,0.0,544.3859042148049,False
J_00394,I_00213,16.55311622088675,107.6370167617662,19433.255900859833,residential_clean,3.7,0.0,358.94805777879066,False
J_00395,I_00213,16.55461341121965,107.63705851616432,19400.98538827896,residential_clean,3.7,0.0,506.7168946351658,False
J_00396,I_00213,16.55229137331719,107.63804885785856,19390.415897846222,residential_clean,3.7,0.0,216.00067021669423,False
J_00397,I_00213,16.554073833594654,107.63791813148474,19359.469496250153,residential_clean,3.7,0.0,408.85409590723714,False
J_00398,I_00213,16.560381273112895,107.63924173669865,19329.1697640419,residential_clean,3.7,0.0,117.0624202972438,False
J_00399,I_00213,16.55847052381686,107.63963156218635,19299.889399528503,residential_clean,3.7,0.0,275.77988338780875,False
J_00400,I_00213,16.554606360619136,107.64017263573169,19257.36910009384,residential_clean,3.7,0.0,367.23842434333284,False
J_00401,I_00884,16.547101611721942,107.62799223832516,19210.3110871315,residential_clean,3.7,0.0,287.9328118899004,False
J_00402,I_00213,16.556142558954033,107.64248070636742,19159.371335029602,residential_clean,3.7,0.0,319.02471124347187,False
J_00403,I_00087,16.44244929503559,107.58287023560592,19085.272439479828,residential_clean,8.7,0.0,5.298684409706599,False
J_00404,I_00087,16.4424478900341,107.58285636571983,19085.272439479828,residential_clean,8.7,0.0,3.746107914678657,False
J_00405,I_00087,16.442438338591217,107.58272088850013,19031.032487392426,residential_clean,8.7,0.0,9.858853950853478,False
J_00406,I_00087,16.442444036926982,107.58281523312131,19031.032487392426,residential_clean,8.7,0.0,0.8551637034801624,False
J_00407,I_00087,16.442441645612607,107.58277564127206,19031.032487392426,residential_clean,8.7,0.0,5.271238858158105,False
J_00408,I_00087,16.442436332249436,107.58268767045905,19031.032487392426,residential_clean,8.7,0.0,6.153713407604913,False
J_00409,I_00087,16.44244243723908,107.58278874785314,19031.032487392426,residential_clean,8.7,0.0,3.809330709862538,False
J_00410,I_00087,16.442446493579375,107.58284258020576,19031.032487392426,residential_clean,8.7,0.0,2.202975908938623,False
J_00411,I_00087,16.442433440789834,107.58263979794629,19001.566289424896,residential_clean,8.7,0.0,0.8140129835982898,False
J_00412,I_00630,16.53699120443701,107.64339002900685,17894.72915315628,residential_clean,3.7,0.0,235.41942565533296,False
J_00413,I_00087,16.446799060370612,107.57852303800512,17720.860305309296,residential_clean,8.7,0.0,21.27763526544431,False
J_00414,I_00087,16.446802199264624,107.57853246215498,17720.860305309296,residential_clean,8.7,0.0,20.167082495209772,False
J_00415,I_00630,16.539890469802053,107.65102059357552,17530.442833423615,residential_clean,3.7,0.0,923.5661312673828,False
J_00416,I_00087,16.446793215382367,107.57850548913477,17528.29905653,residential_clean,8.7,0.0,20.35514799211527,False
J_00417,I_00087,16.446786575921063,107.5784855549558,17528.29905653,residential_clean,8.7,0.0,18.67184573014956,False
J_00418,I_00087,16.44679506178982,107.5785110327498,17528.29905653,residential_clean,8.7,0.0,20.84616684764634,False
J_00419,I_00087,16.446562917150153,107.57847255668767,17402.1849360466,residential_clean,8.7,0.0,10.863630076929223,False
J_00420,I_00087,16.446531577024427,107.57849524428455,17402.1849360466,residential_clean,8.7,0.0,15.292022602816244,False
J_00421,I_00087,16.446554835895363,107.57847840683212,17402.1849360466,residential_clean,8.7,0.0,12.005519895416787,False
J_00422,I_01149,16.565136857997572,107.62611841955813,16981.71135520935,residential_clean,3.7,0.0,849.0671588615971,False
J_00423,I_00213,16.554237107758418,107.65797642764029,16828.696257591248,residential_clean,3.7,0.0,0.6712116970976119,False
J_00424,I_00213,16.554472319254643,107.65810141166025,16810.675401687622,residential_clean,3.7,0.0,30.6093041148899,False
J_00425,I_00213,16.554198111071088,107.65807145285757,16803.93166255951,residential_clean,3.7,0.0,10.835692391683489,False
J_00426,I_00213,16.554196249358085,107.65807597964148,16803.93166255951,residential_clean,3.7,0.0,11.384035277836434,False
J_00427,I_00213,16.554155547452087,107.65817494694335,16803.93166255951,residential_clean,3.7,0.0,23.37224078632419,False
J_00428,I_00213,16.55423347060282,107.65798547560198,16803.93166255951,residential_clean,3.7,0.0,0.42101006976326044,False
J_00429,I_00213,16.554189901641998,107.65809141421083,16803.93166255951,residential_clean,3.7,0.0,13.253670861762435,False
J_00430,I_00213,16.55410706365481,107.65829283600468,16789.618374347687,residential_clean,3.7,0.0,37.6524956561626,False
J_00431,I_00213,16.554594510833383,107.65816286881932,16788.891332626343,residential_clean,3.7,0.0,46.362881847115744,False
J_00432,I_00213,16.554807954130556,107.65827022179913,16788.891332626343,residential_clean,3.7,0.0,73.88113257607247,False
J_00433,I_00213,16.55486271480647,107.6582977641296,16747.58580970764,residential_clean,3.7,0.0,80.94117652418437,False
J_00434,I_00213,16.555201223126566,107.65846801983541,16656.857583999634,residential_clean,3.7,0.0,101.99033270724499,False
J_00435,I_00213,16.555220261584967,107.65847759540266,16656.857583999634,residential_clean,3.7,0.0,99.53578639973078,False
J_00436,I_00213,16.55503750932465,107.65838567851652,16656.857583999634,residential_clean,3.7,0.0,103.47664918581611,False
J_00437,I_00213,16.553893811769083,107.65881136072785,16638.435162067413,residential_clean,3.7,0.0,26.835715156840195,False
J_00438,I_00213,16.553880428609506,107.65884390203465,16638.435162067413,residential_clean,3.7,0.0,22.893889261010134,False
J_00439,I_00213,16.553914191388287,107.65876180744449,16638.435162067413,residential_clean,3.7,0.0,32.838252695266306,False
J_00440,I_00213,16.55389607442526,107.65880585905305,16638.435162067413,residential_clean,3.7,0.0,27.502149494955273,False
J_00441,I_00213,16.555270787326695,107.65850300779236,16599.662183761597,residential_clean,3.7,0.0,93.0217193210634,False
J_00442,I_00213,16.555349664281266,107.65854267970045,16591.941160678864,residential_clean,3.7,0.0,82.85244860846917,False
J_00443,I_00213,16.55541285865116,107.6585744639164,16585.605850696564,residential_clean,3.7,0.0,74.70506392244273,False
J_00444,I_00213,16.553831815399274,107.65896210559669,16581.239761829376,residential_clean,3.7,0.0,8.575537978628375,False
J_00445,I_00213,16.553841561840674,107.65893840701827,16581.239761829376,residential_clean,3.7,0.0,11.446217717267446,False
J_00446,I_00213,16.55382540820647,107.65897768475513,16581.239761829376,residential_clean,3.7,0.0,6.688387884714191,False
J_00447,I_00213,16.553771306646084,107.6591166611358,16553.78006219864,residential_clean,3.7,0.0,10.011665463414557,False
J_00448,I_00213,16.553761388884748,107.65914312287889,16553.78006219864,residential_clean,3.7,0.0,13.174541860115164,False
J_00449,I_00213,16.553753239472744,107.65916486645882,16553.78006219864,residential_clean,3.7,0.0,15.773473290874232,False
J_00450,I_00213,16.553755718358143,107.65915825250408,16553.78006219864,residential_clean,3.7,0.0,14.982931212279876,False
J_00451,I_00213,16.55663987936068,107.65807100156323,16519.002321720123,residential_clean,3.7,0.0,5.446125524094652,False
J_00452,I_00213,16.55572325247073,107.6587305796237,16519.002321720123,residential_clean,3.7,0.0,34.687253673302166,False
J_00453,I_00213,16.55550739505756,107.65862201193043,16519.002321720123,residential_clean,3.7,0.0,62.51687712164198,False
J_00454,I_00213,16.555667387501273,107.65870248175437,16519.002321720123,residential_clean,3.7,0.0,41.889701282504646,False
J_00455,I_00213,16.55546289800835,107.65859963169962,16519.002321720123,residential_clean,3.7,0.0,68.25369787636264,False
J_00456,I_00213,16.553638157602386,107.65947191818813,16461.974534511566,residential_clean,3.7,0.0,42.943654874797915,False
J_00457,I_00213,16.553619149646394,107.6595226335937,16461.974534511566,residential_clean,3.7,0.0,36.88182596821988,False
J_00458,I_00213,16.553598551425225,107.65957759200342,16454.253511428833,residential_clean,3.7,0.0,30.31284612581749,False
J_00459,I_00213,16.55590914635592,107.65882407695159,16418.760757923126,residential_clean,3.7,0.0,10.720681752137335,False
J_00460,I_00213,16.55619226211013,107.65896655014193,16375.038414478302,residential_clean,3.7,0.0,1.191179190527127,False
J_00461,I_00213,16.556133871602622,107.65893715949875,16375.038414478302,residential_clean,3.7,0.0,8.720338587494313,False
J_00462,I_00213,16.556147975223922,107.65894425850288,16375.038414478302,residential_clean,3.7,0.0,6.901748457783643,False
J_00463,I_00213,16.556186131380176,107.65896346426156,16375.038414478302,residential_clean,3.7,0.0,1.981705789991701,False
J_00464,I_00213,16.556070757312252,107.65890539116718,16375.038414478302,residential_clean,3.7,0.0,10.116665050608054,False
J_00465,I_00213,16.556137140545026,107.65893880490844,16375.038414478302,residential_clean,3.7,0.0,8.298825126703255,False
J_00466,I_00213,16.55611016011158,107.65892522441112,16375.038414478302,residential_clean,3.7,0.0,11.777814283700353,False
J_00467,I_00213,16.556021223015062,107.65888045827944,16375.038414478302,residential_clean,3.7,0.0,3.7294728764327116,False
J_00468,I_00213,16.55599554130759,107.65886753149859,16375.038414478302,residential_clean,3.7,0.0,0.4179497852620649,False
J_00469,I_00213,16.55600875678925,107.6588741834562,16375.038414478302,residential_clean,3.7,0.0,2.1220176058657567,False
J_00470,I_00213,16.556064461031408,107.6589022219594,16375.038414478302,residential_clean,3.7,0.0,9.30479201526452,False
J_00471,I_00213,16.556087304364592,107.65891372006035,16375.038414478302,residential_clean,3.7,0.0,12.250322481611077,False
J_00472,I_00213,16.556164540688236,107.65895259666696,16375.038414478302,residential_clean,3.7,0.0,4.765716041634264,False
J_00473,I_00213,16.556115169728535,107.65892774598238,16375.038414478302,residential_clean,3.7,0.0,11.131849788695922,False
J_00474,I_00523,16.554192057430644,107.62004802474617,16310.37371969223,residential_clean,3.7,0.0,479.36569704455604,False
J_00475,I_00213,16.556198965287983,107.6589760807473,16307.038879871368,residential_clean,3.7,0.0,0.6179410318546091,False
J_00476,I_00213,16.55619765362111,107.65896926393924,16307.038879871368,residential_clean,3.7,0.0,0.4959711160913489,False
J_00477,I_00213,16.55610875766216,107.65914978115876,16281.58315038681,residential_clean,3.7,0.0,22.60978063433881,False
J_00478,I_00213,16.556095276008833,107.65917574091637,16281.58315038681,residential_clean,3.7,0.0,25.896490325295762,False
J_00479,I_00213,16.555875324367555,107.6595673968048,16274.171973228455,residential_clean,3.7,0.0,24.38381578531602,False
J_00480,I_00213,16.55595853899272,107.65943072320326,16274.171973228455,residential_clean,3.7,0.0,6.359578283992152,False
J_00481,I_00884,16.545316036974516,107.62484483098267,16258.789603233337,residential_clean,3.7,0.0,359.68167994697757,False
J_00482,I_00213,16.553446128948092,107.6599983199596,16238.74905204773,residential_clean,3.7,0.0,19.760793350591864,False
J_00483,I_00213,16.553420955686985,107.66007164881344,16230.001163482666,residential_clean,3.7,0.0,28.431429287870447,False
J_00484,I_00213,16.555678360133196,107.65989823557791,16160.624369621277,residential_clean,3.7,0.0,3.734900991017133,False
J_00485,I_00213,16.55567170557131,107.65991266932511,16160.624369621277,residential_clean,3.7,0.0,5.517854070564498,False
J_00486,I_00213,16.555813533423034,107.65966888362564,16160.624369621277,residential_clean,3.7,0.0,26.259063793408295,False
J_00487,I_00213,16.553378006466154,107.66019675841152,16160.204267501831,residential_clean,3.7,0.0,43.22478443019488,False
J_00488,I_00213,16.55338040202135,107.66018978024263,16160.204267501831,residential_clean,3.7,0.0,42.3996636387485,False
J_00489,I_00213,16.55336578352622,107.66023236340864,16148.394388198853,residential_clean,3.7,0.0,47.434832063354804,False
J_00490,I_00213,16.55336251911139,107.66024187253463,16148.394388198853,residential_clean,3.7,0.0,46.815717548249914,False
J_00491,I_00213,16.553285745366196,107.66046551171748,16046.125062942505,residential_clean,3.7,0.0,20.371912224505305,False
J_00492,I_00213,16.553286574949492,107.66046309517138,16046.125062942505,residential_clean,3.7,0.0,20.6576522873609,False
J_00493,I_00213,16.5556102112484,107.66004605051083,16041.384806632996,residential_clean,3.7,0.0,21.993991028973287,False
J_00494,I_00213,16.555566030545343,107.66014187842902,16041.384806632996,residential_clean,3.7,0.0,17.852271925831033,False
J_00495,I_00213,16.555431622693558,107.66048156374579,15934.935001373291,residential_clean,3.7,0.0,13.951860936075896,False
J_00496,I_00213,16.555454899061164,107.6604145397992,15934.935001373291,residential_clean,3.7,0.0,15.171804897232683,False
J_00497,I_00087,16.477445974989877,107.55631632644614,15926.448597431183,residential_clean,8.7,0.0,17.854005227349393,False
J_00498,I_01167,16.479242004926164,107.55396057787016,15907.332874774933,residential_clean,8.7,0.0,23.963251822028102,False
J_00499,I_00904,16.47933278867914,107.55490974452191,15907.332874774933,residential_clean,8.7,0.0,16.64680894629708,False
J_00500,I_00156,16.11348819636816,107.63162433445572,0.0,residential_clean,5.2,0.0,3.503214454328268,False
J_00501,I_00469,16.376282564009912,107.8812877007649,0.0,normal,1.0,0.0,15.35995427215871,False
J_00502,I_00188,16.257776731004732,107.98012795382871,0.0,normal,1.0,0.0,5.805212309877015,False
J_00503,I_00197,16.41605743071055,107.77652728018514,0.0,residential_clean,2.2,0.0,37.22664745684745,False
J_00504,I_00283,16.380962398322993,107.48407338281669,0.0,normal,1.0,0.0,5.031036804860399,False
J_00505,I_00894,16.4235118227898,107.07556736176701,15.332436561584473,residential_clean,2.2,0.0,3027.1665774490443,False
J_00506,I_00522,16.337862817657815,107.84926386673752,67.31759881973267,normal,1.0,0.0,2202.044286640817,False
J_00507,I_00402,16.498443334547225,107.497769571549,0.0,residential_clean,2.2,0.0,27.41720926054924,False
J_00508,I_00871,16.30133359239974,107.96855691945157,0.0,normal,1.0,0.0,89.28742016058413,False
J_00509,I_00827,16.4235118227898,107.13508247753398,0.0,residential_clean,2.2,0.0,4790.920685311403,False
J_00510,I_01126,16.509123105283944,107.70047607732012,822.7303051948547,residential_clean,2.2,0.0,1386.1469166246925,False
J_00511,I_00430,16.309304796681772,107.87902142462099,0.0,schools_clean,3.0,0.0,2394.0266645897686,False
J_00512,I_00622,16.436175608991647,107.6831712703561,0.0,normal,1.0,0.0,1.7704839279404345,False
J_00513,I_00529,16.409830513793175,107.8314258387111,0.0,normal,1.0,0.0,0.2980237288895167,False
J_00514,I_00156,16.132698235151484,107.67321659484031,400.0513586997986,residential_clean,5.2,0.0,0.0542360432918819,False
J_00515,I_00756,16.32949782043984,107.78992777757482,0.0,normal,1.0,0.0,14.902795438413039,False
J_00516,I_00284,16.27047911724087,108.05698515530935,19.13001251220703,normal,1.0,0.0,82.23202069943883,False
J_00517,I_00150,16.44013265980663,107.54003538875848,1963.1718578338623,residential_clean,8.7,0.0,4.093849253338445,False
J_00518,I_00408,16.307015322547265,107.76571565036615,26.233588218688965,residential_clean,3.7,0.0,1.325015642808611,False
J_00519,I_00984,16.406292848461128,107.67039951529897,0.0,normal,1.0,0.0,1.2083553530513171,False
J_00520,I_00799,16.293556445597098,107.9166090061213,246.23374462127686,normal,1.0,0.0,1.5881536398057021,False
J_00521,I_00374,16.473106982379292,107.67562363984213,230.59223079681396,normal,1.0,0.0,42.7924666633993,False
J_00522,I_00165,16.222662867418236,108.0897340019347,163.14999389648438,normal,1.0,0.0,47.068087463166485,False
J_00523,I_00464,16.350976406435286,107.49339768321164,0.0,normal,1.0,0.0,6.609257040880263,False
J_00524,I_00441,16.613729555104683,107.54263248929651,2178.1258244514465,residential_clean,2.2,0.0,66.74780127651805,False
J_00525,I_00197,16.42089358481868,107.74518595549657,100.86004686355591,residential_clean,2.2,0.0,45.89549929058324,False
J_00526,I_00406,16.35657087354465,107.90569569854175,168.9653205871582,normal,1.0,0.0,8.376688726675242,False
J_00527,I_00077,16.309304796681772,107.04580980388354,0.0,residential_clean,2.2,0.0,5344.91758752695,False
J_00528,I_00827,16.4235118227898,107.1053249196505,0.0,residential_clean,2.2,0.0,4528.29378313717,False
J_00529,I_00718,16.337862817657815,107.81950630885405,98.80155229568481,normal,1.0,0.0,2374.6978952305435,False
J_00530,I_00718,16.309304796681772,107.84926386673752,0.0,normal,1.0,0.0,1760.6887465135337,False
J_00531,I_00469,16.337862817657815,107.87902142462099,0.0,normal,1.0,0.0,1104.788007397238,False
J_00532,I_00507,16.53550206797448,107.31505005160138,331.550235748291,residential_clean,2.2,0.0,3.362653228893191,False
J_00533,I_00086,16.63844920185485,107.37445062441031,1291.2222814559937,residential_clean,2.2,0.0,13.131310270830426,False
J_00534,I_00188,16.2817488386513,107.99552475595598,0.0,normal,1.0,0.0,105.14991269110924,False
J_00535,I_00114,16.37418273346572,107.55978663422663,160.1341004371643,normal,1.0,0.0,47.65594284572956,False
J_00536,I_00719,16.371752335344095,107.84596886371314,98.80155229568481,normal,1.0,0.0,1.8924969583545654,False
J_00537,I_00100,16.55717375547013,107.58482288850863,2341.903471469879,normal,1.0,0.0,37.261162115179005,False
J_00538,I_01028,16.48059775215396,107.4769732138145,418.78695821762085,normal,1.0,0.0,55.67036074974683,False
J_00539,I_00073,16.34291676672414,107.7191666261102,301.90799713134766,residential_clean,3.7,0.0,9.014300141821074,False
J_00540,I_00430,16.280742610212556,107.87902142462099,1199.3409595489502,schools_clean,3.0,0.0,340.27056139330705,False
J_00541,I_00672,16.434184607584843,107.7104594377619,541.9509553909302,residential_clean,2.2,0.0,2.7654811651634743,False
J_00542,I_00247,16.550895583489517,107.52101688594371,788.2336664199829,residential_clean,2.2,0.0,84.47302294315496,False
J_00543,I_00157,16.247255771518713,107.94465955464337,8.975886344909668,schools_clean,3.0,0.0,2.982592668981281,False
J_00544,I_00402,16.51645138648048,107.52321438218812,1029.785300731659,residential_clean,2.2,0.0,83.84041937526632,False
J_00545,I_00149,16.192579254300586,107.72421765908143,473.899076461792,residential_clean,5.2,0.0,2.768282752493019,False
J_00546,I_00154,16.523700668279282,107.67351034490582,235.24756479263306,residential_clean,2.2,0.0,1696.6122066366981,False
J_00547,I_00190,16.394626365456393,107.76480162479552,120.12074089050293,normal,1.0,0.0,22.091468138705395,False
J_00548,I_00745,16.336261548070073,108.01672128106627,87.82692813873291,industrial_clean,2.5,0.0,439.94095657406746,False
J_00549,I_00799,16.284815959224723,107.93996630381444,0.0,normal,1.0,0.0,48.197073696930325,False
J_00550,I_01155,16.521510606324,107.4042965219093,1187.6577324867249,residential_clean,3.7,0.0,1.3841748667056348,False
J_00551,I_00381,16.37018291928755,107.7168091201112,77.89686441421509,residential_clean,2.2,0.0,5.512584250150348,False
J_00552,I_00306,16.483010873981403,107.51651898103263,0.0,residential_clean,8.7,0.0,5.423124462902862,False
J_00553,I_00325,16.505101400212027,107.47410648986796,4016.0322403907776,residential_clean,2.2,0.0,10.955221583603688,False
J_00554,I_00298,16.382967548058804,107.79581101137937,0.0,normal,1.0,0.0,2.718032349449386,False
J_00555,I_00704,16.402192676617943,107.47514453709283,0.0,normal,1.0,0.0,11.2206851376314,False
J_00556,I_00481,16.58074905973143,107.59224486210051,2266.7683391571045,normal,1.0,0.0,406.4146494336644,False
J_00557,I_00451,16.652170964208867,107.50131645459645,2318.8888549804688,residential_clean,2.2,0.0,0.47862699036011236,False
J_00558,I_01118,16.28200401607657,107.19386311237679,725.2012495994568,residential_clean,2.2,0.0,0.7970682251946837,False
J_00559,I_00469,16.355581735077102,107.86320301780434,0.0,normal,1.0,0.0,4.997195106211683,False
J_00560,I_01029,16.480590213299838,107.7302336352036,1233.0117201805115,normal,1.0,0.0,1620.544590382565,False
J_00561,I_00325,16.47800088416565,107.44578206372493,2540.4691700935364,residential_clean,2.2,0.0,24.820620956881417,False
J_00562,I_00159,16.236147030387706,107.2238197978403,2156.8366713523865,residential_clean,2.2,0.0,7.8359536815227475,False
J_00563,I_00418,16.487410158143664,107.39327838611912,1087.92178440094,normal,1.0,0.0,36.1912388978315,False
J_00564,I_01000,16.452053116981546,107.75999119308706,752.6544961929321,normal,1.0,0.0,976.3773718862171,False
J_00565,I_00529,16.409457694847507,107.80892608913477,0.0,normal,1.0,0.0,12.769786505593915,False
J_00566,I_00464,16.34598991949913,107.51522232797393,999.2979860305786,normal,1.0,0.0,3.682545785678158,False
J_00567,I_00411,16.325931864702586,107.69774834166593,44.75281238555908,normal,1.0,0.0,114.42127966582348,False
J_00568,I_00177,16.30575616790906,108.03969500521237,162.97267246246338,normal,1.0,0.0,411.1262674120342,False
J_00569,I_00512,16.594696490700724,107.5516882879027,1156.2631430625916,residential_clean,2.2,0.0,1286.7843705520256,False
J_00570,I_00188,16.271042976521787,108.01412997023043,0.0,normal,1.0,0.0,61.52253714142041,False
J_00571,I_00522,16.353217035838092,107.8347394617598,98.80155229568481,normal,1.0,0.0,148.02791303968192,False
J_00572,I_00255,16.23977699747567,108.07759622446387,141.720356464386,normal,1.0,0.0,5.236343428033664,False
J_00573,I_00536,16.399914978517344,107.626740072726,267.9871926307678,normal,1.0,0.0,1.2357066816892266,False
J_00574,I_00158,16.27907936629229,107.97445972760086,0.0,residential_clean,3.7,0.0,29.54050145321056,False
J_00575,I_00106,16.33641098053539,107.9537460454734,432.05554151535034,normal,1.0,0.0,4.596264411252897,False
J_00576,I_00476,16.50632025626411,107.31014732870507,419.9450101852417,residential_clean,2.2,0.0,41.04976018392277,False
J_00577,I_00702,16.309304796681772,107.78974875097055,21.79790687561035,normal,1.0,0.0,34.32891684050019,False
J_00578,I_00158,16.306447636181797,107.9888042833901,0.0,residential_clean,3.7,0.0,9.94771321853851,False
J_00579,I_00254,16.1682008040107,107.68413228875255,2680.994985103607,residential_clean,5.2,0.0,4.772616734237402,False
J_00580,I_00794,16.218444412768818,107.25339771247106,772.0683236122131,residential_clean,2.2,0.0,25.31262329137983,False
J_00581,I_00661,16.394966337190432,107.13508247753398,0.0,residential_clean,2.2,0.0,2310.228441572407,False
J_00582,I_00369,16.62655849069747,107.31137947664926,291.3970956802368,residential_clean,2.2,0.0,8.756901910711706,False
J_00583,I_00450,16.661575530269747,107.45389942223586,3634.750912666321,residential_clean,4.2,0.0,69.10483213140343,False
J_00584,I_00672,16.41517479454276,107.71459521245707,1240.6812028884888,residential_clean,2.2,0.0,300.43887466365663,False
J_00585,I_00996,16.11347601539823,107.32585544962816,876.3254284858704,residential_clean,4.2,0.0,24.278735892908326,False
J_00586,I_00719,16.386756827320262,107.85872563258866,0.0,normal,1.0,0.0,5.29939705675621,False
J_00587,I_00993,16.56458357721949,107.55794835210423,2928.11421251297,residential_clean,2.2,0.0,1.7219660097983267,False
J_00588,I_00756,16.33189768822437,107.77016459519595,103.84472322463989,normal,1.0,0.0,31.311298118077254,False
J_00589,I_00255,16.251762511248298,108.05943541939007,0.0,normal,1.0,0.0,19.611586764419194,False
J_00590,I_00408,16.32077717441386,107.73980811019378,351.6137595176697,residential_clean,3.7,0.0,19.412432613992326,False
J_00591,I_00150,16.44172576631998,107.55958398751962,3467.445508956909,residential_clean,8.7,0.0,6.503597885794713,False
J_00592,I_00833,16.623212500843334,107.49217317213574,814.1012287139893,residential_clean,2.2,0.0,1531.1432090217531,False
J_00593,I_00641,16.16287031331001,107.72575272773103,2542.252450942993,residential_clean,5.2,0.0,6.399806684975499,False
J_00594,I_00147,16.267672148074748,107.89236250318274,1385.7742595672607,schools_clean,3.0,0.0,29.817974775045123,False
J_00595,I_00190,16.40419682676286,107.79086913645027,0.0,normal,1.0,0.0,12.761967925532666,False
J_00596,I_00529,16.394379954931303,107.81932960871039,0.0,normal,1.0,0.0,35.40363561549712,False
J_00597,I_00834,16.519008001746887,107.26517790358328,449.7503910064697,residential_clean,2.2,0.0,4.122618176444382,False
J_00598,I_00441,16.629028077354413,107.53291328054706,2959.8597650527954,residential_clean,2.2,0.0,6.876343808680594,False
J_00599,I_00610,16.43707199407355,107.73125286342449,903.3960328102112,normal,1.0,0.0,9.568238150292196,False
J_00600,I_00978,16.45354441216416,107.69964847197924,1791.8358979225159,normal,1.0,0.0,7.538096377788719,False
J_00601,I_00298,16.366416666654416,107.78974875097055,30.534822463989258,normal,1.0,0.0,1675.8049548822908,False
J_00602,I_00799,16.309304796681772,107.90877898250447,554.16912317276,normal,1.0,0.0,1214.2019730340423,False
J_00603,I_00601,16.235290245175232,108.04616120100654,222.48326015472412,normal,1.0,0.0,767.464941901319,False
J_00604,I_00374,16.45631694329705,107.67999576571324,775.3313450813293,normal,1.0,0.0,7.9855753885205125,False
J_00605,I_00718,16.309304796681772,107.81950630885405,21.79790687561035,normal,1.0,0.0,1738.9769834949689,False
J_00606,I_01019,16.42751140151838,107.76177224531047,5.935908794403076,normal,1.0,0.0,125.31163299434898,False
J_00607,I_00781,16.394938121048355,107.74305819431213,442.52899837493896,residential_clean,2.2,0.0,66.77061238024673,False
J_00608,I_00469,16.355491269632036,107.88113807953225,0.0,normal,1.0,0.0,2.3686448764846597,False
J_00609,I_01144,16.41705417856973,107.65657064991625,0.0,normal,1.0,0.0,16.374221515066427,False
J_00610,I_00827,16.395871748793233,107.10271273384869,251.30631589889526,residential_clean,2.2,0.0,1778.3887376949683,False
J_00611,I_00332,16.624597935297547,107.4589619510394,948.3686380386353,residential_clean,4.2,0.0,172.39965875819377,False
J_00612,I_00374,16.474567617994776,107.69319792219508,2817.205303668976,normal,1.0,0.0,17.158261074991305,False
J_00613,I_00232,16.291028686233958,107.21599442294706,1789.0453596115112,residential_clean,2.2,0.0,6.01081834104883,False
J_00614,I_00402,16.501256969660027,107.51735452550639,0.0,residential_clean,2.2,0.0,5.375526296900977,False
J_00615,I_00702,16.29141777796916,107.78283373180291,177.92379140853882,normal,1.0,0.0,1.324143957707221,False
J_00616,I_00325,16.48848213270698,107.43115407199936,3739.664813518524,residential_clean,2.2,0.0,6.093158540760891,False
J_00617,I_00518,16.43908552117344,107.51791803673186,0.0,normal,1.0,0.0,17.88532287051905,False
J_00618,I_00201,16.345266182321776,107.89390812273535,125.38098859786987,normal,1.0,0.0,1.2739249641087136,False
J_00619,I_00332,16.65172427442507,107.4326580563688,2154.4853506088257,residential_clean,4.2,0.0,578.7201716338369,False
J_00620,I_00334,16.220714278635107,108.03976207799907,199.72286415100098,normal,1.0,0.0,8.93017005661156,False
J_00621,I_01132,16.51907884415065,107.53941016677084,1029.785300731659,residential_clean,2.2,0.0,33.694364130708415,False
J_00622,I_00735,16.23869016326417,107.87929996301928,766.3173127174377,schools_clean,3.0,0.0,3.936638814401399,False
J_00623,I_00469,16.371809539563593,107.8634264187775,0.0,normal,1.0,0.0,10.959404364820433,False
J_00624,I_00073,16.349772851221708,107.7337416710201,146.3372187614441,residential_clean,3.7,0.0,2.389915467714006,False
J_00625,I_00444,16.125696940054112,107.33687364835514,890.8011546134949,residential_clean,4.2,0.0,2.627812870130914,False
J_00626,I_00406,16.34477849316637,107.91602700033533,441.14644145965576,normal,1.0,0.0,454.0859063130071,False
J_00627,I_01037,16.3991021100887,107.68974973072639,795.1727209091187,residential_clean,2.2,0.0,39.840426151160344,False
J_00628,I_01140,16.42856886885367,107.52952112286371,0.0,normal,1.0,0.0,30.18142660441536,False
J_00629,I_00157,16.262539108202496,107.94526320665122,0.0,schools_clean,3.0,0.0,6.354572301910536,False
J_00630,I_00158,16.301250436653415,108.00361994192481,21.381165504455566,residential_clean,3.7,0.0,32.20289245740421,False
J_00631,I_00157,16.27674340420668,107.92618453628289,0.0,schools_clean,3.0,0.0,63.399750858829414,False
J_00632,I_00783,16.710119783918305,107.37918566453824,2077.1972250938416,residential_clean,2.2,0.0,13.11177816537395,False
J_00633,I_00883,16.591453501209806,107.58139959984837,944.6021313667297,normal,1.0,0.0,22.400379203689038,False
J_00634,I_00381,16.38761567601604,107.71268500154463,1240.6812028884888,residential_clean,2.2,0.0,8.946054301837554,False
J_00635,I_00430,16.273687947264246,107.8654244300688,834.1820068359375,schools_clean,3.0,0.0,9.442604622291444,False
J_00636,I_00158,16.291210945437378,107.98373416967019,0.0,residential_clean,3.7,0.0,186.84734619587593,False
J_00637,I_00176,16.69737876626883,107.37156563704345,2899.218104839325,residential_clean,2.2,0.0,11.966864139254616,False
J_00638,I_00756,16.348644194492145,107.77389250473453,156.5417037010193,normal,1.0,0.0,803.4990764450441,False
J_00639,I_00154,16.50933873324943,107.67099063711042,280.086058139801,residential_clean,2.2,0.0,128.56066539325033,False
J_00640,I_00507,16.535115456308798,107.32994990618157,511.9038701057434,residential_clean,2.2,0.0,6.158281367381969,False
J_00641,I_00529,16.400502044100104,107.84262990727903,0.0,normal,1.0,0.0,1.7672562221352797,False
J_00642,I_00154,16.53765178647826,107.67071851943662,2133.9513359069824,residential_clean,2.2,0.0,708.3655119850933,False
J_00643,I_00165,16.21642011348732,108.0707965767263,197.7155442237854,normal,1.0,0.0,0.26754753090633127,False
J_00644,I_00718,16.352265531701345,107.82006304092711,98.80155229568481,normal,1.0,0.0,1372.5923471382002,False
J_00645,I_00537,16.59446648397245,107.53279782493628,2362.32226228714,residential_clean,2.2,0.0,420.63212144971686,False
J_00646,I_00156,16.14793617724659,107.69492344221993,1316.6901903152466,residential_clean,5.2,0.0,53.80625597427524,False
J_00647,I_00325,16.486724490616993,107.45711653763887,3900.4472818374634,residential_clean,2.2,0.0,70.76085120579029,False
J_00648,I_00753,16.495984387943235,107.55874761096749,12290.31133890152,residential_clean,8.7,0.0,8.687085107488585,False
J_00649,I_00064,16.380278096475834,107.10349275263346,251.30631589889526,residential_clean,2.2,0.0,2.5467158780199735,False
J_00650,I_00154,16.515282821030823,107.68499037278767,235.24756479263306,residential_clean,2.2,0.0,1420.328479858783,False
J_00651,I_00402,16.505106937393833,107.53133429072615,1627.769778251648,residential_clean,2.2,0.0,13.51909019650293,False
J_00652,I_00255,16.23485206049158,108.0603556651297,331.36025857925415,normal,1.0,0.0,1414.038210802225,False
J_00653,I_00469,16.351474495515983,107.84883642546504,98.80155229568481,normal,1.0,0.0,622.328803098957,False
J_00654,I_00086,16.649302232098567,107.41142303748816,3263.1114406585693,residential_clean,2.2,0.0,0.39536360550497585,False
J_00655,I_01142,16.554100554153145,107.50673080128776,302.2979779243469,residential_clean,2.2,0.0,8.32967623550678,False
J_00656,I_00451,16.638964230381266,107.4994742595124,3039.029761314392,residential_clean,2.2,0.0,0.7865327490716367,False
J_00657,I_00147,16.281606748123686,107.91048285903628,286.62227725982666,schools_clean,3.0,0.0,20.355738622259434,False
J_00658,I_00756,16.32126590831693,107.7785144475906,0.0,normal,1.0,0.0,6.468500016119692,False
J_00659,I_00529,16.36636581284174,107.8326312642257,98.80155229568481,normal,1.0,0.0,434.2091482837497,False
J_00660,I_00754,16.273750160749326,107.20547530018241,1717.756872177124,residential_clean,2.2,0.0,1.1251281288533663,False
J_00661,I_01155,16.51366208832754,107.3915051097195,1994.7369136810303,residential_clean,3.7,0.0,49.5164661962842,False
J_00662,I_00622,16.419455455236637,107.67108741153584,0.0,normal,1.0,0.0,5.046929531252873,False
J_00663,I_00658,16.639576320811788,107.30958058436352,1189.5579948425293,residential_clean,2.2,0.0,20.753251740877566,False
J_00664,I_00248,16.326640797773347,108.02593654156068,183.4302201271057,industrial_clean,2.5,0.0,170.5565490172448,False
J_00665,I_00325,16.506209306235963,107.46024282176575,7227.273416042328,residential_clean,2.2,0.0,4.93022830197533,False
J_00666,I_00487,16.47308451473721,107.66208929955366,1748.5221347808838,normal,1.0,0.0,3.5429139016254574,False
J_00667,I_00813,16.362132367230547,107.7273411933343,0.0,normal,1.0,0.0,2.1938055313488074,False
J_00668,I_00188,16.278797334611856,108.02913614417822,75.79028463363647,normal,1.0,0.0,122.18328386810808,False
J_00669,I_00150,16.452053116981546,107.5516882879027,4411.014943599701,residential_clean,8.7,0.0,169.0490597805466,False
J_00670,I_01155,16.508842584371926,107.40510158037173,2344.7789816856384,residential_clean,3.7,0.0,95.89899173903,False
J_00671,I_00408,16.310449046490376,107.75300453502237,331.95105504989624,residential_clean,3.7,0.0,64.4915210407151,False
J_00672,I_00306,16.484773464328565,107.50347676273358,0.0,residential_clean,8.7,0.0,1.5690443754611216,False
J_00673,I_00257,16.541699632556714,107.5029959017035,412.3458218574524,residential_clean,2.2,0.0,27.18297110584881,False
J_00674,I_00188,16.286642544580104,108.00765692885935,0.0,normal,1.0,0.0,27.60820332249669,False
J_00675,I_00808,16.465952001813225,107.74080401799289,1323.7677421569824,normal,1.0,0.0,974.7882925001472,False
J_00676,I_00844,16.664272169794266,107.48235667524429,4233.150692939758,residential_clean,2.2,0.0,4.444418091879736,False
J_00677,I_00833,16.609244574449704,107.48110518762091,886.4928274154663,residential_clean,2.2,0.0,29.415515624223566,False
J_00678,I_00857,16.24820532011616,107.2324086801326,3672.1934690475464,residential_clean,2.2,0.0,4.760437242075643,False
J_00679,I_00247,16.546888374022018,107.5329683489148,2405.6109170913696,residential_clean,2.2,0.0,58.61223163553693,False
J_00680,I_00402,16.508532400500307,107.48624761565605,2812.886125564575,residential_clean,2.2,0.0,1.7282072884158337,False
J_00681,I_00529,16.38152777722858,107.8082943147525,0.0,normal,1.0,0.0,2.71975868452065,False
J_00682,I_00816,16.30559621161146,107.37991234900169,578.1364169120789,residential_clean,2.2,0.0,1.2186140988725178,False
J_00683,I_00507,16.51807507724923,107.31262395592627,641.7048435211182,residential_clean,2.2,0.0,1.2284757452933255,False
J_00684,I_01155,16.498298944018764,107.39928491455848,2314.56143951416,residential_clean,3.7,0.0,4.903990723481504,False
J_00685,I_00507,16.52288457534139,107.3277044143342,836.3839974403381,residential_clean,2.2,0.0,16.736990709479016,False
J_00686,I_00978,16.44596053091082,107.71135867735394,1757.9159183502197,normal,1.0,0.0,10.174823269167446,False
J_00687,I_00794,16.23649185704292,107.25647361377074,2425.652364730835,residential_clean,2.2,0.0,2.289764847422816,False
J_00688,I_00151,16.302740780184656,108.02176363540238,143.84265995025635,normal,1.0,0.0,117.16847424343041,False
J_00689,I_00215,16.320746592992233,107.76628894592746,9.382070541381836,residential_clean,3.7,0.0,1.3220433677114347,False
J_00690,I_01037,16.410721310470986,107.68169109387814,0.0,residential_clean,2.2,0.0,13.045549337015991,False
J_00691,I_00325,16.49555806132775,107.46514052314946,5056.122098445892,residential_clean,2.2,0.0,0.9992502290269767,False
J_00692,I_00978,16.447075461327117,107.68738512047514,1126.1044821739197,normal,1.0,0.0,1.4802565391518083,False
J_00693,I_00848,16.367729838979088,107.70496751005089,35.83232116699219,normal,1.0,0.0,9.9174051738689,False
J_00694,I_00100,16.577640097094985,107.58005203903411,1161.2413773536682,normal,1.0,0.0,63.450586750210036,False
J_00695,I_00188,16.270365527506804,107.98238207949291,0.0,normal,1.0,0.0,15.119965961714867,False
J_00696,I_00325,16.49407127631995,107.4776326371833,2162.9584760665894,residential_clean,2.2,0.0,13.462411733377605,False
J_00697,I_01106,16.375022353565093,107.69140677546208,132.7648377418518,normal,1.0,0.0,49.53783317357997,False
J_00698,I_00430,16.269344064567417,107.8779126680031,1392.4505777359009,schools_clean,3.0,0.0,13.998847662318244,False
J_00699,I_00799,16.323254364857814,107.9287426124724,745.213098526001,normal,1.0,0.0,8.733101770205524,False
J_00700,I_00875,16.51677284495075,107.66196410623924,1874.4578104019165,residential_clean,2.2,0.0,1425.320598574546,False
J_00701,I_00690,16.63162034279954,107.32692764058758,1587.6480135917664,residential_clean,2.2,0.0,435.7692213020783,False
J_00702,I_00537,16.60604390878325,107.55131120961344,881.7525272369385,residential_clean,2.2,0.0,1.5751828204458156,False
J_00703,I_00157,16.271063363785203,107.93750769994178,0.0,schools_clean,3.0,0.0,1.3513966286981232,False
J_00704,I_00562,16.096936864678312,107.3387557305366,859.4174885749817,residential_clean,2.2,0.0,9.745322124082339,False
J_00705,I_00190,16.404767229256247,107.7762610388567,0.0,normal,1.0,0.0,5.786626975399966,False
J_00706,I_00872,16.36615416358565,107.75819521668423,156.5417037010193,normal,1.0,0.0,1.1662599505957305,False
J_00707,I_00702,16.303662992151,107.77689710055408,26.233588218688965,normal,1.0,0.0,50.684158652352835,False
J_00708,I_00392,16.606527563256535,107.3367341233332,789.7197241783142,residential_clean,2.2,0.0,0.27762826655139067,False
J_00709,I_00197,16.41655501677006,107.76368906424685,0.0,residential_clean,2.2,0.0,11.384154627844838,False
J_00710,I_00578,16.35998823849952,107.74838885341198,156.5417037010193,normal,1.0,0.0,274.5474242824622,False
J_00711,I_00654,16.428179964910694,107.6355224299331,2476.647813796997,normal,1.0,0.0,14.283715100764068,False
J_00712,I_00149,16.17107095032389,107.71795477993402,3033.7979350090027,residential_clean,5.2,0.0,20.70778515132854,False
J_00713,I_00651,16.34736196886054,107.530688659694,1188.2932348251343,normal,1.0,0.0,7.539358581200812,False
J_00714,I_00073,16.332112669298752,107.75595866227519,422.3989429473877,residential_clean,3.7,0.0,3.768929027949511,False
J_00715,I_00332,16.645111007341203,107.4418393578041,2019.847903251648,residential_clean,4.2,0.0,1269.814205420362,False
J_00716,I_00441,16.6249803805797,107.52225245579608,3540.9062552452087,residential_clean,2.2,0.0,1.4807039251070022,False
J_00717,I_00734,16.72955666886352,107.4051239070226,48.05093002319336,residential_clean,2.2,0.0,288.8155728931506,False
J_00718,I_00932,16.387634617572633,107.6856709566696,140.46496391296387,normal,1.0,0.0,38.93297038115998,False
J_00719,I_01198,16.646251319315724,107.35261810548572,2602.67874956131,residential_clean,2.2,0.0,1.6025275181317298,False
J_00720,I_00073,16.33935904186639,107.73063175166462,331.95105504989624,residential_clean,3.7,0.0,13.07062789219088,False
J_00721,I_00808,16.457120793635056,107.74822383193444,933.2528877258301,normal,1.0,0.0,287.8640883437917,False
J_00722,I_00319,16.45053227966672,107.72228168215246,2547.647575855255,industrial_clean,2.5,0.0,251.2227914215413,False
J_00723,I_00653,16.684247939793615,107.46547963135174,3740.165916442871,residential_clean,2.2,0.0,245.76274211267057,False
J_00724,I_00880,16.40973017870285,107.72406523722638,1360.8019437789917,residential_clean,2.2,0.0,249.63177278018267,False
J_00725,I_00188,16.271275024368197,107.99702884970739,0.0,normal,1.0,0.0,31.08601141407311,False
J_00726,I_00332,16.626533571384027,107.43336774797396,1519.304015159607,residential_clean,4.2,0.0,5.785014955083729,False
J_00727,I_00332,16.656629574288605,107.4442612447723,1158.960301399231,residential_clean,4.2,0.0,565.4618509859617,False
J_00728,I_00325,16.488659996584428,107.44205202387198,5148.359000205994,residential_clean,2.2,0.0,51.001653918716094,False
J_00729,I_00298,16.36750646319374,107.7786994515779,156.5417037010193,normal,1.0,0.0,938.8029589263002,False
J_00730,I_00381,16.394275211686193,107.70223269662691,1240.6812028884888,residential_clean,2.2,0.0,0.010254574146623889,False
J_00731,I_00622,16.44329324848486,107.65192042527613,3950.4143567085266,normal,1.0,0.0,76.66618663843639,False
J_00732,I_00157,16.244452749223495,107.9345051315608,8.975886344909668,schools_clean,3.0,0.0,23.577396775094734,False
J_00733,I_00984,16.400895098802533,107.66156397487596,47.641114711761475,normal,1.0,0.0,6.4869184100832875,False
J_00734,I_00198,16.741747343916945,107.38859869322633,48.05093002319336,residential_clean,2.2,0.0,1062.2095513369677,False
J_00735,I_00919,16.19877545489476,107.28486896783946,65.46073055267334,residential_clean,2.2,0.0,74.92451408246524,False
J_00736,I_00868,16.655573634374992,107.46277855647219,3840.735228538513,residential_clean,4.2,0.0,170.5765257937568,False
J_00737,I_00381,16.37706115444716,107.70931305970535,211.82874488830566,residential_clean,2.2,0.0,0.32054664252530635,False
J_00738,I_00293,16.314479681216827,107.98271343267702,0.0,industrial_clean,2.5,0.0,8.236878496970359,False
J_00739,I_00541,16.499932209547097,107.66800109874524,286.92123222351074,residential_clean,2.2,0.0,213.1952530815334,False
J_00740,I_00751,16.311071396946367,108.00292524344921,34.95912218093872,residential_clean,3.7,0.0,26.52351640119537,False
J_00741,I_00760,16.438123856409657,107.7414280581112,752.6544961929321,normal,1.0,0.0,13.177011820889849,False
J_00742,I_00201,16.337862817657815,107.90877898250447,514.0801792144775,normal,1.0,0.0,1106.7792604516094,False
J_00743,I_00552,16.588959271459142,107.56282540247749,2272.5508980751038,normal,1.0,0.0,1403.338251324419,False
J_00744,I_00073,16.32897243408553,107.74505121427266,331.95105504989624,residential_clean,3.7,0.0,8.769283070920974,False
J_00745,I_00156,16.12691617549135,107.66536182275702,69.57911396026611,residential_clean,5.2,0.0,39.93290742740632,False
J_00746,I_00868,16.648470229627794,107.47978779869533,3740.866677761078,residential_clean,4.2,0.0,22.25085738788178,False
J_00747,I_00719,16.360862860831343,107.84035447257801,98.80155229568481,normal,1.0,0.0,382.0570855848528,False
J_00748,I_00298,16.35804320870394,107.77774964354772,156.5417037010193,normal,1.0,0.0,300.45756305949664,False
J_00749,I_00255,16.22875797024247,108.08251298640295,168.43497610092163,normal,1.0,0.0,6.190852493694339,False
J_00750,I_00518,16.4375989818934,107.52739321669809,0.0,normal,1.0,0.0,8.110230630618219,False
J_00751,I_00718,16.341179164751342,107.82842732873678,98.80155229568481,normal,1.0,0.0,1567.3349929853869,False
J_00752,I_00943,16.12260842600704,107.32634936938733,882.6967616081238,residential_clean,4.2,0.0,23.8887975794838,False
J_00753,I_00529,16.3737221145638,107.80339166174387,0.0,normal,1.0,0.0,123.9030371532782,False
J_00754,I_00306,16.492262932068417,107.51604437773348,0.0,residential_clean,8.7,0.0,7.649022143649299,False
J_00755,I_00332,16.649942805200016,107.45537743000878,817.851954460144,residential_clean,4.2,0.0,817.4409941240723,False
J_00756,I_00744,16.250675224217222,107.24854367506079,3781.6418657302856,residential_clean,2.2,0.0,0.016451493738723243,False
J_00757,I_00507,16.51600004182717,107.30348814926715,669.3505773544312,residential_clean,2.2,0.0,49.91072454961962,False
J_00758,I_00402,16.50165557856509,107.5065267663974,0.0,residential_clean,2.2,0.0,5.205285726980564,False
J_00759,I_00430,16.276834606270313,107.88734317429804,1363.0654282569885,schools_clean,3.0,0.0,36.643044912928964,False
J_00760,I_00833,16.630100726987862,107.49973962176851,3388.0516510009766,residential_clean,2.2,0.0,489.8280674735737,False
J_00761,I_00986,16.450100327463616,107.67344499631342,279.38221168518066,normal,1.0,0.0,14.733663170211997,False
J_00762,I_00188,16.282425190014497,108.02044299621787,61.87187099456787,normal,1.0,0.0,22.322357738786167,False
J_00763,I_00507,16.526756588250237,107.3140235265704,544.5142259597778,residential_clean,2.2,0.0,7.173840180325454,False
J_00764,I_00451,16.646429063493617,107.50817923294223,3431.80934715271,residential_clean,2.2,0.0,0.041647523113426975,False
J_00765,I_00201,16.356834553972114,107.89660795328831,91.3879599571228,normal,1.0,0.0,2.056542550377591,False
J_00766,I_00283,16.39347255934677,107.47506733669735,0.0,normal,1.0,0.0,6.694068490475337,False
J_00767,I_00086,16.653420397541748,107.3895949147498,4109.962453842163,residential_clean,2.2,0.0,0.8796661793506327,False
J_00768,I_00834,16.52416209264657,107.27236260729339,476.9196877479553,residential_clean,2.2,0.0,16.577594101698406,False
J_00769,I_00268,16.330865095316586,107.7050996190526,50.94754362106323,normal,1.0,0.0,481.2403652012995,False
J_00770,I_01019,16.44661974153913,107.7425164288805,869.6551237106323,normal,1.0,0.0,232.00237858653676,False
J_00771,I_00469,16.36276937819739,107.86801115373007,0.0,normal,1.0,0.0,10.51446276713125,False
J_00772,I_00718,16.347198105877087,107.81298121970333,98.80155229568481,normal,1.0,0.0,2293.780005666226,False
J_00773,I_01118,16.280070294570205,107.2113646695171,1768.8643054962158,residential_clean,2.2,0.0,10.926707372967936,False
J_00774,I_00668,16.702408702540257,107.38278257862451,3183.0068702697754,residential_clean,2.2,0.0,24.50694964376332,False
J_00775,I_00921,16.402278572129322,107.73148495000908,1341.1919412612915,residential_clean,2.2,0.0,532.0039228896555,False
J_00776,I_01142,16.598182905902828,107.49352977418805,2071.623541355133,residential_clean,2.2,0.0,1.7427909353775881,False
J_00777,I_00464,16.351515901052792,107.52174531612152,1182.9188289642334,normal,1.0,0.0,10.163434081202944,False
J_00778,I_00325,16.496735331078067,107.43014323049869,5202.222726345062,residential_clean,2.2,0.0,0.8631780316495595,False
J_00779,I_00188,16.30278238056932,108.03161562505382,162.97267246246338,normal,1.0,0.0,93.08281562131509,False
J_00780,I_00878,16.153794053732852,107.31367126091239,230.96306848526,residential_clean,2.2,0.0,10.062620866486197,False
J_00781,I_00678,16.22111806237883,108.04838852224658,342.0673985481262,normal,1.0,0.0,59.98535537218732,False
J_00782,I_00319,16.44243976906292,107.7190223276831,1860.549011707306,industrial_clean,2.5,0.0,7.733314358261302,False
J_00783,I_00073,16.343562324390664,107.73993400620986,440.2405071258545,residential_clean,3.7,0.0,41.54075798475609,False
J_00784,I_00883,16.592345073828756,107.57296605394473,964.8196921348572,normal,1.0,0.0,416.5508905446163,False
J_00785,I_00618,16.26650084178128,107.87009405727433,1392.4505777359009,schools_clean,3.0,0.0,0.6631668657657961,False
J_00786,I_00154,16.51575134699344,107.67600617562326,235.24756479263306,residential_clean,2.2,0.0,879.7894849889369,False
J_00787,I_00293,16.320283558041275,108.02086769746394,196.71046590805054,industrial_clean,2.5,0.0,108.15935703330608,False
J_00788,I_00601,16.229165250597248,108.05452281032952,342.0673985481262,normal,1.0,0.0,822.8126401007529,False
J_00789,I_00418,16.49441783024243,107.3893498751576,1692.5179138183594,normal,1.0,0.0,1.723445099903897,False
J_00790,I_00991,16.510303004180905,107.29773002469044,691.1759405136108,residential_clean,2.2,0.0,2.8960135757670105,False
J_00791,I_00469,16.35019470610584,107.8692760000021,0.0,normal,1.0,0.0,10.006012524762118,False
J_00792,I_00758,16.569237082380873,107.52664854775037,3029.474967479706,residential_clean,2.2,0.0,142.84272446369621,False
J_00793,I_00702,16.313703849414203,107.78288094359745,0.0,normal,1.0,0.0,3.0805089053593857,False
J_00794,I_00756,16.328568035424937,107.78172002169136,0.0,normal,1.0,0.0,11.91758972486946,False
J_00795,I_00321,16.44748905026446,107.536996429354,3394.9119358062744,residential_clean,8.7,0.0,23.084678971961527,False
J_00796,I_01126,16.479718517290475,107.68013279494517,1180.540889263153,residential_clean,2.2,0.0,2.7991927586531857,False
J_00797,I_00381,16.381023840434494,107.71721902849498,1240.6812028884888,residential_clean,2.2,0.0,11.91084391678808,False
J_00798,I_00978,16.461671381425838,107.70557296933896,2863.629135131836,normal,1.0,0.0,2.1110901085299036,False
J_00799,I_00213,16.55013634150109,107.6678788696329,9436.228102684021,residential_clean,3.7,0.0,29.93595694136222,False
J_00800,I_01155,16.516316414750982,107.41023644906447,1764.1849527359009,residential_clean,3.7,0.0,5.301269983211934,False
J_00801,I_00188,16.292501142641562,108.01288465829172,102.55441093444824,normal,1.0,0.0,12.129993550860545,False
J_00802,I_00381,16.39379049778495,107.71761155620653,1342.096833229065,residential_clean,2.2,0.0,26.333379393640023,False
J_00803,I_00257,16.54817301920275,107.51181150309347,42.77191686630249,residential_clean,2.2,0.0,3.2094372811865575,False
J_00804,I_00150,16.44602707842368,107.54679056719894,3642.518865585327,residential_clean,8.7,0.0,52.251954099728856,False
J_00805,I_00827,16.38965855856378,107.11005564516309,251.30631589889526,residential_clean,2.2,0.0,1157.14976353369,False
J_00806,I_00140,16.53517655987819,107.42560864277938,4805.371105194092,residential_clean,3.7,0.0,477.86325484567715,False
J_00807,I_00157,16.269630688345135,107.92213907965301,0.0,schools_clean,3.0,0.0,0.20554557999227965,False
J_00808,I_00449,16.26804113847217,107.22287059563536,3988.893410205841,residential_clean,2.2,0.0,2.3718696497366434,False
J_00809,I_00552,16.584786573667863,107.57736217261561,976.2393884658813,normal,1.0,0.0,710.6212002138057,False
J_00810,I_00537,16.597818174570154,107.51125998925573,2503.212954521179,residential_clean,2.2,0.0,46.4145519122379,False
J_00811,I_00641,16.162276740661525,107.70921148805313,3706.0947971343994,residential_clean,5.2,0.0,26.290048744714873,False
J_00812,I_00658,16.633768134899494,107.31457411197123,1027.9689445495605,residential_clean,2.2,0.0,41.516572315954406,False
J_00813,I_00255,16.223317403331333,108.06453809817923,345.9190402030945,normal,1.0,0.0,289.3488502308905,False
J_00814,I_00505,16.251956621564045,107.24048086434499,3692.265263557434,residential_clean,2.2,0.0,8.896827891226629,False
J_00815,I_00833,16.604499520159486,107.48938732924115,1487.4961075782776,residential_clean,2.2,0.0,9.718029678129234,False
J_00816,I_00332,16.64731090341828,107.42172413751793,2792.9764409065247,residential_clean,4.2,0.0,74.92821208616355,False
J_00817,I_00201,16.349632409411534,107.9001562284009,161.36047267913818,normal,1.0,0.0,25.33438413893266,False
J_00818,I_00197,16.42214817661377,107.76871715322025,0.0,residential_clean,2.2,0.0,4.968859713505859,False
J_00819,I_00756,16.3552219551921,107.76720434404487,156.5417037010193,normal,1.0,0.0,449.376456426604,False
J_00820,I_00692,16.343239295014012,107.52431414758696,1176.7378211021423,normal,1.0,0.0,9.157259130006365,False
J_00821,I_00984,16.380282949020636,107.67659713479351,87.71555709838867,normal,1.0,0.0,18.851481985629114,False
J_00822,I_00257,16.548186630455138,107.49827154594317,720.2539801597595,residential_clean,2.2,0.0,60.51479741621699,False
J_00823,I_00159,16.243406509581213,107.22289861099318,3346.7985348701477,residential_clean,2.2,0.0,20.595634074561595,False
J_00824,I_00794,16.23902300788748,107.26596236771753,1172.679355621338,residential_clean,2.2,0.0,22.46812828635968,False
J_00825,I_00190,16.400403588635672,107.77016491170822,18.705110549926758,normal,1.0,0.0,7.524927861560688,False
J_00826,I_00848,16.3630766105017,107.71079615015435,0.0,normal,1.0,0.0,1.0333777424347792,False
J_00827,I_00522,16.346218963391625,107.83674918704912,98.80155229568481,normal,1.0,0.0,947.3668546421713,False
J_00828,I_00984,16.412423863258322,107.6743849209,0.0,normal,1.0,0.0,16.971160706725083,False
J_00829,I_00247,16.55393333721904,107.5314495850134,2564.8681349754333,residential_clean,2.2,0.0,1.200911151925025,False
J_00830,I_00758,16.57084579135796,107.54050328404551,3307.5455827713013,residential_clean,2.2,0.0,227.32818263210817,False
J_00831,I_00158,16.304559303612546,108.0145225615715,143.84265995025635,residential_clean,3.7,0.0,25.529537919575727,False
J_00832,I_00188,16.27402644123137,108.00393494431357,0.0,normal,1.0,0.0,93.82646983666443,False
J_00833,I_01028,16.480616975950515,107.48444646328645,347.4253931045532,normal,1.0,0.0,75.4678636275059,False
J_00834,I_00529,16.397242978429777,107.83597512747559,0.0,normal,1.0,0.0,6.890328524312811,False
J_00835,I_00825,16.145771532022707,107.74429042269189,1294.0250248908997,residential_clean,2.2,0.0,2.6987365987425815,False
J_00836,I_01019,16.42570868296613,107.75455891717475,150.51170682907104,normal,1.0,0.0,24.555946886522577,False
J_00837,I_00783,16.70569701809271,107.36954217164144,1923.7177376747131,residential_clean,2.2,0.0,4.94837238837078,False
J_00838,I_00188,16.27885479571113,108.01401953648164,0.0,normal,1.0,0.0,239.4481382435097,False
J_00839,I_00875,16.50647079000737,107.66422636807201,1751.6973280906677,residential_clean,2.2,0.0,488.8113920426549,False
J_00840,I_00406,16.351636470803406,107.91099721584725,196.22983312606812,normal,1.0,0.0,21.18404878011682,False
J_00841,I_00833,16.618045290274694,107.51824629525667,3302.4129581451416,residential_clean,2.2,0.0,666.6983853198865,False
J_00842,I_00430,16.26956143140213,107.88529227528527,1392.4505777359009,schools_clean,3.0,0.0,14.591793779352694,False
J_00843,I_00197,16.41760926967899,107.73871397438526,546.2577881813049,residential_clean,2.2,0.0,0.4061728299468308,False
J_00844,I_00332,16.644464475032,107.46164570966087,857.0153288841248,residential_clean,4.2,0.0,977.5278054124985,False
J_00845,I_00562,16.108945423815808,107.35288582631497,544.3887586593628,residential_clean,2.2,0.0,17.691369208672967,False
J_00846,I_00537,16.592063654418023,107.53962336565107,2029.2589807510376,residential_clean,2.2,0.0,435.7950030800799,False
J_00847,I_00100,16.582645144622326,107.58509937184895,1170.0972871780396,normal,1.0,0.0,374.38751424787944,False
J_00848,I_00813,16.363032044330943,107.7201706053665,0.0,normal,1.0,0.0,0.07834027756866929,False
J_00849,I_00658,16.643225542619152,107.31628079628287,2290.25062084198,residential_clean,2.2,0.0,5.95607408797984,False
J_00850,I_00702,16.30678849542734,107.79644970418434,21.79790687561035,normal,1.0,0.0,83.677047493544,False
J_00851,I_00247,16.549384750091075,107.53967120584929,3295.8415899276733,residential_clean,2.2,0.0,2.066465343207792,False
J_00852,I_00158,16.30021763011215,107.98573604459624,0.0,residential_clean,3.7,0.0,94.96428839625442,False
J_00853,I_00188,16.28627828050258,108.02932585077444,128.01355028152466,normal,1.0,0.0,17.558115441041878,False
J_00854,I_00756,16.324833147530683,107.77242231088141,0.0,normal,1.0,0.0,6.760328350196086,False
J_00855,I_00844,16.66772941626297,107.4762587312578,4235.716762542725,residential_clean,2.2,0.0,4.383271285931698,False
J_00856,I_01118,16.278864482267423,107.20014735552795,1391.2135500907898,residential_clean,2.2,0.0,5.100972484468691,False
J_00857,I_00293,16.306307476956125,107.98173978785263,0.0,industrial_clean,2.5,0.0,5.049340900506547,False
J_00858,I_01112,16.543759498164285,107.55365024853093,3048.159038066864,residential_clean,2.2,0.0,39.17346552573024,False
J_00859,I_00444,16.114651999827647,107.33272227348095,876.3254284858704,residential_clean,4.2,0.0,144.0873669898903,False
J_00860,I_00529,16.388202897642532,107.8219195710261,0.0,normal,1.0,0.0,10.508202307704801,False
J_00861,I_00771,16.480984962122424,107.64525746971393,1928.2471599578857,residential_clean,7.2,0.0,13.900900042418336,False
J_00862,I_00986,16.44847855308671,107.68013107396169,29.73586082458496,normal,1.0,0.0,0.6222865380613211,False
J_00863,I_00325,16.49770360647834,107.47191178378063,3693.36003446579,residential_clean,2.2,0.0,91.19148564629494,False
J_00864,I_00820,16.10348994584029,107.33949645858725,940.236083984375,residential_clean,4.2,0.0,64.15018951022326,False
J_00865,I_00288,16.328271569293808,107.76152034791046,74.1309175491333,residential_clean,3.7,0.0,6.018783800626396,False
J_00866,I_00719,16.367590268414375,107.84071158780058,98.80155229568481,normal,1.0,0.0,4.914812048058861,False
J_00867,I_00435,16.331304428376228,108.02119738306321,94.1560549736023,industrial_clean,2.5,0.0,100.80726523604842,False
J_00868,I_00561,16.320544385693015,107.7330257703637,357.02194356918335,residential_clean,3.7,0.0,287.2993433786199,False
J_00869,I_00507,16.50478572620982,107.3531007943609,2281.144238471985,residential_clean,2.2,0.0,19.12999552138945,False
J_00870,I_00529,16.36046247372348,107.82985762914916,98.80155229568481,normal,1.0,0.0,70.27399542723236,False
J_00871,I_00756,16.334465571641278,107.7856195374754,0.0,normal,1.0,0.0,0.7246808291593941,False
J_00872,I_00188,16.2759734698423,108.02081795264745,0.0,normal,1.0,0.0,121.21255064958441,False
J_00873,I_00718,16.347104728515838,107.82575080095145,98.80155229568481,normal,1.0,0.0,1102.3415270062922,False
J_00874,I_00756,16.323753650801276,107.78620097594438,0.0,normal,1.0,0.0,11.891451528273361,False
J_00875,I_00552,16.576137271561517,107.57297072725798,2769.3659448623657,normal,1.0,0.0,473.9294808086193,False
J_00876,I_00487,16.470567284923465,107.66948451133723,435.41453552246094,normal,1.0,0.0,27.674573364027566,False
J_00877,I_00283,16.380724675528878,107.49073739243616,0.0,normal,1.0,0.0,0.25013911275223105,False
J_00878,I_00086,16.65027915687591,107.40314256577372,3861.62016582489,residential_clean,2.2,0.0,6.430440636349683,False
J_00879,I_00813,16.368251208712483,107.72903486716841,0.0,normal,1.0,0.0,58.101496042942195,False
J_00880,I_00319,16.452093803154067,107.7311570191158,1995.8137197494507,industrial_clean,2.5,0.0,21.055456408423417,False
J_00881,I_00406,16.362357337906136,107.90827474164855,143.90400314331055,normal,1.0,0.0,2.7967971311209765,False
J_00882,I_00794,16.23959448590262,107.23968269760842,3737.709328651428,residential_clean,2.2,0.0,16.72978404982005,False
J_00883,I_00158,16.30897473255603,108.02187097860572,196.71046590805054,residential_clean,3.7,0.0,58.2451975873104,False
J_00884,I_00325,16.504305551322325,107.43881153710588,6699.071454048157,residential_clean,2.2,0.0,1.9213152830145255,False
J_00885,I_00247,16.54650420202886,107.52558972357069,1480.7674832344055,residential_clean,2.2,0.0,0.0026344334025810066,False
J_00886,I_00165,16.21599905507595,108.06024103421476,351.3687081336975,normal,1.0,0.0,25.910347136193273,False
J_00887,I_00589,16.631620371871897,107.51749540142771,4033.7497324943542,residential_clean,2.2,0.0,301.25222826508997,False
J_00888,I_00201,16.333070574632426,107.91486225109337,587.7921395301819,normal,1.0,0.0,678.9332792006946,False
J_00889,I_00197,16.420274092997218,107.75164486254519,0.0,residential_clean,2.2,0.0,7.736114482370478,False
J_00890,I_00073,16.33768515489447,107.73818414453935,331.95105504989624,residential_clean,3.7,0.0,3.9626640064115586,False
J_00891,I_00156,16.13368198681364,107.6794973722388,653.5022687911987,residential_clean,5.2,0.0,14.790046067626292,False
J_00892,I_00188,16.264264151233707,107.98209743478412,0.0,normal,1.0,0.0,11.789839235717764,False
J_00893,I_00402,16.51340559843168,107.53708810018581,1029.785300731659,residential_clean,2.2,0.0,4.316442153178192,False
J_00894,I_00718,16.335364529664204,107.82528963235765,98.80155229568481,normal,1.0,0.0,2323.910146347732,False
J_00895,I_00201,16.34360520486484,107.90080286876274,161.36047267913818,normal,1.0,0.0,2.7434878954708846,False
J_00896,I_00578,16.357562442014345,107.73146826110641,0.0,normal,1.0,0.0,15.18730012121674,False
J_00897,I_00529,16.368162627672525,107.82661974930379,98.80155229568481,normal,1.0,0.0,8.25798993496139,False
J_00898,I_00783,16.710441219517147,107.35727067125971,996.8749990463257,residential_clean,2.2,0.0,1.2426765290719213,False
J_00899,I_00332,16.655658894700263,107.45270297822029,873.4547934532166,residential_clean,4.2,0.0,437.94910727155406,False
J_00900,I_00880,16.40459758992233,107.72086453965515,1360.8019437789917,residential_clean,2.2,0.0,4.76977323056961,False
J_00901,I_01112,16.552021552565147,107.5520512855286,2594.442301750183,residential_clean,2.2,0.0,175.28722477235954,False
J_00902,I_00208,16.508734293310106,107.41129780223555,2627.104678630829,residential_clean,3.7,0.0,3.757767696679973,False
J_00903,I_00469,16.35301678287974,107.84293896693302,98.80155229568481,normal,1.0,0.0,709.4802694416169,False
J_00904,I_00734,16.734352277641136,107.40051866777175,48.05093002319336,residential_clean,2.2,0.0,400.97727627282256,False
J_00905,I_00794,16.23937072347165,107.2511984437896,3658.1586441993713,residential_clean,2.2,0.0,56.316416118867714,False
J_00906,I_00188,16.282118884147454,108.00384448677482,0.0,normal,1.0,0.0,6.079057404898305,False
J_00907,I_00702,16.31463587114167,107.79213761742398,21.79790687561035,normal,1.0,0.0,7.447130088166479,False
J_00908,I_01155,16.5109484621411,107.39947203387852,1928.3651299476624,residential_clean,3.7,0.0,2.6332885728854643,False
J_00909,I_00332,16.640686033414408,107.4288439243266,2350.3532209396362,residential_clean,4.2,0.0,0.9381837346684121,False
J_00910,I_00641,16.165863494193786,107.72059612429354,3068.225564956665,residential_clean,5.2,0.0,31.3747628316299,False
J_00911,I_00406,16.357538254251065,107.91162804255292,174.62525939941406,normal,1.0,0.0,33.1326734142062,False
J_00912,I_00610,16.442070324294033,107.72824734622915,1443.4589824676514,normal,1.0,0.0,6.74186408663897,False
J_00913,I_00188,16.292353997934914,108.00678257061836,5.122384071350098,normal,1.0,0.0,106.51825931587392,False
J_00914,I_00718,16.345401467725793,107.81866814337462,98.80155229568481,normal,1.0,0.0,1827.4532955067325,False
J_00915,I_00718,16.354814289357797,107.82900283570775,98.80155229568481,normal,1.0,0.0,361.58640036679515,False
J_00916,I_00512,16.590078612798752,107.54821364325667,2110.9883456230164,residential_clean,2.2,0.0,888.5322192917072,False
J_00917,I_00086,16.64453177644564,107.41654115498778,2963.8644399642944,residential_clean,2.2,0.0,30.743107211280623,False
J_00918,I_00529,16.378275797897494,107.8131676418683,0.0,normal,1.0,0.0,2.6464490766636675,False
J_00919,I_00469,16.368167376084777,107.86988456786482,0.0,normal,1.0,0.0,1.1271533378028964,False
J_00920,I_00325,16.507413363301062,107.46870181200697,5161.697792053223,residential_clean,2.2,0.0,40.853746811498425,False
J_00921,I_00833,16.62428113274877,107.5067492417067,4005.1965775489807,residential_clean,2.2,0.0,560.6157298559349,False
J_00922,I_00758,16.556552445728872,107.52109183556749,594.687150478363,residential_clean,2.2,0.0,5.649147996750315,False
J_00923,I_00932,16.377075502379782,107.69686723784159,210.3339352607727,normal,1.0,0.0,84.28204183322082,False
J_00924,I_00610,16.44242303968144,107.73765655564443,847.5828523635864,normal,1.0,0.0,40.01566602531312,False
J_00925,I_00073,16.349557429638615,107.72790905067674,146.3372187614441,residential_clean,3.7,0.0,5.287795556000591,False
J_00926,I_00197,16.421952069902694,107.76120971503526,0.0,residential_clean,2.2,0.0,6.318617573714334,False
J_00927,I_00381,16.36877780386702,107.71117738220103,47.25213003158569,residential_clean,2.2,0.0,1.0479178989215232,False
J_00928,I_00984,16.39924399847089,107.68394665669794,48.37257099151611,normal,1.0,0.0,7.08623579803993,False
J_00929,I_00390,16.48113567736562,107.56066265578112,15827.923250675201,residential_clean,8.7,0.0,10.396203501136394,False
J_00930,I_00154,16.515239449459102,107.67023017864787,520.5886092185974,residential_clean,2.2,0.0,738.0678635336309,False
J_00931,I_00678,16.225031021131755,108.04432512924352,315.9214448928833,normal,1.0,0.0,4.838734766339319,False
J_00932,I_01142,16.554031578169727,107.49827590858197,843.0706610679626,residential_clean,2.2,0.0,2.486549052567668,False
J_00933,I_00984,16.41124102095318,107.66793172460355,0.0,normal,1.0,0.0,57.844634867689194,False
J_00934,I_00578,16.348646242289746,107.74207347245306,266.1024007797241,normal,1.0,0.0,2.188221720889081,False
J_00935,I_00783,16.712296713751982,107.37394811427355,1609.0099096298218,residential_clean,2.2,0.0,44.31994086092689,False
J_00936,I_00892,16.352190097442573,107.61725373077174,1252.2898888587952,normal,1.0,0.0,40.7410580000935,False
J_00937,I_00176,16.70005693407929,107.3915496710095,4211.447369098663,residential_clean,2.2,0.0,21.279504845463077,False
J_00938,I_00154,16.521236947064494,107.6684327257382,715.5374579429626,residential_clean,2.2,0.0,1462.602152976394,False
J_00939,I_00520,16.490425250513876,107.41960636089405,3647.5890007019043,residential_clean,2.2,0.0,2.9704856089177833,False
J_00940,I_00158,16.3067032587902,108.00623061753573,53.55512714385986,residential_clean,3.7,0.0,136.93016267891437,False
J_00941,I_00430,16.263330688200675,107.88902851313713,1392.4505777359009,schools_clean,3.0,0.0,14.178134657073999,False
J_00942,I_00325,16.494022846481982,107.44213984924528,6321.453590393066,residential_clean,2.2,0.0,107.5225963568961,False
J_00943,I_00165,16.217903047216573,108.06541713387294,340.5218381881714,normal,1.0,0.0,8.555068879104669,False
J_00944,I_00875,16.5115777134607,107.66574841354158,1582.1075081825256,residential_clean,2.2,0.0,696.873820830187,False
J_00945,I_00215,16.32499414869589,107.74872002199761,331.95105504989624,residential_clean,3.7,0.0,11.419805414984468,False
J_00946,I_00653,16.68025257928226,107.46964226209012,3963.176336288452,residential_clean,2.2,0.0,96.74324015486688,False
J_00947,I_00332,16.63047686795123,107.42967300291612,1698.490221977234,residential_clean,4.2,0.0,15.50291558969278,False
J_00948,I_00284,16.26787542630943,108.05217242575497,19.13001251220703,normal,1.0,0.0,53.46818844415581,False
J_00949,I_00754,16.281426113382185,107.2166872907454,1763.4892826080322,residential_clean,2.2,0.0,278.95753126669246,False
J_00950,I_00165,16.223476409562153,108.08268645812203,168.43497610092163,normal,1.0,0.0,2.3249531944240682,False
J_00951,I_00641,16.158013716482362,107.72791297649968,2516.845926761627,residential_clean,5.2,0.0,2.490753676059789,False
J_00952,I_00325,16.503108325424243,107.43259317635669,5730.116064071655,residential_clean,2.2,0.0,13.452292368692298,False
J_00953,I_00518,16.441454110319654,107.5237014003143,0.0,normal,1.0,0.0,51.99263305101844,False
J_00954,I_00709,16.703550258057792,107.43205301725715,1722.2941217422485,residential_clean,2.2,0.0,14.193552115974088,False
J_00955,I_00188,16.276258085875146,107.99903375164443,0.0,normal,1.0,0.0,85.94416492137164,False
J_00956,I_00402,16.50550615114061,107.52044422958329,186.04826164245605,residential_clean,2.2,0.0,16.50605315520124,False
J_00957,I_00100,16.575968766851794,107.59023170584965,2375.226432800293,normal,1.0,0.0,281.85288284802084,False
J_00958,I_00529,16.37415532131295,107.80874679100687,0.0,normal,1.0,0.0,36.365507811154934,False
J_00959,I_00719,16.376374624278775,107.86591291076434,0.0,normal,1.0,0.0,9.32672625503845,False
J_00960,I_01144,16.42191144700048,107.65482742161876,333.42110109329224,normal,1.0,0.0,29.134910643067954,False
J_00961,I_00441,16.62341366004258,107.52734849961406,2959.8597650527954,residential_clean,2.2,0.0,13.754657876022538,False
J_00962,I_00379,16.49454010688877,107.40289856843376,2226.579071998596,normal,1.0,0.0,0.2945974262895332,False
J_00963,I_00381,16.382072307685274,107.70825046782308,1225.6423540115356,residential_clean,2.2,0.0,6.99709286989883,False
J_00964,I_00562,16.092090529509182,107.34042515231992,596.6352372169495,residential_clean,2.2,0.0,28.19875735382602,False
J_00965,I_00469,16.362948104668007,107.86272545126187,0.0,normal,1.0,0.0,13.050200177480665,False
J_00966,I_00719,16.359626827504805,107.83524507893767,98.80155229568481,normal,1.0,0.0,272.20656458146556,False
J_00967,I_00758,16.562419126800783,107.55319652222303,2954.5843119621277,residential_clean,2.2,0.0,16.679361277547322,False
J_00968,I_00408,16.30669641672333,107.77095974347148,26.233588218688965,residential_clean,3.7,0.0,82.3482021612891,False
J_00969,I_00601,16.22447055876981,108.05262856698614,342.0673985481262,normal,1.0,0.0,414.5492728869136,False
J_00970,I_00753,16.500415324680603,107.55628806037709,12226.588354587555,residential_clean,8.7,0.0,15.075861029364031,False
J_00971,I_00955,16.510929930068848,107.29257349492482,697.064290523529,residential_clean,2.2,0.0,70.54815438237108,False
J_00972,I_00756,16.333459282198607,107.7750934785743,83.97133874893188,normal,1.0,0.0,5.4021094567108605,False
J_00973,I_00158,16.280359381772058,107.97946485161033,0.0,residential_clean,3.7,0.0,0.7625361122762169,False
J_00974,I_00756,16.31982616791158,107.77357721760742,0.0,normal,1.0,0.0,9.762803790465433,False
J_00975,I_00198,16.738409945359894,107.39454706964783,48.05093002319336,residential_clean,2.2,0.0,367.23005422005514,False
J_00976,I_00507,16.526768534078418,107.3245768106693,589.3041014671326,residential_clean,2.2,0.0,42.5696022414392,False
J_00977,I_00430,16.27690057569017,107.88220698258873,1363.0654282569885,schools_clean,3.0,0.0,4.242440069743154,False
J_00978,I_00575,16.473338446417355,107.71070848044093,3346.176227092743,normal,1.0,0.0,367.3319743563233,False
J_00979,I_00188,16.271131725315925,108.0090287491518,0.0,normal,1.0,0.0,12.016530894242143,False
J_00980,I_00641,16.16533236911698,107.71318938568908,3537.6546325683594,residential_clean,5.2,0.0,9.873955288231702,False
J_00981,I_00464,16.353544262813145,107.51712160484303,1128.627052307129,normal,1.0,0.0,2.0038296173334356,False
J_00982,I_00507,16.531652245733806,107.31815974002825,414.94580459594727,residential_clean,2.2,0.0,11.412319526459605,False
J_00983,I_00158,16.296267760378935,107.9827720142201,0.0,residential_clean,3.7,0.0,5.756945553912667,False
J_00984,I_00771,16.483620373454915,107.6410009317851,4265.564438343048,residential_clean,7.2,0.0,6.697545253512823,False
J_00985,I_01155,16.513596145080434,107.40597340922069,1865.214340686798,residential_clean,3.7,0.0,0.9492745174696242,False
J_00986,I_00332,16.654505803761204,107.45757392323758,3086.613528251648,residential_clean,4.2,0.0,311.6520183813171,False
J_00987,I_00408,16.311704972024806,107.76679995392085,0.0,residential_clean,3.7,0.0,31.16285611500397,False
J_00988,I_00201,16.338578717941857,107.91371365329685,560.7058725357056,normal,1.0,0.0,637.1239269943768,False
J_00989,I_00578,16.364858973055245,107.74413325782976,148.32500505447388,normal,1.0,0.0,16.93071385140759,False
J_00990,I_00176,16.700540733003024,107.37819640305685,3277.851984500885,residential_clean,2.2,0.0,24.670141154158355,False
J_00991,I_00086,16.64298842354721,107.37588202856287,2394.7556080818176,residential_clean,2.2,0.0,8.904721724797707,False
J_00992,I_00441,16.615832359747586,107.5381982815865,2587.9775161743164,residential_clean,2.2,0.0,1.5300508350365967,False
J_00993,I_00978,16.452100702555935,107.68329730383313,1333.6440811157227,normal,1.0,0.0,1.6680605502458317,False
J_00994,I_00833,16.60179844231469,107.48316066893658,1071.7881064414978,residential_clean,2.2,0.0,46.0670906131473,False
J_00995,I_00100,16.586865758215172,107.58244548793657,976.5689582824707,normal,1.0,0.0,174.6459975363828,False
J_00996,I_00868,16.650697575092817,107.4728270134171,3978.8588786125183,residential_clean,4.2,0.0,12.27096042836035,False
J_00997,I_00808,16.453115597988393,107.74234857150356,1020.1460475921631,normal,1.0,0.0,22.35978396038214,False
J_00998,I_00690,16.63943949954803,107.31916128323329,2257.0259380340576,residential_clean,2.2,0.0,0.2653109049294261,False
J_00999,I_00381,16.365124634832824,107.71581520647932,0.0,residential_clean,2.2,0.0,10.595647213066696,False
