site_id,i_ref,latitude,longitude,pop,priority_category,priority_weight,slope,dist_to_road_m,in_water
J_00000,I_00729,16.472721047842814,107.58520926946088,131548.28236341476,command_centers_clean,12.7,0.0,80.95043660663086,False
J_00001,I_00729,16.471605994639322,107.58732256465188,130393.44886636734,command_centers_clean,12.7,0.0,22.636719102198064,False
J_00002,I_00702,16.464560997569222,107.58805979361337,128854.04879283905,command_centers_clean,12.7,0.0,24.652509473988303,False
J_00003,I_00702,16.45984020064408,107.58630398236359,127419.12321805954,command_centers_clean,12.7,0.0,6.4725715332061835,False
J_00004,I_01027,16.448920520839152,107.60766269979203,67108.57217025757,command_centers_clean,12.7,0.0,15.282841503673597,False
J_00005,I_00702,16.458779194593816,107.55783931295018,43253.927926540375,command_centers_clean,12.7,0.0,11.996831903252403,False
J_00006,I_00729,16.49598166410911,107.55870161049273,17799.674132823944,command_centers_clean,12.7,0.0,13.817589701154303,False
J_00007,I_01183,16.27498026466882,107.219291049434,10534.141458034515,residential_clean,5.2,0.0,8.471061134278322,False
J_00008,I_00427,16.24914709978052,107.23812803379454,10205.860707759857,residential_clean,5.2,0.0,12.26563161064607,False
J_00009,I_01027,16.4428854732394,107.62273879984905,7260.226359367371,command_centers_clean,12.7,0.0,3.2702740479592336,False
J_00010,I_00967,16.557375531888248,107.60728325074965,7131.775988578796,residential_clean,2.2,0.0,215.96583306287337,False
J_00011,I_00642,16.574450942644166,107.6021914550634,7119.141864776611,residential_clean,2.2,0.0,54.956190488075265,False
J_00012,I_01104,16.24110791626113,107.24495329278356,4510.507083415985,residential_clean,5.2,0.0,5.271926368743817,False
J_00013,I_00859,16.63128248166125,107.51109491951424,4189.951062202454,residential_clean,2.2,0.0,1.0233536636420555,False
J_00014,I_00625,16.488493190644377,107.7508080678642,3588.576114177704,normal,1.0,0.0,6.627972557591453,False
J_00015,I_01096,16.50985489584054,107.44235547423689,3481.501048564911,normal,1.0,0.0,76.85446969776231,False
J_00016,I_01096,16.510655303697227,107.44642362446456,3215.9952874183655,normal,1.0,0.0,12.652161812427606,False
J_00017,I_00589,16.17949917976087,107.7014346743496,3156.5854682922363,residential_clean,2.2,0.0,9.136705583758859,False
J_00018,I_00589,16.17133951037358,107.7064290874751,3097.0531706809998,residential_clean,2.2,0.0,12.96434179748037,False
J_00019,I_01027,16.43506072478641,107.65074435490303,2955.581386566162,command_centers_clean,12.7,0.0,42.23973706726915,False
J_00020,I_00320,16.69546883668057,107.38833213854237,2894.56125164032,residential_clean,4.7,0.0,28.363994920678206,False
J_00021,I_00778,16.50431870556778,107.37234871771838,2787.6693625450134,residential_clean,2.2,0.0,3.5660826520348956,False
J_00022,I_00533,16.69486284000964,107.3807477438647,2787.0227937698364,residential_clean,4.7,0.0,383.27757048241597,False
J_00023,I_01051,16.16845974891823,107.6841654086685,2710.0014238357544,normal,1.0,0.0,3.82950007544675,False
J_00024,I_00857,16.504275361123455,107.43887058660295,2489.6612005233765,residential_clean,2.2,0.0,5.532313978821926,False
J_00025,I_00241,16.490463025982994,107.41960717702008,2479.3148465156555,residential_clean,2.2,0.0,1.421066429709869,False
J_00026,I_00390,16.659393061226236,107.44532447047402,2474.8319244384766,residential_clean,2.2,0.0,224.8776085248054,False
J_00027,I_00857,16.49622917588463,107.4396485660045,2458.413070678711,residential_clean,2.2,0.0,3.2088100778052686,False
J_00028,I_00652,16.583559071054285,107.52119406811985,2349.4732241630554,residential_clean,2.2,0.0,1.1933648738201714,False
J_00029,I_00589,16.171078668269033,107.71792619382806,2347.34113740921,residential_clean,2.2,0.0,17.40225042607309,False
J_00030,I_00862,16.632307296825037,107.32462256025484,2198.3177938461304,residential_clean,2.2,0.0,400.888327993228,False
J_00031,I_00778,16.494532877228703,107.4028431287013,2046.3424649238586,residential_clean,2.2,0.0,0.9531116578992326,False
J_00032,I_00960,16.525061294324452,107.37802247232393,1972.5887198448181,residential_clean,2.2,0.0,199.44184326259057,False
J_00033,I_00113,16.188572317065617,107.72459452160977,1946.9938478469849,residential_clean,2.2,0.0,0.8867675008701815,False
J_00034,I_00557,16.30628078860708,107.98178749377188,1855.2564029693604,residential_clean,2.2,0.0,4.304380632008305,False
J_00035,I_00552,16.348749823654472,107.1484701193697,1384.936215877533,residential_clean,2.2,0.0,3.5233021784734015,False
J_00036,I_00386,16.328157250877506,107.73152663753876,1212.5118699073792,residential_clean,3.7,0.0,355.64182800400556,False
J_00037,I_01109,16.273671053952178,107.86547631912487,1007.2502880096436,hospitals_clean,6.0,0.0,15.54203722703228,False
J_00038,I_00940,16.513566357829983,107.64601695795105,940.636058807373,residential_clean,2.2,0.0,238.19389280635164,False
J_00039,I_00684,16.235665666410267,107.2702418328684,897.9388575553894,normal,1.0,0.0,7.1146600124091215,False
J_00040,I_01152,16.11283566834206,107.33222774629296,881.3258376121521,residential_clean,4.2,0.0,33.63644716879736,False
J_00041,I_00289,16.508620484777662,107.61832707566863,807.0457439422607,residential_clean,2.2,0.0,49.70304087520737,False
J_00042,I_01041,16.32346470874616,107.92865532661598,745.213098526001,normal,1.0,0.0,17.575381152898135,False
J_00043,I_00729,16.505561240861706,107.51950968792684,729.8787980079651,command_centers_clean,12.7,0.0,10.40458268145245,False
J_00044,I_00807,16.346833528281678,107.6151507229317,691.5158748626709,normal,1.0,0.0,4.120438338572046,False
J_00045,I_00246,16.366841871802603,107.62914288860743,681.8612208366394,normal,1.0,0.0,418.1790850227475,False
J_00046,I_00142,16.131523749467984,107.68102986938561,619.7055644989014,residential_clean,2.2,0.0,33.38958369594659,False
J_00047,I_01126,16.1476500372509,107.7373487398263,538.7192878723145,residential_clean,2.2,0.0,12.972124874209458,False
J_00048,I_00071,16.629643823476723,107.35159237013043,493.9183416366577,residential_clean,2.2,0.0,7.428030096652457,False
J_00049,I_01060,16.364684224983847,107.74414960205074,420.681902885437,residential_clean,3.7,0.0,3.517542402197215,False
J_00050,I_01126,16.14571575192673,107.7440790100645,192.9177680015564,residential_clean,2.2,0.0,9.167302173486956,False
J_00051,I_00980,16.22077518764449,108.03978640218394,182.93373203277588,normal,1.0,0.0,1.3673575688176978,False
J_00052,I_00204,16.35654440734573,107.90580473738702,174.90799570083618,normal,1.0,0.0,1.2062109999139976,False
J_00053,I_00124,16.494219343608624,107.47751251432638,161.8819351196289,normal,1.0,0.0,0.5210530253718146,False
J_00054,I_00350,16.35857804855855,107.83241576549787,98.80155229568481,normal,1.0,0.0,23.12919988089719,False
J_00055,I_00450,16.305591119636382,107.37987255249611,94.38315534591675,residential_clean,2.2,0.0,5.6879340127193965,False
J_00056,I_01179,16.372277283543976,107.67089381300174,92.79354524612427,normal,1.0,0.0,6.4638014427498725,False
J_00057,I_00753,16.330822958968533,107.70528129557366,64.4962043762207,normal,1.0,0.0,496.6703337836405,False
J_00058,I_01088,16.28156022182723,107.91057423988626,46.515249729156494,hospitals_clean,6.0,0.0,8.84085933392736,False
J_00059,I_00878,16.312662617169455,108.01471105838463,35.2052640914917,residential_clean,2.2,0.0,0.8759775605967522,False
J_00060,I_00231,16.389373727405353,107.57842091089759,31.651678562164307,normal,1.0,0.0,3.540356078824999,False
J_00061,I_00471,16.27044419468262,108.05656447541486,19.13001251220703,normal,1.0,0.0,80.03178399857386,False
J_00062,I_00729,16.47278276638889,107.58529093084552,131476.7369532585,command_centers_clean,12.7,0.0,69.37598157705753,False
J_00063,I_00729,16.471795893352063,107.58742675420515,130308.49661874771,command_centers_clean,12.7,0.0,28.10358676156577,False
J_00064,I_00729,16.471583885457544,107.5875293256478,130210.90630578995,command_centers_clean,12.7,0.0,1.5592595709893247,False
J_00065,I_00729,16.471562258193778,107.5875176651551,130210.90630578995,command_centers_clean,12.7,0.0,1.2671175733926974,False
J_00066,I_00729,16.47174036285637,107.58761523877595,129999.6263833046,command_centers_clean,12.7,0.0,22.087622638263664,False
J_00067,I_00702,16.46454849943456,107.58807261443236,128854.04879283905,command_centers_clean,12.7,0.0,22.61740088488766,False
J_00068,I_00702,16.464570245572304,107.58805030683929,128842.2682762146,command_centers_clean,12.7,0.0,26.158389516087013,False
J_00069,I_00702,16.46457528420508,107.58804513811559,128842.2682762146,command_centers_clean,12.7,0.0,26.978845214252917,False
J_00070,I_00702,16.46444033477366,107.58799493977628,128842.2682762146,command_centers_clean,12.7,0.0,24.76643696024351,False
J_00071,I_00702,16.464532592900117,107.58808893165003,128794.59413433075,command_centers_clean,12.7,0.0,20.02729257092139,False
J_00072,I_00702,16.46454318655293,107.5880780644849,128794.59413433075,command_centers_clean,12.7,0.0,21.75228854225889,False
J_00073,I_00702,16.464347698170627,107.5881435405699,128794.59413433075,command_centers_clean,12.7,0.0,10.727913124446939,False
J_00074,I_00702,16.464510702399632,107.58811138732874,128794.59413433075,command_centers_clean,12.7,0.0,16.46279761418066,False
J_00075,I_00702,16.464308771635896,107.58809854093185,128794.59413433075,command_centers_clean,12.7,0.0,17.47408490069834,False
J_00076,I_00702,16.464524254102365,107.58809748574271,128794.59413433075,command_centers_clean,12.7,0.0,18.669461413209095,False
J_00077,I_00702,16.464484203888752,107.58813856998597,128794.59413433075,command_centers_clean,12.7,0.0,12.147967232975365,False
J_00078,I_00702,16.46447431713042,107.58814871200262,128794.59413433075,command_centers_clean,12.7,0.0,10.538077475343707,False
J_00079,I_00702,16.464352095322308,107.5881486237415,128794.59413433075,command_centers_clean,12.7,0.0,9.965863687507385,False
J_00080,I_00702,16.464526358182063,107.58809532733893,128794.59413433075,command_centers_clean,12.7,0.0,19.012074943736213,False
J_00081,I_00702,16.4644901115038,107.58813250984672,128794.59413433075,command_centers_clean,12.7,0.0,13.109921496220249,False
J_00082,I_00702,16.464318769963995,107.5881100991431,128794.59413433075,command_centers_clean,12.7,0.0,15.741322552380968,False
J_00083,I_00702,16.46449836170742,107.58812404663702,128794.59413433075,command_centers_clean,12.7,0.0,14.453326371676612,False
J_00084,I_00702,16.46447575708445,107.58814723487158,128794.59413433075,command_centers_clean,12.7,0.0,10.772549395638029,False
J_00085,I_00702,16.464370635173076,107.58817005608124,128732.22726345062,command_centers_clean,12.7,0.0,6.75281017036253,False
J_00086,I_00702,16.46443425337805,107.58818981012361,128726.26829862595,command_centers_clean,12.7,0.0,4.01438041837111,False
J_00087,I_00702,16.46436188785591,107.5881599440539,128713.80829906464,command_centers_clean,12.7,0.0,8.268766217371514,False
J_00088,I_00702,16.464447106884304,107.5881766247656,128707.84933423996,command_centers_clean,12.7,0.0,6.107353995456447,False
J_00089,I_00702,16.464461217875186,107.58816214945621,128707.84933423996,command_centers_clean,12.7,0.0,8.405087587525239,False
J_00090,I_00702,16.464437012858042,107.58818697939945,128707.84933423996,command_centers_clean,12.7,0.0,4.463714510898733,False
J_00091,I_00702,16.464439950484827,107.58818396592905,128707.84933423996,command_centers_clean,12.7,0.0,4.942056767151302,False
J_00092,I_00702,16.464467732656107,107.5881554664759,128707.84933423996,command_centers_clean,12.7,0.0,9.465908325080298,False
J_00093,I_00957,16.46523617869316,107.58994826366342,127131.50631666183,command_centers_clean,12.7,0.0,49.84493415019131,False
J_00094,I_01027,16.4646750203025,107.5935398263262,122832.99582529068,command_centers_clean,12.7,0.0,1.1966561608771165,False
J_00095,I_01027,16.464668358823776,107.59354709907375,122832.99582529068,command_centers_clean,12.7,0.0,0.07711109078966702,False
J_00096,I_01027,16.464679880948406,107.59353451965882,122832.99582529068,command_centers_clean,12.7,0.0,2.013548709998707,False
J_00097,I_01027,16.464704558108323,107.59350757807708,122832.99582529068,command_centers_clean,12.7,0.0,6.16085545831507,False
J_00098,I_01027,16.464664311609297,107.59355151780818,122832.99582529068,command_centers_clean,12.7,0.0,0.6030853806873734,False
J_00099,I_01027,16.464708124334017,107.59350368460765,122819.5538983345,command_centers_clean,12.7,0.0,6.760204531671027,False
J_00100,I_01027,16.46472660471002,107.59348350843554,122819.5538983345,command_centers_clean,12.7,0.0,9.866064298800698,False
J_00101,I_01027,16.47034951889941,107.59600788811011,121244.73109102249,command_centers_clean,12.7,0.0,3.6829743557644194,False
J_00102,I_01027,16.458948258234813,107.5963618291461,111636.25015497208,command_centers_clean,12.7,0.0,81.32489628023431,False
J_00103,I_00635,16.450580799124513,107.59447178106004,81028.36983585358,command_centers_clean,12.7,0.0,1.5109575087742875,False
J_00104,I_00635,16.450553262258055,107.59442091180165,81028.36983585358,command_centers_clean,12.7,0.0,2.017665686845686,False
J_00105,I_01027,16.453005977998988,107.60234482099709,77308.1898818016,command_centers_clean,12.7,0.0,24.57153515251888,False
J_00106,I_01027,16.452614718427462,107.60214538009775,76572.24998092651,command_centers_clean,12.7,0.0,12.286516123071028,False
J_00107,I_00635,16.448935483556227,107.59540419737893,73327.03724718094,command_centers_clean,12.7,0.0,33.97825472133798,False
J_00108,I_01027,16.44959962255497,107.60387368702425,69599.75666379929,command_centers_clean,12.7,0.0,0.689488834171258,False
J_00109,I_01027,16.448962171085178,107.60788035622673,66950.06375789642,command_centers_clean,12.7,0.0,4.144131774070388,False
J_00110,I_00702,16.44245070155719,107.58288412049833,60427.894500255585,command_centers_clean,12.7,0.0,6.852940692727584,False
J_00111,I_01027,16.442124788449405,107.60155787700987,57220.32396888733,command_centers_clean,12.7,0.0,1.5381477852156862,False
J_00112,I_01027,16.44210990675786,107.6015694847291,56956.26597213745,command_centers_clean,12.7,0.0,0.653255975244582,False
J_00113,I_01027,16.437907949336036,107.60083211821737,43995.76781415939,command_centers_clean,12.7,0.0,5.14823783357029,False
J_00114,I_01027,16.440377488874784,107.60684496103747,40682.384159088135,command_centers_clean,12.7,0.0,1.5276792056661805,False
J_00115,I_01027,16.44039858762412,107.60693661786658,40482.4603767395,command_centers_clean,12.7,0.0,7.255485580945919,False
J_00116,I_01027,16.440326664097373,107.60686267739267,40262.56811904907,command_centers_clean,12.7,0.0,5.449704217093231,False
J_00117,I_00702,16.43599082811364,107.58473462537664,36515.866225242615,command_centers_clean,12.7,0.0,4.196299607115121,False
J_00118,I_00702,16.45758592851554,107.55416265729477,30412.054837703705,command_centers_clean,12.7,0.0,2.4618673974460163,False
J_00119,I_00702,16.434293979224318,107.5809096232637,24312.75900030136,command_centers_clean,12.7,0.0,2.9113472056127825,False
J_00120,I_01027,16.441756769765373,107.61479333500752,21361.094809532166,command_centers_clean,12.7,0.0,0.7991528241223984,False
J_00121,I_01027,16.441753936378298,107.61479170693413,21361.094809532166,command_centers_clean,12.7,0.0,1.1746455472189359,False
J_00122,I_00702,16.457876929945762,107.54754848174686,19941.62281513214,command_centers_clean,12.7,0.0,22.741244315238966,False
J_00123,I_00702,16.441686307644428,107.55963391482048,15880.1759724617,command_centers_clean,12.7,0.0,2.3923103219827686,False
J_00124,I_00702,16.46221913621201,107.54017791227284,14397.78283071518,command_centers_clean,12.7,0.0,4.972454683154084,False
J_00125,I_00729,16.50014980005214,107.55640725901563,12930.302855014801,command_centers_clean,12.7,0.0,26.88308528506278,False
J_00126,I_00543,16.494677696010587,107.6119553390006,11140.989340305328,residential_clean,2.2,0.0,66.1661075348299,False
J_00127,I_01183,16.27506832581875,107.21918835641338,10517.738826274872,residential_clean,5.2,0.0,4.590957877054487,False
J_00128,I_00702,16.44258702633554,107.54719827506908,9953.271081924438,command_centers_clean,12.7,0.0,2.945292737877909,False
J_00129,I_00702,16.4476344908175,107.53968695423525,8691.343459129333,command_centers_clean,12.7,0.0,15.627931466390475,False
J_00130,I_00702,16.453262858655737,107.53583968226127,8106.260534286499,command_centers_clean,12.7,0.0,17.95962078598929,False
J_00131,I_00702,16.447352874375273,107.53854642903534,8035.318346977234,command_centers_clean,12.7,0.0,4.557455581940453,False
J_00132,I_00702,16.447350458270662,107.53853148173515,8035.318346977234,command_centers_clean,12.7,0.0,6.244847924792344,False
J_00133,I_00702,16.44747156206897,107.53705348049108,7418.696971416473,command_centers_clean,12.7,0.0,29.752078816687728,False
J_00134,I_00702,16.44750004252565,107.53696056967672,7350.997317790985,command_centers_clean,12.7,0.0,18.893863170714265,False
J_00135,I_00337,16.242546604159962,107.24263380110797,5086.900557041168,residential_clean,5.2,0.0,39.15254796106771,False
J_00136,I_00337,16.24253893880102,107.24262364536128,5086.900557041168,residential_clean,5.2,0.0,40.590612889569336,False
J_00137,I_00702,16.451125941566488,107.53012212243007,4394.835613250732,command_centers_clean,12.7,0.0,17.20904705101668,False
J_00138,I_00702,16.45116943834103,107.52994771138607,4333.389503479004,command_centers_clean,12.7,0.0,12.067137178853205,False
J_00139,I_00859,16.631263508756934,107.51110328533161,4189.951062202454,residential_clean,2.2,0.0,1.3201475179659745,False
J_00140,I_00859,16.631271249732787,107.5110989428329,4189.951062202454,residential_clean,2.2,0.0,0.3627582058419408,False
J_00141,I_00859,16.63135695248754,107.51108360693085,4189.951062202454,residential_clean,2.2,0.0,3.526755386461424,False
J_00142,I_00625,16.487892803624955,107.75099697808993,3588.576114177704,normal,1.0,0.0,8.617965048374202,False
J_00143,I_00625,16.488575677668692,107.75085511215656,3588.576114177704,normal,1.0,0.0,1.273223485393648,False
J_00144,I_00625,16.487640879531295,107.75100698469484,3588.576114177704,normal,1.0,0.0,1.300514022628523,False
J_00145,I_00356,16.49345643120695,107.74306407167101,3588.576114177704,normal,1.0,0.0,154.08169464771427,False
J_00146,I_00318,16.490951110500315,107.74645865102244,3588.576114177704,normal,1.0,0.0,105.42838697458937,False
J_00147,I_00625,16.48857221680456,107.75085313834383,3588.576114177704,normal,1.0,0.0,1.731163794114141,False
J_00148,I_00625,16.487916433751156,107.75102543453406,3588.576114177704,normal,1.0,0.0,4.42745519401172,False
J_00149,I_00625,16.48765939320378,107.75099051794157,3588.576114177704,normal,1.0,0.0,1.5243193152442693,False
J_00150,I_00573,16.48956018505384,107.74782888981294,3588.576114177704,normal,1.0,0.0,36.35384270198533,False
J_00151,I_00625,16.48790506628768,107.75101174533083,3588.576114177704,normal,1.0,0.0,6.443333943427659,False
J_00152,I_00625,16.488473722749102,107.75079696486803,3588.576114177704,normal,1.0,0.0,4.051988810356276,False
J_00153,I_00625,16.48851411472881,107.75082000136038,3588.576114177704,normal,1.0,0.0,9.396638934315094,False
J_00154,I_00625,16.488517761308238,107.75082208109029,3588.576114177704,normal,1.0,0.0,8.93669454634656,False
J_00155,I_00625,16.487670592548316,107.75098056385276,3588.576114177704,normal,1.0,0.0,3.232618124192778,False
J_00156,I_00573,16.48950592297201,107.74785289026767,3588.576114177704,normal,1.0,0.0,29.51118348727978,False
J_00157,I_00318,16.492724749240875,107.74087184667637,3588.576114177704,normal,1.0,0.0,367.1581833487243,False
J_00158,I_00625,16.488534003148374,107.75083134419377,3588.576114177704,normal,1.0,0.0,6.787580592170114,False
J_00159,I_00625,16.487644608417874,107.75100366533914,3588.576114177704,normal,1.0,0.0,0.7313588055366087,False
J_00160,I_00625,16.488478627143284,107.75079976195867,3588.576114177704,normal,1.0,0.0,4.70093616807626,False
J_00161,I_00625,16.487878171693676,107.75097935767224,3588.576114177704,normal,1.0,0.0,11.212756361605653,False
J_00162,I_00625,16.488560240103695,107.75084630774819,3588.576114177704,normal,1.0,0.0,3.315916511251586,False
J_00163,I_00625,16.488485656841824,107.75080377116021,3588.576114177704,normal,1.0,0.0,5.631102928601648,False
J_00164,I_00625,16.487646493943522,107.7510019868943,3588.576114177704,normal,1.0,0.0,0.4435633045285874,False
J_00165,I_00625,16.488554494551742,107.75084303092422,3588.576114177704,normal,1.0,0.0,4.076165831350811,False
J_00166,I_00625,16.488539585161195,107.75083452774716,3588.576114177704,normal,1.0,0.0,6.048970790088171,False
J_00167,I_00318,16.490629611785597,107.74646011989942,3588.576114177704,normal,1.0,0.0,140.25215631892442,False
J_00168,I_00625,16.48730901134154,107.759086308928,3588.576114177704,normal,1.0,0.0,129.79698352500122,False
J_00169,I_00048,16.276678353561245,107.20393790406754,3170.3795523643494,residential_clean,5.2,0.0,5.588077312975133,False
J_00170,I_00589,16.179535310649523,107.70145169115034,3156.5854682922363,residential_clean,2.2,0.0,4.540267779076981,False
J_00171,I_00589,16.171331293128063,107.70642712099031,3097.0531706809998,residential_clean,2.2,0.0,11.987084283677554,False
J_00172,I_00589,16.17135189341082,107.70643205088369,3097.0531706809998,residential_clean,2.2,0.0,14.437027115267819,False
J_00173,I_00589,16.17130389878915,107.70642056519908,3097.0531706809998,residential_clean,2.2,0.0,8.729140843693674,False
J_00174,I_00589,16.171324689792694,107.7064255407335,3097.0531706809998,residential_clean,2.2,0.0,11.201765303939085,False
J_00175,I_00589,16.17130595770095,107.70642105792113,3097.0531706809998,residential_clean,2.2,0.0,8.974002300968644,False
J_00176,I_00589,16.171317029677986,107.70642370757689,3097.0531706809998,residential_clean,2.2,0.0,10.290766102843792,False
J_00177,I_00589,16.17144775839362,107.70645499252427,3091.7819209098816,residential_clean,2.2,0.0,22.56554275601983,False
J_00178,I_00589,16.171429138758164,107.70645053662123,3091.7819209098816,residential_clean,2.2,0.0,23.623635575566997,False
J_00179,I_00589,16.171408543635156,107.70644560796072,3091.7819209098816,residential_clean,2.2,0.0,21.174305422382975,False
J_00180,I_00589,16.171466336353948,107.70645943845435,3091.7819209098816,residential_clean,2.2,0.0,20.35610865065446,False
J_00181,I_00589,16.171416883161776,107.70644760370963,3091.7819209098816,residential_clean,2.2,0.0,22.16610592626794,False
J_00182,I_00589,16.171443048686548,107.7064538654346,3091.7819209098816,residential_clean,2.2,0.0,23.12565735605055,False
J_00183,I_00589,16.171450422220513,107.70645563001015,3091.7819209098816,residential_clean,2.2,0.0,22.24873996191125,False
J_00184,I_00589,16.17146208965472,107.70645842216794,3091.7819209098816,residential_clean,2.2,0.0,20.86115884333701,False
J_00185,I_00589,16.17136258447145,107.70643460938223,3086.5535731315613,residential_clean,2.2,0.0,15.708489733250529,False
J_00186,I_00589,16.17137440995286,107.70643743936135,3086.5535731315613,residential_clean,2.2,0.0,17.114866416745787,False
J_00187,I_00589,16.171495634324668,107.70631073088333,3086.5535731315613,residential_clean,2.2,0.0,26.76133025534104,False
J_00188,I_00589,16.17137554667851,107.7064377113934,3086.5535731315613,residential_clean,2.2,0.0,17.25005452912957,False
J_00189,I_00589,16.171402026771013,107.7064440483969,3086.5535731315613,residential_clean,2.2,0.0,20.399269957504305,False
J_00190,I_00589,16.17139323797283,107.70644194513206,3086.5535731315613,residential_clean,2.2,0.0,19.35403871079302,False
J_00191,I_00589,16.17151508753982,107.7064711052034,3084.653655052185,residential_clean,2.2,0.0,14.558241218012256,False
J_00192,I_00589,16.17148736241412,107.70646447024478,3084.653655052185,residential_clean,2.2,0.0,17.855527407773142,False
J_00193,I_00589,16.171484690164235,107.70646383074303,3084.653655052185,residential_clean,2.2,0.0,18.17333198883667,False
J_00194,I_00589,16.171492391960584,107.70646567387614,3084.653655052185,residential_clean,2.2,0.0,17.25737491199361,False
J_00195,I_00589,16.171511837624035,107.70647032745913,3084.653655052185,residential_clean,2.2,0.0,14.94474634070916,False
J_00196,I_00589,16.171499704949227,107.70646742396292,3084.653655052185,residential_clean,2.2,0.0,16.387657814872714,False
J_00197,I_00589,16.17127618278459,107.70641393243034,3079.842339992523,residential_clean,2.2,0.0,5.432942933563925,False
J_00198,I_00589,16.171269721855207,107.70641238625339,3079.842339992523,residential_clean,2.2,0.0,4.664560172841625,False
J_00199,I_00589,16.171261655437096,107.70641045586407,3079.842339992523,residential_clean,2.2,0.0,3.7052405432520965,False
J_00200,I_00589,16.171283187407166,107.70641560871952,3079.842339992523,residential_clean,2.2,0.0,6.265985843126848,False
J_00201,I_00589,16.171285498641183,107.70641616182525,3079.842339992523,residential_clean,2.2,0.0,6.540855350469307,False
J_00202,I_00589,16.171526062216905,107.70647373157692,3077.5037112236023,residential_clean,2.2,0.0,13.253047686025466,False
J_00203,I_00702,16.453751056903666,107.52763232842717,2988.488067626953,command_centers_clean,12.7,0.0,21.802009693449666,False
J_00204,I_00702,16.453827554273676,107.52736482991072,2943.230498313904,command_centers_clean,12.7,0.0,21.816527690385485,False
J_00205,I_00320,16.695262989280856,107.38892815677404,2879.1375365257263,residential_clean,4.7,0.0,15.040231796798757,False
J_00206,I_00589,16.172042385087455,107.71096715517245,2789.1563143730164,residential_clean,2.2,0.0,1.408259922201757,False
J_00207,I_00589,16.172073236916496,107.71098873802917,2789.1563143730164,residential_clean,2.2,0.0,5.7163434232888575,False
J_00208,I_00589,16.171956862916623,107.7109239560568,2789.1563143730164,residential_clean,2.2,0.0,9.624933390462571,False
J_00209,I_00589,16.172051109047754,107.71097325814854,2789.1563143730164,residential_clean,2.2,0.0,2.6264550340770376,False
J_00210,I_00589,16.172019544316303,107.71095398840662,2789.1563143730164,residential_clean,2.2,0.0,1.627483723142182,False
J_00211,I_00589,16.171954844064363,107.71092298877036,2789.1563143730164,residential_clean,2.2,0.0,9.882516449302662,False
J_00212,I_00589,16.17206287100697,107.71098148640233,2789.1563143730164,residential_clean,2.2,0.0,4.26886988578826,False
J_00213,I_00589,16.171918530594212,107.71090559001159,2780.0581936836243,residential_clean,2.2,0.0,14.51571027519815,False
J_00214,I_00589,16.17189301436962,107.71089336450503,2780.0581936836243,residential_clean,2.2,0.0,15.542146869227938,False
J_00215,I_00589,16.1719347470626,107.7109133597567,2780.0581936836243,residential_clean,2.2,0.0,12.446669859675113,False
J_00216,I_00589,16.171541359560106,107.71077943148977,2768.8588309288025,residential_clean,2.2,0.0,6.265925117787342,False
J_00217,I_00589,16.171552468977392,107.71078211741147,2768.8588309288025,residential_clean,2.2,0.0,7.587827312491027,False
J_00218,I_00589,16.17163394158302,107.71080181503247,2768.318196773529,residential_clean,2.2,0.0,16.332300863704496,False
J_00219,I_00589,16.17161000571186,107.71079602805925,2768.318196773529,residential_clean,2.2,0.0,14.434086373441458,False
J_00220,I_00589,16.171575403510307,107.7107876622896,2761.1751947402954,residential_clean,2.2,0.0,10.316792407480765,False
J_00221,I_00589,16.1715611905824,107.71078422603236,2761.1751947402954,residential_clean,2.2,0.0,8.625605359176626,False
J_00222,I_00589,16.17157245467115,107.71078694934923,2761.1751947402954,residential_clean,2.2,0.0,9.9659119440215,False
J_00223,I_00589,16.171813441662028,107.71085523909991,2760.464062690735,residential_clean,2.2,0.0,5.389561059586691,False
J_00224,I_00589,16.17179493283454,107.71084637102953,2760.464062690735,residential_clean,2.2,0.0,3.0280426648158465,False
J_00225,I_00589,16.171742930703893,107.71082816533037,2760.464062690735,residential_clean,2.2,0.0,3.3637483721100745,False
J_00226,I_00589,16.171790767396292,107.71084437525765,2760.464062690735,residential_clean,2.2,0.0,2.4965795834547873,False
J_00227,I_00589,16.171812306103966,107.71085469502388,2760.464062690735,residential_clean,2.2,0.0,5.244676604962353,False
J_00228,I_00589,16.17178045526679,107.71083943444324,2760.464062690735,residential_clean,2.2,0.0,1.1808678668582304,False
J_00229,I_00589,16.171823804033707,107.71086020398752,2760.464062690735,residential_clean,2.2,0.0,6.711683336237963,False
J_00230,I_00589,16.171799433973234,107.71084852764446,2760.464062690735,residential_clean,2.2,0.0,3.6023373610981664,False
J_00231,I_00589,16.171674940497542,107.71081172733763,2760.464062690735,residential_clean,2.2,0.0,11.453864563320549,False
J_00232,I_00589,16.171724318250423,107.71082366539677,2760.464062690735,residential_clean,2.2,0.0,5.578433957617723,False
J_00233,I_00589,16.171753599685783,107.71083074477072,2760.464062690735,residential_clean,2.2,0.0,2.0942519990859934,False
J_00234,I_00589,16.17152986305771,107.7107616514263,2746.466634273529,residential_clean,2.2,0.0,4.8040160014018225,False
J_00235,I_01051,16.16831054149025,107.68423851918358,2710.0014238357544,normal,1.0,0.0,7.140282759446387,False
J_00236,I_01051,16.168382374323645,107.68425048970374,2710.0014238357544,normal,1.0,0.0,3.1927226541104288,False
J_00237,I_01051,16.168211270031996,107.68415456217025,2710.0014238357544,normal,1.0,0.0,2.0123195988374523,False
J_00238,I_01051,16.16831974275029,107.68424434307873,2710.0014238357544,normal,1.0,0.0,6.762630916106262,False
J_00239,I_01051,16.168395843216345,107.68422369779006,2710.0014238357544,normal,1.0,0.0,0.3640980744730966,False
J_00240,I_01051,16.168340928346662,107.6842577524054,2710.0014238357544,normal,1.0,0.0,3.8890195665746856,False
J_00241,I_01051,16.168432939344697,107.68418918839362,2710.0014238357544,normal,1.0,0.0,5.426439904068206,False
J_00242,I_01051,16.168371007140884,107.6842731009582,2710.0014238357544,normal,1.0,0.0,0.35169067312557234,False
J_00243,I_01051,16.168454196986662,107.68417033315616,2710.0014238357544,normal,1.0,0.0,4.674836310061178,False
J_00244,I_01051,16.168419648112142,107.68420097753392,2710.0014238357544,normal,1.0,0.0,3.402719228522266,False
J_00245,I_01051,16.168375708173134,107.6842637498079,2710.0014238357544,normal,1.0,0.0,1.526632874817338,False
J_00246,I_01051,16.16836553781297,107.68428399866457,2710.0014238357544,normal,1.0,0.0,1.0170776986668524,False
J_00247,I_01051,16.168437907121238,107.68418478204401,2710.0014238357544,normal,1.0,0.0,6.182832700922626,False
J_00248,I_01051,16.168350148126947,107.68426358802377,2710.0014238357544,normal,1.0,0.0,2.638449753174373,False
J_00249,I_01051,16.168331816669333,107.68425198521058,2710.0014238357544,normal,1.0,0.0,5.124926252437256,False
J_00250,I_01051,16.168254304035557,107.68420202817468,2710.0014238357544,normal,1.0,0.0,0.5462416460836977,False
J_00251,I_01051,16.16826477376789,107.68420955071853,2710.0014238357544,normal,1.0,0.0,0.932356595716153,False
J_00252,I_01051,16.168238119265542,107.68418775237697,2710.0014238357544,normal,1.0,0.0,2.9194843172184557,False
J_00253,I_01051,16.168200017854918,107.68413061568357,2710.0014238357544,normal,1.0,0.0,4.979956604488784,False
J_00254,I_01051,16.168288235436343,107.68422440067062,2710.0014238357544,normal,1.0,0.0,4.114693178777309,False
J_00255,I_01051,16.16826698722628,107.68421095171648,2710.0014238357544,normal,1.0,0.0,1.2325896863146897,False
J_00256,I_01051,16.168414055295752,107.68420593828486,2710.0014238357544,normal,1.0,0.0,2.551158049314271,False
J_00257,I_01051,16.168363018693164,107.68428902096065,2710.0014238357544,normal,1.0,0.0,1.6478070362993429,False
J_00258,I_01051,16.16835844240105,107.68429814458133,2710.0014238357544,normal,1.0,0.0,2.7936047232435737,False
J_00259,I_01051,16.16846463907906,107.68416107116238,2710.0014238357544,normal,1.0,0.0,3.0849249318355296,False
J_00260,I_01051,16.168354982822475,107.68426664812262,2710.0014238357544,normal,1.0,0.0,1.9826722494194693,False
J_00261,I_01051,16.16835487564135,107.68430525552643,2710.0014238357544,normal,1.0,0.0,3.6866388285244747,False
J_00262,I_01051,16.168426062648862,107.68419528792825,2710.0014238357544,normal,1.0,0.0,4.379395417080556,False
J_00263,I_01051,16.168404785892765,107.68421416011701,2710.0014238357544,normal,1.0,0.0,1.1398005397198037,False
J_00264,I_01051,16.16838622261174,107.68424283480572,2710.0014238357544,normal,1.0,0.0,2.768603037499812,False
J_00265,I_01051,16.1684485470519,107.68417534457116,2710.0014238357544,normal,1.0,0.0,5.535094468501454,False
J_00266,I_01051,16.16822497390982,107.6841761574995,2710.0014238357544,normal,1.0,0.0,0.9226514824055838,False
J_00267,I_01051,16.168436619527736,107.68418592412176,2710.0014238357544,normal,1.0,0.0,5.9867839369847005,False
J_00268,I_01051,16.168205640858574,107.6841425823616,2710.0014238357544,normal,1.0,0.0,3.49695172470101,False
J_00269,I_01051,16.168227020331457,107.68417796254822,2710.0014238357544,normal,1.0,0.0,1.2335112192231115,False
J_00270,I_01051,16.168216243179433,107.68416514584777,2710.0014238357544,normal,1.0,0.0,0.7007070242928689,False
J_00271,I_01051,16.16829881329313,107.68423109587562,2710.0014238357544,normal,1.0,0.0,5.5494719363636245,False
J_00272,I_01051,16.168211825153012,107.68415574355924,2710.0014238357544,normal,1.0,0.0,1.8659125806500612,False
J_00273,I_01051,16.16827676358691,107.68421713961756,2710.0014238357544,normal,1.0,0.0,2.5586534922212683,False
J_00274,I_01051,16.168364564800086,107.68427271299258,2710.0014238357544,normal,1.0,0.0,0.68297394401028,False
J_00275,I_01051,16.168466096806203,107.68415977817821,2710.0014238357544,normal,1.0,0.0,2.8629716164431946,False
J_00276,I_01051,16.168294074150936,107.68422809625767,2710.0014238357544,normal,1.0,0.0,4.906655457824865,False
J_00277,I_01051,16.168393496071975,107.68422836665872,2710.0014238357544,normal,1.0,0.0,0.9507265256354861,False
J_00278,I_00533,16.69857607005174,107.3810864138071,2648.840564250946,residential_clean,4.7,0.0,4.759751113116188,False
J_00279,I_00533,16.698499133082652,107.3811263907353,2648.840564250946,residential_clean,4.7,0.0,8.01399911860466,False
J_00280,I_00533,16.698539254687695,107.38106782760903,2648.840564250946,residential_clean,4.7,0.0,0.007059924979162602,False
J_00281,I_00533,16.698484429950398,107.3811478914462,2648.840564250946,residential_clean,4.7,0.0,8.686654835951993,False
J_00282,I_00533,16.698570168440433,107.38101637867857,2648.840564250946,residential_clean,4.7,0.0,6.7616883086825075,False
J_00283,I_00533,16.698605872722602,107.38110145965697,2648.840564250946,residential_clean,4.7,0.0,8.607137103954287,False
J_00284,I_00533,16.698741325585697,107.3811698429349,2643.580253124237,residential_clean,4.7,0.0,26.093478373499536,False
J_00285,I_00304,16.154804166365448,107.70764761057937,2539.2701330184937,residential_clean,2.2,0.0,6.964201356178123,False
J_00286,I_00304,16.154836712386654,107.70766637712265,2539.2701330184937,residential_clean,2.2,0.0,11.276028737353153,False
J_00287,I_00304,16.154851634177163,107.70767498126074,2539.2701330184937,residential_clean,2.2,0.0,13.252927608453852,False
J_00288,I_00304,16.154815265715172,107.70765401063713,2539.2701330184937,residential_clean,2.2,0.0,8.434687629315635,False
J_00289,I_00304,16.1547905466712,107.70763975725224,2539.2701330184937,residential_clean,2.2,0.0,5.159809866248973,False
J_00290,I_00304,16.154832698238287,107.70766406250193,2539.2701330184937,residential_clean,2.2,0.0,10.74421822838149,False
J_00291,I_00304,16.154853662979285,107.70767615109986,2539.2701330184937,residential_clean,2.2,0.0,13.521711491264131,False
J_00292,I_00304,16.154817252013654,107.7076551559678,2539.2701330184937,residential_clean,2.2,0.0,8.697840411967434,False
J_00293,I_00241,16.49050286592123,107.4196051469596,2479.3148465156555,residential_clean,2.2,0.0,3.0725213222203664,False
J_00294,I_00857,16.496236263200995,107.43964959275966,2458.413070678711,residential_clean,2.2,0.0,4.039535897888937,False
J_00295,I_00857,16.496463572437317,107.4396055082115,2458.413070678711,residential_clean,2.2,0.0,8.582037206026719,False
J_00296,I_00304,16.16232547112021,107.70922220022196,2439.336293697357,residential_clean,2.2,0.0,32.06243404050497,False
J_00297,I_00304,16.16235198964454,107.70922802965536,2439.336293697357,residential_clean,2.2,0.0,35.20369667538994,False
J_00298,I_00304,16.162359634991148,107.70922971029347,2439.336293697357,residential_clean,2.2,0.0,36.10932940897147,False
J_00299,I_00304,16.162315896674205,107.70922009551998,2439.336293697357,residential_clean,2.2,0.0,30.92828922937509,False
J_00300,I_01096,16.493489683164317,107.44200111012849,2434.668827533722,normal,1.0,0.0,54.03453371729232,False
J_00301,I_00857,16.49034209091668,107.44084358872611,2426.6078400611877,residential_clean,2.2,0.0,12.156420082230287,False
J_00302,I_00304,16.162113024389754,107.70917549915731,2423.0611186027527,residential_clean,2.2,0.0,6.896984988283398,False
J_00303,I_00304,16.162266105738958,107.70920915023255,2423.0611186027527,residential_clean,2.2,0.0,25.03028507456969,False
J_00304,I_00304,16.16217346529696,107.70918878556385,2423.0611186027527,residential_clean,2.2,0.0,14.056530267671274,False
J_00305,I_00304,16.16215511395167,107.70918475148378,2423.0611186027527,residential_clean,2.2,0.0,11.882716081620838,False
J_00306,I_00304,16.162101357722545,107.70907542880448,2423.0611186027527,residential_clean,2.2,0.0,11.112975394906941,False
J_00307,I_00304,16.162116080306802,107.7091761709234,2423.0611186027527,residential_clean,2.2,0.0,7.258974481613376,False
J_00308,I_00304,16.16230323829476,107.70921731289272,2423.0611186027527,residential_clean,2.2,0.0,29.42883594212896,False
J_00309,I_00304,16.162148699859145,107.70918334150751,2423.0611186027527,residential_clean,2.2,0.0,11.122932848632622,False
J_00310,I_00304,16.162139655544507,107.70918135334341,2423.0611186027527,residential_clean,2.2,0.0,10.051585917348019,False
J_00311,I_00304,16.162219051062813,107.70919880644554,2423.0611186027527,residential_clean,2.2,0.0,19.456406896409096,False
J_00312,I_00304,16.162103358232926,107.70907167890125,2423.0611186027527,residential_clean,2.2,0.0,11.590482115728076,False
J_00313,I_00304,16.162229539236183,107.70920111200643,2423.0611186027527,residential_clean,2.2,0.0,20.698787039088018,False
J_00314,I_00304,16.162085090415392,107.70910592143542,2423.0611186027527,residential_clean,2.2,0.0,7.230092213334649,False
J_00315,I_00304,16.162084818287408,107.70910643153202,2423.0611186027527,residential_clean,2.2,0.0,7.16513732189869,False
J_00316,I_00304,16.162125662160307,107.70902987078308,2423.0611186027527,residential_clean,2.2,0.0,16.914261465488995,False
J_00317,I_00304,16.162093938979826,107.70908933503905,2423.0611186027527,residential_clean,2.2,0.0,9.342177577087229,False
J_00318,I_00304,16.162239609788834,107.70920332576405,2423.0611186027527,residential_clean,2.2,0.0,21.89169784038805,False
J_00319,I_00304,16.162091734237695,107.70917081905621,2423.0611186027527,residential_clean,2.2,0.0,4.375054342791017,False
J_00320,I_00304,16.16210655568795,107.70917407717688,2423.0611186027527,residential_clean,2.2,0.0,6.130733160965773,False
J_00321,I_00304,16.162134339966045,107.70918018484781,2423.0611186027527,residential_clean,2.2,0.0,9.421927541456643,False
J_00322,I_00304,16.16209020798657,107.70909632868577,2423.0611186027527,residential_clean,2.2,0.0,8.451617713119969,False
J_00323,I_00304,16.16220343227662,107.7091953730488,2423.0611186027527,residential_clean,2.2,0.0,17.60627839031362,False
J_00324,I_00304,16.162178303717734,107.70918984916861,2423.0611186027527,residential_clean,2.2,0.0,14.629666906442495,False
J_00325,I_00304,16.162111497450354,107.70905642215538,2423.0611186027527,residential_clean,2.2,0.0,13.533251896295715,False
J_00326,I_00304,16.16209569570997,107.7091716898856,2423.0611186027527,residential_clean,2.2,0.0,4.844311578070273,False
J_00327,I_00304,16.162123734386523,107.70903348434392,2423.0611186027527,residential_clean,2.2,0.0,16.454116369372134,False
J_00328,I_00304,16.16211240681472,107.70905471757611,2423.0611186027527,residential_clean,2.2,0.0,13.750310313592578,False
J_00329,I_00304,16.16229109862746,107.70921464429146,2423.0611186027527,residential_clean,2.2,0.0,27.990826993813446,False
J_00330,I_00304,16.162163248665337,107.70918653969521,2423.0611186027527,residential_clean,2.2,0.0,12.846316037894281,False
J_00331,I_00304,16.16218608504452,107.70919155969705,2423.0611186027527,residential_clean,2.2,0.0,15.551406419846643,False
J_00332,I_00304,16.162116416820933,107.70904720092621,2423.0611186027527,residential_clean,2.2,0.0,14.707468570625121,False
J_00333,I_00304,16.162106876583138,107.70906508384773,2423.0611186027527,residential_clean,2.2,0.0,12.430285752290398,False
J_00334,I_00304,16.162121256795963,107.70903812852166,2423.0611186027527,residential_clean,2.2,0.0,15.86273415586028,False
J_00335,I_00390,16.663259467008135,107.44228558606025,2396.1871423721313,residential_clean,2.2,0.0,213.06560211820616,False
J_00336,I_00241,16.503035059083945,107.4323670042516,2384.007791996002,residential_clean,2.2,0.0,13.14683695571633,False
J_00337,I_01096,16.498726898064145,107.44412436671807,2379.264609336853,normal,1.0,0.0,0.4284753976545336,False
J_00338,I_01083,16.58725672801994,107.52384137086098,2349.4732241630554,residential_clean,2.2,0.0,45.34662771087051,False
J_00339,I_00652,16.58355196050674,107.52119388250318,2349.4732241630554,residential_clean,2.2,0.0,0.3672103707774757,False
J_00340,I_00652,16.583633996315992,107.52118592997002,2349.4732241630554,residential_clean,2.2,0.0,0.38340925464867026,False
J_00341,I_00652,16.58359053769918,107.52119488953831,2349.4732241630554,residential_clean,2.2,0.0,0.9367362262682891,False
J_00342,I_00718,16.587359102136926,107.526453701098,2349.4732241630554,residential_clean,2.2,0.0,332.66434270387066,False
J_00343,I_00652,16.583617127482466,107.52119030013434,2349.4732241630554,residential_clean,2.2,0.0,2.2173245544856774,False
J_00344,I_00652,16.58364188406099,107.5211825926499,2349.4732241630554,residential_clean,2.2,0.0,0.611477891838868,False
J_00345,I_00652,16.583599378663003,107.52119489827386,2349.4732241630554,residential_clean,2.2,0.0,0.09318851268876238,False
J_00346,I_00652,16.583596523745793,107.5211950458006,2349.4732241630554,residential_clean,2.2,0.0,0.24123418347756292,False
J_00347,I_00652,16.583568440938794,107.52119431271524,2349.4732241630554,residential_clean,2.2,0.0,2.2820254250522796,False
J_00348,I_00652,16.583610298688406,107.52119206925194,2349.4732241630554,residential_clean,2.2,0.0,1.400070875876528,False
J_00349,I_00652,16.583649850022258,107.52117832851788,2349.4732241630554,residential_clean,2.2,0.0,1.6513894926020276,False
J_00350,I_00652,16.583578193958356,107.52119456731214,2349.4732241630554,residential_clean,2.2,0.0,2.370920939418296,False
J_00351,I_01083,16.587101669684795,107.5239156143259,2349.4732241630554,residential_clean,2.2,0.0,58.17305049262245,False
J_00352,I_01083,16.587268916750677,107.52382327832437,2349.4732241630554,residential_clean,2.2,0.0,43.19695687803061,False
J_00353,I_00589,16.17108060406055,107.71791902394776,2347.34113740921,residential_clean,2.2,0.0,16.573166241979003,False
J_00354,I_00241,16.49470554186764,107.43183230122894,2345.783959388733,residential_clean,2.2,0.0,37.55763264910788,False
J_00355,I_00652,16.583699131727556,107.52114099631882,2340.7997345924377,residential_clean,2.2,0.0,0.36802751311775966,False
J_00356,I_00652,16.583689523374595,107.52114990703598,2340.7997345924377,residential_clean,2.2,0.0,1.8611573033162279,False
J_00357,I_00652,16.58372590305179,107.5211111484927,2340.7997345924377,residential_clean,2.2,0.0,4.184381994597065,False
J_00358,I_00652,16.583707052477834,107.52113250839454,2340.7997345924377,residential_clean,2.2,0.0,0.9520812117640359,False
J_00359,I_00652,16.58366457704226,107.52117044523058,2340.7997345924377,residential_clean,2.2,0.0,0.864590116863541,False
J_00360,I_00652,16.583675349331195,107.52116305194065,2340.7997345924377,residential_clean,2.2,0.0,0.6448024298310221,False
J_00361,I_00652,16.58367025605213,107.52116740528979,2340.7997345924377,residential_clean,2.2,0.0,0.12322712074183126,False
J_00362,I_00589,16.171066559097092,107.71797104437594,2340.752188205719,residential_clean,2.2,0.0,22.588512720814318,False
J_00363,I_00589,16.17107061656507,107.71795601612637,2340.752188205719,residential_clean,2.2,0.0,20.850731403479294,False
J_00364,I_00589,16.171054566535297,107.71801546301478,2340.752188205719,residential_clean,2.2,0.0,27.72483150780459,False
J_00365,I_00589,16.17104525069385,107.71804996748354,2340.752188205719,residential_clean,2.2,0.0,31.71473205072101,False
J_00366,I_00589,16.17103620075483,107.71808348708836,2340.752188205719,residential_clean,2.2,0.0,35.59074852859207,False
J_00367,I_00589,16.171059965745624,107.71799546515496,2340.752188205719,residential_clean,2.2,0.0,25.4123927248325,False
J_00368,I_00589,16.171034483982062,107.71808984575476,2340.752188205719,residential_clean,2.2,0.0,36.32602854873487,False
J_00369,I_00589,16.17105560750309,107.71801160742727,2340.752188205719,residential_clean,2.2,0.0,27.278993294403623,False
J_00370,I_00589,16.171071125874178,107.71795412972223,2340.752188205719,residential_clean,2.2,0.0,20.63259835784225,False
J_00371,I_00589,16.17103173804267,107.7181000162984,2340.752188205719,residential_clean,2.2,0.0,37.502092374063444,False
J_00372,I_00589,16.171061907848003,107.71798827190088,2340.752188205719,residential_clean,2.2,0.0,24.580605729945848,False
J_00373,I_00589,16.171064797246054,107.71797757000645,2340.752188205719,residential_clean,2.2,0.0,23.34309952136118,False
J_00374,I_00589,16.17102838499354,107.71811243548437,2340.752188205719,residential_clean,2.2,0.0,38.938176415379594,False
J_00375,I_00589,16.171048701671516,107.71803718558401,2340.752188205719,residential_clean,2.2,0.0,30.236705878579638,False
J_00376,I_00589,16.17104394876641,107.71805478962588,2340.752188205719,residential_clean,2.2,0.0,32.272337168474316,False
J_00377,I_00589,16.171039424508077,107.71807154679426,2340.752188205719,residential_clean,2.2,0.0,34.21004082182272,False
J_00378,I_00589,16.171043384867147,107.71805687822346,2340.752188205719,residential_clean,2.2,0.0,32.51385071425652,False
J_00379,I_00589,16.171035247367218,107.71808701829171,2340.752188205719,residential_clean,2.2,0.0,35.99907680048347,False
J_00380,I_00589,16.17105104262238,107.71802851505582,2340.752188205719,residential_clean,2.2,0.0,29.234095307268397,False
J_00381,I_00241,16.49499848195188,107.43164654473709,2339.1764822006226,residential_clean,2.2,0.0,13.162552559840769,False
J_00382,I_01155,16.697438315640508,107.37158464920853,2336.7898802757263,residential_clean,2.2,0.0,19.204058597898523,False
J_00383,I_00726,16.69853900855547,107.3769236562033,2336.7898802757263,residential_clean,4.7,0.0,229.85277111405625,False
J_00384,I_00241,16.495215956465717,107.4312876023988,2333.5907974243164,residential_clean,2.2,0.0,24.15808802677111,False
J_00385,I_00589,16.17101083172594,107.71817745012468,2332.6000056266785,residential_clean,2.2,0.0,46.45609968637252,False
J_00386,I_00589,16.17102358112475,107.71813022828616,2332.6000056266785,residential_clean,2.2,0.0,40.99563482563075,False
J_00387,I_00589,16.17102578764122,107.7181220556837,2332.6000056266785,residential_clean,2.2,0.0,40.050601553627146,False
J_00388,I_00589,16.171006946937048,107.71819183879263,2332.6000056266785,residential_clean,2.2,0.0,48.11992341973025,False
J_00389,I_00589,16.171012526425823,107.71817117321366,2332.6000056266785,residential_clean,2.2,0.0,45.7302733903884,False
J_00390,I_00589,16.171019490805712,107.71814537820754,2332.6000056266785,residential_clean,2.2,0.0,42.74748557675622,False
J_00391,I_00589,16.171021878721106,107.71813653373113,2332.6000056266785,residential_clean,2.2,0.0,41.72476062374396,False
J_00392,I_00589,16.171015430343623,107.71816041754298,2332.6000056266785,residential_clean,2.2,0.0,44.486548800792036,False
J_00393,I_00304,16.161458325993117,107.709595178145,2327.7581930160522,residential_clean,2.2,0.0,36.61437726772873,False
J_00394,I_00241,16.50135621789126,107.43053595780218,2327.255989074707,residential_clean,2.2,0.0,0.11282922003771544,False
J_00395,I_00241,16.501376642932595,107.43059749818491,2327.255989074707,residential_clean,2.2,0.0,3.569557760398326,False
J_00396,I_00241,16.496637820325386,107.43015686677758,2320.3980922698975,residential_clean,2.2,0.0,12.285353161937653,False
J_00397,I_00304,16.161500592587743,107.70965809036076,2313.0877323150635,residential_clean,2.2,0.0,28.067791675460846,False
J_00398,I_00304,16.16147782244507,107.70962419786925,2313.0877323150635,residential_clean,2.2,0.0,32.672065681450015,False
J_00399,I_00304,16.16148504345418,107.7096349460663,2313.0877323150635,residential_clean,2.2,0.0,31.211929759885344,False
J_00400,I_00304,16.161468499607235,107.70961032118079,2313.0877323150635,residential_clean,2.2,0.0,34.557205223038714,False
J_00401,I_00304,16.161478402222443,107.70962506084578,2313.0877323150635,residential_clean,2.2,0.0,32.55483085402753,False
J_00402,I_00304,16.161474219699407,107.70961883531969,2313.0877323150635,residential_clean,2.2,0.0,33.40056472061584,False
J_00403,I_00304,16.16149434917664,107.70964879728035,2313.0877323150635,residential_clean,2.2,0.0,29.330250899863092,False
J_00404,I_00304,16.161488293172795,107.70963978314883,2313.0877323150635,residential_clean,2.2,0.0,30.55481509089312,False
J_00405,I_00304,16.165409260270803,107.71309895263484,2283.6008157730103,residential_clean,2.2,0.0,8.749745002282026,False
J_00406,I_00304,16.165404062191914,107.71310506618902,2283.6008157730103,residential_clean,2.2,0.0,9.658659959985608,False
J_00407,I_00304,16.165368422043542,107.71314698320498,2283.6008157730103,residential_clean,2.2,0.0,15.890550885508942,False
J_00408,I_00304,16.165374933421514,107.71313932505745,2283.6008157730103,residential_clean,2.2,0.0,14.751997985133965,False
J_00409,I_00304,16.165363142099043,107.7131531930415,2283.6008157730103,residential_clean,2.2,0.0,15.254792323897282,False
J_00410,I_00304,16.165380684601654,107.71313256099191,2283.6008157730103,residential_clean,2.2,0.0,13.746370134202586,False
J_00411,I_00304,16.165330990692773,107.71319100687799,2276.256527900696,residential_clean,2.2,0.0,9.63292972326121,False
J_00412,I_01113,16.182087893878833,107.69213451574214,2233.2426924705505,residential_clean,2.2,0.0,22.70371140051648,False
J_00413,I_00212,16.639993849085577,107.31901928994091,2148.5502738952637,residential_clean,2.2,0.0,10.978688058110944,False
J_00414,I_00212,16.639988697418676,107.31900389161399,2148.5502738952637,residential_clean,2.2,0.0,12.794318178557468,False
J_00415,I_00212,16.63996226649499,107.31892488961756,2148.5502738952637,residential_clean,2.2,0.0,22.109512297684667,False
J_00416,I_00584,16.64073245330018,107.32035138060384,2148.5502738952637,residential_clean,2.2,0.0,14.743573310013485,False
J_00417,I_00212,16.640137587347578,107.31893729255735,2148.5502738952637,residential_clean,2.2,0.0,23.475171240612017,False
J_00418,I_00212,16.639968195031095,107.31894261000328,2148.5502738952637,residential_clean,2.2,0.0,20.020086204996243,False
J_00419,I_00584,16.640759937080574,107.32041135469439,2148.5502738952637,residential_clean,2.2,0.0,20.427829042712226,False
J_00420,I_00584,16.640710668445426,107.32030384250449,2148.5502738952637,residential_clean,2.2,0.0,8.877504423208148,False
J_00421,I_00584,16.64074773995857,107.32038473858415,2148.5502738952637,residential_clean,2.2,0.0,18.85985505262442,False
J_00422,I_00584,16.64072034454187,107.3203249573214,2148.5502738952637,residential_clean,2.2,0.0,11.483013945465748,False
J_00423,I_00212,16.639983369322543,107.3189879659407,2148.5502738952637,residential_clean,2.2,0.0,14.672128169609719,False
J_00424,I_00212,16.63998556316152,107.31899452332287,2148.5502738952637,residential_clean,2.2,0.0,13.89894153385848,False
J_00425,I_00212,16.639976476605035,107.3189673636166,2148.5502738952637,residential_clean,2.2,0.0,17.101366125870303,False
J_00426,I_00584,16.640726986375338,107.32033945088341,2148.5502738952637,residential_clean,2.2,0.0,13.27147907838738,False
J_00427,I_00584,16.640695215563138,107.32027012180308,2148.5502738952637,residential_clean,2.2,0.0,4.716463908286874,False
J_00428,I_00212,16.63999036622412,107.31900887967164,2148.5502738952637,residential_clean,2.2,0.0,12.20617196352081,False
J_00429,I_00212,16.63996505677609,107.31893322976362,2148.5502738952637,residential_clean,2.2,0.0,21.126118421704966,False
J_00430,I_00584,16.640723939740045,107.3203328026291,2148.5502738952637,residential_clean,2.2,0.0,12.451103036202745,False
J_00431,I_00212,16.639972967766692,107.3189568757034,2148.5502738952637,residential_clean,2.2,0.0,18.33800509451897,False
J_00432,I_00584,16.640701913116768,107.32028473695361,2148.5502738952637,residential_clean,2.2,0.0,6.519932725951415,False
J_00433,I_00584,16.64075154584416,107.32039304364729,2148.5502738952637,residential_clean,2.2,0.0,19.884676681327274,False
J_00434,I_00584,16.640753172548802,107.3203965933822,2148.5502738952637,residential_clean,2.2,0.0,20.322704069672195,False
J_00435,I_00584,16.64071274384603,107.32030837136621,2148.5502738952637,residential_clean,2.2,0.0,9.43635332957522,False
J_00436,I_00212,16.63991788331005,107.31879222836017,2140.631082057953,residential_clean,2.2,0.0,37.75171655349396,False
J_00437,I_00212,16.63993598583556,107.31884633677157,2140.631082057953,residential_clean,2.2,0.0,31.37174669776142,False
J_00438,I_00212,16.63992035681403,107.31879962165814,2140.631082057953,residential_clean,2.2,0.0,36.87996636006913,False
J_00439,I_00212,16.63995400326272,107.31890019082931,2140.631082057953,residential_clean,2.2,0.0,25.021767905720385,False
J_00440,I_00212,16.639910395062902,107.31876984600635,2140.631082057953,residential_clean,2.2,0.0,40.390839363613,False
J_00441,I_00212,16.639940402990838,107.3188595396404,2140.631082057953,residential_clean,2.2,0.0,29.814984951066485,False
J_00442,I_00212,16.639944475864514,107.31887171345238,2140.631082057953,residential_clean,2.2,0.0,28.379560190534907,False
J_00443,I_00212,16.639932834081907,107.31883691618604,2140.631082057953,residential_clean,2.2,0.0,32.4825361338373,False
J_00444,I_00212,16.63994878299828,107.31888458746768,2140.631082057953,residential_clean,2.2,0.0,26.861573849549238,False
J_00445,I_00212,16.6399517895105,107.3188935739276,2140.631082057953,residential_clean,2.2,0.0,25.80197254322763,False
J_00446,I_00751,16.639510314031977,107.33506622856643,2137.6003460884094,residential_clean,2.2,0.0,80.42231604563598,False
J_00447,I_00876,16.642591793379243,107.33124067941971,2134.8001985549927,residential_clean,2.2,0.0,168.18413535095968,False
J_00448,I_00876,16.641383325509672,107.33152598622064,2134.8001985549927,residential_clean,2.2,0.0,300.37099044147266,False
J_00449,I_00304,16.165851506012316,107.7204212365596,2077.1472659111023,residential_clean,2.2,0.0,26.71059243853744,False
J_00450,I_00304,16.16585181254255,107.72042570832843,2077.1472659111023,residential_clean,2.2,0.0,27.20965365503322,False
J_00451,I_00304,16.165852534972853,107.72043624739112,2077.1472659111023,residential_clean,2.2,0.0,28.385840897947627,False
J_00452,I_00304,16.165862596068006,107.72058302212388,2070.2562646865845,residential_clean,2.2,0.0,30.834625762396133,False
J_00453,I_00304,16.16586058613119,107.72055370047043,2070.2562646865845,residential_clean,2.2,0.0,29.850791606917852,False
J_00454,I_00304,16.165869287412576,107.72068063777488,2070.2562646865845,residential_clean,2.2,0.0,30.954357182041875,False
J_00455,I_00304,16.165855780175903,107.72048358953379,2070.2562646865845,residential_clean,2.2,0.0,28.898779853474082,False
J_00456,I_00304,16.165858892548638,107.72052899390275,2070.2562646865845,residential_clean,2.2,0.0,29.281194201272594,False
J_00457,I_00304,16.1658593628369,107.72053585463048,2070.2562646865845,residential_clean,2.2,0.0,29.41455972569233,False
J_00458,I_00304,16.165863762381264,107.72060003670522,2070.2562646865845,residential_clean,2.2,0.0,31.547401807872262,False
J_00459,I_00304,16.165867661951495,107.72065692498568,2070.2562646865845,residential_clean,2.2,0.0,33.600767111083066,False
J_00460,I_00304,16.165853470044848,107.72044988854414,2070.2562646865845,residential_clean,2.2,0.0,29.18612690924983,False
J_00461,I_00304,16.16585620107782,107.72048972979638,2070.2562646865845,residential_clean,2.2,0.0,28.898883481492472,False
J_00462,I_00304,16.165860739857468,107.7205559430826,2070.2562646865845,residential_clean,2.2,0.0,29.914541027601473,False
J_00463,I_00304,16.165857041269078,107.72050198679673,2070.2562646865845,residential_clean,2.2,0.0,28.947642386937563,False
J_00464,I_00304,16.16585506526263,107.72047316013204,2070.2562646865845,residential_clean,2.2,0.0,28.935820347030706,False
J_00465,I_00304,16.16586305783293,107.72058975851037,2070.2562646865845,residential_clean,2.2,0.0,31.10492017877738,False
J_00466,I_00304,16.16586492185229,107.72061695146978,2070.2562646865845,residential_clean,2.2,0.0,32.35104665489521,False
J_00467,I_00304,16.165868383494285,107.7206674511018,2070.2562646865845,residential_clean,2.2,0.0,32.42602474074845,False
J_00468,I_00304,16.165854432137937,107.72046392389032,2070.2562646865845,residential_clean,2.2,0.0,29.007605124721582,False
J_00469,I_00304,16.165870191115093,107.72069382130034,2070.2562646865845,residential_clean,2.2,0.0,29.483040906115384,False
J_00470,I_00304,16.165865321079963,107.72062277554124,2070.2562646865845,residential_clean,2.2,0.0,32.6484460475307,False
J_00471,I_00304,16.165864557369837,107.72061163427357,2070.2562646865845,residential_clean,2.2,0.0,32.0886216335725,False
J_00472,I_00304,16.165867064029324,107.72064820229002,2070.2562646865845,residential_clean,2.2,0.0,34.06189193670164,False
J_00473,I_00304,16.165857924550824,107.72051487241602,2070.2562646865845,residential_clean,2.2,0.0,29.06830551813295,False
J_00474,I_00427,16.236124987816094,107.22378191886332,1989.7527418136597,residential_clean,5.2,0.0,2.905246739612837,False
J_00475,I_00960,16.524915817206768,107.37814917961947,1960.3414120674133,residential_clean,2.2,0.0,178.03302883239434,False
J_00476,I_00216,16.64335814636776,107.31645978800381,1939.9181632995605,residential_clean,2.2,0.0,19.231803197145652,False
J_00477,I_00216,16.643303756855317,107.31629020102059,1939.9181632995605,residential_clean,2.2,0.0,6.6502593788881175,False
J_00478,I_00216,16.64327393799598,107.31634718535693,1939.9181632995605,residential_clean,2.2,0.0,3.330608644542151,False
J_00479,I_00216,16.643275274396533,107.31634897237886,1939.9181632995605,residential_clean,2.2,0.0,3.582963132287645,False
J_00480,I_00216,16.64327092589419,107.31634315760351,1939.9181632995605,residential_clean,2.2,0.0,2.7618290245638555,False
J_00481,I_00216,16.6433398294795,107.31626481398037,1939.9181632995605,residential_clean,2.2,0.0,11.705216306707324,False
J_00482,I_00216,16.643367721435883,107.31647259169844,1939.9181632995605,residential_clean,2.2,0.0,21.039878273315612,False
J_00483,I_00216,16.643405259772695,107.31652278762965,1939.9181632995605,residential_clean,2.2,0.0,28.128301946982,False
J_00484,I_00216,16.643364316963197,107.31646803926823,1939.9181632995605,residential_clean,2.2,0.0,20.39700636495861,False
J_00485,I_00216,16.643277648710573,107.31630857529828,1939.9181632995605,residential_clean,2.2,0.0,2.9916531987740447,False
J_00486,I_00216,16.643312708542545,107.3163990289629,1939.9181632995605,residential_clean,2.2,0.0,10.651708882754656,False
J_00487,I_00216,16.643225062344317,107.3162801279052,1939.9181632995605,residential_clean,2.2,0.0,6.049077854268094,False
J_00488,I_00216,16.64322455570288,107.31627942283428,1939.9181632995605,residential_clean,2.2,0.0,6.147187432565941,False
J_00489,I_00216,16.643313648085403,107.31628323981263,1939.9181632995605,residential_clean,2.2,0.0,8.036344803626845,False
J_00490,I_00216,16.64323099759982,107.31628838774311,1939.9181632995605,residential_clean,2.2,0.0,4.8997335953823935,False
J_00491,I_00216,16.643358479739252,107.31625168837687,1939.9181632995605,residential_clean,2.2,0.0,14.318729333952533,False
J_00492,I_00216,16.643327473132185,107.31641877203445,1939.9181632995605,residential_clean,2.2,0.0,13.439728794942715,False
J_00493,I_00216,16.64329172853047,107.31637097468908,1939.9181632995605,residential_clean,2.2,0.0,6.690021669586491,False
J_00494,I_00216,16.643338462852395,107.31626577577954,1939.9181632995605,residential_clean,2.2,0.0,11.513707040884286,False
J_00495,I_00216,16.643204647595184,107.31636402945261,1939.9181632995605,residential_clean,2.2,0.0,7.501419532942486,False
J_00496,I_00216,16.643382348656676,107.31649215108725,1939.9181632995605,residential_clean,2.2,0.0,23.801959408894543,False
J_00497,I_00216,16.643257856850788,107.31632250432646,1939.9181632995605,residential_clean,2.2,0.0,0.21816574659472945,False
J_00498,I_00216,16.643323642721334,107.31641365004465,1939.9181632995605,residential_clean,2.2,0.0,12.71642646966317,False
J_00499,I_00216,16.643272122022,107.31631246484703,1939.9181632995605,residential_clean,2.2,0.0,2.217183182963057,False
J_00500,I_00340,16.393539691058194,107.47498650822979,0.0,normal,1.0,0.0,1.6503125271228276,False
J_00501,I_00414,16.424367759553974,107.79517529982364,0.0,normal,1.0,0.0,0.7884874220308586,False
J_00502,I_00828,16.343396161209643,107.5243235471948,0.0,normal,1.0,0.0,0.2976908062983357,False
J_00503,I_00855,16.309304796681772,107.78974875097055,0.0,residential_clean,3.7,0.0,34.32891684050019,False
J_00504,I_00229,16.407020687760866,107.71045946868959,0.0,normal,1.0,0.0,13.098110524232238,False
J_00505,I_00254,16.257488543540234,107.97548775847996,0.0,residential_clean,2.2,0.0,0.21694047895626556,False
J_00506,I_00645,16.23238213385713,108.08685704291163,0.0,normal,1.0,0.0,5.2017408208620015,False
J_00507,I_00275,16.403681989218658,107.84270052175623,0.0,normal,1.0,0.0,7.314317121152187,False
J_00508,I_00142,16.121001356506007,107.63570886062449,0.0,residential_clean,2.2,0.0,4.846228818304156,False
J_00509,I_00850,16.244105976986994,107.93426816411281,0.0,hospitals_clean,6.0,0.0,24.577519888393706,False
J_00510,I_01136,16.38297454771336,107.79578698350825,0.0,normal,1.0,0.0,0.07960835574429705,False
J_00511,I_00963,16.368159697010217,107.86990163919427,0.0,normal,1.0,0.0,3.2260069245339116,False
J_00512,I_00229,16.406825498786535,107.6696142671029,0.0,normal,1.0,0.0,6.394666447226441,False
J_00513,I_00560,16.34221270907495,107.76992022266676,22.318123817443848,residential_clean,3.7,0.0,0.8821571602699096,False
J_00514,I_00461,16.40000841702504,107.626736333248,0.0,normal,1.0,0.0,3.4318617415356707,False
J_00515,I_00349,16.28217421412608,108.00401238476437,94.01128768920898,residential_clean,2.2,0.0,18.758682680091535,False
J_00516,I_01048,16.363036982162996,107.71073594554393,0.0,normal,1.0,0.0,1.0050188830944606,False
J_00517,I_00867,16.28695574817929,107.83507009083446,0.0,hospitals_clean,6.0,0.0,9.22529688357133,False
J_00518,I_01060,16.394625943147982,107.76480102080878,10.599897384643555,residential_clean,3.7,0.0,22.17466649898681,False
J_00519,I_00254,16.27089763586423,107.93928692799724,0.0,residential_clean,2.2,0.0,6.893399798579149,False
J_00520,I_00124,16.48475281946966,107.50349322899874,0.0,normal,1.0,0.0,4.586340250133044,False
J_00521,I_00573,16.422091159202473,107.76852972886043,0.0,normal,1.0,0.0,8.805932628460146,False
J_00522,I_00867,16.294258276119177,107.81080092485989,0.0,hospitals_clean,6.0,0.0,61.54880352747028,False
J_00523,I_00855,16.308054268026943,107.76573579964678,26.891926288604736,residential_clean,3.7,0.0,17.543058463419474,False
J_00524,I_00275,16.403890594151964,107.81905529966517,0.0,normal,1.0,0.0,5.19286880179483,False
J_00525,I_00083,16.216292140455735,108.07069533106485,29.28056812286377,normal,1.0,0.0,13.82503715819158,False
J_00526,I_00254,16.279291417901735,107.97607620898559,500.9542374610901,residential_clean,2.2,0.0,26.562634768543255,False
J_00527,I_01155,16.719306638416704,107.37085717458199,1402.3718280792236,residential_clean,2.2,0.0,43.89765270953965,False
J_00528,I_00275,16.386792961889974,107.8587417895824,0.0,normal,1.0,0.0,0.73710961863137,False
J_00529,I_00229,16.38761296807175,107.68567660756716,87.71555709838867,normal,1.0,0.0,41.522599052063256,False
J_00530,I_00414,16.404142919093434,107.79081084303172,0.0,normal,1.0,0.0,3.74851101936053,False
J_00531,I_00414,16.37220125749921,107.81686540287403,98.80155229568481,normal,1.0,0.0,21.122080364068815,False
J_00532,I_00635,16.417255332792156,107.59218082981896,0.0,command_centers_clean,12.7,0.0,1.5178357622437464,False
J_00533,I_00142,16.12483862371251,107.66188073600037,0.0,residential_clean,2.2,0.0,5.791592906511509,False
J_00534,I_01088,16.271424021326112,107.89322308895642,584.4767389297485,hospitals_clean,6.0,0.0,66.77288162758335,False
J_00535,I_01048,16.388381781931024,107.71302276004673,0.0,normal,1.0,0.0,13.672133001265315,False
J_00536,I_00275,16.372581402692127,107.84545936664351,98.80155229568481,normal,1.0,0.0,2.5411381636209103,False
J_00537,I_00729,16.513389421818456,107.53719489324993,663.5645208358765,command_centers_clean,12.7,0.0,1.2066538670073657,False
J_00538,I_01060,16.343960591839135,107.74128017438282,1128.798167705536,residential_clean,3.7,0.0,62.31109099820223,False
J_00539,I_01088,16.262021030396383,107.92273823687071,0.0,hospitals_clean,6.0,0.0,25.612923283861033,False
J_00540,I_00855,16.32261698507704,107.77696336012653,0.0,residential_clean,3.7,0.0,18.608896338748323,False
J_00541,I_00254,16.272108514114194,107.95810668514375,0.0,residential_clean,2.2,0.0,81.68974394560905,False
J_00542,I_00937,16.35653829873769,107.5368904084142,0.0,normal,1.0,0.0,2.0943228873872437,False
J_00543,I_00229,16.415337561135207,107.69433718921178,0.0,normal,1.0,0.0,28.299872923220132,False
J_00544,I_00963,16.350938191237542,107.87134247542842,0.0,normal,1.0,0.0,3.577330603353847,False
J_00545,I_00142,16.105497919035077,107.64354195002987,0.0,residential_clean,2.2,0.0,26.73112847762417,False
J_00546,I_00124,16.503643985235623,107.46256362412518,477.20249938964844,normal,1.0,0.0,0.8113885854904438,False
J_00547,I_00855,16.332130213429902,107.75591068560466,1138.333327293396,residential_clean,3.7,0.0,0.5820107924183758,False
J_00548,I_00477,16.651870034630285,107.34680375146687,509.65257120132446,residential_clean,2.2,0.0,393.9178304880871,False
J_00549,I_01048,16.39730082845232,107.7270679358229,0.0,normal,1.0,0.0,1.639059679673134,False
J_00550,I_01060,16.360390739158465,107.72812065334404,534.1291999816895,residential_clean,3.7,0.0,27.72095705345926,False
J_00551,I_00878,16.301434157279196,108.00361778595475,1055.6086988449097,residential_clean,2.2,0.0,53.51255185312895,False
J_00552,I_00124,16.480538923266085,107.48435210391948,135.45471906661987,normal,1.0,0.0,64.89271061468794,False
J_00553,I_00124,16.506537925001826,107.48641711355721,5.000737190246582,normal,1.0,0.0,6.890418879103511,False
J_00554,I_00778,16.494957522298005,107.38731788884385,1796.9203066825867,residential_clean,2.2,0.0,28.407757161511157,False
J_00555,I_00351,16.595691026378073,107.51136919179147,1485.3908958435059,residential_clean,2.2,0.0,202.4741903440546,False
J_00556,I_00878,16.290790788074155,108.0161494349318,0.0,residential_clean,2.2,0.0,33.04512648009204,False
J_00557,I_00471,16.24328452151292,108.07702036071478,0.0,normal,1.0,0.0,33.92079249951437,False
J_00558,I_00254,16.294188304922056,107.97402388718127,1842.3325996398926,residential_clean,2.2,0.0,83.53700286436765,False
J_00559,I_00142,16.14795206846965,107.6948876454234,1309.8477411270142,residential_clean,2.2,0.0,58.19613048690166,False
J_00560,I_00142,16.118964933748035,107.68735760107032,192.24080801010132,residential_clean,2.2,0.0,0.3343946963707775,False
J_00561,I_00124,16.501361931819986,107.505821058697,99.45084619522095,normal,1.0,0.0,11.808411172907308,False
J_00562,I_00657,16.21909524065036,108.05388109402948,182.93373203277588,normal,1.0,0.0,2.4675975040903753,False
J_00563,I_00254,16.27200757736885,107.99459927289178,66.1301383972168,residential_clean,2.2,0.0,56.66562546060437,False
J_00564,I_00167,16.27731620921938,107.92703004713073,8.450637817382812,normal,1.0,0.0,39.90621719019769,False
J_00565,I_01041,16.29357236715987,107.91656067883399,254.68438243865967,normal,1.0,0.0,2.8339433485154455,False
J_00566,I_00650,16.50156843526327,107.63006435642328,938.1784725189209,residential_clean,2.2,0.0,281.3142343780187,False
J_00567,I_00414,16.38533743831948,107.80899735792109,0.0,normal,1.0,0.0,62.80465514125192,False
J_00568,I_00275,16.40961794825058,107.83126675762942,0.0,normal,1.0,0.0,30.663920273307465,False
J_00569,I_00702,16.44099903042138,107.52280817221377,0.0,command_centers_clean,12.7,0.0,55.4168559487497,False
J_00570,I_00652,16.51926157485984,107.52608409804925,94.0632905960083,residential_clean,2.2,0.0,6.358953397544997,False
J_00571,I_00229,16.410837065826247,107.68153984822118,0.0,normal,1.0,0.0,22.948980131616022,False
J_00572,I_00379,16.380865599645965,107.56970381280507,0.0,normal,1.0,0.0,1.707225157166068,False
J_00573,I_00229,16.39422595507201,107.70223081529755,0.0,normal,1.0,0.0,5.729694717002395,False
J_00574,I_01048,16.377056994492833,107.70935298116785,0.0,normal,1.0,0.0,4.150186593415554,False
J_00575,I_00855,16.32431666033658,107.76401952956277,312.21546602249146,residential_clean,3.7,0.0,4.850711750378019,False
J_00576,I_00229,16.417515444798966,107.67064804160029,42.26198053359985,normal,1.0,0.0,4.526132891780133,False
J_00577,I_00414,16.412778057496524,107.77400777702455,0.0,normal,1.0,0.0,21.594985542631218,False
J_00578,I_00231,16.395758180427947,107.56950735119086,0.0,normal,1.0,0.0,4.592954431289324,False
J_00579,I_00275,16.396317477579192,107.82677605988926,0.0,normal,1.0,0.0,4.66530241478901,False
J_00580,I_00254,16.247232057393617,107.9447362087138,0.0,residential_clean,2.2,0.0,2.3634298745463007,False
J_00581,I_00702,16.42396112078112,107.57994572382833,0.0,command_centers_clean,12.7,0.0,37.44851987206726,False
J_00582,I_01060,16.3546196994962,107.73710135503141,707.5284290313721,residential_clean,3.7,0.0,12.326757763190944,False
J_00583,I_00275,16.390895055347894,107.8488261832226,0.0,normal,1.0,0.0,5.762685258481175,False
J_00584,I_00254,16.26910263276215,107.97774779404891,0.0,residential_clean,2.2,0.0,17.170215041481878,False
J_00585,I_00850,16.27013573475515,107.87541157250301,1007.2502880096436,hospitals_clean,6.0,0.0,16.1985859760602,False
J_00586,I_00855,16.333451195587394,107.77477736850885,0.0,residential_clean,3.7,0.0,5.679477445057907,False
J_00587,I_00414,16.395621814526784,107.7958192473754,0.0,normal,1.0,0.0,3.967779549179138,False
J_00588,I_00229,16.380256935839228,107.67662975673124,92.79354524612427,normal,1.0,0.0,23.44128271219423,False
J_00589,I_00409,16.33249804716253,107.74029420931362,1180.946415424347,residential_clean,3.7,0.0,57.31363527181644,False
J_00590,I_00573,16.428595119675418,107.78658670461638,0.0,normal,1.0,0.0,141.06266435700545,False
J_00591,I_00349,16.270996642755062,108.00409973051585,0.0,residential_clean,2.2,0.0,1.0275560241427877,False
J_00592,I_00963,16.364191057667483,107.84233602112405,98.80155229568481,normal,1.0,0.0,22.411734327684,False
J_00593,I_00855,16.32384614256169,107.78613666092447,0.0,residential_clean,3.7,0.0,1.0068240535128443,False
J_00594,I_00302,16.643452585003285,107.34952704267522,478.4592752456665,residential_clean,2.2,0.0,111.33553948953701,False
J_00595,I_00275,16.412190412008734,107.82182910473597,0.0,normal,1.0,0.0,4.229349393261232,False
J_00596,I_00855,16.30854720361727,107.78075218961654,0.0,residential_clean,3.7,0.0,23.310599717888216,False
J_00597,I_00340,16.402194275856118,107.47514337734555,0.0,normal,1.0,0.0,11.446753621156834,False
J_00598,I_00254,16.26729486671566,107.9654564254274,0.0,residential_clean,2.2,0.0,105.8881009267809,False
J_00599,I_00876,16.649698258427396,107.33569489735937,1827.6074585914612,residential_clean,2.2,0.0,62.35151085555802,False
J_00600,I_01060,16.363145584862103,107.72033784383297,0.0,residential_clean,3.7,0.0,1.5107073780329274,False
J_00601,I_00878,16.30492312433578,108.01628540984663,29.605675220489502,residential_clean,2.2,0.0,5.698800185495248,False
J_00602,I_00878,16.313646118762737,107.98425832748624,1839.149600982666,residential_clean,2.2,0.0,51.57298822156536,False
J_00603,I_00304,16.161685106808527,107.7273424801324,1229.574146270752,residential_clean,2.2,0.0,2.434540690260564,False
J_00604,I_00142,16.132680039627935,107.6732013760865,400.0513586997986,residential_clean,2.2,0.0,2.7590658747230363,False
J_00605,I_01088,16.269456756617036,107.92216264477503,0.0,hospitals_clean,6.0,0.0,1.8313471121390268,False
J_00606,I_00855,16.318654505427435,107.76905332233297,26.891926288604736,residential_clean,3.7,0.0,6.311184163227475,False
J_00607,I_00693,16.639576357967957,107.30958056049603,1671.5076622962952,residential_clean,2.2,0.0,20.7583208153422,False
J_00608,I_00195,16.30570954360932,107.97413273663898,1855.2564029693604,residential_clean,2.2,0.0,479.82007073809433,False
J_00609,I_00855,16.31631550388804,107.78084796371122,0.0,residential_clean,3.7,0.0,19.883522800047107,False
J_00610,I_00828,16.347569734008303,107.53059137414185,0.0,normal,1.0,0.0,1.268137323410878,False
J_00611,I_00657,16.216134882655147,108.06041224084058,182.93373203277588,normal,1.0,0.0,2.824347691701156,False
J_00612,I_00083,16.22194128134176,108.0468018126947,182.93373203277588,normal,1.0,0.0,45.46406053752679,False
J_00613,I_01048,16.37932020162275,107.71602945236728,0.0,normal,1.0,0.0,4.510114739721406,False
J_00614,I_00279,16.643185727239427,107.3424699778127,1394.4764666557312,residential_clean,2.2,0.0,19.010460621414367,False
J_00615,I_00254,16.273661426500826,107.97278983205553,166.49016571044922,residential_clean,2.2,0.0,22.708394177097066,False
J_00616,I_00351,16.59226302789801,107.51970589543342,1824.1776976585388,residential_clean,2.2,0.0,206.4142788590093,False
J_00617,I_00239,16.506063553308852,107.62542117438824,938.1784725189209,residential_clean,2.2,0.0,12.007102742363129,False
J_00618,I_00862,16.634865335713126,107.31512928779189,1696.7006125450134,residential_clean,2.2,0.0,26.570184478657726,False
J_00619,I_00809,16.113560753578103,107.32592018876807,876.3254284858704,residential_clean,4.2,0.0,28.52336043507402,False
J_00620,I_00855,16.314841017924707,107.79231731498281,0.0,residential_clean,3.7,0.0,0.29203397767125233,False
J_00621,I_00349,16.276258103453028,107.9990440786478,94.01128768920898,residential_clean,2.2,0.0,84.79456635775425,False
J_00622,I_00855,16.325121201451015,107.7715123982612,0.0,residential_clean,3.7,0.0,19.14614957150972,False
J_00623,I_01048,16.36880373902692,107.71136009595578,0.0,normal,1.0,0.0,3.9029124427120117,False
J_00624,I_00645,16.23719623160334,108.0837571533904,0.0,normal,1.0,0.0,0.33057874929923625,False
J_00625,I_00229,16.41817089347882,107.69933399641548,0.0,normal,1.0,0.0,0.6108150565209719,False
J_00626,I_00414,16.380174796365843,107.80854880530187,0.0,normal,1.0,0.0,47.341616316117886,False
J_00627,I_00585,16.310692485784017,107.97914987049137,1855.2564029693604,residential_clean,2.2,0.0,2.1085809589058195,False
J_00628,I_01003,16.248430473870368,107.93657585507634,0.0,hospitals_clean,6.0,0.0,2.7270576984327435,False
J_00629,I_00162,16.504331311255484,107.62073085346296,902.3181390762329,residential_clean,2.2,0.0,26.479029728285024,False
J_00630,I_01088,16.27405766034435,107.87254129993104,1007.2502880096436,hospitals_clean,6.0,0.0,63.24284013171464,False
J_00631,I_00254,16.302367997341168,107.9790609323005,1855.2564029693604,residential_clean,2.2,0.0,32.819467072756055,False
J_00632,I_00229,16.412928963882337,107.67097974770434,0.0,normal,1.0,0.0,29.451646655052304,False
J_00633,I_00898,16.329864459192894,107.73597453184472,1200.6091198921204,residential_clean,3.7,0.0,81.05261927923964,False
J_00634,I_01060,16.3394127610311,107.74147735423654,1158.8691544532776,residential_clean,3.7,0.0,2.53411393879089,False
J_00635,I_00235,16.270661322004774,107.86902349577436,1007.2502880096436,hospitals_clean,6.0,0.0,15.833561892768053,False
J_00636,I_00702,16.454463872762332,107.52280892286142,570.4332571029663,command_centers_clean,12.7,0.0,17.34435793915211,False
J_00637,I_00231,16.385713855909795,107.57598303946011,16.958239555358887,normal,1.0,0.0,7.440556576851001,False
J_00638,I_00124,16.48767251204897,107.5002085364081,0.0,normal,1.0,0.0,3.115320899347952,False
J_00639,I_00142,16.12691448564683,107.66541439312816,69.57911396026611,residential_clean,2.2,0.0,45.78828961303184,False
J_00640,I_00275,16.41135428389118,107.82582473750925,0.0,normal,1.0,0.0,2.3937225945196983,False
J_00641,I_00856,16.647065250721155,107.34276113900661,1291.0327005386353,residential_clean,2.2,0.0,33.06004561203093,False
J_00642,I_00702,16.450689807244142,107.52496374192829,607.0147123336792,command_centers_clean,12.7,0.0,2.888577925463185,False
J_00643,I_00702,16.439654631205947,107.52656640959553,135.84174251556396,command_centers_clean,12.7,0.0,1.232195803105518,False
J_00644,I_00855,16.319132221344546,107.77533920022292,0.0,residential_clean,3.7,0.0,7.606742364352637,False
J_00645,I_00275,16.36760366830687,107.8407180277482,98.80155229568481,normal,1.0,0.0,6.626812995281133,False
J_00646,I_00876,16.645300523005194,107.33932848460995,1703.9738459587097,residential_clean,2.2,0.0,32.286865305775386,False
J_00647,I_00693,16.64242707449728,107.31259541400958,1671.5076622962952,residential_clean,2.2,0.0,11.132671830242748,False
J_00648,I_01091,16.63817456289802,107.31376774993473,1685.2577376365662,residential_clean,2.2,0.0,97.61138755837293,False
J_00649,I_00878,16.309844350719064,107.98261821492775,1855.2564029693604,residential_clean,2.2,0.0,6.706253984332784,False
J_00650,I_00229,16.411915101215715,107.69458226303104,0.0,normal,1.0,0.0,15.987228597311859,False
J_00651,I_00124,16.506222398404674,107.46027453391197,496.0020637512207,normal,1.0,0.0,1.0866956678775768,False
J_00652,I_00239,16.5075094281063,107.62228854678781,938.1784725189209,residential_clean,2.2,0.0,212.25973502184317,False
J_00653,I_00995,16.51457664488665,107.6427225800481,938.1784725189209,residential_clean,2.2,0.0,34.91566030968169,False
J_00654,I_01136,16.359787221691782,107.82920347301987,98.80155229568481,normal,1.0,0.0,173.55400536850038,False
J_00655,I_01060,16.393605732384,107.76790423387394,10.599897384643555,residential_clean,3.7,0.0,0.16625219133743085,False
J_00656,I_00124,16.498448807273355,107.504615281094,35.92009782791138,normal,1.0,0.0,5.30365858594321,False
J_00657,I_01006,16.27377241405275,107.86930610044224,1007.2502880096436,hospitals_clean,6.0,0.0,5.4410456437571995,False
J_00658,I_00239,16.509223380455673,107.6248491625586,938.1784725189209,residential_clean,2.2,0.0,25.6213189418612,False
J_00659,I_00254,16.27185439368171,107.97892457872194,118.00101232528687,residential_clean,2.2,0.0,1.1380491252823486,False
J_00660,I_00573,16.421176823957843,107.77146723576337,0.0,normal,1.0,0.0,60.770659857963324,False
J_00661,I_00113,16.191511911877164,107.72444761357104,1397.5235509872437,residential_clean,2.2,0.0,0.5529014210267017,False
J_00662,I_00275,16.37518279736049,107.84407412834238,98.80155229568481,normal,1.0,0.0,10.356721330337052,False
J_00663,I_00645,16.22988955856078,108.08530076807672,0.0,normal,1.0,0.0,36.00561999950599,False
J_00664,I_00254,16.272335805975853,107.95515401752718,0.0,residential_clean,2.2,0.0,111.383729971169,False
J_00665,I_00239,16.50744184821866,107.62798170537232,938.1784725189209,residential_clean,2.2,0.0,33.48751632580701,False
J_00666,I_01060,16.35646720547196,107.73917516458313,662.7099199295044,residential_clean,3.7,0.0,0.11261568529348884,False
J_00667,I_00079,16.373510427520912,107.67338853944973,92.79354524612427,normal,1.0,0.0,0.5819456262018351,False
J_00668,I_00902,16.63983366605209,107.31593678355695,1841.4927806854248,residential_clean,2.2,0.0,78.07690284735058,False
J_00669,I_00275,16.36662031256895,107.84331935466983,98.80155229568481,normal,1.0,0.0,179.15295076090177,False
J_00670,I_00304,16.165727892957023,107.72317345631825,1875.6827917099,residential_clean,2.2,0.0,20.147822782407367,False
J_00671,I_00349,16.30453869350578,107.98346048016715,1855.2564029693604,residential_clean,2.2,0.0,0.15384878211609337,False
J_00672,I_00275,16.384906309826597,107.86016372407363,0.0,normal,1.0,0.0,0.7516669499362892,False
J_00673,I_00142,16.14735950517778,107.69718413108825,1505.139081954956,residential_clean,2.2,0.0,3.635324669473549,False
J_00674,I_01048,16.39636415487043,107.72508046422024,0.0,normal,1.0,0.0,0.9878535170054851,False
J_00675,I_01003,16.272460252348232,107.8739752918014,1007.2502880096436,hospitals_clean,6.0,0.0,57.10502225378788,False
J_00676,I_00878,16.306628403783726,107.98392854977564,1855.2564029693604,residential_clean,2.2,0.0,41.71736565789086,False
J_00677,I_00645,16.234157444201273,108.08572093961187,0.0,normal,1.0,0.0,31.059964955295296,False
J_00678,I_00650,16.50129157196369,107.62792145442998,938.1784725189209,residential_clean,2.2,0.0,241.53674356591858,False
J_00679,I_00778,16.494420029924637,107.38934695452672,1683.4308590888977,residential_clean,2.2,0.0,1.3100174340080506,False
J_00680,I_00855,16.321278151246336,107.77850893556247,0.0,residential_clean,3.7,0.0,4.921502994975696,False
J_00681,I_00048,16.27548268288567,107.20227694630736,1856.2194437980652,residential_clean,5.2,0.0,1.8009628705452994,False
J_00682,I_01060,16.362096390739804,107.72717771104206,356.07668590545654,residential_clean,3.7,0.0,5.249885570218244,False
J_00683,I_00167,16.277499204891882,107.92890888939762,8.450637817382812,normal,1.0,0.0,23.960285230748873,False
J_00684,I_01003,16.272402820198504,107.87179175258876,1007.2502880096436,hospitals_clean,6.0,0.0,75.01772877762495,False
J_00685,I_01144,16.64158032672762,107.31554134150151,1827.7427053451538,residential_clean,2.2,0.0,8.226304593229234,False
J_00686,I_00229,16.416928566589313,107.66890584017034,16.806657791137695,normal,1.0,0.0,5.969380721899471,False
J_00687,I_01109,16.274328190006514,107.86715956363102,1007.2502880096436,hospitals_clean,6.0,0.0,46.77817366076162,False
J_00688,I_01173,16.5128496450255,107.64280638910317,938.1784725189209,residential_clean,2.2,0.0,78.23772541776161,False
J_00689,I_00142,16.12652790090361,107.6636894307466,0.0,residential_clean,2.2,0.0,15.635352885273447,False
J_00690,I_00275,16.40838755022695,107.83040948384962,0.0,normal,1.0,0.0,11.020172308146734,False
J_00691,I_00878,16.312642322805445,107.98312639762057,1855.2564029693604,residential_clean,2.2,0.0,0.6203272360368469,False
J_00692,I_01003,16.247902178551733,107.93519151035696,0.0,hospitals_clean,6.0,0.0,3.8359672065758317,False
J_00693,I_00414,16.38147218964623,107.80824014756345,0.0,normal,1.0,0.0,11.45061951955053,False
J_00694,I_00302,16.643980888223822,107.3483751826719,560.4214940071106,residential_clean,2.2,0.0,101.9895858437727,False
J_00695,I_00702,16.44152240666924,107.52391953963622,0.0,command_centers_clean,12.7,0.0,42.37400854303653,False
J_00696,I_00855,16.31037912550674,107.78964394589087,0.0,residential_clean,3.7,0.0,20.80369873628673,False
J_00697,I_01088,16.268782379846353,107.92142672831822,0.0,hospitals_clean,6.0,0.0,13.87855408502292,False
J_00698,I_00557,16.306936315649285,107.98250829282837,1855.2564029693604,residential_clean,2.2,0.0,54.86103680241757,False
J_00699,I_00645,16.236424636840187,108.08430581473608,0.0,normal,1.0,0.0,0.9104982240310807,False
J_00700,I_00876,16.644614297939786,107.33987325318006,1618.4133276939392,residential_clean,2.2,0.0,91.8531020112033,False
J_00701,I_00878,16.31278996050832,107.98400229059236,1847.9719400405884,residential_clean,2.2,0.0,11.279825784831074,False
J_00702,I_00850,16.244790934661584,107.9347101251814,0.0,hospitals_clean,6.0,0.0,31.70935655446845,False
J_00703,I_01003,16.273380202483988,107.87211715481244,1007.2502880096436,hospitals_clean,6.0,0.0,50.89831098579384,False
J_00704,I_00124,16.50162997047332,107.50647391565742,190.75580263137817,normal,1.0,0.0,0.301296469072053,False
J_00705,I_00229,16.410401957408748,107.68107559300418,0.0,normal,1.0,0.0,2.334384318362001,False
J_00706,I_00342,16.274264376892003,107.8695137252591,1007.2502880096436,hospitals_clean,6.0,0.0,62.451992717917996,False
J_00707,I_00878,16.31219169322399,108.01453960632267,35.2052640914917,residential_clean,2.2,0.0,6.1999979184308565,False
J_00708,I_00645,16.23680856789034,108.08402778323915,0.0,normal,1.0,0.0,6.681344566793646,False
J_00709,I_00807,16.347051668831877,107.6155538635207,691.5158748626709,normal,1.0,0.0,4.610402697029334,False
J_00710,I_00302,16.643554441738587,107.34833294348914,560.4214940071106,residential_clean,2.2,0.0,147.86778833366293,False
J_00711,I_00876,16.64497494297204,107.33958695073855,1703.9738459587097,residential_clean,2.2,0.0,79.81415760257458,False
J_00712,I_01048,16.396677284780917,107.72530918621727,0.0,normal,1.0,0.0,0.07525143651873552,False
J_00713,I_00239,16.505701805614137,107.62553915184948,938.1784725189209,residential_clean,2.2,0.0,2.0360824896874057,False
J_00714,I_00850,16.24440626815997,107.93447695674573,0.0,hospitals_clean,6.0,0.0,17.34179120254723,False
J_00715,I_00142,16.132912791364063,107.6734716413475,418.758264541626,residential_clean,2.2,0.0,2.809697910567219,False
J_00716,I_00016,16.514333559697995,107.64291591166274,938.1784725189209,residential_clean,2.2,0.0,36.986897398232536,False
J_00717,I_01048,16.396149117453497,107.72530070908405,0.0,normal,1.0,0.0,2.3983767777523033,False
J_00718,I_00304,16.16589692835473,107.72291903183581,1930.4623107910156,residential_clean,2.2,0.0,6.091184284707736,False
J_00719,I_00275,16.409761716424196,107.83152293633147,0.0,normal,1.0,0.0,13.445003787343285,False
J_00720,I_00878,16.31294220601426,108.01475349845249,35.2052640914917,residential_clean,2.2,0.0,3.8120308794517315,False
J_00721,I_00275,16.386542348692657,107.85862801670918,0.0,normal,1.0,0.0,2.726200628285737,False
J_00722,I_00142,16.118908429006606,107.68708423804681,192.24080801010132,residential_clean,2.2,0.0,18.20591273022821,False
J_00723,I_00557,16.3064036832807,107.98154824585005,1855.2564029693604,residential_clean,2.2,0.0,5.586967847793908,False
J_00724,I_00573,16.421916115273824,107.76872890232693,0.0,normal,1.0,0.0,21.296572570552115,False
J_00725,I_00702,16.44144245569221,107.52366417530857,0.0,command_centers_clean,12.7,0.0,47.63356842808603,False
J_00726,I_00142,16.131268961590443,107.68099858919753,619.7055644989014,residential_clean,2.2,0.0,29.738542785945494,False
J_00727,I_00239,16.506047691941244,107.62568658015998,938.1784725189209,residential_clean,2.2,0.0,2.4192031227522612,False
J_00728,I_00807,16.346825498313056,107.61541550603292,691.5158748626709,normal,1.0,0.0,5.05880555971071,False
J_00729,I_00142,16.126922920314406,107.66515199406908,69.57911396026611,residential_clean,2.2,0.0,16.56181198942753,False
J_00730,I_00585,16.31044648162739,107.9791044438132,1855.2564029693604,residential_clean,2.2,0.0,4.599253295237832,False
J_00731,I_00645,16.23009846124704,108.08517200519329,0.0,normal,1.0,0.0,64.14945125428787,False
J_00732,I_01144,16.64180319757545,107.31545445867715,1827.7427053451538,residential_clean,2.2,0.0,11.88123012065406,False
J_00733,I_01041,16.32324692002041,107.92874497014269,745.213098526001,normal,1.0,0.0,9.63566831694238,False
J_00734,I_01003,16.272613778200697,107.87379491197045,1007.2502880096436,hospitals_clean,6.0,0.0,79.84810291835893,False
J_00735,I_00083,16.21649061175224,108.07081084891382,29.28056812286377,normal,1.0,0.0,1.8305735442992626,False
J_00736,I_00876,16.644793937190983,107.33973064444481,1703.9738459587097,residential_clean,2.2,0.0,105.95077725565515,False
J_00737,I_00878,16.312857874285687,107.98318912474946,1855.2564029693604,residential_clean,2.2,0.0,10.694327383769084,False
J_00738,I_00657,16.21599703854613,108.06023849243974,182.93373203277588,normal,1.0,0.0,25.543314166537808,False
J_00739,I_00239,16.50737053547388,107.62211830392496,938.1784725189209,residential_clean,2.2,0.0,236.809104849704,False
J_00740,I_01152,16.11266403033916,107.33235974464658,881.3258376121521,residential_clean,4.2,0.0,8.954813708815081,False
J_00741,I_00083,16.222040510093304,108.04661055425225,182.93373203277588,normal,1.0,0.0,21.264009902449644,False
J_00742,I_01109,16.273604251425937,107.86568150797575,1007.2502880096436,hospitals_clean,6.0,0.0,13.810902292069938,False
J_00743,I_00229,16.413082683577336,107.67112466096904,0.0,normal,1.0,0.0,5.400482639512362,False
J_00744,I_00113,16.191355572060615,107.72457065723057,1425.589280128479,residential_clean,2.2,0.0,22.16516566087835,False
J_00745,I_01048,16.377016179679146,107.70955200419127,0.0,normal,1.0,0.0,1.1705807425339865,False
J_00746,I_00850,16.24457193465022,107.93457737665415,0.0,hospitals_clean,6.0,0.0,39.566566725536546,False
J_00747,I_00275,16.37239373341114,107.84543125159635,98.80155229568481,normal,1.0,0.0,10.89095276402372,False
J_00748,I_00828,16.347397741182434,107.53067361906109,0.0,normal,1.0,0.0,12.014313407860536,False
J_00749,I_00963,16.368061267120698,107.87006982387989,0.0,normal,1.0,0.0,13.349083514472268,False
J_00750,I_00669,16.504325531779696,107.62092746822478,902.3181390762329,residential_clean,2.2,0.0,9.97131443697624,False
J_00751,I_00239,16.509240601369687,107.62465927468395,938.1784725189209,residential_clean,2.2,0.0,13.437497980250582,False
J_00752,I_01144,16.64176803466221,107.31564010059355,1827.7427053451538,residential_clean,2.2,0.0,13.45865577034755,False
J_00753,I_01179,16.372309852691522,107.67071123657497,92.79354524612427,normal,1.0,0.0,3.457571133300508,False
J_00754,I_00239,16.505863949555483,107.62560920194211,938.1784725189209,residential_clean,2.2,0.0,18.344264274766324,False
J_00755,I_00142,16.12473580845796,107.66202707643556,0.0,residential_clean,2.2,0.0,14.512093914034075,False
J_00756,I_00229,16.406998533897546,107.66962532412619,0.0,normal,1.0,0.0,18.907843731254463,False
J_00757,I_00304,16.161569923693303,107.72720998677818,1229.574146270752,residential_clean,2.2,0.0,0.43721789399153055,False
J_00758,I_00850,16.244321112952246,107.93432222814778,0.0,hospitals_clean,6.0,0.0,9.92169067162472,False
J_00759,I_00142,16.132799271247553,107.67332839433466,400.0513586997986,residential_clean,2.2,0.0,14.285346802659554,False
J_00760,I_01003,16.247816368084646,107.93534166759284,0.0,hospitals_clean,6.0,0.0,20.485762092579417,False
J_00761,I_00878,16.312334982774534,108.01445937299613,35.2052640914917,residential_clean,2.2,0.0,12.787296845396705,False
J_00762,I_00275,16.375241760490344,107.84422968912568,98.80155229568481,normal,1.0,0.0,28.976050424985928,False
J_00763,I_00414,16.358728253009637,107.83238388295028,98.80155229568481,normal,1.0,0.0,5.345310779704768,False
J_00764,I_00995,16.514455719439653,107.64281875505341,938.1784725189209,residential_clean,2.2,0.0,37.51392557420142,False
J_00765,I_00876,16.645179736691777,107.3394243725156,1703.9738459587097,residential_clean,2.2,0.0,49.91893394073409,False
J_00766,I_00878,16.312775612724508,108.01460801090401,35.2052640914917,residential_clean,2.2,0.0,1.588644009170666,False
J_00767,I_00275,16.409852179719614,107.83140289416919,0.0,normal,1.0,0.0,3.550291050253475,False
J_00768,I_00349,16.30458149773716,107.98331691318755,1855.2564029693604,residential_clean,2.2,0.0,8.289441567345593,False
J_00769,I_00254,16.247285201507495,107.94459787473713,0.0,residential_clean,2.2,0.0,0.7056650420308787,False
J_00770,I_00229,16.41526252225196,107.6944572327773,0.0,normal,1.0,0.0,41.19862657368506,False
J_00771,I_00878,16.31265898547266,107.98396406436663,1847.9719400405884,residential_clean,2.2,0.0,0.4169147185684248,False
J_00772,I_00414,16.404220775203736,107.79069769417438,0.0,normal,1.0,0.0,15.275867143314983,False
J_00773,I_00239,16.506045684462876,107.62555143827633,938.1784725189209,residential_clean,2.2,0.0,14.33345614919077,False
J_00774,I_00142,16.118942958855865,107.68723077292194,192.24080801010132,residential_clean,2.2,0.0,9.505047289839377,False
J_00775,I_00980,16.2208778932828,108.03985515235244,182.93373203277588,normal,1.0,0.0,3.6918146779585466,False
J_00776,I_00142,16.126918497793536,107.66528957688617,69.57911396026611,residential_clean,2.2,0.0,31.886032811882302,False
J_00777,I_00807,16.34688143521318,107.61526302688907,691.5158748626709,normal,1.0,0.0,17.3196794126627,False
J_00778,I_00557,16.30633870349345,107.98168151864564,1855.2564029693604,residential_clean,2.2,0.0,2.3824983360764542,False
J_00779,I_00645,16.22999872914272,108.08523347782015,0.0,normal,1.0,0.0,50.71331817612229,False
J_00780,I_00645,16.23710041712248,108.08382404197664,0.0,normal,1.0,0.0,13.704277486359798,False
J_00781,I_00855,16.333469089417886,107.77465887793123,0.0,residential_clean,3.7,0.0,0.52131755136151,False
J_00782,I_00340,16.402148668517594,107.47525306625462,0.0,normal,1.0,0.0,7.002411000271415,False
J_00783,I_00142,16.131380762158447,107.6810123148958,619.7055644989014,residential_clean,2.2,0.0,42.784012078656275,False
J_00784,I_00856,16.646986444270365,107.34267901030829,1304.062307357788,residential_clean,2.2,0.0,20.120704368574014,False
J_00785,I_01041,16.32336694269249,107.92870090080527,745.213098526001,normal,1.0,0.0,5.151901923120199,False
J_00786,I_01152,16.112758326125327,107.33230376111574,881.3258376121521,residential_clean,4.2,0.0,21.533352009707656,False
J_00787,I_00304,16.16596340260288,107.72300398635939,1919.9862394332886,residential_clean,2.2,0.0,2.80425183322719,False
J_00788,I_00275,16.408463225676304,107.83033541382126,0.0,normal,1.0,0.0,1.0768705753112688,False
J_00789,I_00876,16.6448928190133,107.33965214588856,1703.9738459587097,residential_clean,2.2,0.0,91.80237814059198,False
J_00790,I_00573,16.422080956096707,107.7686362038514,0.0,normal,1.0,0.0,6.552725799118732,False
J_00791,I_00083,16.22198968710789,108.04670851302001,182.93373203277588,normal,1.0,0.0,33.658794202101234,False
J_00792,I_01109,16.273636782886193,107.86558158522222,1007.2502880096436,hospitals_clean,6.0,0.0,25.55657945355854,False
J_00793,I_01144,16.641708806111364,107.31549125190632,1827.7427053451538,residential_clean,2.2,0.0,0.17439197755031247,False
J_00794,I_00083,16.216394031183405,108.07078051551777,29.28056812286377,normal,1.0,0.0,1.3375515738913595,False
J_00795,I_00142,16.147338028431513,107.69708485377166,1475.963129043579,residential_clean,2.2,0.0,1.1914599165878736,False
J_00796,I_00876,16.644717095564957,107.33979164609102,1703.9738459587097,residential_clean,2.2,0.0,101.59175566179663,False
J_00797,I_01048,16.368791656546787,107.71126288401864,0.0,normal,1.0,0.0,1.8419994183688089,False
J_00798,I_00461,16.39991453005922,107.62673602414569,0.0,normal,1.0,0.0,1.6893870493130154,False
J_00799,I_00124,16.503737531041274,107.4625597442497,477.20249938964844,normal,1.0,0.0,2.842172243882515,False
J_00800,I_00239,16.505950471568646,107.62564591669857,938.1784725189209,residential_clean,2.2,0.0,9.742922320357062,False
J_00801,I_00239,16.509231998537324,107.62475413454965,938.1784725189209,residential_clean,2.2,0.0,24.04438465490294,False
J_00802,I_00162,16.504328328175237,107.62083233630288,902.3181390762329,residential_clean,2.2,0.0,20.566327257330848,False
J_00803,I_00340,16.393602981878658,107.47491936772475,0.0,normal,1.0,0.0,0.1813712211243536,False
J_00804,I_00142,16.13286038682381,107.6733960804264,411.6083207130432,residential_clean,2.2,0.0,3.94459054001411,False
J_00805,I_00113,16.191426086188255,107.72451494267555,1434.7512311935425,residential_clean,2.2,0.0,11.904690775642749,False
J_00806,I_00239,16.505780322244906,107.62557371553953,938.1784725189209,residential_clean,2.2,0.0,7.861952049686782,False
J_00807,I_00807,16.346910710357978,107.61541737994595,691.5158748626709,normal,1.0,0.0,0.9877710023277662,False
J_00808,I_00142,16.126587833788058,107.66374975280912,0.0,residential_clean,2.2,0.0,11.938571369878948,False
J_00809,I_00229,16.416999580771364,107.66895027395596,16.806657791137695,normal,1.0,0.0,3.6431192913227273,False
J_00810,I_00980,16.22069853938367,108.03975579248579,182.93373203277588,normal,1.0,0.0,8.299158471405608,False
J_00811,I_00142,16.13274364180746,107.67326678420996,400.0513586997986,residential_clean,2.2,0.0,7.621070197734831,False
J_00812,I_00585,16.31061319289466,107.97913237595243,1855.2564029693604,residential_clean,2.2,0.0,7.318872777731388,False
J_00813,I_00304,16.161641377864548,107.72727170130968,1229.574146270752,residential_clean,2.2,0.0,1.601305382446942,False
J_00814,I_00963,16.368106287087237,107.87000134237357,0.0,normal,1.0,0.0,4.107984721660536,False
J_00815,I_00557,16.306338066131065,107.981599566786,1855.2564029693604,residential_clean,2.2,0.0,11.291791394461805,False
J_00816,I_00350,16.358501173428717,107.83243208308063,98.80155229568481,normal,1.0,0.0,31.277512955858793,False
J_00817,I_01152,16.11291263171993,107.3322121496262,876.3254284858704,residential_clean,4.2,0.0,42.11688099856188,False
J_00818,I_00645,16.232448165473823,108.08681893665731,0.0,normal,1.0,0.0,3.552594074119019,False
J_00819,I_00876,16.645240605270214,107.33937605115013,1703.9738459587097,residential_clean,2.2,0.0,41.03350019816947,False
J_00820,I_01006,16.273752887720555,107.86938173276049,1007.2502880096436,hospitals_clean,6.0,0.0,14.159584628019722,False
J_00821,I_00235,16.270685398179495,107.86895004590654,1007.2502880096436,hospitals_clean,6.0,0.0,24.47350630996373,False
J_00822,I_00657,16.21908629385778,108.05380416712396,182.93373203277588,normal,1.0,0.0,11.093649228773039,False
J_00823,I_01144,16.6417391687997,107.31556950030088,1827.7427053451538,residential_clean,2.2,0.0,9.404201301648246,False
J_00824,I_00652,16.519287360997634,107.52615318299223,94.0632905960083,residential_clean,2.2,0.0,1.8954768075529598,False
J_00825,I_00693,16.642482770414084,107.31263834804092,1671.5076622962952,residential_clean,2.2,0.0,19.177415561214136,False
J_00826,I_01179,16.37229721416863,107.67078208572642,92.79354524612427,normal,1.0,0.0,11.479622764314877,False
J_00827,I_01048,16.396150243232803,107.7252295689138,0.0,normal,1.0,0.0,0.5786145954735621,False
J_00828,I_00142,16.11892726099237,107.68716415564367,192.24080801010132,residential_clean,2.2,0.0,17.14067602640491,False
J_00829,I_00995,16.514505692686942,107.64277901009848,938.1784725189209,residential_clean,2.2,0.0,35.41086480883545,False
J_00830,I_01144,16.64163852894295,107.3155186504622,1827.7427053451538,residential_clean,2.2,0.0,8.541875728377079,False
J_00831,I_01003,16.272597885440668,107.8738564895518,1007.2502880096436,hospitals_clean,6.0,0.0,72.74988143356536,False
J_00832,I_00239,16.506035665855084,107.6256244739224,938.1784725189209,residential_clean,2.2,0.0,6.120376959005363,False
J_00833,I_00995,16.514407690113725,107.64285695395009,938.1784725189209,residential_clean,2.2,0.0,37.168144987084126,False
J_00834,I_00878,16.312799692799036,107.98317419346702,1855.2564029693604,residential_clean,2.2,0.0,7.118675068208442,False
J_00835,I_00809,16.113609021721036,107.32595706516912,876.3254284858704,residential_clean,4.2,0.0,21.58562326721271,False
J_00836,I_00980,16.220830515234297,108.03981811953301,182.93373203277588,normal,1.0,0.0,2.530749283944735,False
J_00837,I_00878,16.312900169500782,108.01471249987435,35.2052640914917,residential_clean,2.2,0.0,8.812681800079211,False
J_00838,I_00557,16.306311053645143,107.98173339445414,1855.2564029693604,residential_clean,2.2,0.0,4.225553775120661,False
J_00839,I_00229,16.387558497814666,107.68569082525211,87.71555709838867,normal,1.0,0.0,39.90361906859021,False
J_00840,I_00142,16.118959126641887,107.68729938442354,192.24080801010132,residential_clean,2.2,0.0,1.6408419847622926,False
J_00841,I_00229,16.406947247279444,107.66960368530329,0.0,normal,1.0,0.0,12.487300893521615,False
J_00842,I_00645,16.23715065396452,108.08378897138061,0.0,normal,1.0,0.0,6.692265240929199,False
J_00843,I_00142,16.126916680329014,107.66534611746405,69.57911396026611,residential_clean,2.2,0.0,38.1836237401377,False
J_00844,I_00657,16.216031604103414,108.06028206128553,182.93373203277588,normal,1.0,0.0,21.62230919408289,False
J_00845,I_01048,16.396625932423706,107.72529134157115,0.0,normal,1.0,0.0,0.02050430820938636,False
J_00846,I_00867,16.273688426653347,107.8654229575897,1007.2502880096436,hospitals_clean,6.0,0.0,9.269518278353138,False
J_00847,I_00657,16.216100852509904,108.06036934684303,182.93373203277588,normal,1.0,0.0,9.018252060404098,False
J_00848,I_00142,16.126920272981828,107.66523435150418,69.57911396026611,residential_clean,2.2,0.0,25.73493076030568,False
J_00849,I_01179,16.372287735260702,107.67083522267532,92.79354524612427,normal,1.0,0.0,13.097820538936395,False
J_00850,I_00142,16.131472312379092,107.68102355447512,619.7055644989014,residential_clean,2.2,0.0,39.39153486855669,False
J_00851,I_00113,16.191467034868683,107.72448258833424,1397.5235509872437,residential_clean,2.2,0.0,5.946267407704165,False
J_00852,I_00275,16.40980097602635,107.83140373304876,0.0,normal,1.0,0.0,4.5176219880752315,False
J_00853,I_00304,16.165919674436044,107.72296683984743,1924.2845487594604,residential_clean,2.2,0.0,6.691002070456597,False
J_00854,I_00645,16.23004247041125,108.08520651668948,0.0,normal,1.0,0.0,56.606239270918714,False
J_00855,I_01041,16.323295317553725,107.92872964335564,745.213098526001,normal,1.0,0.0,3.76824681384104,False
J_00856,I_01109,16.27365303043392,107.86553167968782,1007.2502880096436,hospitals_clean,6.0,0.0,22.04953703912667,False
J_00857,I_00142,16.124762703031575,107.66198267204953,0.0,residential_clean,2.2,0.0,8.668591475180977,False
J_00858,I_00349,16.304553503715816,107.98341080617695,1855.2564029693604,residential_clean,2.2,0.0,5.944190256217614,False
J_00859,I_00414,16.358679394636297,107.83239425368035,98.80155229568481,normal,1.0,0.0,11.130040276165683,False
J_00860,I_01144,16.641755292578736,107.31547313176112,1827.7427053451538,residential_clean,2.2,0.0,5.9398442531906355,False
J_00861,I_00239,16.50600151827179,107.62566757786747,938.1784725189209,residential_clean,2.2,0.0,3.3444395450929574,False
J_00862,I_01060,16.362105009928477,107.72722836518953,356.07668590545654,residential_clean,3.7,0.0,0.47824230472498913,False
J_00863,I_00645,16.229931576871202,108.08527486895302,0.0,normal,1.0,0.0,41.66641717685955,False
J_00864,I_00876,16.649662667583176,107.3357287874342,1827.6074585914612,residential_clean,2.2,0.0,67.94915893304147,False
J_00865,I_01152,16.112705886587868,107.33233489454061,881.3258376121521,residential_clean,4.2,0.0,14.538205917856725,False
J_00866,I_00876,16.64493677429839,107.33961725142946,1703.9738459587097,residential_clean,2.2,0.0,85.38591202037009,False
J_00867,I_01109,16.273619651195343,107.86563420646259,1007.2502880096436,hospitals_clean,6.0,0.0,19.371080362292048,False
J_00868,I_00142,16.131316428205494,107.6810044166485,619.7055644989014,residential_clean,2.2,0.0,35.277192361535846,False
J_00869,I_00876,16.644756395074783,107.33976044770696,1703.9738459587097,residential_clean,2.2,0.0,103.69248632637691,False
J_00870,I_00349,16.304567758280374,107.98336299583862,1855.2564029693604,residential_clean,2.2,0.0,11.51729166757904,False
J_00871,I_00162,16.50432990679956,107.6207786323241,902.3181390762329,residential_clean,2.2,0.0,26.54743572563559,False
J_00872,I_00016,16.514371325723808,107.64288587543177,938.1784725189209,residential_clean,2.2,0.0,36.68240109951972,False
J_00873,I_01041,16.32340861125044,107.92868147677817,745.213098526001,normal,1.0,0.0,10.446872627706584,False
J_00874,I_00856,16.64701855039071,107.3427124699239,1291.0327005386353,residential_clean,2.2,0.0,25.392252476621398,False
J_00875,I_00557,16.30638277169462,107.98159113527718,1855.2564029693604,residential_clean,2.2,0.0,10.942142692123586,False
J_00876,I_00142,16.147350667977005,107.69713774402226,1475.963129043579,residential_clean,2.2,0.0,1.6305723167998498,False
J_00877,I_00876,16.644856905748867,107.3396806560819,1703.9738459587097,residential_clean,2.2,0.0,97.04489211871633,False
J_00878,I_01179,16.37226907867027,107.6709398079534,92.79354524612427,normal,1.0,0.0,1.2559214690923026,False
J_00879,I_00876,16.64468160009852,107.33981982458437,1703.9738459587097,residential_clean,2.2,0.0,99.7815210212546,False
J_00880,I_00855,16.31629940275878,107.78080464067864,0.0,residential_clean,3.7,0.0,14.711841045374873,False
J_00881,I_01003,16.247839138000636,107.93530182318675,0.0,hospitals_clean,6.0,0.0,18.126791124602512,False
J_00882,I_00828,16.347438820163436,107.53065634721624,0.0,normal,1.0,0.0,10.367896060635665,False
J_00883,I_00585,16.31048997926866,107.97911054062953,1855.2564029693604,residential_clean,2.2,0.0,0.49170446026364006,False
J_00884,I_00239,16.505823488092098,107.62559203252786,938.1784725189209,residential_clean,2.2,0.0,13.272598849950995,False
J_00885,I_00083,16.216432785306065,108.07080141532884,29.28056812286377,normal,1.0,0.0,1.302505169567719,False
J_00886,I_00878,16.31264169424006,108.0147506921029,35.2052640914917,residential_clean,2.2,0.0,0.08196010580630948,False
J_00887,I_00083,16.22196129174702,108.0467632436498,182.93373203277588,normal,1.0,0.0,40.58389510646167,False
J_00888,I_00557,16.30636164729629,107.98163446117519,1855.2564029693604,residential_clean,2.2,0.0,8.258095161023235,False
J_00889,I_00414,16.358617662052172,107.83240735710032,98.80155229568481,normal,1.0,0.0,18.43904740623286,False
J_00890,I_01152,16.11287769905027,107.33223288921683,876.3254284858704,residential_clean,4.2,0.0,37.45705102435356,False
J_00891,I_00083,16.22200832416975,108.04667259101639,182.93373203277588,normal,1.0,0.0,29.113560562337312,False
J_00892,I_00142,16.132886183849433,107.67342614696513,411.6083207130432,residential_clean,2.2,0.0,0.5534988387888183,False
J_00893,I_00142,16.147935953197486,107.69492394691612,1316.6901903152466,residential_clean,2.2,0.0,53.744363481129824,False
J_00894,I_00113,16.19139554286276,107.72453907554109,1425.589280128479,residential_clean,2.2,0.0,16.349034998460674,False
J_00895,I_00142,16.12656036501869,107.66372210566726,0.0,residential_clean,2.2,0.0,16.366201336537706,False
J_00896,I_01152,16.112823316354277,107.33226517631684,881.3258376121521,residential_clean,4.2,0.0,30.202693933112776,False
J_00897,I_00142,16.132708221538,107.67322755593956,400.0513586997986,residential_clean,2.2,0.0,1.6279633088666394,False
J_00898,I_00254,16.279291708593682,107.97603728761307,500.9542374610901,residential_clean,2.2,0.0,22.229796254875573,False
J_00899,I_00963,16.368127385707233,107.86996924850169,0.0,normal,1.0,0.0,0.222858573869351,False
J_00900,I_00350,16.358537335216752,107.83242440734846,98.80155229568481,normal,1.0,0.0,27.94957102240019,False
J_00901,I_00379,16.38090139799589,107.56971285725811,0.0,normal,1.0,0.0,5.981166732767213,False
J_00902,I_00254,16.257525259338887,107.97548737952637,0.0,residential_clean,2.2,0.0,3.124393519449682,False
J_00903,I_00239,16.50589772549859,107.62562353442597,938.1784725189209,residential_clean,2.2,0.0,16.35441159029842,False
J_00904,I_00142,16.126921476488363,107.6651969109077,69.57911396026611,residential_clean,2.2,0.0,21.564729999662138,False
J_00905,I_00807,16.347029255249325,107.61552467535458,691.5158748626709,normal,1.0,0.0,8.771931808124016,False
J_00906,I_00995,16.51453401734453,107.6427564827958,938.1784725189209,residential_clean,2.2,0.0,34.84658868384007,False
J_00907,I_00876,16.64464239819055,107.33985094547388,1666.0845732688904,residential_clean,2.2,0.0,95.12038210655552,False
J_00908,I_00878,16.31269397117716,107.98396664395773,1847.9719400405884,residential_clean,2.2,0.0,0.5614901885898779,False
J_00909,I_00083,16.21631878106442,108.0707182372703,29.28056812286377,normal,1.0,0.0,9.819935271984633,False
J_00910,I_01152,16.112788218739226,107.33228601382643,881.3258376121521,residential_clean,4.2,0.0,25.520863243348867,False
J_00911,I_00876,16.6452069996502,107.33940272943971,1703.9738459587097,residential_clean,2.2,0.0,45.93915988218643,False
J_00912,I_00876,16.644829789357164,107.33970218276446,1703.9738459587097,residential_clean,2.2,0.0,101.00326352850499,False
J_00913,I_00142,16.132822665186275,107.67335430334556,411.6083207130432,residential_clean,2.2,0.0,10.327092456388208,False
J_00914,I_00239,16.506058802482606,107.62545580791297,938.1784725189209,residential_clean,2.2,0.0,15.901747299003098,False
J_00915,I_00142,16.132776494681305,107.67330316907262,400.0513586997986,residential_clean,2.2,0.0,13.17977490057504,False
J_00916,I_00142,16.118916329081515,107.68711776371916,192.24080801010132,residential_clean,2.2,0.0,22.048603303884985,False
J_00917,I_00235,16.270671900519112,107.8689912236023,1007.2502880096436,hospitals_clean,6.0,0.0,19.629753514768925,False
J_00918,I_00142,16.11895136374005,107.68726644086759,192.24080801010132,residential_clean,2.2,0.0,5.416810756679318,False
J_00919,I_00878,16.312672513124642,107.9831372663908,1855.2564029693604,residential_clean,2.2,0.0,3.0957243259123,False
J_00920,I_00856,16.64704106909252,107.34273593794823,1291.0327005386353,residential_clean,2.2,0.0,29.089629659574346,False
J_00921,I_00239,16.50603123138713,107.62565680119043,938.1784725189209,residential_clean,2.2,0.0,2.485077940790424,False
J_00922,I_00142,16.118934711808464,107.68719577479227,192.24080801010132,residential_clean,2.2,0.0,13.516509956005281,False
J_00923,I_00304,16.165933389370867,107.72299566607975,1900.965938091278,residential_clean,2.2,0.0,3.1099431440011833,False
J_00924,I_00254,16.30238489489266,107.97903581194075,1855.2564029693604,residential_clean,2.2,0.0,29.40469275353514,False
J_00925,I_00980,16.220855029080145,108.03983479974876,182.93373203277588,normal,1.0,0.0,0.8737532597647574,False
J_00926,I_00239,16.506041552671267,107.62558155903564,938.1784725189209,residential_clean,2.2,0.0,10.946285708967867,False
J_00927,I_00142,16.126915725959144,107.66537580751998,69.57911396026611,residential_clean,2.2,0.0,41.490555398908,False
J_00928,I_00239,16.50572770458826,107.62555138777752,938.1784725189209,residential_clean,2.2,0.0,1.2665646397840258,False
J_00929,I_01048,16.397287447458343,107.72704288535752,0.0,normal,1.0,0.0,1.3232265562200591,False
J_00930,I_01109,16.273662231733912,107.86550341721828,1007.2502880096436,hospitals_clean,6.0,0.0,18.72735233964127,False
J_00931,I_00585,16.310666222471152,107.97914177360171,1855.2564029693604,residential_clean,2.2,0.0,1.0797669302883666,False
J_00932,I_00995,16.514484027521387,107.64279624093975,938.1784725189209,residential_clean,2.2,0.0,36.15720081103703,False
J_00933,I_00216,16.643208320179077,107.31625682856064,1925.0802755355835,residential_clean,2.2,0.0,9.291147275243224,False
J_00934,I_01003,16.272606761847243,107.87382209731047,1007.2502880096436,hospitals_clean,6.0,0.0,76.71437209900955,False
J_00935,I_00878,16.309858809322595,107.98259444400439,1855.2564029693604,residential_clean,2.2,0.0,9.839075506454058,False
J_00936,I_01179,16.3722822017757,107.67086624233508,92.79354524612427,normal,1.0,0.0,9.585551060365775,False
J_00937,I_01152,16.112729283656464,107.3323210036701,881.3258376121521,residential_clean,4.2,0.0,17.65924605139374,False
J_00938,I_00995,16.514434350538654,107.64283575026377,938.1784725189209,residential_clean,2.2,0.0,37.99465448855948,False
J_00939,I_00669,16.504326354959062,107.620899464091,902.3181390762329,residential_clean,2.2,0.0,13.090185060286801,False
J_00940,I_00980,16.220807745640123,108.03980408249306,182.93373203277588,normal,1.0,0.0,2.902703301576836,False
J_00941,I_00142,16.12691937868837,107.6652621726081,69.57911396026611,residential_clean,2.2,0.0,28.83369519035981,False
J_00942,I_00083,16.22202799530106,108.04663467589201,182.93373203277588,normal,1.0,0.0,24.31613610412588,False
J_00943,I_00254,16.271829672352567,107.97893391681845,118.00101232528687,residential_clean,2.2,0.0,2.8460393028100146,False
J_00944,I_00142,16.118963195376065,107.68732624351435,192.24080801010132,residential_clean,2.2,0.0,1.3986605609205007,False
J_00945,I_00855,16.32434188111546,107.76402531633222,320.790310382843,residential_clean,3.7,0.0,1.8551257605315798,False
J_00946,I_00557,16.306298150314934,107.9817564593976,1855.2564029693604,residential_clean,2.2,0.0,7.197463549905872,False
J_00947,I_00083,16.221973385310402,108.04673993391566,182.93373203277588,normal,1.0,0.0,37.63449982999191,False
J_00948,I_00142,16.147344424572434,107.69711020528426,1475.963129043579,residential_clean,2.2,0.0,1.7277144211417839,False
J_00949,I_00657,16.216012642159686,108.06025816032458,182.93373203277588,normal,1.0,0.0,25.073614152405415,False
J_00950,I_01041,16.323442411358066,107.92866572066936,745.213098526001,normal,1.0,0.0,14.741972410279239,False
J_00951,I_00340,16.4021345087872,107.47523266199362,0.0,normal,1.0,0.0,4.199006615671193,False
J_00952,I_00229,16.394202366364162,107.70222991434,0.0,normal,1.0,0.0,4.907764323443915,False
J_00953,I_00304,16.16590925041119,107.72294493049478,1930.4623107910156,residential_clean,2.2,0.0,9.30855320148453,False
J_00954,I_00557,16.30632284619556,107.98171231504897,1855.2564029693604,residential_clean,2.2,0.0,1.5094799020483889,False
J_00955,I_00083,16.2164550562964,108.0708089506264,29.28056812286377,normal,1.0,0.0,0.8464157418885302,False
J_00956,I_01144,16.64173002337443,107.31554713236932,1827.7427053451538,residential_clean,2.2,0.0,6.696972002242984,False
J_00957,I_00867,16.27368098404376,107.86544581811549,1007.2502880096436,hospitals_clean,6.0,0.0,11.956717602479163,False
J_00958,I_01144,16.641733692186442,107.31548155146459,1827.7427053451538,residential_clean,2.2,0.0,3.2608702198166952,False
J_00959,I_00079,16.37349362743844,107.67337225139646,92.79354524612427,normal,1.0,0.0,3.2441075556243866,False
J_00960,I_00113,16.191444253215337,107.72450058855829,1434.7512311935425,residential_clean,2.2,0.0,9.261215300508526,False
J_00961,I_00216,16.643239611524418,107.3163366624314,1939.9181632995605,residential_clean,2.2,0.0,2.4236483966461337,False
J_00962,I_00995,16.514552080947094,107.64274211636295,938.1784725189209,residential_clean,2.2,0.0,34.73998770496784,False
J_00963,I_00254,16.26910357533945,107.97772448868756,0.0,residential_clean,2.2,0.0,19.76685756618933,False
J_00964,I_00142,16.13284506685487,107.67337911341069,411.6083207130432,residential_clean,2.2,0.0,6.536729774095374,False
J_00965,I_00142,16.126544302080553,107.66370593842385,0.0,residential_clean,2.2,0.0,18.279021687751932,False
J_00966,I_00304,16.165943282127103,107.72301645880755,1900.965938091278,residential_clean,2.2,0.0,0.5268798196009,False
J_00967,I_01109,16.273611338298807,107.8656597401301,1007.2502880096436,hospitals_clean,6.0,0.0,16.36965971692958,False
J_00968,I_00876,16.649678854022294,107.33571337449256,1827.6074585914612,residential_clean,2.2,0.0,65.40339225649576,False
J_00969,I_00349,16.304574235993712,107.9833412693466,1855.2564029693604,residential_clean,2.2,0.0,11.12856275068686,False
J_00970,I_00876,16.64477660515024,107.33974440369532,1703.9738459587097,residential_clean,2.2,0.0,104.87865525113745,False
J_00971,I_01152,16.11268697339717,107.33234612332565,881.3258376121521,residential_clean,4.2,0.0,12.015290679996522,False
J_00972,I_01109,16.273629829317642,107.86560294361672,1007.2502880096436,hospitals_clean,6.0,0.0,23.04595201744813,False
J_00973,I_00216,16.643344974349738,107.31644217450126,1939.9181632995605,residential_clean,2.2,0.0,16.744510593386707,False
J_00974,I_01109,16.273643647389413,107.86556050039768,1007.2502880096436,hospitals_clean,6.0,0.0,25.437341534273603,False
J_00975,I_01152,16.112841642187913,107.33225429623892,881.3258376121521,residential_clean,4.2,0.0,32.64726065917803,False
J_00976,I_00856,16.647001296907252,107.34269448908593,1304.062307357788,residential_clean,2.2,0.0,22.559379157761356,False
J_00977,I_00239,16.50580412788676,107.62558381722108,938.1784725189209,residential_clean,2.2,0.0,10.845883139456578,False
J_00978,I_00113,16.191372224195867,107.72455750006321,1425.589280128479,residential_clean,2.2,0.0,19.74212225219209,False
J_00979,I_01144,16.641560802611153,107.3155489532806,1827.7427053451538,residential_clean,2.2,0.0,5.804786837924157,False
J_00980,I_00142,16.124823589614284,107.66189578691277,0.0,residential_clean,2.2,0.0,3.374535498280479,False
J_00981,I_00231,16.38937530754186,107.57844244025752,31.651678562164307,normal,1.0,0.0,3.7914278643668218,False
J_00982,I_00142,16.132722396939663,107.67324325532492,400.0513586997986,residential_clean,2.2,0.0,4.026440059986922,False
J_00983,I_00142,16.132896916759748,107.67344449843888,411.6083207130432,residential_clean,2.2,0.0,2.9452112845032588,False
J_00984,I_01144,16.641599534559482,107.31553385303012,1827.7427053451538,residential_clean,2.2,0.0,10.608594756649293,False
J_00985,I_01060,16.33941552700293,107.74149842270279,1158.8691544532776,residential_clean,3.7,0.0,3.1434297818900956,False
J_00986,I_00113,16.19149569674198,107.72445994203194,1397.5235509872437,residential_clean,2.2,0.0,1.7756908716122752,False
J_00987,I_00275,16.411363166658187,107.8258061958106,0.0,normal,1.0,0.0,0.08657968753543809,False
J_00988,I_00809,16.113576657022456,107.32593233884695,876.3254284858704,residential_clean,4.2,0.0,26.237506840851946,False
J_00989,I_01144,16.64178486396042,107.31546160501226,1827.7427053451538,residential_clean,2.2,0.0,9.607415338416876,False
J_00990,I_01041,16.32327681704973,107.92873550219362,745.213098526001,normal,1.0,0.0,6.011135155044038,False
J_00991,I_00142,16.12692227345444,107.66517211761851,69.57911396026611,residential_clean,2.2,0.0,18.803209003131485,False
J_00992,I_00414,16.3585968057677,107.83241178407518,98.80155229568481,normal,1.0,0.0,20.90838676496782,False
J_00993,I_00142,16.132874000004005,107.67341115715796,411.6083207130432,residential_clean,2.2,0.0,1.641239848003978,False
J_00994,I_01144,16.641621164017558,107.31552542044929,1827.7427053451538,residential_clean,2.2,0.0,10.695596140517628,False
J_00995,I_00142,16.12657370402912,107.66373553129604,0.0,residential_clean,2.2,0.0,14.216115927929545,False
J_00996,I_01179,16.372300595133733,107.67076313268063,92.79354524612427,normal,1.0,0.0,9.333622303322471,False
J_00997,I_01041,16.323383660313667,107.92869310779484,745.213098526001,normal,1.0,0.0,7.276268906839182,False
J_00998,I_00557,16.3063747084815,107.9816076728351,1855.2564029693604,residential_clean,2.2,0.0,11.602887910307544,False
J_00999,I_00980,16.220714825427866,108.03976229636227,182.93373203277588,normal,1.0,0.0,8.862277137549187,False
