site_id,i_ref,latitude,longitude,pop,priority_category,priority_weight,slope,dist_to_road_m,in_water
J_00000,I_00702,16.464564484262805,107.58285514309475,133477.37726259232,command_centers_clean,12.7,0.0,196.38457433563138,False
J_00001,I_00702,16.465387635281235,107.58578679354221,131401.62833309174,command_centers_clean,12.7,0.0,145.23544041391992,False
J_00002,I_00729,16.47280366828221,107.58531858668032,131352.26065015793,command_centers_clean,12.7,0.0,65.45612132113766,False
J_00003,I_00702,16.452053116981546,107.5516882879027,18012.361421585083,command_centers_clean,12.7,0.0,169.0490597805466,False
J_00004,I_00967,16.56175781453139,107.62465629380792,16745.015774726868,residential_clean,2.2,0.0,437.8265633402458,False
J_00005,I_00967,16.55269886087072,107.6247096968657,15018.302017688751,residential_clean,2.2,0.0,298.9715360412651,False
J_00006,I_00967,16.56080563832133,107.61945988886589,14317.27336025238,residential_clean,2.2,0.0,136.47399927162263,False
J_00007,I_00054,16.259104634191697,107.23844472366255,12872.742105007172,residential_clean,5.2,0.0,3.434365605884524,False
J_00008,I_00729,16.50022477752571,107.55631413335453,12762.064329624176,command_centers_clean,12.7,0.0,16.34335119979396,False
J_00009,I_00169,16.56802160033397,107.61815419031805,10777.930277347565,residential_clean,2.2,0.0,17.801223099128194,False
J_00010,I_01183,16.275091234808002,107.21916164095515,10517.738826274872,residential_clean,5.2,0.0,0.6031865492573832,False
J_00011,I_00319,16.53765178647826,107.64096096155315,10203.959980010986,residential_clean,2.2,0.0,114.17029710312926,False
J_00012,I_00967,16.560860715502322,107.6114362438481,8147.090132713318,residential_clean,2.2,0.0,307.0831132464287,False
J_00013,I_00642,16.57201497314066,107.59689992686017,7689.924242973328,residential_clean,2.2,0.0,471.0852955165716,False
J_00014,I_00337,16.24267922395346,107.24297486698197,5096.558259487152,residential_clean,5.2,0.0,10.174078271439432,False
J_00015,I_00428,16.657298374109597,107.4562841784747,4926.937690734863,residential_clean,2.2,0.0,178.45715118247915,False
J_00016,I_00190,16.64963862862241,107.46759420315082,4517.024087905884,residential_clean,2.2,0.0,192.32375682574883,False
J_00017,I_00859,16.631463984075427,107.51103653068377,4204.594349861145,residential_clean,2.2,0.0,2.690493183024078,False
J_00018,I_01096,16.510692111870366,107.44184480825346,3762.6395778656006,normal,1.0,0.0,37.75364957317597,False
J_00019,I_00625,16.488476123338426,107.75079833398023,3588.576114177704,normal,1.0,0.0,4.369633768958332,False
J_00020,I_01113,16.17280773527207,107.69679441976473,3240.7596549987793,residential_clean,2.2,0.0,114.03597478164873,False
J_00021,I_00589,16.179501389096437,107.70143571489471,3156.5854682922363,residential_clean,2.2,0.0,8.85564212210104,False
J_00022,I_00351,16.60032753484722,107.52563329170732,2906.817181110382,residential_clean,2.2,0.0,412.9090788827036,False
J_00023,I_00960,16.510966502875082,107.37087029703777,2822.825825691223,residential_clean,2.2,0.0,0.06817595312900715,False
J_00024,I_00425,16.683729574032725,107.38483515627229,2808.062861919403,residential_clean,4.7,0.0,243.67105671695637,False
J_00025,I_00778,16.511371538131513,107.37875321737445,2807.3656787872314,residential_clean,2.2,0.0,75.98644478200144,False
J_00026,I_00589,16.171976205330363,107.71093322352809,2789.1563143730164,residential_clean,2.2,0.0,7.1570567291966265,False
J_00027,I_00425,16.69061023526559,107.37929004405362,2770.619800567627,residential_clean,4.7,0.0,110.44256218639354,False
J_00028,I_01051,16.168214444122864,107.6841613171588,2710.0014238357544,normal,1.0,0.0,1.1751882796337443,False
J_00029,I_00583,16.647180684711923,107.43434240042741,2701.181176662445,residential_clean,2.2,0.0,426.96729705368415,False
J_00030,I_00583,16.65172427442507,107.4326580563688,2687.2052297592163,residential_clean,2.2,0.0,578.7201716338369,False
J_00031,I_00241,16.502457784163884,107.41957096300789,2656.995334148407,residential_clean,2.2,0.0,14.456263064930774,False
J_00032,I_01042,16.17483404148361,107.71824928243976,2587.9376435279846,residential_clean,2.2,0.0,18.384212858613303,False
J_00033,I_00390,16.66165052923906,107.44674044975766,2498.417206287384,residential_clean,2.2,0.0,91.08474980112219,False
J_00034,I_00636,16.59794421661368,107.52749767676538,2467.725082874298,residential_clean,2.2,0.0,289.37337464641195,False
J_00035,I_00857,16.496490944905005,107.43968646776354,2458.413070678711,residential_clean,2.2,0.0,3.146250920446571,False
J_00036,I_00729,16.506555886561966,107.5482207639052,2397.273582458496,command_centers_clean,12.7,0.0,27.458922943058507,False
J_00037,I_01104,16.23578933473607,107.25796141462291,2385.534535884857,residential_clean,5.2,0.0,1.5199781301146187,False
J_00038,I_00960,16.497696326541043,107.35994445635131,2370.9269070625305,residential_clean,2.2,0.0,16.21882858422501,False
J_00039,I_00652,16.58297581938771,107.52175375674125,2349.4732241630554,residential_clean,2.2,0.0,4.5493016166202205,False
J_00040,I_00960,16.51131596442937,107.3306800259202,2323.431013584137,residential_clean,2.2,0.0,0.8266829363921587,False
J_00041,I_00583,16.644369868764766,107.42690834792694,2308.7394790649414,residential_clean,2.2,0.0,259.71848103568175,False
J_00042,I_00862,16.63154872426071,107.32571812480593,2198.3177938461304,residential_clean,2.2,0.0,451.3902642615552,False
J_00043,I_00585,16.318271331583507,107.97666914369563,2045.4107327461243,residential_clean,2.2,0.0,264.87922563061335,False
J_00044,I_00728,16.592010687184032,107.53955982978566,2031.5214805603027,residential_clean,2.2,0.0,429.53752855329594,False
J_00045,I_00448,16.52558997251869,107.63207186016622,1875.456904888153,residential_clean,2.2,0.0,424.33360680616124,False
J_00046,I_00600,16.345777427600147,107.1533551546412,1627.275276184082,residential_clean,2.2,0.0,60.058278447653656,False
J_00047,I_00680,16.323982926261284,107.17375869393689,1556.011752128601,normal,1.0,0.0,3.765086369145497,False
J_00048,I_00113,16.191383142286977,107.72454887347209,1425.589280128479,residential_clean,2.2,0.0,18.153436468180004,False
J_00049,I_00728,16.594696490700724,107.5516882879027,1351.723021030426,residential_clean,2.2,0.0,1286.7843705520256,False
J_00050,I_00621,16.540644210928704,107.40621365819598,1288.6670117378235,residential_clean,2.2,0.0,23.33855297944316,False
J_00051,I_00898,16.32998808743218,107.73619742472133,1200.6091198921204,residential_clean,3.7,0.0,83.6745496789799,False
J_00052,I_01027,16.426005358597124,107.63310648725457,1182.5754265785217,command_centers_clean,12.7,0.0,5.910577037589388,False
J_00053,I_00960,16.535147798587268,107.38852679946292,1040.84605884552,residential_clean,2.2,0.0,140.50147847932743,False
J_00054,I_00124,16.49252762994612,107.5166952715387,1030.8618240356445,normal,1.0,0.0,26.745001239833332,False
J_00055,I_01003,16.272578691553885,107.87393085756696,1007.2502880096436,hospitals_clean,6.0,0.0,64.17727056947521,False
J_00056,I_00309,16.340512032035562,107.94230732630557,909.5094494819641,normal,1.0,0.0,121.55578440863664,False
J_00057,I_00048,16.278757122870918,107.20016707263453,888.4469466209412,residential_clean,5.2,0.0,8.481200468353697,False
J_00058,I_01152,16.112716039701038,107.3323288666241,881.3258376121521,residential_clean,4.2,0.0,15.892575270636401,False
J_00059,I_00204,16.327771072832128,107.9219479533954,814.4013137817383,normal,1.0,0.0,433.4199152120604,False
J_00060,I_00402,16.370766800336835,107.03714524508437,780.0957264900208,residential_clean,2.2,0.0,328.4781328151753,False
J_00061,I_00807,16.346986871053847,107.61546948039722,691.5158748626709,normal,1.0,0.0,7.254318522470452,False
J_00062,I_00142,16.13358049966036,107.67945969632285,653.5022687911987,residential_clean,2.2,0.0,27.276187378378726,False
J_00063,I_01060,16.36460075562834,107.74417831403437,420.681902885437,residential_clean,3.7,0.0,1.5505253114139192,False
J_00064,I_00968,16.08275400459914,107.35644418782978,420.02499771118164,residential_clean,2.2,0.0,143.04348540159634,False
J_00065,I_00128,16.201558765944643,107.29196355771802,354.2164168357849,residential_clean,2.2,0.0,3.7178782317699026,False
J_00066,I_00626,16.394966337190432,107.1053249196505,346.3988723754883,residential_clean,2.2,0.0,1652.4844417488252,False
J_00067,I_00084,16.337862817657815,107.04580980388354,286.5137815475464,residential_clean,2.2,0.0,2032.8461067235353,False
J_00068,I_00138,16.140744355801925,107.33267319718394,274.10322999954224,residential_clean,4.2,0.0,2.5227131859377194,False
J_00069,I_01120,16.29640072134181,107.32176875550043,190.71347999572754,residential_clean,2.2,0.0,370.40800560732686,False
J_00070,I_00083,16.220771720336327,108.05666828751009,182.93373203277588,normal,1.0,0.0,224.63283803832203,False
J_00071,I_00124,16.503618966842996,107.47045751725973,161.8819351196289,normal,1.0,0.0,40.473489654794854,False
J_00072,I_00145,16.728899965716867,107.40169923171126,133.70772409439087,residential_clean,2.2,0.0,6.814269359651956,False
J_00073,I_00940,16.509123105283944,107.67071851943662,128.2671127319336,residential_clean,2.2,0.0,150.95467293902476,False
J_00074,I_00108,16.329700838213903,107.4128927494746,99.7864499092102,residential_clean,2.2,0.0,86.01981187043549,False
J_00075,I_00963,16.35762343818022,107.83473417676626,98.80155229568481,normal,1.0,0.0,183.31435436992024,False
J_00076,I_01004,16.297152094978365,107.3888852519855,94.38315534591675,residential_clean,2.2,0.0,44.84736304100676,False
J_00077,I_00079,16.373566804169617,107.67346031598964,92.79354524612427,normal,1.0,0.0,9.749797539128886,False
J_00078,I_00394,16.32811392265003,107.70257740320766,58.30147314071655,normal,1.0,0.0,119.43429691032935,False
J_00079,I_01088,16.28184320605344,107.90999749842098,46.515249729156494,hospitals_clean,6.0,0.0,15.538102531216333,False
J_00080,I_00878,16.312220362730933,108.01451668362938,35.2052640914917,residential_clean,2.2,0.0,2.008430110523784,False
J_00081,I_00559,16.4235118227898,107.07556736176701,15.332436561584473,residential_clean,2.2,0.0,3027.1665774490443,False
J_00082,I_00867,16.2521762647415,107.78974875097055,11.266835689544678,hospitals_clean,6.0,0.0,473.4397814717857,False
J_00083,I_00702,16.462792971879175,107.58225883674646,133313.16054582596,command_centers_clean,12.7,0.0,232.33288929518574,False
J_00084,I_00702,16.464777815741044,107.58338380505378,133288.8202176094,command_centers_clean,12.7,0.0,206.33809532832126,False
J_00085,I_00702,16.462676228476546,107.58273885416912,132958.86592531204,command_centers_clean,12.7,0.0,193.666757356388,False
J_00086,I_00702,16.4656150807482,107.58427033327438,132769.2509636879,command_centers_clean,12.7,0.0,167.43703321847357,False
J_00087,I_00735,16.466055935373767,107.5847063535161,132458.07693719864,command_centers_clean,12.7,0.0,144.74635549261362,False
J_00088,I_00735,16.466012869137383,107.58474482585187,132405.22526407242,command_centers_clean,12.7,0.0,151.32914081672996,False
J_00089,I_00735,16.466141917854177,107.5846295428116,132353.19491052628,command_centers_clean,12.7,0.0,131.60370719355197,False
J_00090,I_00735,16.466126552646507,107.58464326901066,132353.19491052628,command_centers_clean,12.7,0.0,133.95232003013382,False
J_00091,I_00735,16.46593949666125,107.58481037162339,132273.65268182755,command_centers_clean,12.7,0.0,162.54430969234153,False
J_00092,I_00702,16.465851685245205,107.58488881608817,132133.3818383217,command_centers_clean,12.7,0.0,175.96650153871562,False
J_00093,I_00702,16.465862320303177,107.58487931548675,132133.3818383217,command_centers_clean,12.7,0.0,174.34090698165275,False
J_00094,I_00702,16.464305568071392,107.58457931788254,132087.02010393143,command_centers_clean,12.7,0.0,189.266334869591,False
J_00095,I_00702,16.465676207497413,107.5850455753033,132060.8747663498,command_centers_clean,12.7,0.0,202.7886905207474,False
J_00096,I_00702,16.46573058740214,107.58499699621774,132060.8747663498,command_centers_clean,12.7,0.0,194.47659599860202,False
J_00097,I_00702,16.465759122727864,107.58497150480997,132060.8747663498,command_centers_clean,12.7,0.0,190.11490436836968,False
J_00098,I_00702,16.465707690805363,107.5850174503879,132060.8747663498,command_centers_clean,12.7,0.0,197.97639418849846,False
J_00099,I_00702,16.465565763340383,107.58514423810709,132060.8747663498,command_centers_clean,12.7,0.0,201.60577569137658,False
J_00100,I_00735,16.466585646088593,107.58540916397902,131911.12026500702,command_centers_clean,12.7,0.0,179.08195145815108,False
J_00101,I_00702,16.46545541581525,107.58524281453083,131719.70784282684,command_centers_clean,12.7,0.0,184.73891740465962,False
J_00102,I_00702,16.465182853680098,107.58519287066517,131682.84736919403,command_centers_clean,12.7,0.0,166.19039133165617,False
J_00103,I_00735,16.466418689167522,107.58561372412277,131597.86448192596,command_centers_clean,12.7,0.0,206.6248938155176,False
J_00104,I_00702,16.465415539449175,107.58527843715156,131594.5399274826,command_centers_clean,12.7,0.0,178.64373081915215,False
J_00105,I_00770,16.46759994871452,107.58602314390764,131490.96229076385,command_centers_clean,12.7,0.0,129.59099297928205,False
J_00106,I_00702,16.465115649593958,107.5855463365181,131477.2062444687,command_centers_clean,12.7,0.0,132.80497466086192,False
J_00107,I_00702,16.46508076573791,107.58557749914233,131477.2062444687,command_centers_clean,12.7,0.0,127.4729130286885,False
J_00108,I_00702,16.46512887770735,107.5855345195109,131477.2062444687,command_centers_clean,12.7,0.0,134.8269164014898,False
J_00109,I_00702,16.46506956868517,107.58558750174942,131434.70033931732,command_centers_clean,12.7,0.0,125.76142310373851,False
J_00110,I_00702,16.465218667393327,107.58545430809933,131430.903758049,command_centers_clean,12.7,0.0,148.5514405899018,False
J_00111,I_00702,16.465020890339343,107.58563098732573,131387.7924261093,command_centers_clean,12.7,0.0,118.3208503427649,False
J_00112,I_00729,16.47280532293566,107.58532077599516,131352.26065015793,command_centers_clean,12.7,0.0,65.14581399158763,False
J_00113,I_00735,16.466080944093456,107.5859806625499,131197.6964788437,command_centers_clean,12.7,0.0,179.4058241074315,False
J_00114,I_00702,16.464971551236076,107.58567506316196,131156.81536769867,command_centers_clean,12.7,0.0,110.77928152424022,False
J_00115,I_00702,16.464963801115406,107.58568198653462,131156.81536769867,command_centers_clean,12.7,0.0,109.59466210661628,False
J_00116,I_00702,16.46487561874988,107.58576076198268,131156.81536769867,command_centers_clean,12.7,0.0,96.11583757024961,False
J_00117,I_00770,16.46660213227278,107.58628959309515,131151.51688289642,command_centers_clean,12.7,0.0,194.976159388694,False
J_00118,I_00770,16.466777440118328,107.58644320218247,131072.88333034515,command_centers_clean,12.7,0.0,202.501430706123,False
J_00119,I_00729,16.468606866148686,107.58717128068724,130747.69566679001,command_centers_clean,12.7,0.0,147.6942530760134,False
J_00120,I_00770,16.466752515088316,107.58699185288356,130450.71392631531,command_centers_clean,12.7,0.0,177.22788768655627,False
J_00121,I_00729,16.471637206894016,107.58733968951543,130393.44886636734,command_centers_clean,12.7,0.0,21.743836294216344,False
J_00122,I_00729,16.469173614445193,107.58765849367724,130380.19787549973,command_centers_clean,12.7,0.0,115.85254082829907,False
J_00123,I_00729,16.468020130288757,107.58752699831723,130315.67828607559,command_centers_clean,12.7,0.0,219.09202219381734,False
J_00124,I_00770,16.467696492191937,107.58744338916821,130303.81363153458,command_centers_clean,12.7,0.0,235.16533219440086,False
J_00125,I_00735,16.465749766069454,107.58706951035406,130282.10397338867,command_centers_clean,12.7,0.0,64.34122758366844,False
J_00126,I_00735,16.466132138057354,107.58704692357787,130266.20712280273,command_centers_clean,12.7,0.0,106.16585937700629,False
J_00127,I_00735,16.46578270530396,107.58702304318807,130241.71534729004,command_centers_clean,12.7,0.0,70.24142824196946,False
J_00128,I_00729,16.471610310681665,107.58754383427922,130210.90630578995,command_centers_clean,12.7,0.0,5.02599928469762,False
J_00129,I_00729,16.471572628305065,107.58752314496758,130210.90630578995,command_centers_clean,12.7,0.0,0.08242767859131941,False
J_00130,I_00770,16.466625358573733,107.58721649784974,130205.26599121094,command_centers_clean,12.7,0.0,158.63472778537493,False
J_00131,I_00770,16.467598894598446,107.58759891363523,130128.8993229866,command_centers_clean,12.7,0.0,249.5662312286329,False
J_00132,I_00770,16.46736119468363,107.58762046929056,130113.55072069168,command_centers_clean,12.7,0.0,224.38770879574255,False
J_00133,I_00770,16.466331348688133,107.58724311390002,130074.03116607666,command_centers_clean,12.7,0.0,124.37852855444876,False
J_00134,I_00770,16.467478400745712,107.58773289993694,130054.09606218338,command_centers_clean,12.7,0.0,230.28004765573905,False
J_00135,I_00729,16.471734245049582,107.58761187982363,129999.6263833046,command_centers_clean,12.7,0.0,21.285023613676262,False
J_00136,I_00770,16.46626326274587,107.58749083851728,129930.33573150635,command_centers_clean,12.7,0.0,116.98062954895356,False
J_00137,I_00729,16.469824947851134,107.58819512677037,129911.13511610031,command_centers_clean,12.7,0.0,77.13234836086978,False
J_00138,I_00729,16.46826856613904,107.58804565771648,129859.7633023262,command_centers_clean,12.7,0.0,228.2814580318877,False
J_00139,I_00770,16.467025647977152,107.58775989029701,129846.67821550369,command_centers_clean,12.7,0.0,183.1354187744296,False
J_00140,I_00729,16.468725518721563,107.58826767244493,129750.0024189949,command_centers_clean,12.7,0.0,188.52372870145308,False
J_00141,I_00729,16.468232478663424,107.58831057774725,129716.50952577591,command_centers_clean,12.7,0.0,227.1685710126125,False
J_00142,I_00770,16.46713887752963,107.58797970947359,129694.34697008133,command_centers_clean,12.7,0.0,182.86722633572757,False
J_00143,I_00770,16.46671582190628,107.58810130819339,129470.90915155411,command_centers_clean,12.7,0.0,132.79957749993767,False
J_00144,I_00770,16.466550914106932,107.58805389008342,129334.72038507462,command_centers_clean,12.7,0.0,119.13154634000412,False
J_00145,I_00160,16.467915553824174,107.58851956346416,129324.38400888443,command_centers_clean,12.7,0.0,195.83606863957934,False
J_00146,I_00160,16.467931425619724,107.58868405948054,129239.4317612648,command_centers_clean,12.7,0.0,178.14289248112428,False
J_00147,I_00160,16.467535148999442,107.58874745375013,129104.05742120743,command_centers_clean,12.7,0.0,153.21414861631257,False
J_00148,I_00759,16.46866012381853,107.58915777561619,128890.14023447037,command_centers_clean,12.7,0.0,170.27573784001407,False
J_00149,I_00702,16.464559767677592,107.58806105525913,128854.04879283905,command_centers_clean,12.7,0.0,24.452242540105104,False
J_00150,I_00702,16.464546022133437,107.58807515569383,128854.04879283905,command_centers_clean,12.7,0.0,22.21401456106589,False
J_00151,I_00702,16.46455053867226,107.58807052254446,128854.04879283905,command_centers_clean,12.7,0.0,22.949456039308565,False
J_00152,I_00702,16.464571832950746,107.58804867847684,128842.2682762146,command_centers_clean,12.7,0.0,26.416867109548964,False
J_00153,I_00702,16.46458259937715,107.58803763407509,128842.2682762146,command_centers_clean,12.7,0.0,28.169996675891145,False
J_00154,I_00759,16.468777286027713,107.58918454123194,128838.7667145729,command_centers_clean,12.7,0.0,178.01020293800693,False
J_00155,I_00702,16.464489060995902,107.58813358747688,128794.59413433075,command_centers_clean,12.7,0.0,12.9388642169594,False
J_00156,I_00702,16.46453458468717,107.58808688843807,128794.59413433075,command_centers_clean,12.7,0.0,20.35162116710273,False
J_00157,I_00702,16.464318255224402,107.58810950409669,128794.59413433075,command_centers_clean,12.7,0.0,15.83052960805242,False
J_00158,I_00702,16.46452194721535,107.58809985218993,128794.59413433075,command_centers_clean,12.7,0.0,18.29382417371026,False
J_00159,I_00702,16.46432653871609,107.5881190799328,128794.59413433075,command_centers_clean,12.7,0.0,14.394957278268734,False
J_00160,I_00702,16.46450649527522,107.58811570307415,128794.59413433075,command_centers_clean,12.7,0.0,15.77773914629385,False
J_00161,I_00702,16.46435085547216,107.5881471904566,128794.59413433075,command_centers_clean,12.7,0.0,10.180736220021865,False
J_00162,I_00702,16.464535698377578,107.58808574599384,128794.59413433075,command_centers_clean,12.7,0.0,20.532966684238165,False
J_00163,I_00702,16.464516676413442,107.58810525907555,128794.59413433075,command_centers_clean,12.7,0.0,17.435563917585732,False
J_00164,I_00702,16.4645371820933,107.5880842239708,128794.59413433075,command_centers_clean,12.7,0.0,20.774564524534302,False
J_00165,I_00702,16.464475364082396,107.58814763802023,128794.59413433075,command_centers_clean,12.7,0.0,10.708555722428311,False
J_00166,I_00702,16.464487667372747,107.58813501708093,128794.59413433075,command_centers_clean,12.7,0.0,12.711936476221542,False
J_00167,I_00702,16.46434643893711,107.58814208487756,128794.59413433075,command_centers_clean,12.7,0.0,10.946144892693464,False
J_00168,I_00702,16.464509952490275,107.58811215659951,128794.59413433075,command_centers_clean,12.7,0.0,16.340687662874462,False
J_00169,I_00702,16.464481183646402,107.5881416682056,128794.59413433075,command_centers_clean,12.7,0.0,11.65617233559969,False
J_00170,I_00702,16.464525294869254,107.58809641810481,128794.59413433075,command_centers_clean,12.7,0.0,18.83893256972273,False
J_00171,I_00702,16.46437440573147,107.58817441490235,128732.22726345062,command_centers_clean,12.7,0.0,6.0993525572577765,False
J_00172,I_00702,16.46436529230136,107.58816387964286,128732.22726345062,command_centers_clean,12.7,0.0,7.67875793285572,False
J_00173,I_00759,16.469759437928328,107.58937188680603,128728.68024110794,command_centers_clean,12.7,0.0,192.63712429056184,False
J_00174,I_00702,16.464429816690767,107.58819436135705,128726.26829862595,command_centers_clean,12.7,0.0,3.291941836733609,False
J_00175,I_00702,16.46439121049845,107.5881938414619,128726.26829862595,command_centers_clean,12.7,0.0,3.186997851117614,False
J_00176,I_00702,16.46444296127411,107.58818087740723,128707.84933423996,command_centers_clean,12.7,0.0,5.432312288676784,False
J_00177,I_00702,16.464445805697498,107.58817795954648,128707.84933423996,command_centers_clean,12.7,0.0,5.895477978841161,False
J_00178,I_00702,16.46445119359674,107.58817243254225,128707.84933423996,command_centers_clean,12.7,0.0,6.772805222090763,False
J_00179,I_00702,16.464463072569465,107.58816024687725,128707.84933423996,command_centers_clean,12.7,0.0,8.707092849862523,False
J_00180,I_00702,16.464437012858042,107.58818697939945,128707.84933423996,command_centers_clean,12.7,0.0,4.463714510898733,False
J_00181,I_00702,16.464456586435286,107.58816690047105,128707.84933423996,command_centers_clean,12.7,0.0,7.650936768767964,False
J_00182,I_00759,16.468761874367633,107.5894393754795,128622.38379144669,command_centers_clean,12.7,0.0,158.94267133400302,False
J_00183,I_00160,16.468147413505235,107.58929759575288,128612.57610750198,command_centers_clean,12.7,0.0,121.869609240512,False
J_00184,I_00759,16.469146261831327,107.58953223424227,128571.90778207779,command_centers_clean,12.7,0.0,192.68489056905813,False
J_00185,I_00759,16.469081059622717,107.58961553591087,128522.2635140419,command_centers_clean,12.7,0.0,182.01230378505284,False
J_00186,I_00160,16.468205671441098,107.58935289902773,128518.69668245316,command_centers_clean,12.7,0.0,120.09916456193979,False
J_00187,I_00759,16.469487723952273,107.58975426736744,128451.79762125015,command_centers_clean,12.7,0.0,221.84202259378318,False
J_00188,I_00759,16.46879541029377,107.58987407355768,128026.40946626663,command_centers_clean,12.7,0.0,140.89126522398985,False
J_00189,I_00702,16.459851112163072,107.58640155822279,127295.80394363403,command_centers_clean,12.7,0.0,8.948955576324462,False
J_00190,I_00957,16.465385783521587,107.59000743422222,127229.23882246017,command_centers_clean,12.7,0.0,40.082587770773834,False
J_00191,I_00759,16.471068074519607,107.59161288434518,126823.23014783859,command_centers_clean,12.7,0.0,245.62778678165327,False
J_00192,I_00759,16.474332116160912,107.59184735121994,126523.37719297409,command_centers_clean,12.7,0.0,134.86304789873992,False
J_00193,I_00759,16.47266140493353,107.59311871075816,125207.5557141304,command_centers_clean,12.7,0.0,217.01474545648128,False
J_00194,I_00759,16.476750099363763,107.59166183912869,124462.03025960922,command_centers_clean,12.7,0.0,67.55658110553658,False
J_00195,I_01027,16.464704200404142,107.59350796860488,122832.99582529068,command_centers_clean,12.7,0.0,6.100738773531215,False
J_00196,I_01027,16.46469169692067,107.59352161943154,122832.99582529068,command_centers_clean,12.7,0.0,3.9993712286390046,False
J_00197,I_01027,16.464672989246697,107.59354204375522,122832.99582529068,command_centers_clean,12.7,0.0,0.8553117489944515,False
J_00198,I_01027,16.46467854709304,107.59353597591114,122832.99582529068,command_centers_clean,12.7,0.0,1.7893775726807664,False
J_00199,I_01027,16.464730821785846,107.59347890439219,122819.5538983345,command_centers_clean,12.7,0.0,10.574797002383264,False
J_00200,I_01027,16.46472250534412,107.59348798396759,122819.5538983345,command_centers_clean,12.7,0.0,9.177114242250079,False
J_00201,I_01027,16.46459071461891,107.59363187105261,122811.09991693497,command_centers_clean,12.7,0.0,12.972212344506639,False
J_00202,I_00759,16.475910869800394,107.59436503111803,121640.79447031021,command_centers_clean,12.7,0.0,69.83366514973046,False
J_00203,I_01027,16.470309930429636,107.59599648076487,121244.73109102249,command_centers_clean,12.7,0.0,7.807721031664606,False
J_00204,I_00572,16.473896776544,107.59795319115479,115894.33298635483,command_centers_clean,12.7,0.0,48.167290502352856,False
J_00205,I_00169,16.56397598094655,107.63143851166286,14781.048172473907,residential_clean,2.2,0.0,483.4478310743162,False
J_00206,I_00825,16.56473273992305,107.62178121905787,14568.327785015106,residential_clean,2.2,0.0,376.5193698270489,False
J_00207,I_00967,16.557766035730193,107.61876888828,14047.827831745148,residential_clean,2.2,0.0,232.0270232121391,False
J_00208,I_00967,16.560509992537604,107.61883208142396,13750.200896263123,residential_clean,2.2,0.0,86.84377831286677,False
J_00209,I_00825,16.564758202864926,107.62048526592623,13528.478752613068,residential_clean,2.2,0.0,236.28367282880774,False
J_00210,I_00825,16.56386357641676,107.61915273646109,13265.58130455017,residential_clean,2.2,0.0,194.06907498483312,False
J_00211,I_00054,16.259073317614078,107.23846984500503,12872.742105007172,residential_clean,5.2,0.0,5.447025390208255,False
J_00212,I_00054,16.259086592075345,107.23845919657863,12872.742105007172,residential_clean,5.2,0.0,6.07494020387317,False
J_00213,I_00054,16.25908335950697,107.23846178966069,12872.742105007172,residential_clean,5.2,0.0,6.548046423930448,False
J_00214,I_00054,16.259096579203266,107.23845118516475,12872.742105007172,residential_clean,5.2,0.0,4.613262690308682,False
J_00215,I_00054,16.25910889546377,107.23844130538082,12860.389153957367,residential_clean,5.2,0.0,2.8107022158079116,False
J_00216,I_00054,16.259117813870915,107.23843415126612,12860.389153957367,residential_clean,5.2,0.0,1.5054384094495203,False
J_00217,I_00054,16.259115458992515,107.23843604028848,12860.389153957367,residential_clean,5.2,0.0,1.8500893708188761,False
J_00218,I_00054,16.259127835458827,107.23842611220806,12848.515102863312,residential_clean,5.2,0.0,0.03871723230186256,False
J_00219,I_00054,16.259148307481276,107.23841198979108,12848.515102863312,residential_clean,5.2,0.0,2.808625945952371,False
J_00220,I_00054,16.2591673543216,107.23839887853039,12848.515102863312,residential_clean,5.2,0.0,5.455935355421507,False
J_00221,I_00054,16.259161615582386,107.2384028289026,12848.515102863312,residential_clean,5.2,0.0,4.658311256537034,False
J_00222,I_00054,16.25923538084628,107.23835205114692,12841.141037940979,residential_clean,5.2,0.0,14.910905084127334,False
J_00223,I_00054,16.259194688471275,107.2383800625379,12841.141037940979,residential_clean,5.2,0.0,9.25509358511325,False
J_00224,I_00054,16.259246934503313,107.2383440979604,12841.141037940979,residential_clean,5.2,0.0,16.516741927518375,False
J_00225,I_00054,16.259276391697284,107.23832382052086,12841.141037940979,residential_clean,5.2,0.0,20.610982579277945,False
J_00226,I_01104,16.2555933260671,107.2398574353774,12751.396409034729,residential_clean,5.2,0.0,43.62724855138014,False
J_00227,I_01104,16.255578541991074,107.2398380224995,12751.396409034729,residential_clean,5.2,0.0,40.86883531445866,False
J_00228,I_01104,16.25554401205741,107.23979268146492,12744.825323104858,residential_clean,5.2,0.0,34.42624032159978,False
J_00229,I_01104,16.25555236549528,107.23980365030992,12744.825323104858,residential_clean,5.2,0.0,35.98482464950036,False
J_00230,I_01104,16.255565495218466,107.23982089086506,12744.825323104858,residential_clean,5.2,0.0,38.43456835800064,False
J_00231,I_01104,16.25550445214859,107.23974073561199,12744.825323104858,residential_clean,5.2,0.0,27.04515395858749,False
J_00232,I_01104,16.2555314466323,107.23977618188772,12744.825323104858,residential_clean,5.2,0.0,32.08178359609634,False
J_00233,I_01104,16.25552250613169,107.23976444217574,12744.825323104858,residential_clean,5.2,0.0,30.41366529314101,False
J_00234,I_01104,16.255510675094122,107.23974890691964,12744.825323104858,residential_clean,5.2,0.0,28.206230812888194,False
J_00235,I_01104,16.25553621329044,107.23978244095511,12744.825323104858,residential_clean,5.2,0.0,32.971146544928445,False
J_00236,I_01104,16.255526773804174,107.23977004602806,12744.825323104858,residential_clean,5.2,0.0,31.209927470521585,False
J_00237,I_01104,16.255476102609965,107.239703510028,12713.92991065979,residential_clean,5.2,0.0,21.755698979781744,False
J_00238,I_01104,16.255437532254295,107.23965286356811,12713.92991065979,residential_clean,5.2,0.0,14.559245879041821,False
J_00239,I_01104,16.255495550034418,107.23972904630658,12713.92991065979,residential_clean,5.2,0.0,25.384198022579337,False
J_00240,I_01104,16.255460797413132,107.2396834128816,12713.92991065979,residential_clean,5.2,0.0,18.900056715502643,False
J_00241,I_01104,16.25547288042403,107.23969927899817,12713.92991065979,residential_clean,5.2,0.0,21.154503798524814,False
J_00242,I_01104,16.255493098548804,107.23972582727762,12713.92991065979,residential_clean,5.2,0.0,24.926799996009986,False
J_00243,I_01104,16.255432078974238,107.23964570290562,12713.92991065979,residential_clean,5.2,0.0,13.541773543939792,False
J_00244,I_01104,16.25548251102929,107.23971192487882,12713.92991065979,residential_clean,5.2,0.0,22.95138135340496,False
J_00245,I_01104,16.255465326045528,107.23968935939682,12713.92991065979,residential_clean,5.2,0.0,19.745008523979443,False
J_00246,I_01183,16.261622607038053,107.23359560315293,12581.263763904572,residential_clean,5.2,0.0,160.76725404370262,False
J_00247,I_00153,16.26233493355417,107.24013483099938,12528.818323612213,residential_clean,5.2,0.0,21.555805973034538,False
J_00248,I_00153,16.262342729535447,107.23989461329855,12528.818323612213,residential_clean,5.2,0.0,6.024115358897755,False
J_00249,I_00153,16.26231975892433,107.23987420896161,12528.818323612213,residential_clean,5.2,0.0,2.5235020705218885,False
J_00250,I_00153,16.262323013613038,107.2398771000367,12528.818323612213,residential_clean,5.2,0.0,3.0195013224282814,False
J_00251,I_00153,16.262327341033878,107.23988094399844,12528.818323612213,residential_clean,5.2,0.0,3.678979922711351,False
J_00252,I_00153,16.262351456319493,107.23990236512785,12528.818323612213,residential_clean,5.2,0.0,7.354036381780649,False
J_00253,I_00337,16.253495004653676,107.23822627630452,12426.093123912811,residential_clean,5.2,0.0,240.9139126659435,False
J_00254,I_01183,16.268960414526244,107.23073947026423,11911.814527988434,residential_clean,5.2,0.0,2.0334393299149713,False
J_00255,I_01183,16.268978159205474,107.23073555001505,11911.814527988434,residential_clean,5.2,0.0,0.5801586912818397,False
J_00256,I_01183,16.268983609230755,107.23074676754281,11911.814527988434,residential_clean,5.2,0.0,0.6653035201424173,False
J_00257,I_00169,16.569531783229667,107.62094896024998,11910.507803916931,residential_clean,2.2,0.0,343.09213924570383,False
J_00258,I_00048,16.26802385494359,107.22288157816308,11844.60899734497,residential_clean,5.2,0.0,4.719560736260951,False
J_00259,I_00967,16.56147321181213,107.61661072200077,11524.177742004395,residential_clean,2.2,0.0,287.4061814555127,False
J_00260,I_00169,16.569555501210896,107.62043480762667,11523.243176460266,residential_clean,2.2,0.0,289.30701572141317,False
J_00261,I_00169,16.568263076722353,107.61902064306696,11241.59540605545,residential_clean,2.2,0.0,108.94204981441332,False
J_00262,I_00048,16.269888465819758,107.21880843626259,11034.461297035217,residential_clean,5.2,0.0,13.130905991971208,False
J_00263,I_00048,16.270030163753034,107.21889430570921,11027.48842716217,residential_clean,5.2,0.0,5.946328459179987,False
J_00264,I_00967,16.56391019074267,107.61615789766198,10955.899951457977,residential_clean,2.2,0.0,221.319392797871,False
J_00265,I_00169,16.56820952472579,107.61803085894508,10650.53484582901,residential_clean,2.2,0.0,6.321933895869827,False
J_00266,I_00169,16.568264249293502,107.61804182727916,10650.53484582901,residential_clean,2.2,0.0,0.1578842432239003,False
J_00267,I_00169,16.568242553064522,107.61803775297085,10650.53484582901,residential_clean,2.2,0.0,2.4099546850591334,False
J_00268,I_00169,16.568107632434316,107.61800959091083,10650.53484582901,residential_clean,2.2,0.0,5.215334730888844,False
J_00269,I_00169,16.568166823798784,107.61802194595563,10650.53484582901,residential_clean,2.2,0.0,11.379563567201929,False
J_00270,I_00169,16.568251674789074,107.61803965695434,10650.53484582901,residential_clean,2.2,0.0,1.3295491265665647,False
J_00271,I_00169,16.568201896751557,107.61802926675341,10650.53484582901,residential_clean,2.2,0.0,7.225414804942065,False
J_00272,I_00169,16.568544352307043,107.61800597172441,10639.910359859467,residential_clean,2.2,0.0,22.003978754181826,False
J_00273,I_00169,16.568760647133704,107.61797379181185,10632.572970867157,residential_clean,2.2,0.0,3.4025754805064192,False
J_00274,I_00169,16.56877585468607,107.61796942656505,10632.572970867157,residential_clean,2.2,0.0,5.2344374728500656,False
J_00275,I_00967,16.56448299997183,107.61567331389915,10543.274828910828,residential_clean,2.2,0.0,224.5749930363677,False
J_00276,I_00967,16.56445101283646,107.61586678859591,10543.274828910828,residential_clean,2.2,0.0,207.19996431707787,False
J_00277,I_00169,16.56881031204018,107.61795953576403,10519.785410404205,residential_clean,2.2,0.0,9.385080784814686,False
J_00278,I_00169,16.56883615327034,107.61795211817463,10519.785410404205,residential_clean,2.2,0.0,12.497848687541202,False
J_00279,I_00441,16.56907448801185,107.61788370539176,10519.785410404205,residential_clean,2.2,0.0,1.4710265452180822,False
J_00280,I_00441,16.56907752145132,107.61788283465775,10519.785410404205,residential_clean,2.2,0.0,1.1056257749445866,False
J_00281,I_00441,16.5691560651585,107.61784919134028,10474.045259952545,residential_clean,2.2,0.0,8.764589577882361,False
J_00282,I_00441,16.569125925381197,107.61786266487965,10474.045259952545,residential_clean,2.2,0.0,4.956297192460789,False
J_00283,I_00441,16.569122879317504,107.61786402657702,10474.045259952545,residential_clean,2.2,0.0,4.571413786647077,False
J_00284,I_00169,16.568213349717087,107.61747474890335,10392.769323348999,residential_clean,2.2,0.0,61.04520778857653,False
J_00285,I_00441,16.569503241636426,107.61769555110783,10386.808618068695,residential_clean,2.2,0.0,1.6378154560301272,False
J_00286,I_00441,16.569186321195353,107.6178356658267,10377.144678592682,residential_clean,2.2,0.0,12.587572464052064,False
J_00287,I_00441,16.569298757214383,107.61778540294945,10377.144678592682,residential_clean,2.2,0.0,24.139121379423617,False
J_00288,I_00441,16.569259960108543,107.6175959689313,10309.777772426605,residential_clean,2.2,0.0,29.097918091671467,False
J_00289,I_00441,16.569559422952608,107.61767695629875,10170.771162986755,residential_clean,2.2,0.0,8.483309688302654,False
J_00290,I_00441,16.569653207128685,107.61764591573858,10170.771162986755,residential_clean,2.2,0.0,19.910583557610686,False
J_00291,I_00441,16.569835126466803,107.61758570427814,10170.771162986755,residential_clean,2.2,0.0,32.10338870016329,False
J_00292,I_00825,16.565565836884026,107.61529951444784,10156.240056037903,residential_clean,2.2,0.0,214.03543777576436,False
J_00293,I_00825,16.565226160374397,107.61527903317908,10148.404806137085,residential_clean,2.2,0.0,224.56036664735905,False
J_00294,I_00967,16.564416760186475,107.61474615885557,9980.331725120544,residential_clean,2.2,0.0,316.75525824862524,False
J_00295,I_00967,16.564697243029322,107.6147163907626,9980.331725120544,residential_clean,2.2,0.0,305.14001761310465,False
J_00296,I_00967,16.56492001810423,107.61511307917958,9980.331725120544,residential_clean,2.2,0.0,254.26395916808752,False
J_00297,I_00967,16.565104952333126,107.61508113159725,9980.331725120544,residential_clean,2.2,0.0,249.84936991539888,False
J_00298,I_00825,16.566195088088925,107.61512136857276,9968.031960487366,residential_clean,2.2,0.0,236.86443453255941,False
J_00299,I_00967,16.563257142812557,107.61465007456395,9956.943596363068,residential_clean,2.2,0.0,396.9767457435448,False
J_00300,I_00825,16.565476988659384,107.61475919367669,9925.407968521118,residential_clean,2.2,0.0,275.0120342567422,False
J_00301,I_00825,16.566044291740575,107.61491596400165,9920.260234832764,residential_clean,2.2,0.0,256.75012618821137,False
J_00302,I_00499,16.566431449413727,107.61498732457262,9910.371415138245,residential_clean,2.2,0.0,258.0156979695557,False
J_00303,I_00499,16.566356212349792,107.61491436372614,9910.371415138245,residential_clean,2.2,0.0,263.50379907261174,False
J_00304,I_00499,16.5665297152857,107.6149167721383,9910.371415138245,residential_clean,2.2,0.0,268.95602057871855,False
J_00305,I_00834,16.566826935876538,107.61502589117738,9893.950724601746,residential_clean,2.2,0.0,270.8957750060744,False
J_00306,I_00825,16.56557421410118,107.61464042577121,9796.724634170532,residential_clean,2.2,0.0,286.8980207077477,False
J_00307,I_00967,16.564552171266616,107.61446094423773,9793.987845420837,residential_clean,2.2,0.0,338.0302050433439,False
J_00308,I_00825,16.565732342493856,107.61459138498185,9791.576900482178,residential_clean,2.2,0.0,291.3111963556653,False
J_00309,I_00939,16.566379194620623,107.61468527855702,9781.688080787659,residential_clean,2.2,0.0,288.8948575319375,False
J_00310,I_00441,16.56852143550462,107.61632735322061,9728.899405002594,residential_clean,2.2,0.0,165.8600205426499,False
J_00311,I_00441,16.572378711219297,107.6181877239744,9665.921074390411,residential_clean,2.2,0.0,132.79029411514793,False
J_00312,I_00834,16.566966193075626,107.6147277562402,9636.282011985779,residential_clean,2.2,0.0,302.1224252450196,False
J_00313,I_00002,16.56707181073642,107.61468303746145,9636.282011985779,residential_clean,2.2,0.0,306.3038823912406,False
J_00314,I_00441,16.568852766392144,107.61609885133659,9573.46408033371,residential_clean,2.2,0.0,122.16262728687693,False
J_00315,I_00967,16.56538741493252,107.6144132579187,9534.021467208862,residential_clean,2.2,0.0,314.608753439152,False
J_00316,I_00939,16.56644847635278,107.6145243231907,9526.05302143097,residential_clean,2.2,0.0,308.2242036874387,False
J_00317,I_00939,16.565837546226064,107.6144222585516,9523.775272369385,residential_clean,2.2,0.0,310.0938574430228,False
J_00318,I_00967,16.564032362034503,107.61431974327677,9518.276186466217,residential_clean,2.2,0.0,380.2064908961976,False
J_00319,I_00441,16.5687226782453,107.61592536447047,9485.56163072586,residential_clean,2.2,0.0,134.88608918944504,False
J_00320,I_00441,16.56900868776741,107.6159410848388,9450.624534130096,residential_clean,2.2,0.0,101.80578587358868,False
J_00321,I_00939,16.566712161326908,107.61445550810552,9434.274250984192,residential_clean,2.2,0.0,324.3980162128632,False
J_00322,I_00939,16.565980412015534,107.61438699851286,9431.996501922607,residential_clean,2.2,0.0,314.72632760435187,False
J_00323,I_00581,16.565161701800065,107.6138428795957,9399.638504981995,residential_clean,2.2,0.0,381.6677366858604,False
J_00324,I_00581,16.565384893283216,107.61386372034912,9399.638504981995,residential_clean,2.2,0.0,375.2407271717343,False
J_00325,I_00967,16.563779437469304,107.61416069763285,9388.13615655899,residential_clean,2.2,0.0,410.88970599314007,False
J_00326,I_00002,16.567113534992984,107.61422977954993,9365.58542919159,residential_clean,2.2,0.0,356.5708158482701,False
J_00327,I_01187,16.56782493245501,107.61476879356778,9355.711791038513,residential_clean,2.2,0.0,269.08807464200476,False
J_00328,I_00002,16.5674483232744,107.61451534730827,9340.024176597595,residential_clean,2.2,0.0,320.9374867700918,False
J_00329,I_00002,16.56762460406713,107.61448373372356,9295.66607618332,residential_clean,2.2,0.0,304.82965782122295,False
J_00330,I_00295,16.566439818658825,107.61396301517111,9287.963764190674,residential_clean,2.2,0.0,368.8922589980875,False
J_00331,I_00295,16.566535571333663,107.6139811442827,9287.963764190674,residential_clean,2.2,0.0,369.3521150313252,False
J_00332,I_00002,16.567408695795088,107.61426980271945,9287.756045341492,residential_clean,2.2,0.0,338.6272537262188,False
J_00333,I_00967,16.564677582007278,107.61368984516284,9286.043390274048,residential_clean,2.2,0.0,412.4736053457602,False
J_00334,I_00099,16.566803657257765,107.61408591976246,9278.074944496155,residential_clean,2.2,0.0,366.76313485799,False
J_00335,I_00441,16.568522502167312,107.61531019839448,9268.083950519562,residential_clean,2.2,0.0,170.2307159484151,False
J_00336,I_01187,16.567926467924444,107.61461042216817,9257.936179637909,residential_clean,2.2,0.0,267.5375517581983,False
J_00337,I_00295,16.565991700396182,107.61375029224587,9169.04077243805,residential_clean,2.2,0.0,385.5424024627574,False
J_00338,I_00441,16.574047743401294,107.61870394206282,9158.389241695404,residential_clean,2.2,0.0,311.1498177028503,False
J_00339,I_00927,16.568213446346043,107.61452040799067,9135.422469615936,residential_clean,2.2,0.0,245.90186371155932,False
J_00340,I_00262,16.567394190102792,107.61403727598167,9127.919589042664,residential_clean,2.2,0.0,346.48944636753254,False
J_00341,I_00262,16.5680005592902,107.61423380447224,9107.733714103699,residential_clean,2.2,0.0,273.5584990337553,False
J_00342,I_00262,16.56772632799324,107.61406120345184,9050.090205192566,residential_clean,2.2,0.0,308.0413183453711,False
J_00343,I_00927,16.56901877100943,107.61508031385465,9044.81732225418,residential_clean,2.2,0.0,134.07636104713413,False
J_00344,I_00262,16.567426538717132,107.61386159950486,9011.363551139832,residential_clean,2.2,0.0,346.65202000461613,False
J_00345,I_00927,16.56815881518901,107.61412149718075,8973.999049186707,residential_clean,2.2,0.0,257.43786449942473,False
J_00346,I_00295,16.566291844261823,107.61358595528145,8956.532685279846,residential_clean,2.2,0.0,407.2819275667155,False
J_00347,I_00295,16.566674341209787,107.61362173228518,8941.721012115479,residential_clean,2.2,0.0,412.06663115475743,False
J_00348,I_00874,16.56700560648895,107.61362856493848,8931.83219242096,residential_clean,2.2,0.0,400.37428772435004,False
J_00349,I_00581,16.564666470998528,107.61343698646702,8870.122220039368,residential_clean,2.2,0.0,439.66761013448826,False
J_00350,I_00581,16.565098266582407,107.61325518500954,8870.122220039368,residential_clean,2.2,0.0,447.3175381490423,False
J_00351,I_00581,16.565355365539197,107.6128689442574,8866.558804512024,residential_clean,2.2,0.0,485.639018000591,False
J_00352,I_00874,16.567019734959086,107.61345937572739,8862.37865447998,residential_clean,2.2,0.0,404.1039400117128,False
J_00353,I_01100,16.567853037475796,107.6137825145993,8837.582118034363,residential_clean,2.2,0.0,301.01006005498647,False
J_00354,I_01100,16.56783764533989,107.61354137041472,8836.069144248962,residential_clean,2.2,0.0,311.47563193829717,False
J_00355,I_00927,16.569433661164055,107.61501264448266,8802.498970031738,residential_clean,2.2,0.0,102.70020986413817,False
J_00356,I_00581,16.565390987652176,107.61285379468038,8764.928013801575,residential_clean,2.2,0.0,486.90159968226493,False
J_00357,I_00581,16.56620790953937,107.6128896080785,8759.829552650452,residential_clean,2.2,0.0,483.0691593308213,False
J_00358,I_00927,16.568754956153256,107.61435574289358,8747.481360435486,residential_clean,2.2,0.0,184.9224400643384,False
J_00359,I_00927,16.56899226930192,107.61425718356928,8696.010185718536,residential_clean,2.2,0.0,159.57373424516604,False
J_00360,I_00299,16.568488638334582,107.6135255046515,8666.418620109558,residential_clean,2.2,0.0,243.47490312534097,False
J_00361,I_00295,16.566614629216176,107.6128573220297,8646.997780799866,residential_clean,2.2,0.0,471.891123086266,False
J_00362,I_01100,16.567596559567885,107.61301496732968,8622.297287940979,residential_clean,2.2,0.0,361.643433517292,False
J_00363,I_01100,16.567608664353294,107.61307938822995,8622.297287940979,residential_clean,2.2,0.0,357.0377195742087,False
J_00364,I_01100,16.567704878871776,107.61303492028728,8622.297287940979,residential_clean,2.2,0.0,349.545956088662,False
J_00365,I_01183,16.280059965282554,107.2113565480871,8587.517523765564,residential_clean,5.2,0.0,12.427464422631758,False
J_00366,I_00299,16.56858129930222,107.61331657404912,8564.787829399109,residential_clean,2.2,0.0,246.3453457029053,False
J_00367,I_00299,16.568685258485836,107.61341537680114,8564.787829399109,residential_clean,2.2,0.0,230.18716038723954,False
J_00368,I_00927,16.568749600194895,107.6138165202007,8543.226515769958,residential_clean,2.2,0.0,201.93531341459865,False
J_00369,I_01100,16.56690247697081,107.61278715888689,8533.70025730133,residential_clean,2.2,0.0,444.8975039819376,False
J_00370,I_00299,16.56885370735912,107.61360751861737,8522.27744960785,residential_clean,2.2,0.0,202.1678028508099,False
J_00371,I_00299,16.56837952192044,107.61295853410734,8414.749690055847,residential_clean,2.2,0.0,288.8194189498246,False
J_00372,I_00299,16.568294659278184,107.61303902318461,8414.749690055847,residential_clean,2.2,0.0,291.3298584539699,False
J_00373,I_00581,16.565985239108848,107.61214756740102,8391.697711467743,residential_clean,2.2,0.0,454.9135360171268,False
J_00374,I_00581,16.565644894254117,107.6122758196007,8391.697711467743,residential_clean,2.2,0.0,481.50762813289083,False
J_00375,I_01100,16.5669089774273,107.61239791485698,8386.59925031662,residential_clean,2.2,0.0,462.9047675513171,False
J_00376,I_01100,16.567448361712252,107.61259982933893,8371.787577152252,residential_clean,2.2,0.0,400.09728122340715,False
J_00377,I_01100,16.567914751407823,107.61269431097854,8368.533818244934,residential_clean,2.2,0.0,349.58569295603934,False
J_00378,I_01100,16.567646301340528,107.61269805195641,8368.533818244934,residential_clean,2.2,0.0,374.88194092384776,False
J_00379,I_00581,16.566294146964946,107.61215453440971,8366.973247051239,residential_clean,2.2,0.0,446.27269470571895,False
J_00380,I_00581,16.56515896831248,107.61196404435924,8366.973247051239,residential_clean,2.2,0.0,474.2444781305462,False
J_00381,I_00927,16.56965308839855,107.61439098190203,8310.227031230927,residential_clean,2.2,0.0,81.43071795587865,False
J_00382,I_00927,16.56956313850559,107.61399302223872,8308.216827869415,residential_clean,2.2,0.0,109.72247572959597,False
J_00383,I_00299,16.569007123976288,107.61328334177098,8307.814887046814,residential_clean,2.2,0.0,209.82326244001197,False
J_00384,I_00299,16.568376884026787,107.61232097606995,8268.823457241058,residential_clean,2.2,0.0,337.5232221481775,False
J_00385,I_00581,16.56656700414281,107.6118867890782,8197.015449047089,residential_clean,2.2,0.0,410.8392175686763,False
J_00386,I_00927,16.575177763461152,107.61837972107574,8110.37682723999,residential_clean,2.2,0.0,376.5302310642634,False
J_00387,I_01100,16.567126874991537,107.61188939357213,8088.606643199921,residential_clean,2.2,0.0,405.4268968996217,False
J_00388,I_00967,16.56185481744053,107.61117109036155,8064.236026763916,residential_clean,2.2,0.0,364.3864438725073,False
J_00389,I_01100,16.567419890117847,107.61183419035329,8054.150813579559,residential_clean,2.2,0.0,400.4520336258409,False
J_00390,I_00581,16.565252701021894,107.61140393108215,8045.60982465744,residential_clean,2.2,0.0,415.05926941002264,False
J_00391,I_00581,16.56611407913971,107.61179813234679,8045.60982465744,residential_clean,2.2,0.0,413.32959460072203,False
J_00392,I_00581,16.566176250432303,107.61120340366966,8045.60982465744,residential_clean,2.2,0.0,348.1309546945719,False
J_00393,I_00581,16.566025892982257,107.6117645378654,8045.60982465744,residential_clean,2.2,0.0,412.89262757469925,False
J_00394,I_01100,16.56678802717874,107.61139932708109,8040.511363506317,residential_clean,2.2,0.0,353.4389604485394,False
J_00395,I_01100,16.566730136522573,107.61179789550228,8040.511363506317,residential_clean,2.2,0.0,398.2965915891284,False
J_00396,I_01100,16.567294495545646,107.6112355786467,8021.681386470795,residential_clean,2.2,0.0,333.0257064318529,False
J_00397,I_00642,16.57001365649908,107.61323934389564,7901.114384174347,residential_clean,2.2,0.0,140.49896970182903,False
J_00398,I_00299,16.568671456197457,107.61123075237651,7802.633786678314,residential_clean,2.2,0.0,375.90683476017074,False
J_00399,I_01100,16.567028160396397,107.61098118070099,7757.965589046478,residential_clean,2.2,0.0,304.6682937943008,False
J_00400,I_00642,16.574608165423335,107.61496373112199,7557.159190654755,residential_clean,2.2,0.0,11.659662584478447,False
J_00401,I_00642,16.574698588623008,107.61492607090625,7548.4025139808655,residential_clean,2.2,0.0,0.35158324269142305,False
J_00402,I_00642,16.574776823668845,107.61487615962454,7514.258051395416,residential_clean,2.2,0.0,2.169006954405413,False
J_00403,I_00581,16.56468956301855,107.6101356406372,7502.794018268585,residential_clean,2.2,0.0,355.19996714232246,False
J_00404,I_00581,16.56452963640491,107.60084318189196,7409.150155544281,residential_clean,2.2,0.0,122.8485575878359,False
J_00405,I_00581,16.566014373544554,107.60963341899303,7398.215184688568,residential_clean,2.2,0.0,203.3503435838548,False
J_00406,I_01100,16.567146648818774,107.60995685703965,7393.116723537445,residential_clean,2.2,0.0,190.28722713052082,False
J_00407,I_00581,16.563002039287454,107.60233276724401,7356.007434844971,residential_clean,2.2,0.0,161.47656220146666,False
J_00408,I_00581,16.56404510315402,107.60283132702844,7325.279675960541,residential_clean,2.2,0.0,289.9168644340894,False
J_00409,I_00642,16.57034442111498,107.60289191408928,7264.068400382996,residential_clean,2.2,0.0,130.34909760269122,False
J_00410,I_00642,16.57518413138987,107.61462520637558,7259.229836940765,residential_clean,2.2,0.0,0.8977631712533881,False
J_00411,I_00642,16.57520897457504,107.61460265420449,7259.229836940765,residential_clean,2.2,0.0,0.6197285570807547,False
J_00412,I_00581,16.562601725729618,107.60431024880067,7251.384183883667,residential_clean,2.2,0.0,176.97212069160423,False
J_00413,I_00581,16.56248404636612,107.60593805675394,7246.323122024536,residential_clean,2.2,0.0,250.8581592743597,False
J_00414,I_00581,16.561290630177943,107.60881543792624,7244.699074745178,residential_clean,2.2,0.0,223.3441542567042,False
J_00415,I_00581,16.561027063995915,107.60733546999306,7241.018711090088,residential_clean,2.2,0.0,191.7981700844378,False
J_00416,I_00581,16.561386909698562,107.60478504935558,7240.912546157837,residential_clean,2.2,0.0,70.15340804484161,False
J_00417,I_00581,16.56387919031627,107.60711115471712,7188.888792037964,residential_clean,2.2,0.0,400.93093005255537,False
J_00418,I_00642,16.575309552035698,107.61450943689364,7110.060812473297,residential_clean,2.2,0.0,0.8587777878070949,False
J_00419,I_00642,16.57542735621257,107.6143912388682,7110.060812473297,residential_clean,2.2,0.0,0.45712564968464586,False
J_00420,I_00642,16.575438953915633,107.61438057079415,7103.425751686096,residential_clean,2.2,0.0,1.339153091788158,False
J_00421,I_00642,16.57544676822518,107.61437358193989,7103.425751686096,residential_clean,2.2,0.0,1.8099968023867932,False
J_00422,I_00642,16.575463103657327,107.61436039632325,7103.425751686096,residential_clean,2.2,0.0,0.5980146688705114,False
J_00423,I_00581,16.56617399472027,107.60746832840326,7057.1734919548035,residential_clean,2.2,0.0,134.57223059418143,False
J_00424,I_00642,16.575554144341996,107.61431623844805,6894.251804351807,residential_clean,2.2,0.0,8.868729065415362,False
J_00425,I_00642,16.571817887659755,107.61058567310211,6610.332537174225,residential_clean,2.2,0.0,213.25359290693098,False
J_00426,I_00642,16.576756735585953,107.61552602038472,6538.102485656738,residential_clean,2.2,0.0,179.1633616351544,False
J_00427,I_00642,16.57616253308212,107.61404018674884,6496.872471809387,residential_clean,2.2,0.0,0.6653862410472291,False
J_00428,I_00642,16.576148574063314,107.61404474896469,6496.872471809387,residential_clean,2.2,0.0,0.13072573995149508,False
J_00429,I_00642,16.576330937635532,107.61392681429867,6393.586667060852,residential_clean,2.2,0.0,22.637118668973876,False
J_00430,I_00642,16.573517346262616,107.60895299449848,6257.8160791397095,residential_clean,2.2,0.0,0.8603206362594359,False
J_00431,I_00642,16.57361932438699,107.60907805952687,6257.8160791397095,residential_clean,2.2,0.0,12.16309920343439,False
J_00432,I_00642,16.573512639502198,107.60900077512112,6257.8160791397095,residential_clean,2.2,0.0,0.5840847841352345,False
J_00433,I_00642,16.576556044106436,107.61377329229701,6223.464062690735,residential_clean,2.2,0.0,1.3715709296143148,False
J_00434,I_00642,16.576655073092397,107.61370430319074,6068.515412330627,residential_clean,2.2,0.0,0.6308692247428366,False
J_00435,I_00642,16.57666894192102,107.61368861456732,6048.504006385803,residential_clean,2.2,0.0,1.7484947465333038,False
J_00436,I_00642,16.576737845139828,107.61360648930378,5979.135315895081,residential_clean,2.2,0.0,0.5903121877982908,False
J_00437,I_00642,16.576743204541746,107.61360077137611,5979.135315895081,residential_clean,2.2,0.0,0.3006151993632861,False
J_00438,I_00642,16.576734272608217,107.61361051107596,5979.135315895081,residential_clean,2.2,0.0,1.200730211835759,False
J_00439,I_00048,16.273999761047232,107.20556330303171,5563.913411617279,residential_clean,5.2,0.0,17.636411417183723,False
J_00440,I_00337,16.242572954888587,107.24266871289103,5086.900557041168,residential_clean,5.2,0.0,34.20900098842322,False
J_00441,I_01104,16.242373764364388,107.24525147982732,4787.846410274506,residential_clean,5.2,0.0,8.302160347644904,False
J_00442,I_01104,16.241048031885033,107.24501325592246,4491.725517749786,residential_clean,5.2,0.0,3.4994485758093354,False
J_00443,I_00428,16.65750045568926,107.45486484944061,4402.197151184082,residential_clean,2.2,0.0,183.60119410093606,False
J_00444,I_00859,16.631427788700677,107.51106547386071,4204.594349861145,residential_clean,2.2,0.0,1.145023384292708,False
J_00445,I_00859,16.63203233483573,107.51137411529368,4204.594349861145,residential_clean,2.2,0.0,66.19784089195349,False
J_00446,I_00859,16.62568619764093,107.50888197978732,4109.967580318451,residential_clean,2.2,0.0,456.5824855079709,False
J_00447,I_01193,16.64004680645079,107.52058144932938,4003.3616733551025,residential_clean,2.2,0.0,112.57369493493175,False
J_00448,I_01104,16.238606323810878,107.24778648900603,3979.7081928253174,residential_clean,5.2,0.0,1.129922684790526,False
J_00449,I_01104,16.238641865944103,107.24788781602462,3979.7081928253174,residential_clean,5.2,0.0,11.045113536572464,False
J_00450,I_01104,16.239313634244354,107.25122857023347,3850.007119178772,residential_clean,5.2,0.0,50.253826064592786,False
J_00451,I_00989,16.65387554922724,107.45766553400331,3762.1585059165955,residential_clean,2.2,0.0,328.41022737223875,False
J_00452,I_00625,16.488506057135496,107.75081540592574,3588.576114177704,normal,1.0,0.0,8.330461414578929,False
J_00453,I_00625,16.4885465986427,107.750838527701,3588.576114177704,normal,1.0,0.0,5.120949568339745,False
J_00454,I_00318,16.491592377905548,107.74068882268418,3588.576114177704,normal,1.0,0.0,477.5393357093255,False
J_00455,I_00573,16.488525358287706,107.74693514809758,3588.576114177704,normal,1.0,0.0,140.67390353058073,False
J_00456,I_00625,16.48767362815906,107.75097786577163,3588.576114177704,normal,1.0,0.0,3.6956568658602857,False
J_00457,I_00318,16.480590213299838,107.7302336352036,3588.576114177704,normal,1.0,0.0,1620.544590382565,False
J_00458,I_00625,16.48787316638021,107.75097333005306,3588.576114177704,normal,1.0,0.0,12.100386503636198,False
J_00459,I_00625,16.488489978944123,107.75080623615634,3588.576114177704,normal,1.0,0.0,6.203001707897855,False
J_00460,I_00625,16.48766375655834,107.7509866397487,3588.576114177704,normal,1.0,0.0,2.1898862359561067,False
J_00461,I_00625,16.487885234215785,107.75098786267303,3588.576114177704,normal,1.0,0.0,9.96030579257327,False
J_00462,I_00625,16.48854029235186,107.75083493107466,3588.576114177704,normal,1.0,0.0,5.9553955899390445,False
J_00463,I_00625,16.487642917823955,107.75100517026091,3588.576114177704,normal,1.0,0.0,0.9894010744146974,False
J_00464,I_00625,16.488485656841824,107.75080377116021,3588.576114177704,normal,1.0,0.0,5.631102928601648,False
J_00465,I_00625,16.48855718035618,107.75084456270191,3588.576114177704,normal,1.0,0.0,3.7207811784867024,False
J_00466,I_00625,16.48854137235385,107.75083554702525,3588.576114177704,normal,1.0,0.0,5.812490137326981,False
J_00467,I_00625,16.488527312908925,107.75082752859275,3588.576114177704,normal,1.0,0.0,7.672830489029671,False
J_00468,I_00625,16.48790097953739,107.75100682388526,3588.576114177704,normal,1.0,0.0,7.16806842168538,False
J_00469,I_00625,16.487880169373504,107.75098176336641,3588.576114177704,normal,1.0,0.0,10.858492661960861,False
J_00470,I_00573,16.489528227198967,107.74784302497082,3588.576114177704,normal,1.0,0.0,32.32383287965693,False
J_00471,I_00625,16.488473306594564,107.75079672752537,3588.576114177704,normal,1.0,0.0,3.996923418101498,False
J_00472,I_00625,16.487644946989768,107.75100336395143,3588.576114177704,normal,1.0,0.0,0.6796811901255461,False
J_00473,I_00625,16.4885619526718,107.75084728446623,3588.576114177704,normal,1.0,0.0,3.0893101280418658,False
J_00474,I_00318,16.48998508098513,107.74599371210653,3588.576114177704,normal,1.0,0.0,228.9435457057094,False
J_00475,I_00625,16.488504327172812,107.75081441928744,3588.576114177704,normal,1.0,0.0,8.101553450921385,False
J_00476,I_00625,16.488576152433602,107.75085538292622,3588.576114177704,normal,1.0,0.0,1.2104027621635287,False
J_00477,I_00573,16.489561296221762,107.74782839833642,3588.576114177704,normal,1.0,0.0,36.49396531076567,False
J_00478,I_00625,16.488570782292012,107.75085232020739,3588.576114177704,normal,1.0,0.0,1.9209779792015491,False
J_00479,I_00625,16.488522445022685,107.75082475232273,3588.576114177704,normal,1.0,0.0,8.316947295032278,False
J_00480,I_00625,16.487675862982528,107.75097587943822,3588.576114177704,normal,1.0,0.0,4.036547035840797,False
J_00481,I_00625,16.487648223018823,107.75100044771739,3588.576114177704,normal,1.0,0.0,0.1796474592561233,False
J_00482,I_01104,16.237703426743995,107.25237563186019,3425.1154618263245,residential_clean,5.2,0.0,7.3438274784004625,False
J_00483,I_01104,16.237677643235134,107.2524080945255,3411.4870829582214,residential_clean,5.2,0.0,7.065516904161504,False
J_00484,I_01104,16.237716048938314,107.25256688364367,3354.6173043251038,residential_clean,5.2,0.0,15.160706476045409,False
J_00485,I_00048,16.276700142707938,107.20396666382302,3170.3795523643494,residential_clean,5.2,0.0,9.666634351789902,False
J_00486,I_00589,16.17956923748429,107.70147188271083,3144.9129028320312,residential_clean,2.2,0.0,0.4284094169886051,False
J_00487,I_00589,16.179472274337964,107.70142200252877,3139.8203563690186,residential_clean,2.2,0.0,12.559513266882913,False
J_00488,I_00589,16.17133806474786,107.70642874151964,3097.0531706809998,residential_clean,2.2,0.0,12.79241695781919,False
J_00489,I_00589,16.171355229029363,107.70643284913704,3097.0531706809998,residential_clean,2.2,0.0,14.833724351684488,False
J_00490,I_00589,16.171324936930276,107.70642559987648,3097.0531706809998,residential_clean,2.2,0.0,11.23115678934885,False
J_00491,I_00589,16.17129666294458,107.70641883357551,3097.0531706809998,residential_clean,2.2,0.0,7.868599167798149,False
J_00492,I_00589,16.171316749074574,107.70642364042516,3097.0531706809998,residential_clean,2.2,0.0,10.25739460779647,False
J_00493,I_00589,16.17132667831345,107.7064260166102,3097.0531706809998,residential_clean,2.2,0.0,11.43825534793154,False
J_00494,I_00589,16.17131319437132,107.70642278974238,3097.0531706809998,residential_clean,2.2,0.0,9.834642226336436,False
J_00495,I_00589,16.171346611311918,107.70643078681438,3097.0531706809998,residential_clean,2.2,0.0,13.808839581229028,False
J_00496,I_00589,16.171414493039677,107.70644703172468,3091.7819209098816,residential_clean,2.2,0.0,21.881854260235762,False
J_00497,I_00589,16.171446657111723,107.70645472897424,3091.7819209098816,residential_clean,2.2,0.0,22.696515673684974,False
J_00498,I_00589,16.171418313432802,107.70644794599066,3091.7819209098816,residential_clean,2.2,0.0,22.336204737104847,False
J_00499,I_00589,16.17146208965472,107.70645842216794,3091.7819209098816,residential_clean,2.2,0.0,20.86115884333701,False
J_00500,I_00139,16.38083294301934,107.4906958371539,0.0,normal,1.0,0.0,3.1049144620956812,False
J_00501,I_00254,16.257905873156997,107.98011761459897,0.0,residential_clean,2.2,0.0,7.212508459691718,False
J_00502,I_00414,16.404224319797052,107.79089886623271,0.0,normal,1.0,0.0,17.358852436292032,False
J_00503,I_00855,16.31479102511838,107.79227335411127,0.0,residential_clean,3.7,0.0,7.2962508460494115,False
J_00504,I_00963,16.355629722105718,107.88117040718966,0.0,normal,1.0,0.0,9.339329428140445,False
J_00505,I_00142,16.105505398854437,107.64355413449236,0.0,residential_clean,2.2,0.0,28.340737493927463,False
J_00506,I_00867,16.309304796681772,107.84926386673752,0.0,hospitals_clean,6.0,0.0,1760.6887465135337,False
J_00507,I_00471,16.264017567020986,108.05596032210194,0.0,normal,1.0,0.0,1.443487136256553,False
J_00508,I_01003,16.24843886040324,107.93657906741656,0.0,hospitals_clean,6.0,0.0,3.7631497127979077,False
J_00509,I_00559,16.4235118227898,107.13508247753398,0.0,residential_clean,2.2,0.0,4790.920685311403,False
J_00510,I_00275,16.397342265421297,107.83607798670428,0.0,normal,1.0,0.0,1.3696544618643467,False
J_00511,I_01136,16.366416666654416,107.78974875097055,22.318123817443848,normal,1.0,0.0,1675.8049548822908,False
J_00512,I_01048,16.39667516872039,107.72530845090658,0.0,normal,1.0,0.0,0.33408052495994073,False
J_00513,I_00573,16.452053116981546,107.75999119308706,0.0,normal,1.0,0.0,976.3773718862171,False
J_00514,I_00145,16.708735086191467,107.4326580563688,0.0,residential_clean,2.2,0.0,368.99721257874137,False
J_00515,I_00349,16.271217270087813,108.01412736481767,0.0,residential_clean,2.2,0.0,81.73644142845772,False
J_00516,I_00083,16.222501940348575,108.08961999306119,0.0,normal,1.0,0.0,48.01988107527996,False
J_00517,I_01048,16.368791491605904,107.71126186596685,0.0,normal,1.0,0.0,1.956932793056021,False
J_00518,I_01155,16.719312138395953,107.37086834004167,1402.3718280792236,residential_clean,2.2,0.0,45.295351591955615,False
J_00519,I_00254,16.273566857314073,107.95314553868164,0.0,residential_clean,2.2,0.0,14.269919706813551,False
J_00520,I_00477,16.648890970349026,107.35074134830944,463.2925362586975,residential_clean,2.2,0.0,54.56015123390617,False
J_00521,I_00124,16.478170163416234,107.4859791600893,65.25654554367065,normal,1.0,0.0,21.850171704330634,False
J_00522,I_00344,16.509123105283944,107.70047607732012,0.0,normal,1.0,0.0,1386.1469166246925,False
J_00523,I_00084,16.309304796681772,107.04580980388354,0.0,residential_clean,2.2,0.0,5344.91758752695,False
J_00524,I_00559,16.4235118227898,107.1053249196505,0.0,residential_clean,2.2,0.0,4528.29378313717,False
J_00525,I_00552,16.394966337190432,107.13508247753398,0.0,residential_clean,2.2,0.0,2310.228441572407,False
J_00526,I_00823,16.53765178647826,107.67071851943662,0.0,residential_clean,2.2,0.0,708.3655119850933,False
J_00527,I_00069,16.309304796681772,107.87902142462099,0.0,hospitals_clean,6.0,0.0,2394.0266645897686,False
J_00528,I_00867,16.294288513537797,107.8107750936804,0.0,hospitals_clean,6.0,0.0,66.08386037702982,False
J_00529,I_00461,16.39987527980898,107.62667705115852,0.0,normal,1.0,0.0,6.336170025532629,False
J_00530,I_00340,16.402130345432376,107.47518973887263,0.0,normal,1.0,0.0,2.4095433150396395,False
J_00531,I_00414,16.378281167624305,107.8131714854006,0.0,normal,1.0,0.0,1.8906448746061,False
J_00532,I_00855,16.33347109788118,107.77459360367426,0.0,residential_clean,3.7,0.0,1.403955065505625,False
J_00533,I_00855,16.306500507497915,107.76769894567259,21.111828327178955,residential_clean,3.7,0.0,0.88432972507445,False
J_00534,I_00652,16.5192469807599,107.5260462272836,100.91439056396484,residential_clean,2.2,0.0,6.314002389208283,False
J_00535,I_00742,16.337862817657815,107.81950630885405,98.80155229568481,normal,1.0,0.0,2374.6978952305435,False
J_00536,I_01060,16.39362697765184,107.7679047362958,10.599897384643555,residential_clean,3.7,0.0,0.8034547283414055,False
J_00537,I_00275,16.38655755607093,107.85863606144791,0.0,normal,1.0,0.0,0.7474046079947134,False
J_00538,I_00301,16.337862817657815,107.84926386673752,67.31759881973267,normal,1.0,0.0,2202.044286640817,False
J_00539,I_00614,16.50449454121019,107.6461434765388,956.755781173706,residential_clean,2.2,0.0,196.87204111866922,False
J_00540,I_00645,16.243209752822423,108.07707642880042,0.0,normal,1.0,0.0,23.238465301869386,False
J_00541,I_01129,16.504332311778203,107.62069681619963,902.3181390762329,residential_clean,2.2,0.0,22.688238643198588,False
J_00542,I_00349,16.29701938889251,107.98686413790156,1855.2564029693604,residential_clean,2.2,0.0,339.6685095136957,False
J_00543,I_01041,16.309304796681772,107.90877898250447,562.6197609901428,normal,1.0,0.0,1214.2019730340423,False
J_00544,I_00229,16.394235937706704,107.70223119657878,0.0,normal,1.0,0.0,4.570559506121253,False
J_00545,I_00142,16.14736042472453,107.69718940229275,1505.139081954956,residential_clean,2.2,0.0,4.2317109363270085,False
J_00546,I_00204,16.34358165341987,107.89943478153226,167.30314779281616,normal,1.0,0.0,0.6381696409908068,False
J_00547,I_01155,16.698741948394407,107.35912580094907,2188.196099281311,residential_clean,2.2,0.0,23.81619951242967,False
J_00548,I_00142,16.114562385909878,107.67125935096053,0.0,residential_clean,2.2,0.0,10.101718877974148,False
J_00549,I_00254,16.300399668921138,107.9663254481218,1837.3161454200745,residential_clean,2.2,0.0,234.84833730062402,False
J_00550,I_00216,16.648918797370904,107.31582756052859,1779.9786672592163,residential_clean,2.2,0.0,71.21251470483578,False
J_00551,I_00778,16.49446222891084,107.38942481617849,1675.3904643058777,residential_clean,2.2,0.0,0.040316291249717556,False
J_00552,I_00878,16.29080834643257,108.01620062144261,0.0,residential_clean,2.2,0.0,39.09612236992102,False
J_00553,I_00867,16.28655804203376,107.86005872843621,1007.2502880096436,hospitals_clean,6.0,0.0,115.45134747988244,False
J_00554,I_00427,16.23613353999196,107.22379661531832,1989.7527418136597,residential_clean,5.2,0.0,4.818284482499848,False
J_00555,I_01088,16.261990919727655,107.92265926298728,0.0,hospitals_clean,6.0,0.0,16.153600338023534,False
J_00556,I_00254,16.272016642035613,107.99479986756069,66.1301383972168,residential_clean,2.2,0.0,43.05395560670867,False
J_00557,I_00414,16.409334138382288,107.80876571626663,0.0,normal,1.0,0.0,4.469298060162908,False
J_00558,I_00301,16.337862817657815,107.87902142462099,0.0,normal,1.0,0.0,1104.788007397238,False
J_00559,I_00489,16.230449813459064,108.04105067179617,182.93373203277588,normal,1.0,0.0,101.30262168167961,False
J_00560,I_00275,16.371770123316836,107.84591757211298,98.80155229568481,normal,1.0,0.0,4.179406547620041,False
J_00561,I_01136,16.383015198824065,107.79571660176452,0.0,normal,1.0,0.0,1.2604385158468265,False
J_00562,I_00850,16.263261950776787,107.88918408419099,790.2109141349792,hospitals_clean,6.0,0.0,4.933701650889325,False
J_00563,I_00742,16.309304796681772,107.81950630885405,0.0,normal,1.0,0.0,1738.9769834949689,False
J_00564,I_01060,16.362119556171475,107.72708418327844,314.56203174591064,residential_clean,3.7,0.0,0.2966331904600331,False
J_00565,I_00963,16.368148032939605,107.86992756955617,0.0,normal,1.0,0.0,3.999491598532229,False
J_00566,I_00275,16.411359485582494,107.82581387960971,0.0,normal,1.0,0.0,1.0426745393849177,False
J_00567,I_00859,16.623212500843334,107.49217317213574,719.5615825653076,residential_clean,2.2,0.0,1531.1432090217531,False
J_00568,I_00142,16.118964991542633,107.68735864359596,192.24080801010132,residential_clean,2.2,0.0,0.21814820836235008,False
J_00569,I_00167,16.277688280866876,107.92620514983439,8.450637817382812,normal,1.0,0.0,41.94391824255596,False
J_00570,I_00124,16.50848997925983,107.48618151148301,5.000737190246582,normal,1.0,0.0,1.2474843501888404,False
J_00571,I_00304,16.161552389068973,107.72719576951499,1229.574146270752,residential_clean,2.2,0.0,1.3351793073707985,False
J_00572,I_00124,16.484568429623874,107.50078900069757,0.0,normal,1.0,0.0,7.128811206382083,False
J_00573,I_00258,16.630110673559596,107.53254043553802,2980.8897285461426,residential_clean,2.2,0.0,129.44603072086056,False
J_00574,I_00823,16.519578769557757,107.64713408511882,897.4307870864868,residential_clean,2.2,0.0,388.3888462290173,False
J_00575,I_00254,16.267495129595638,107.93769524404556,0.0,residential_clean,2.2,0.0,5.553049097135143,False
J_00576,I_00878,16.30196122905214,108.00361160073177,1055.6086988449097,residential_clean,2.2,0.0,114.64744231828567,False
J_00577,I_00254,16.271761982776,107.97546236836982,118.00101232528687,residential_clean,2.2,0.0,33.89758875791739,False
J_00578,I_00876,16.649698302860195,107.33569485504988,1827.6074585914612,residential_clean,2.2,0.0,62.34452256428799,False
J_00579,I_00275,16.374819895119952,107.82761055914841,98.80155229568481,normal,1.0,0.0,313.4613111845484,False
J_00580,I_01048,16.384296976235852,107.7179286473529,0.0,normal,1.0,0.0,15.616267196544031,False
J_00581,I_00083,16.216448057935082,108.07080658275966,29.28056812286377,normal,1.0,0.0,1.6994940586942302,False
J_00582,I_00142,16.12658480904467,107.66374670842393,0.0,residential_clean,2.2,0.0,12.42612307340495,False
J_00583,I_00624,16.51186660246208,107.63377768347618,938.1784725189209,residential_clean,2.2,0.0,283.19753755600584,False
J_00584,I_00693,16.63652449305342,107.30952241262641,1685.2577376365662,residential_clean,2.2,0.0,15.25525187450278,False
J_00585,I_00124,16.501500707845967,107.50581599178085,65.27615594863892,normal,1.0,0.0,4.314661360911915,False
J_00586,I_01088,16.27666904819157,107.8878217499238,975.0262460708618,hospitals_clean,6.0,0.0,8.799237256947121,False
J_00587,I_00138,16.125628304024374,107.32868785706088,877.3942937850952,residential_clean,4.2,0.0,12.077842540615556,False
J_00588,I_00963,16.354351938347072,107.84814702356621,98.80155229568481,normal,1.0,0.0,291.7396882286,False
J_00589,I_00729,16.505429108315706,107.5194390949045,729.8787980079651,command_centers_clean,12.7,0.0,0.5359294607796685,False
J_00590,I_00471,16.251254296594727,108.05929932527955,0.0,normal,1.0,0.0,10.45788939577997,False
J_00591,I_00652,16.519152085054117,107.53956919278986,94.0632905960083,residential_clean,2.2,0.0,14.054965338696574,False
J_00592,I_00279,16.638635821183627,107.34292033848858,1287.8423762321472,residential_clean,2.2,0.0,75.62789746234921,False
J_00593,I_00304,16.154857066981968,107.70767811390124,2539.2701330184937,residential_clean,2.2,0.0,13.972687495321297,False
J_00594,I_00195,16.305838470320708,107.97787529491494,1855.2564029693604,residential_clean,2.2,0.0,179.62777829536796,False
J_00595,I_00830,16.737835883801665,107.39286301311014,79.60426473617554,residential_clean,2.2,0.0,424.859517623799,False
J_00596,I_00855,16.318539653614575,107.76926475638528,18.60812997817993,residential_clean,3.7,0.0,20.73485164209965,False
J_00597,I_00797,16.683415219672558,107.36922319182824,2254.3633575439453,residential_clean,2.2,0.0,55.54866959150175,False
J_00598,I_01060,16.354593671385885,107.73730343343966,707.5284290313721,residential_clean,3.7,0.0,12.263788598769876,False
J_00599,I_00241,16.490545831185518,107.41960068177406,2479.3148465156555,residential_clean,2.2,0.0,1.9503245160253666,False
J_00600,I_00645,16.23166873795155,108.08172580825803,0.0,normal,1.0,0.0,5.389018934044416,False
J_00601,I_00124,16.494087191728415,107.4776190101666,161.8819351196289,normal,1.0,0.0,11.071751800869487,False
J_00602,I_00855,16.316314198138073,107.78084445035205,0.0,residential_clean,3.7,0.0,19.464115975454675,False
J_00603,I_00684,16.232124400105814,107.26859910812134,932.3940739631653,normal,1.0,0.0,15.910589916818221,False
J_00604,I_01060,16.33941582337154,107.7415006801488,1158.8691544532776,residential_clean,3.7,0.0,2.889791163248311,False
J_00605,I_01136,16.392648319360216,107.79092535581107,0.0,normal,1.0,0.0,9.394323238188955,False
J_00606,I_00204,16.337862817657815,107.90877898250447,520.0228543281555,normal,1.0,0.0,1106.7792604516094,False
J_00607,I_00657,16.220623016846513,108.04508919897918,182.93373203277588,normal,1.0,0.0,230.49126169508253,False
J_00608,I_00405,16.344166514645302,107.93212417969868,829.9521145820618,normal,1.0,0.0,115.79187581391815,False
J_00609,I_00275,16.39076121133961,107.84894901714502,0.0,normal,1.0,0.0,8.056247662754703,False
J_00610,I_00778,16.50870084706546,107.41128384550619,2276.0755038261414,residential_clean,2.2,0.0,0.4408414648301797,False
J_00611,I_01155,16.6974588747098,107.37159121304775,2336.7898802757263,residential_clean,2.2,0.0,21.70265781640258,False
J_00612,I_00241,16.501327100537797,107.43054145541736,2320.727114200592,residential_clean,2.2,0.0,3.420006373194629,False
J_00613,I_00867,16.277784646083884,107.8650152026877,1007.2502880096436,hospitals_clean,6.0,0.0,71.89621078988617,False
J_00614,I_00878,16.30907748514915,107.98767757790513,1805.8475561141968,residential_clean,2.2,0.0,173.58319956402374,False
J_00615,I_00212,16.639558640794316,107.31930551488914,2148.5502738952637,residential_clean,2.2,0.0,1.142553737393574,False
J_00616,I_01136,16.360601556456217,107.82539943841778,98.80155229568481,normal,1.0,0.0,367.75603769560536,False
J_00617,I_00878,16.282427896913074,108.02065034497213,0.0,residential_clean,2.2,0.0,0.762072591567682,False
J_00618,I_01088,16.280742610212556,107.87902142462099,1007.2502880096436,hospitals_clean,6.0,0.0,340.27056139330705,False
J_00619,I_01113,16.182094289074854,107.6921006646287,2233.2426924705505,residential_clean,2.2,0.0,18.86320439075601,False
J_00620,I_00855,16.327863059528916,107.78212414148656,0.0,residential_clean,3.7,0.0,2.586701112890276,False
J_00621,I_00878,16.311073489098924,108.00318737489232,1588.1603169441223,residential_clean,2.2,0.0,2.6578313547251358,False
J_00622,I_00349,16.270973641203394,108.00414062913973,0.0,residential_clean,2.2,0.0,1.4227678487750304,False
J_00623,I_00254,16.262390193098323,107.94541147222121,0.0,residential_clean,2.2,0.0,1.8153745774988819,False
J_00624,I_00718,16.58817448103624,107.53120917630496,2313.882613182068,residential_clean,2.2,0.0,181.58087458991483,False
J_00625,I_00204,16.335947274472353,107.91848735231251,602.9117059707642,normal,1.0,0.0,248.5895224296056,False
J_00626,I_00471,16.228424370486497,108.04989779652551,182.93373203277588,normal,1.0,0.0,414.9659659882273,False
J_00627,I_00275,16.364862118844105,107.84036300703816,98.80155229568481,normal,1.0,0.0,107.71631277110882,False
J_00628,I_01041,16.319102755066023,107.92234273348505,666.8531737327576,normal,1.0,0.0,306.5686539600629,False
J_00629,I_00340,16.393680589284784,107.47486544097018,0.0,normal,1.0,0.0,1.3715700978754963,False
J_00630,I_01048,16.377040429644115,107.70951190457552,0.0,normal,1.0,0.0,0.21114271406346463,False
J_00631,I_00533,16.698747019425642,107.38117271746685,2643.580253124237,residential_clean,4.7,0.0,26.82852718037398,False
J_00632,I_00277,16.331318688055667,107.69461974702601,38.638768672943115,normal,1.0,0.0,113.84527592011722,False
J_00633,I_01173,16.51285562273466,107.64257103308792,938.1784725189209,residential_clean,2.2,0.0,62.74899873584613,False
J_00634,I_00275,16.366383657380414,107.83117525799436,98.80155229568481,normal,1.0,0.0,285.2874834074097,False
J_00635,I_00742,16.349672720860227,107.83441806970471,98.80155229568481,normal,1.0,0.0,486.48628193407194,False
J_00636,I_00753,16.36328092116883,107.7172368843959,0.0,normal,1.0,0.0,1.8467743782338104,False
J_00637,I_00304,16.165851652301814,107.72042337068132,2077.1472659111023,residential_clean,2.2,0.0,26.948766061507595,False
J_00638,I_00254,16.266778312121815,107.98169097365387,0.0,residential_clean,2.2,0.0,16.481849476572172,False
J_00639,I_00304,16.162359695263603,107.70922972354286,2439.336293697357,residential_clean,2.2,0.0,36.116469008502634,False
J_00640,I_00124,16.50359715667862,107.46255719399787,477.20249938964844,normal,1.0,0.0,4.6772200137759015,False
J_00641,I_00448,16.531444220532254,107.62709535575026,2244.811381816864,residential_clean,2.2,0.0,65.74835251736828,False
J_00642,I_01041,16.323385460686634,107.92869226854111,745.213098526001,normal,1.0,0.0,7.505048649648593,False
J_00643,I_00448,16.51843892711583,107.6374108105464,938.1784725189209,residential_clean,2.2,0.0,469.89102300464594,False
J_00644,I_01088,16.269398694647403,107.92215427428516,0.0,hospitals_clean,6.0,0.0,1.6032110018781227,False
J_00645,I_00856,16.64706617881949,107.34276210623104,1291.0327005386353,residential_clean,2.2,0.0,33.212431404930825,False
J_00646,I_00645,16.224287660919092,108.08234903599737,0.0,normal,1.0,0.0,9.417633001995585,False
J_00647,I_00855,16.322626704892063,107.77699803035648,0.0,residential_clean,3.7,0.0,22.629675389607698,False
J_00648,I_00414,16.37212443169747,107.81698150446647,98.80155229568481,normal,1.0,0.0,5.422001692295777,False
J_00649,I_00254,16.266522839616364,107.9538390109855,0.0,residential_clean,2.2,0.0,34.94146860942897,False
J_00650,I_00878,16.314438797298894,107.98288179762042,1847.9719400405884,residential_clean,2.2,0.0,27.569791195527618,False
J_00651,I_00857,16.504223824585317,107.4389668044593,2467.2147359848022,residential_clean,2.2,0.0,2.2436431799544163,False
J_00652,I_00069,16.280597231719188,107.87163858321337,1007.2502880096436,hospitals_clean,6.0,0.0,383.23437205419407,False
J_00653,I_00239,16.511107034138213,107.62227631977775,938.1784725189209,residential_clean,2.2,0.0,70.11935466538061,False
J_00654,I_00448,16.516478997628877,107.62855902142455,938.1784725189209,residential_clean,2.2,0.0,124.5549094952675,False
J_00655,I_00693,16.642622281447633,107.312522051076,1671.5076622962952,residential_clean,2.2,0.0,31.673510737489405,False
J_00656,I_01088,16.271776927988284,107.88090199433925,1007.2502880096436,hospitals_clean,6.0,0.0,1.6262829185578065,False
J_00657,I_00241,16.494974438997698,107.43153709409387,2339.1764822006226,residential_clean,2.2,0.0,15.09702606659858,False
J_00658,I_00254,16.30157106456278,107.97299578449721,1855.2564029693604,residential_clean,2.2,0.0,171.74347319582188,False
J_00659,I_00145,16.73494612759792,107.39996919147866,48.05093002319336,residential_clean,2.2,0.0,383.6037604020553,False
J_00660,I_00809,16.113481577125725,107.32585969873267,876.3254284858704,residential_clean,4.2,0.0,25.078140646635386,False
J_00661,I_00652,16.519234568153408,107.53306275020837,217.81069374084473,residential_clean,2.2,0.0,15.358090266366876,False
J_00662,I_00221,16.354712464313828,107.82901668721145,98.80155229568481,normal,1.0,0.0,358.33019376995793,False
J_00663,I_00729,16.51338820575337,107.53720292134021,663.5645208358765,command_centers_clean,12.7,0.0,0.3018857404556871,False
J_00664,I_01124,16.33096237847044,107.74253819003941,1173.8923206329346,residential_clean,3.7,0.0,1.4657203350410901,False
J_00665,I_01003,16.268805468465096,107.88649506517457,1000.0009198188782,hospitals_clean,6.0,0.0,2.869092831500188,False
J_00666,I_00142,16.1326737711537,107.67319613312881,400.0513586997986,residential_clean,2.2,0.0,3.6908969910988816,False
J_00667,I_00071,16.643291970853806,107.3483245257732,554.9268560409546,residential_clean,2.2,0.0,175.5615132769865,False
J_00668,I_00204,16.345890808298318,107.89364378469638,109.9210262298584,normal,1.0,0.0,18.814057886147776,False
J_00669,I_00855,16.309304796681772,107.78974875097055,0.0,residential_clean,3.7,0.0,34.32891684050019,False
J_00670,I_00247,16.27195723844203,107.86647210504394,1007.2502880096436,hospitals_clean,6.0,0.0,141.80085588953588,False
J_00671,I_00254,16.272808487357985,107.93491599153693,0.0,residential_clean,2.2,0.0,0.1625503042457916,False
J_00672,I_00657,16.215991709392338,108.06023177520228,182.93373203277588,normal,1.0,0.0,24.5733433352188,False
J_00673,I_00083,16.2225999758364,108.05082813290107,182.93373203277588,normal,1.0,0.0,145.61809908190122,False
J_00674,I_00585,16.310877043301065,107.97483922701252,1855.2564029693604,residential_clean,2.2,0.0,236.6978543028978,False
J_00675,I_00179,16.588896900750196,107.52523396740148,2349.4732241630554,residential_clean,2.2,0.0,191.87686870531783,False
J_00676,I_00980,16.221844100938224,108.03925896151208,182.93373203277588,normal,1.0,0.0,3.3632002250038258,False
J_00677,I_00414,16.381494900726864,107.80826227832074,0.0,normal,1.0,0.0,7.9418186780596765,False
J_00678,I_00862,16.634880333028146,107.3151360099468,1702.6048674583435,residential_clean,2.2,0.0,28.46649070175728,False
J_00679,I_01060,16.33547109591197,107.73517303991905,1180.946415424347,residential_clean,3.7,0.0,54.12479705796447,False
J_00680,I_00414,16.395604380045402,107.7957844250963,0.0,normal,1.0,0.0,0.404983645341045,False
J_00681,I_00428,16.656562368067938,107.44894141859312,2159.3522515296936,residential_clean,2.2,0.0,445.6787394511585,False
J_00682,I_00349,16.30454245580124,107.98344786128992,1855.2564029693604,residential_clean,2.2,0.0,1.624791782481882,False
J_00683,I_00855,16.323910824209488,107.7860901224486,0.0,residential_clean,3.7,0.0,10.12442830530099,False
J_00684,I_00797,16.69083676601164,107.37372340705753,2487.1511640548706,residential_clean,2.2,0.0,211.0831157350031,False
J_00685,I_00083,16.21786181898789,108.06541059744255,172.08686208724976,normal,1.0,0.0,10.427396441270652,False
J_00686,I_01060,16.358708602494435,107.73125632052705,599.3479266166687,residential_clean,3.7,0.0,35.700295972144055,False
J_00687,I_00278,16.693012246712296,107.36869279257914,2421.827235221863,residential_clean,2.2,0.0,62.885621272643085,False
J_00688,I_00239,16.506036707139565,107.62568225195915,938.1784725189209,residential_clean,2.2,0.0,1.0558465037568197,False
J_00689,I_01088,16.276578938221924,107.88257442145316,1007.2502880096436,hospitals_clean,6.0,0.0,6.417959757473837,False
J_00690,I_00963,16.359836910880862,107.8404873519619,98.80155229568481,normal,1.0,0.0,441.736006934,False
J_00691,I_00282,16.59399744060187,107.5307081207422,2234.69061088562,residential_clean,2.2,0.0,222.1924236376077,False
J_00692,I_00867,16.28257646675696,107.86376623160643,1007.2502880096436,hospitals_clean,6.0,0.0,310.462911041336,False
J_00693,I_01060,16.3639851790011,107.72231467952608,0.0,residential_clean,3.7,0.0,0.003336158035677864,False
J_00694,I_00319,16.51783580342637,107.64241116045197,938.1784725189209,residential_clean,2.2,0.0,228.77798029706952,False
J_00695,I_00304,16.165334390662142,107.71318700811429,2276.256527900696,residential_clean,2.2,0.0,10.227434332491686,False
J_00696,I_00448,16.520989455661468,107.63067161527896,938.1784725189209,residential_clean,2.2,0.0,241.9388252100442,False
J_00697,I_00726,16.697096367693838,107.37651628916687,2336.7898802757263,residential_clean,4.7,0.0,201.14868978668702,False
J_00698,I_00471,16.226371188307507,108.04351982376319,182.93373203277588,normal,1.0,0.0,55.65903004172157,False
J_00699,I_00645,16.238575855817732,108.07791136432569,0.0,normal,1.0,0.0,21.668145892232275,False
J_00700,I_00878,16.30983931469548,107.98262649449114,1855.2564029693604,residential_clean,2.2,0.0,5.615072375265797,False
J_00701,I_00145,16.73103219826476,107.40584338160386,48.05093002319336,residential_clean,2.2,0.0,464.6691723120451,False
J_00702,I_01136,16.38935137555658,107.78776175092645,0.0,normal,1.0,0.0,32.709340340464856,False
J_00703,I_00254,16.272286215746117,107.99970056877008,0.0,residential_clean,2.2,0.0,6.588736668109948,False
J_00704,I_00624,16.513891121943434,107.63786467083236,938.1784725189209,residential_clean,2.2,0.0,30.088493146352143,False
J_00705,I_00471,16.255539463874488,108.06041231414562,0.0,normal,1.0,0.0,4.097627684222457,False
J_00706,I_01096,16.51048749675204,107.44643315437774,3056.154317855835,normal,1.0,0.0,6.860253849825899,False
J_00707,I_00083,16.22116023285241,108.06108044799787,182.93373203277588,normal,1.0,0.0,292.53668719859616,False
J_00708,I_00275,16.36217134432337,107.83136555473578,98.80155229568481,normal,1.0,0.0,111.59523584281236,False
J_00709,I_00963,16.358247781463085,107.84677173284132,98.80155229568481,normal,1.0,0.0,25.74618618335672,False
J_00710,I_00138,16.11605905322682,107.32918725840936,876.3254284858704,residential_clean,4.2,0.0,48.26121670106344,False
J_00711,I_00533,16.694720979057458,107.38040835664873,2764.3458700180054,residential_clean,4.7,0.0,348.62852483375354,False
J_00712,I_00204,16.330435854053192,107.9187076839616,773.4545540809631,normal,1.0,0.0,359.51176284473223,False
J_00713,I_00645,16.225866242063237,108.08718633463846,0.0,normal,1.0,0.0,2.658415184045868,False
J_00714,I_00693,16.641537420557423,107.30843527719462,1671.5076622962952,residential_clean,2.2,0.0,6.3109724937691665,False
J_00715,I_00239,16.509292950753533,107.63062253725857,938.1784725189209,residential_clean,2.2,0.0,158.01119738016993,False
J_00716,I_01199,16.278391463785994,107.87508163752409,1007.2502880096436,hospitals_clean,6.0,0.0,196.29094701428005,False
J_00717,I_00279,16.64315081738307,107.34252482160908,1394.4764666557312,residential_clean,2.2,0.0,25.950600293371746,False
J_00718,I_00216,16.643408869544118,107.31652761458452,1939.9181632995605,residential_clean,2.2,0.0,28.80994088426284,False
J_00719,I_00402,16.367185089791626,107.03548421029932,780.0957264900208,residential_clean,2.2,0.0,437.5705888933727,False
J_00720,I_00301,16.353767990102106,107.83406658078351,98.80155229568481,normal,1.0,0.0,56.90172885270672,False
J_00721,I_00471,16.229951108759007,108.04514679424051,182.93373203277588,normal,1.0,0.0,379.68094842192266,False
J_00722,I_00753,16.331455002798798,107.70463892247363,58.30147314071655,normal,1.0,0.0,425.9034144626233,False
J_00723,I_00298,16.735350713170387,107.39591260654893,100.07998895645142,residential_clean,2.2,0.0,51.34265085452492,False
J_00724,I_00069,16.28084091982892,107.86765203611907,1007.2502880096436,hospitals_clean,6.0,0.0,496.40706558416974,False
J_00725,I_01152,16.1146785879735,107.33575105866237,876.3254284858704,residential_clean,4.2,0.0,392.5707617186383,False
J_00726,I_00589,16.17101051723017,107.71817861496928,2332.6000056266785,residential_clean,2.2,0.0,46.59079569023324,False
J_00727,I_01060,16.3646937652661,107.72995573859707,186.50322437286377,residential_clean,3.7,0.0,3.6007562115810963,False
J_00728,I_01048,16.37200503978459,107.70921764013887,0.0,normal,1.0,0.0,14.366968632800475,False
J_00729,I_00586,16.585247414228554,107.5261634732461,2349.4732241630554,residential_clean,2.2,0.0,293.24393656970216,False
J_00730,I_00124,16.505040893633986,107.47407236544517,145.73579692840576,normal,1.0,0.0,8.393778907770741,False
J_00731,I_00876,16.645317038820124,107.3393153732944,1703.9738459587097,residential_clean,2.2,0.0,29.875929179600952,False
J_00732,I_00765,16.27451576954516,107.86930813654472,1007.2502880096436,hospitals_clean,6.0,0.0,83.69946041018812,False
J_00733,I_00867,16.286275549655763,107.86411265114947,1007.2502880096436,hospitals_clean,6.0,0.0,486.7727858834437,False
J_00734,I_00728,16.59268320664601,107.53576193041964,2228.366714477539,residential_clean,2.2,0.0,458.6830473087901,False
J_00735,I_00254,16.302368233978882,107.97906058050846,1855.2564029693604,residential_clean,2.2,0.0,32.77164568742878,False
J_00736,I_00304,16.163903252703616,107.72359661380317,1563.8938059806824,residential_clean,2.2,0.0,29.94391923222913,False
J_00737,I_00645,16.227789180194883,108.08326650786884,0.0,normal,1.0,0.0,3.22774892995432,False
J_00738,I_01182,16.587956684673767,107.52161463665826,2298.8771591186523,residential_clean,2.2,0.0,133.75892732308543,False
J_00739,I_00908,16.32420667737008,107.92161050719159,737.8576703071594,normal,1.0,0.0,363.7586372820118,False
J_00740,I_00254,16.26909667691824,107.97789505315622,0.0,residential_clean,2.2,0.0,0.7628633378418493,False
J_00741,I_00275,16.36111567635359,107.83523147269814,98.80155229568481,normal,1.0,0.0,329.20949923486006,False
J_00742,I_00180,16.07933688148734,107.35733281108195,371.4377660751343,residential_clean,2.2,0.0,13.563888891665423,False
J_00743,I_00585,16.310688478804046,107.97914835302339,1855.2564029693604,residential_clean,2.2,0.0,1.614073832389781,False
J_00744,I_00463,16.694062836597627,107.37251336467673,2421.769492149353,residential_clean,2.2,0.0,60.5114212668421,False
J_00745,I_00614,16.506860947695216,107.6487317225883,916.008095741272,residential_clean,2.2,0.0,462.3704541438815,False
J_00746,I_00551,16.693108433345863,107.37638507035624,2514.5222864151,residential_clean,4.7,0.0,43.886604996167755,False
J_00747,I_00624,16.508726326342227,107.63518106527808,938.1784725189209,residential_clean,2.2,0.0,5.0372903051469695,False
J_00748,I_00390,16.656812330813388,107.4453896769411,2406.1855931282043,residential_clean,2.2,0.0,495.3875482510434,False
J_00749,I_01096,16.49401821744612,107.44213864468149,2434.668827533722,normal,1.0,0.0,107.8554613966652,False
J_00750,I_00878,16.315624419683672,107.98620161630024,1794.8055820465088,residential_clean,2.2,0.0,228.647956037963,False
J_00751,I_01136,16.35965018198565,107.829050676854,98.80155229568481,normal,1.0,0.0,196.71586280632016,False
J_00752,I_00275,16.393206332321693,107.85133465540477,0.0,normal,1.0,0.0,9.633789330250375,False
J_00753,I_00239,16.507363122614773,107.622140897171,938.1784725189209,residential_clean,2.2,0.0,235.1231236277745,False
J_00754,I_00448,16.51555729434816,107.63185035179488,938.1784725189209,residential_clean,2.2,0.0,250.32548177397155,False
J_00755,I_00301,16.3554075058153,107.83724595794487,98.80155229568481,normal,1.0,0.0,437.3027833647923,False
J_00756,I_00124,16.498446024850427,107.50460876844002,35.92009782791138,normal,1.0,0.0,6.097357150846375,False
J_00757,I_00902,16.63983366605209,107.31593678355695,1841.4927806854248,residential_clean,2.2,0.0,78.07690284735058,False
J_00758,I_00254,16.271170432663638,107.93783161940357,0.0,residential_clean,2.2,0.0,36.78566965832967,False
J_00759,I_00657,16.2190914899834,108.05384884479555,182.93373203277588,normal,1.0,0.0,6.083803796844922,False
J_00760,I_00282,16.596957597137887,107.53175467042227,2281.6116151809692,residential_clean,2.2,0.0,477.6618286337209,False
J_00761,I_00239,16.509222566163086,107.62485814142477,938.1784725189209,residential_clean,2.2,0.0,24.617334640277274,False
J_00762,I_00204,16.333260206247054,107.9169167447135,626.8538346290588,normal,1.0,0.0,449.9171283371664,False
J_00763,I_00069,16.27835218588565,107.86941116353225,1007.2502880096436,hospitals_clean,6.0,0.0,173.08139034083692,False
J_00764,I_00428,16.655538656153333,107.45252227113049,2204.440100669861,residential_clean,2.2,0.0,454.14883015512487,False
J_00765,I_00645,16.223605766765026,108.05756677192187,182.93373203277588,normal,1.0,0.0,565.4873641111813,False
J_00766,I_00254,16.271850257513837,107.97893465804056,118.00101232528687,residential_clean,2.2,0.0,0.45746218425961116,False
J_00767,I_00624,16.51101116476178,107.63708223190848,938.1784725189209,residential_clean,2.2,0.0,3.6461039384289267,False
J_00768,I_00319,16.520738697768657,107.64433884670235,911.1474452018738,residential_clean,2.2,0.0,474.581600564182,False
J_00769,I_00448,16.515733213005316,107.64022299495456,938.1784725189209,residential_clean,2.2,0.0,66.34752839839506,False
J_00770,I_00718,16.58920138984482,107.54033712718129,1866.8232655525208,residential_clean,2.2,0.0,136.59408805180738,False
J_00771,I_01179,16.372305863730833,107.67073359792909,92.79354524612427,normal,1.0,0.0,5.989484835636608,False
J_00772,I_00652,16.580093660495695,107.522083064739,2349.4732241630554,residential_clean,2.2,0.0,13.654518026641902,False
J_00773,I_00645,16.225415878935546,108.05017460332584,182.93373203277588,normal,1.0,0.0,183.17954326229443,False
J_00774,I_00195,16.307694645842965,107.97557728371872,1855.2564029693604,residential_clean,2.2,0.0,411.9683774936451,False
J_00775,I_00083,16.221210030436644,108.04821125917144,182.93373203277588,normal,1.0,0.0,82.41456340824628,False
J_00776,I_00167,16.276530174748405,107.92889917159899,8.450637817382812,normal,1.0,0.0,41.53869446685813,False
J_00777,I_00204,16.34398402249214,107.89651407556903,167.30314779281616,normal,1.0,0.0,8.246549105745276,False
J_00778,I_00850,16.270135913036704,107.87541092174905,1007.2502880096436,hospitals_clean,6.0,0.0,16.273919945845815,False
J_00779,I_00145,16.731605489862428,107.40299082807644,61.97274398803711,residential_clean,2.2,0.0,343.34512888539956,False
J_00780,I_00876,16.64892744005619,107.33849197159984,1672.120668888092,residential_clean,2.2,0.0,107.43728031600767,False
J_00781,I_01182,16.582943645180936,107.51885993182634,2108.503785133362,residential_clean,2.2,0.0,43.106696119413066,False
J_00782,I_00301,16.353332496343892,107.84545634816911,98.80155229568481,normal,1.0,0.0,499.32060411790894,False
J_00783,I_01136,16.380958766435675,107.79764265689548,0.0,normal,1.0,0.0,6.231543119132692,False
J_00784,I_00693,16.638409906662748,107.31162573216037,1685.2577376365662,residential_clean,2.2,0.0,20.142358670238817,False
J_00785,I_00235,16.270664288854334,107.86901444472291,1007.2502880096436,hospitals_clean,6.0,0.0,16.89824156887081,False
J_00786,I_00718,16.587240405937102,107.52852592331085,2325.557464122772,residential_clean,2.2,0.0,436.5533519413845,False
J_00787,I_00142,16.131271749206302,107.68099893143159,619.7055644989014,residential_clean,2.2,0.0,30.06381615211317,False
J_00788,I_00862,16.637244525230898,107.3168541586719,1892.2619471549988,residential_clean,2.2,0.0,35.15614497621989,False
J_00789,I_00071,16.63969194381096,107.34553544647186,900.1372060775757,residential_clean,2.2,0.0,241.2170302112264,False
J_00790,I_00855,16.327852184601507,107.77929746029575,0.0,residential_clean,3.7,0.0,0.1732045358092334,False
J_00791,I_00729,16.515981920150598,107.53648140626306,511.5238690376282,command_centers_clean,12.7,0.0,31.887277336227733,False
J_00792,I_00254,16.26413760843413,107.98210021687079,0.0,residential_clean,2.2,0.0,8.351965013171323,False
J_00793,I_00414,16.374194826749033,107.81871998474303,98.80155229568481,normal,1.0,0.0,2.8030792910797224,False
J_00794,I_00830,16.737988059968643,107.39602580826127,48.05093002319336,residential_clean,2.2,0.0,268.6239665712663,False
J_00795,I_00448,16.51628036128635,107.63586742556892,938.1784725189209,residential_clean,2.2,0.0,349.60517907097596,False
J_00796,I_00636,16.59534186873909,107.52772827798165,2251.4289379119873,residential_clean,2.2,0.0,179.5533734218296,False
J_00797,I_00254,16.302941588219404,107.97530187354634,1855.2564029693604,residential_clean,2.2,0.0,144.51378687116525,False
J_00798,I_00557,16.30639361424258,107.98156889733421,1855.2564029693604,residential_clean,2.2,0.0,8.165512628478615,False
J_00799,I_01088,16.278809858998333,107.88133691808923,1007.2502880096436,hospitals_clean,6.0,0.0,4.309187946488116,False
J_00800,I_00142,16.12483862371251,107.66188073600037,0.0,residential_clean,2.2,0.0,5.791592906511509,False
J_00801,I_00241,16.503047266945018,107.43241075518064,2372.0542283058167,residential_clean,2.2,0.0,8.074456916795745,False
J_00802,I_00778,16.508902120111717,107.37859975672474,2797.140212535858,residential_clean,2.2,0.0,6.829835414389659,False
J_00803,I_00414,16.35866562398799,107.83239717665228,98.80155229568481,normal,1.0,0.0,12.76045605234549,False
J_00804,I_00963,16.358422068478525,107.8371688077046,98.80155229568481,normal,1.0,0.0,456.3680064882184,False
J_00805,I_00685,16.518367524853893,107.64488190221489,897.4307870864868,residential_clean,2.2,0.0,192.7072764776481,False
J_00806,I_00301,16.35182736481966,107.83557720964245,98.80155229568481,normal,1.0,0.0,320.5218132415871,False
J_00807,I_00585,16.308214550125683,107.97817965162676,1855.2564029693604,residential_clean,2.2,0.0,122.34423238316465,False
J_00808,I_00624,16.513693063189496,107.63534177311377,938.1784725189209,residential_clean,2.2,0.0,232.5893751479306,False
J_00809,I_00290,16.519111970731878,107.63976754810481,938.1784725189209,residential_clean,2.2,0.0,455.8056504593501,False
J_00810,I_00729,16.516593441441543,107.53884844060627,386.87486267089844,command_centers_clean,12.7,0.0,20.075810128404942,False
J_00811,I_01033,16.11289539962853,107.3299111125651,876.3254284858704,residential_clean,4.2,0.0,46.35525307873906,False
J_00812,I_00624,16.513159306826765,107.63177144437454,938.1784725189209,residential_clean,2.2,0.0,165.8287875500784,False
J_00813,I_00204,16.331333488819993,107.9209219083631,783.5275659561157,normal,1.0,0.0,118.51751086453885,False
J_00814,I_00204,16.325802419028797,107.92333558034272,814.4013137817383,normal,1.0,0.0,237.3083573620831,False
J_00815,I_00145,16.73280853590603,107.4009538318603,82.79110622406006,residential_clean,2.2,0.0,303.63406026050376,False
J_00816,I_00142,16.14795467455924,107.69488177490841,1309.8477411270142,residential_clean,2.2,0.0,58.91605033229029,False
J_00817,I_00645,16.223605766765026,108.08732432980536,0.0,normal,1.0,0.0,240.01195757446283,False
J_00818,I_01088,16.27429116233545,107.87243144223132,1007.2502880096436,hospitals_clean,6.0,0.0,81.38072868436946,False
J_00819,I_00778,16.494974438568608,107.38718447443732,1796.9203066825867,residential_clean,2.2,0.0,13.426843359712388,False
J_00820,I_00428,16.657306495697686,107.45116334035221,2226.555468559265,residential_clean,2.2,0.0,277.0588586137865,False
J_00821,I_00254,16.271278454315965,107.99695184096477,8.32253646850586,residential_clean,2.2,0.0,39.66780793837103,False
J_00822,I_00239,16.505321010242454,107.62353147747483,938.1784725189209,residential_clean,2.2,0.0,88.6696902748231,False
J_00823,I_00823,16.518779417735043,107.6492138954889,916.008095741272,residential_clean,2.2,0.0,496.5798704967336,False
J_00824,I_01155,16.6969234569646,107.37429903380651,2336.7898802757263,residential_clean,2.2,0.0,24.917562619171388,False
J_00825,I_00693,16.639193764709958,107.30955706701229,1671.5076622962952,residential_clean,2.2,0.0,18.17532174166662,False
J_00826,I_01199,16.278316817206452,107.87163440431165,1007.2502880096436,hospitals_clean,6.0,0.0,119.06083737068839,False
J_00827,I_00304,16.165954853710826,107.72301187931897,1900.965938091278,residential_clean,2.2,0.0,1.4799535014221,False
J_00828,I_00241,16.49663062040024,107.43015787364253,2320.3980922698975,residential_clean,2.2,0.0,13.128734854721138,False
J_00829,I_00048,16.275433143259303,107.20223815389566,1856.2194437980652,residential_clean,5.2,0.0,0.2970789772626699,False
J_00830,I_01060,16.36314226197058,107.72033375448599,0.0,residential_clean,3.7,0.0,2.1072414648859374,False
J_00831,I_01199,16.28045306421113,107.87531297017155,1007.2502880096436,hospitals_clean,6.0,0.0,434.4703385773808,False
J_00832,I_00729,16.513091078770092,107.53927186449206,663.5645208358765,command_centers_clean,12.7,0.0,69.64130384739966,False
J_00833,I_00867,16.273688764236205,107.86542192067895,1007.2502880096436,hospitals_clean,6.0,0.0,9.147631937990301,False
J_00834,I_00145,16.733255923696852,107.39887039388887,100.07998895645142,residential_clean,2.2,0.0,184.39503750003766,False
J_00835,I_01005,16.35586448198874,107.83375771344916,98.80155229568481,normal,1.0,0.0,58.99630034214701,False
J_00836,I_00916,16.736179562423814,107.3977639369237,55.91151714324951,residential_clean,2.2,0.0,163.292298465922,False
J_00837,I_00351,16.598194193159554,107.52547148480137,2525.3994646072388,residential_clean,2.2,0.0,176.32390519006395,False
J_00838,I_01144,16.64173446272673,107.31548125111262,1827.7427053451538,residential_clean,2.2,0.0,3.3564359521114655,False
J_00839,I_00278,16.694020991626072,107.37047926447714,2402.1460151672363,residential_clean,2.2,0.0,70.45671937841365,False
J_00840,I_00727,16.693564825375468,107.37444602383171,2462.743155479431,residential_clean,2.2,0.0,70.2209667676268,False
J_00841,I_00069,16.277142633162516,107.86786600248179,1007.2502880096436,hospitals_clean,6.0,0.0,160.749360245275,False
J_00842,I_01088,16.27630123324547,107.88453962413644,1007.2502880096436,hospitals_clean,6.0,0.0,23.57995189165397,False
J_00843,I_00471,16.2521762647415,108.05756677192187,0.0,normal,1.0,0.0,215.185325414577,False
J_00844,I_00275,16.360856768369175,107.83326927540134,98.80155229568481,normal,1.0,0.0,117.65248310725413,False
J_00845,I_00448,16.51481641475689,107.63376433969839,938.1784725189209,residential_clean,2.2,0.0,411.9150563537822,False
J_00846,I_00304,16.16278120369613,107.72574106216256,1236.1630954742432,residential_clean,2.2,0.0,7.640007013824064,False
J_00847,I_00867,16.280891436592512,107.86444395536402,1007.2502880096436,hospitals_clean,6.0,0.0,236.60033967687056,False
J_00848,I_00069,16.281031332993123,107.86981457790716,1007.2502880096436,hospitals_clean,6.0,0.0,471.1297919274389,False
J_00849,I_00083,16.222064125399356,108.04656503691992,182.93373203277588,normal,1.0,0.0,15.504673303869412,False
J_00850,I_00963,16.361597042245624,107.84032565485853,98.80155229568481,normal,1.0,0.0,336.0926190024011,False
J_00851,I_00645,16.224888722261138,108.04449932628883,182.93373203277588,normal,1.0,0.0,3.0798237968675406,False
J_00852,I_00448,16.51563094421369,107.63802601606366,938.1784725189209,residential_clean,2.2,0.0,143.65480351033165,False
J_00853,I_00254,16.304125226094598,107.97753243741415,1855.2564029693604,residential_clean,2.2,0.0,102.09116091237982,False
J_00854,I_01199,16.280355294767823,107.87350081738253,1007.2502880096436,hospitals_clean,6.0,0.0,394.2362126996077,False
J_00855,I_00124,16.5067801077902,107.48650494789302,5.000737190246582,normal,1.0,0.0,6.35579955461185,False
J_00856,I_00301,16.355233410722008,107.83544823599101,98.80155229568481,normal,1.0,0.0,236.20957780186208,False
J_00857,I_00737,16.657074619835157,107.4471674313928,2310.4378728866577,residential_clean,2.2,0.0,404.88387089451317,False
J_00858,I_00876,16.64548852468534,107.34110406177771,1517.0067658424377,residential_clean,2.2,0.0,141.78757479737126,False
J_00859,I_00995,16.514567729809617,107.6427296704319,938.1784725189209,residential_clean,2.2,0.0,34.80930791320367,False
J_00860,I_00425,16.691956844357364,107.37771367929444,2623.304913520813,residential_clean,4.7,0.0,89.50135697148613,False
J_00861,I_01060,16.36429166379979,107.72822025459583,161.23262691497803,residential_clean,3.7,0.0,1.4496254483723583,False
J_00862,I_00275,16.359479652303204,107.83475332270194,98.80155229568481,normal,1.0,0.0,215.1310740117582,False
J_00863,I_00585,16.309828570463537,107.97622993984609,1855.2564029693604,residential_clean,2.2,0.0,235.40014805820235,False
J_00864,I_00290,16.517519534550832,107.64036038243201,938.1784725189209,residential_clean,2.2,0.0,259.68739495506156,False
J_00865,I_00477,16.64782734090598,107.3443207951902,981.6064119338989,residential_clean,2.2,0.0,28.540038059470767,False
J_00866,I_00586,16.58697840240387,107.52681208783935,2349.4732241630554,residential_clean,2.2,0.0,377.51527972205463,False
J_00867,I_00124,16.485416039795584,107.49929592841848,0.0,normal,1.0,0.0,1.902244390686835,False
J_00868,I_00319,16.51621252518629,107.6418821903975,938.1784725189209,residential_clean,2.2,0.0,70.03037418231395,False
J_00869,I_00878,16.312825940375788,107.98318092945767,1855.2564029693604,residential_clean,2.2,0.0,10.254087638504801,False
J_00870,I_00142,16.126914728245474,107.66540684598375,69.57911396026611,residential_clean,2.2,0.0,44.947675138093615,False
J_00871,I_00876,16.64846380731383,107.33686986440101,1787.3714456558228,residential_clean,2.2,0.0,0.42012440805725204,False
J_00872,I_00584,16.6407621713433,107.32041623022039,2148.5502738952637,residential_clean,2.2,0.0,19.82620273132174,False
J_00873,I_00301,16.350293832891534,107.83606314777157,98.80155229568481,normal,1.0,0.0,492.50554618088836,False
J_00874,I_00212,16.638761233939945,107.32073289434447,2154.33779668808,residential_clean,2.2,0.0,4.302226761408204,False
J_00875,I_00963,16.35672559733363,107.83632990663308,98.80155229568481,normal,1.0,0.0,350.0312007620291,False
J_00876,I_01088,16.276604113678168,107.8861570464485,1007.2502880096436,hospitals_clean,6.0,0.0,13.918528467254061,False
J_00877,I_00083,16.220040149892483,108.05812384834532,182.93373203277588,normal,1.0,0.0,222.76715863164108,False
J_00878,I_00963,16.360184319467194,107.83654790578471,98.80155229568481,normal,1.0,0.0,430.9562627608504,False
J_00879,I_01014,16.113856716195997,107.33121229667995,876.3254284858704,residential_clean,4.2,0.0,47.74481342361152,False
J_00880,I_00071,16.640721212724134,107.34434876739812,1028.5734782218933,residential_clean,2.2,0.0,67.91903529261381,False
J_00881,I_00275,16.36368420002302,107.8315603631845,98.80155229568481,normal,1.0,0.0,195.33650998914217,False
J_00882,I_00448,16.517661185440787,107.63878228618626,938.1784725189209,residential_clean,2.2,0.0,334.68180058737414,False
J_00883,I_00278,16.692663372566933,107.37312514927197,2482.7647228240967,residential_clean,2.2,0.0,54.57400068414447,False
J_00884,I_00204,16.34471707297677,107.89460362645902,155.3484091758728,normal,1.0,0.0,12.070349706889033,False
J_00885,I_00742,16.352142246741035,107.83406908984139,98.80155229568481,normal,1.0,0.0,199.14446736261135,False
J_00886,I_00069,16.279436033685375,107.86808964578144,1007.2502880096436,hospitals_clean,6.0,0.0,327.35629950774177,False
J_00887,I_00145,16.734808168085767,107.3982740464292,82.79110622406006,residential_clean,2.2,0.0,202.9055556599126,False
J_00888,I_00693,16.641275268110526,107.31195168158192,1671.5076622962952,residential_clean,2.2,0.0,26.347248902288115,False
J_00889,I_00645,16.224038612125796,108.05103663717668,182.93373203277588,normal,1.0,0.0,244.05537225082966,False
J_00890,I_00830,16.738678795713295,107.39471397503762,48.05093002319336,residential_clean,2.2,0.0,386.11497467585195,False
J_00891,I_00878,16.31373872840538,107.98428045997449,1839.149600982666,residential_clean,2.2,0.0,40.552317640198595,False
J_00892,I_00428,16.656141588005834,107.45038978734551,2153.480857372284,residential_clean,2.2,0.0,432.43178535908106,False
J_00893,I_00862,16.638459923222058,107.3162068930245,1841.4927806854248,residential_clean,2.2,0.0,34.588016265046896,False
J_00894,I_00867,16.280688700091794,107.86584167790342,1007.2502880096436,hospitals_clean,6.0,0.0,352.2800578463305,False
J_00895,I_00645,16.224434088270293,108.0884365464449,0.0,normal,1.0,0.0,185.25646082433505,False
J_00896,I_00113,16.19262274810935,107.72421651676393,1207.9810304641724,residential_clean,2.2,0.0,2.277697334423858,False
J_00897,I_00645,16.23980733457833,108.07758827572758,0.0,normal,1.0,0.0,8.863390778332622,False
J_00898,I_00471,16.25428879597381,108.06018560575528,0.0,normal,1.0,0.0,98.2350529816592,False
J_00899,I_00448,16.51704655445939,107.63762860843244,938.1784725189209,residential_clean,2.2,0.0,309.98656065991474,False
J_00900,I_00585,16.308714726583528,107.97480556471814,1855.2564029693604,residential_clean,2.2,0.0,417.33515596814095,False
J_00901,I_00963,16.358556741758065,107.83564276942306,98.80155229568481,normal,1.0,0.0,289.9402635806759,False
J_00902,I_00275,16.364886842727582,107.83118943562881,98.80155229568481,normal,1.0,0.0,228.2949162759731,False
J_00903,I_00963,16.361035767595258,107.83915961355133,98.80155229568481,normal,1.0,0.0,479.56204101780065,False
J_00904,I_01028,16.3075674014877,107.97686384437424,1855.2564029693604,residential_clean,2.2,0.0,286.4797669218805,False
J_00905,I_00963,16.35639733517405,107.83499994066584,98.80155229568481,normal,1.0,0.0,197.8050828725778,False
J_00906,I_00282,16.59521925846661,107.53069827208877,2227.513177871704,residential_clean,2.2,0.0,258.96374184952003,False
J_00907,I_00266,16.35870535632915,107.8337689711188,98.80155229568481,normal,1.0,0.0,86.8860554412225,False
J_00908,I_00830,16.736784152840116,107.39619823865908,61.97274398803711,residential_clean,2.2,0.0,127.8641946764835,False
J_00909,I_00980,16.220732799370374,108.0397694743062,182.93373203277588,normal,1.0,0.0,6.6305294236073165,False
J_00910,I_00069,16.279320465058436,107.87092361207006,1007.2502880096436,hospitals_clean,6.0,0.0,246.70367467715,False
J_00911,I_00585,16.309462315312,107.97743337260991,1855.2564029693604,residential_clean,2.2,0.0,163.93227335857208,False
J_00912,I_00319,16.51713561825684,107.64343156975721,938.1784725189209,residential_clean,2.2,0.0,113.97021461408761,False
J_00913,I_00319,16.51959976332795,107.6446680431246,897.4307870864868,residential_clean,2.2,0.0,337.59259790935323,False
J_00914,I_01028,16.307053930842443,107.97806614005101,1855.2564029693604,residential_clean,2.2,0.0,182.45673608196577,False
J_00915,I_00963,16.357036403284944,107.83750012160307,98.80155229568481,normal,1.0,0.0,483.57050768468633,False
J_00916,I_01199,16.279701129106307,107.87250026939792,1007.2502880096436,hospitals_clean,6.0,0.0,289.7674500652173,False
J_00917,I_00830,16.737565887671458,107.39474874681399,61.97274398803711,residential_clean,2.2,0.0,272.90589075816854,False
J_00918,I_00069,16.278390427707922,107.867685141677,1007.2502880096436,hospitals_clean,6.0,0.0,252.34708802547428,False
J_00919,I_00254,16.30332966003426,107.97675907669851,1855.2564029693604,residential_clean,2.2,0.0,82.3807139171148,False
J_00920,I_00645,16.223544541705206,108.08908783222945,0.0,normal,1.0,0.0,77.92222982076653,False
J_00921,I_00145,16.73377066911533,107.40147576276406,48.05093002319336,residential_clean,2.2,0.0,421.72687894114785,False
J_00922,I_00471,16.228381995026176,108.04876804984492,182.93373203277588,normal,1.0,0.0,377.8529281185979,False
J_00923,I_00161,16.35693900268096,107.8337633903417,98.80155229568481,normal,1.0,0.0,73.04731111629117,False
J_00924,I_00742,16.351070937626503,107.8341388613365,98.80155229568481,normal,1.0,0.0,321.35926961351265,False
J_00925,I_00069,16.27780592124907,107.8706631406894,1007.2502880096436,hospitals_clean,6.0,0.0,96.7832921792736,False
J_00926,I_00867,16.282342609133295,107.86268772811651,1007.2502880096436,hospitals_clean,6.0,0.0,202.99656563461264,False
J_00927,I_00583,16.647316852497596,107.4332508427494,2601.153215408325,residential_clean,2.2,0.0,305.81025728449765,False
J_00928,I_00145,16.735755082431176,107.39876281387855,48.05093002319336,residential_clean,2.2,0.0,249.61994322925585,False
J_00929,I_00319,16.51812809314503,107.64371760915824,911.3517169952393,residential_clean,2.2,0.0,212.45258284264762,False
J_00930,I_00530,16.69294773103883,107.37532515736521,2462.743155479431,residential_clean,2.2,0.0,76.53890561493817,False
J_00931,I_00145,16.733366902495337,107.4000749200001,82.79110622406006,residential_clean,2.2,0.0,281.2958115512585,False
J_00932,I_00876,16.64459583540976,107.34061724902273,1605.3440642356873,residential_clean,2.2,0.0,109.73149296263367,False
J_00933,I_00425,16.691305595524753,107.37853272699763,2733.7364139556885,residential_clean,4.7,0.0,94.32351158782105,False
J_00934,I_00652,16.583745621911614,107.52108880471928,2340.7997345924377,residential_clean,2.2,0.0,2.996961789481605,False
J_00935,I_00448,16.515225433360193,107.63897297382968,938.1784725189209,residential_clean,2.2,0.0,67.7743874732334,False
J_00936,I_00301,16.354893865259214,107.83397551071113,98.80155229568481,normal,1.0,0.0,72.81906841203877,False
J_00937,I_00855,16.310233219055384,107.78938154751017,0.0,residential_clean,3.7,0.0,1.6279519739660955,False
J_00938,I_00803,16.737132674460938,107.3974878898892,48.05093002319336,residential_clean,2.2,0.0,220.06328716768397,False
J_00939,I_01088,16.27611633810072,107.88352575913028,1007.2502880096436,hospitals_clean,6.0,0.0,5.193059587152278,False
J_00940,I_00275,16.359830664482296,107.83378895938354,98.80155229568481,normal,1.0,0.0,155.3246231801596,False
J_00941,I_00428,16.656762622507372,107.45202212723432,2367.0565094947815,residential_clean,2.2,0.0,318.7288443222846,False
J_00942,I_01088,16.27747595436623,107.88214437448198,1007.2502880096436,hospitals_clean,6.0,0.0,22.327013751635658,False
J_00943,I_00414,16.37791080710459,107.81222713397818,0.0,normal,1.0,0.0,30.643828566973284,False
J_00944,I_00254,16.301939473764612,107.97393346309296,1855.2564029693604,residential_clean,2.2,0.0,123.65772420358826,False
J_00945,I_00304,16.16145344368204,107.70958791101184,2327.7581930160522,residential_clean,2.2,0.0,37.60161281250749,False
J_00946,I_00448,16.51665864241681,107.63994119004576,938.1784725189209,residential_clean,2.2,0.0,178.09811008121332,False
J_00947,I_00585,16.30850298609285,107.97697173725443,1855.2564029693604,residential_clean,2.2,0.0,238.8047677302865,False
J_00948,I_00963,16.357642934713013,107.83583516246964,98.80155229568481,normal,1.0,0.0,305.67030661560307,False
J_00949,I_00876,16.64985319415675,107.33858359683647,1645.4664597511292,residential_clean,2.2,0.0,1.2290056948255517,False
J_00950,I_01088,16.268795528606088,107.92142089803518,0.0,hospitals_clean,6.0,0.0,12.221403037982391,False
J_00951,I_00204,16.326868620870655,107.92173449736102,803.7148265838623,normal,1.0,0.0,452.83108434835896,False
J_00952,I_00586,16.586046230936187,107.52571342744832,2349.4732241630554,residential_clean,2.2,0.0,281.54359484125877,False
J_00953,I_00301,16.35299949110848,107.83455063813238,98.80155229568481,normal,1.0,0.0,144.32783538203083,False
J_00954,I_00204,16.343320299999995,107.89714185094051,167.30314779281616,normal,1.0,0.0,0.48413508757948875,False
J_00955,I_00729,16.50666510392499,107.54912842751119,2916.8539900779724,command_centers_clean,12.7,0.0,14.807230694857651,False
J_00956,I_00290,16.51777137420662,107.64122836775034,938.1784725189209,residential_clean,2.2,0.0,263.85040216330134,False
J_00957,I_00718,16.587781083643325,107.52646665645749,2349.4732241630554,residential_clean,2.2,0.0,331.0050911478982,False
J_00958,I_00278,16.69357531382262,107.37326249426192,2441.810273170471,residential_clean,2.2,0.0,97.69223789519094,False
J_00959,I_00978,16.691844996278036,107.37683123448676,2553.5421380996704,residential_clean,4.7,0.0,106.14700088042862,False
J_00960,I_00266,16.357797821478204,107.83386307386796,98.80155229568481,normal,1.0,0.0,85.98096831236663,False
J_00961,I_00624,16.51042592176092,107.63645259945567,938.1784725189209,residential_clean,2.2,0.0,52.58126616125862,False
J_00962,I_00301,16.35439478956616,107.83545800749269,98.80155229568481,normal,1.0,0.0,221.85230304618358,False
J_00963,I_00878,16.313010194394337,108.01480955104238,35.2052640914917,residential_clean,2.2,0.0,6.265003813212789,False
J_00964,I_00204,16.326600318731376,107.92307158411424,814.4013137817383,normal,1.0,0.0,325.91806781502834,False
J_00965,I_01155,16.696711351040598,107.37197959993516,2336.7898802757263,residential_clean,2.2,0.0,82.64742970551978,False
J_00966,I_00319,16.518623449344062,107.6426955427303,922.0587501525879,residential_clean,2.2,0.0,302.95554481963546,False
J_00967,I_00428,16.656427679847354,107.4477048178434,2230.0105357170105,residential_clean,2.2,0.0,478.12461429368136,False
J_00968,I_00823,16.517981987597484,107.64564446966381,897.4307870864868,residential_clean,2.2,0.0,148.90927730620032,False
J_00969,I_00113,16.191875856071437,107.72385793523,1416.9102010726929,residential_clean,2.2,0.0,49.59324740367754,False
J_00970,I_00448,16.518449592583384,107.63926675366285,938.1784725189209,residential_clean,2.2,0.0,399.1488917055927,False
J_00971,I_00278,16.692686953837466,107.3745219132765,2482.7647228240967,residential_clean,2.2,0.0,25.538158967920822,False
J_00972,I_00390,16.65742259318563,107.44640121657008,2316.181198120117,residential_clean,2.2,0.0,384.10969704817506,False
J_00973,I_00319,16.51677093792496,107.64267404829899,938.1784725189209,residential_clean,2.2,0.0,102.35700108052588,False
J_00974,I_00290,16.515870652203386,107.64111467833007,938.1784725189209,residential_clean,2.2,0.0,54.31072930636707,False
J_00975,I_00204,16.34428196388627,107.89985911347937,167.30314779281616,normal,1.0,0.0,73.16309359979934,False
J_00976,I_00275,16.360145216910553,107.8352293567734,98.80155229568481,normal,1.0,0.0,298.713480277596,False
J_00977,I_00645,16.230893953105898,108.08195517300736,0.0,normal,1.0,0.0,7.878017945909355,False
J_00978,I_00221,16.35517800419629,107.82969618897766,98.80155229568481,normal,1.0,0.0,297.24518977832537,False
J_00979,I_00676,16.304888212820998,107.97774521682547,1855.2564029693604,residential_clean,2.2,0.0,164.6944554720264,False
J_00980,I_00319,16.518405608461816,107.64184267205017,938.1784725189209,residential_clean,2.2,0.0,312.5092285259148,False
J_00981,I_00204,16.32548034922607,107.9226005749826,786.3822741508484,normal,1.0,0.0,283.10824555130404,False
J_00982,I_00876,16.64468165038667,107.33981978466254,1703.9738459587097,residential_clean,2.2,0.0,99.78757125785462,False
J_00983,I_01006,16.273753029598044,107.86938118321936,1007.2502880096436,hospitals_clean,6.0,0.0,14.096236103729373,False
J_00984,I_00585,16.310238098637242,107.97555971440232,1855.2564029693604,residential_clean,2.2,0.0,223.4520678386597,False
J_00985,I_01110,16.692604054020478,107.37696872707558,2567.642502784729,residential_clean,4.7,0.0,85.87197382941767,False
J_00986,I_00803,16.736407511865703,107.39687773776468,61.97274398803711,residential_clean,2.2,0.0,111.8571181334457,False
J_00987,I_00737,16.65630183881993,107.44693278917362,2327.2058234214783,residential_clean,2.2,0.0,497.20032527938093,False
J_00988,I_00867,16.277915591176264,107.86578436622355,1007.2502880096436,hospitals_clean,6.0,0.0,138.70094967881803,False
J_00989,I_00963,16.360554128444317,107.84026787263221,98.80155229568481,normal,1.0,0.0,412.478652950055,False
J_00990,I_00069,16.279084575128973,107.86952355665541,1007.2502880096436,hospitals_clean,6.0,0.0,258.771593846514,False
J_00991,I_00145,16.735417001094994,107.39785676711442,73.90133094787598,residential_clean,2.2,0.0,145.08072208501432,False
J_00992,I_00428,16.6559776446685,107.44938674713275,2181.1822452545166,residential_clean,2.2,0.0,489.96486640739596,False
J_00993,I_00978,16.692421317132318,107.37620576082661,2534.5438537597656,residential_clean,4.7,0.0,92.65830078179732,False
J_00994,I_00301,16.354702036828638,107.83730943899059,98.80155229568481,normal,1.0,0.0,430.0487470172371,False
J_00995,I_00850,16.263875017212722,107.88882623047817,830.8770270347595,hospitals_clean,6.0,0.0,38.39796680103434,False
J_00996,I_00963,16.356253539040146,107.83571384143224,98.80155229568481,normal,1.0,0.0,275.76279381948655,False
J_00997,I_00624,16.513355418256545,107.63597664204039,938.1784725189209,residential_clean,2.2,0.0,155.35817126440216,False
J_00998,I_00301,16.352372784911193,107.83486536965593,98.80155229568481,normal,1.0,0.0,220.0625420721859,False
J_00999,I_00069,16.277798094508547,107.86803632965888,1007.2502880096436,hospitals_clean,6.0,0.0,177.5992788878704,False
