site_id,latitude,longitude,utm_x,utm_y,pop_covered,pop_unique_covered,overlap_ratio_network,total_unique_pop_network,elevation_m,slope_deg,neighbour_weight,dist_to_school_m,dist_to_hospital_m,dist_to_road_m,dist_to_residential_m,dist_to_industrial_m,site_accessibility_score,antenna_height_m,region_type,bts_type,coverage_radius_m,power_W
BTS_03665,16.467083603464975,107.579582183015,775421.8931267431,1822361.040370327,210243.17,0.0,96.07898208383826,858764.1875,7,89.982346,0,855.1787908962689,660.5710930739577,6.113267095835039,377.7529702528893,3085.6199777438346,0.9969433664520825,34.9,mountain,4G_remote,2500,1200
BTS_00256,16.469166936797414,107.57791551628723,775240.8976879844,1822589.4213096523,201728.05,0.0,96.07898208383826,858764.1875,11,89.93634,0,760.3657113575075,542.8616546455353,9.764122170613202,370.46821757059473,2982.200203953712,0.9951179389146934,23.0,mountain,4G_remote,2500,1200
BTS_04012,16.499583603334976,107.584582182995,775909.9625607508,1825966.0926345845,96176.63,0.0,96.07898208383826,858764.1875,2,89.98883,0,2965.958659945088,1975.351329262032,9.872374408807364,301.9908754370429,1181.174443001899,0.9950638127955963,21.9,mountain,4G_remote,2500,1200
BTS_04526,16.432083603604983,107.600415516265,777697.3900178445,1818514.537689453,77791.66,0.0,96.07898208383826,858764.1875,15,89.98727,0,3340.9803151830024,4056.214787089769,160.68378545744227,323.2841600834267,2029.1170541627212,0.9196581072712788,33.3,mountain,4G_remote,2500,1200
BTS_04261,16.50208360374095,107.57916551641313,775327.8496472166,1826235.468824845,76810.98,0.0,96.07898208383826,858764.1875,7,89.9852,0,3333.4004980515874,1861.745097404423,14.391592231670614,520.0302502213189,1813.753977746236,0.9928042038841647,23.4,mountain,4G_remote,2500,1200
BTS_04374,16.502639159198278,107.59347107224143,776855.0655896093,1826316.5829667712,75520.37,0.0,96.07898208383826,858764.1875,6,89.97749,0,2919.986129202189,2918.7061738522707,11.83263110726954,607.8677337156078,1042.1832537629546,0.9940836844463652,37.2,mountain,4G_remote,2500,1200
BTS_00750,16.435416936924987,107.607082182905,778404.9818813363,1818892.7541856936,75191.81,0.0,96.07898208383826,858764.1875,20,89.99491,0,3272.5882178293546,3320.0286250806635,35.34544548427447,480.5982022764091,1228.517662913634,0.9823272772578627,34.4,mountain,4G_remote,2500,1200
BTS_03984,16.503750269984984,107.58791551631501,776260.0851382583,1826431.972621548,74041.11,0.0,96.07898208383826,858764.1875,4,89.95974,0,3214.9536892286437,2554.3361636925915,31.63844602417122,657.7304508916699,1314.6500444863182,0.9841807769879144,27.0,mountain,4G_remote,2500,1200
BTS_06111,16.46625027013498,107.582082183005,775690.1501035781,1822272.1909833648,221841.34,832.0317993164062,96.07898208383826,858764.1875,5,89.99,5,993.1115272959868,930.3306438307046,4.173163038313259,421.4536709975869,3049.5790985534213,0.9979134184808434,28.5,mountain,4G_remote,2500,1200
BTS_04593,16.50333360332743,107.58041551627716,775459.5925520685,1826375.5706023728,72726.5,0.0,96.07898208383826,858764.1875,6,89.98847,0,3521.0583123622337,2045.6806887095838,41.60416734254064,398.37733673975765,1787.932913947883,0.9791979163287297,22.3,mountain,4G_remote,2500,1200
BTS_05590,16.430416936944994,107.59708218294502,777343.585782944,1818325.439539655,70769.64,0.0,96.07898208383826,858764.1875,23,89.994415,0,3428.3406968175727,4432.923089209583,36.63780699844913,338.30508173358345,2429.8480973785254,0.9816810965007754,22.8,mountain,4G_remote,2500,1200
BTS_00166,16.432361384154586,107.60360996267836,778038.3266598773,1818549.680333752,70011.48,0.0,96.07898208383826,858764.1875,18,89.984085,0,3419.757119465696,3814.032836191755,33.37519088143394,456.70348637457374,1708.8334469080257,0.983312404559283,26.6,mountain,4G_remote,2500,1200
BTS_01216,16.43375027028471,107.60624884939224,778318.3163723892,1818707.080932076,68902.05,0.0,96.07898208383826,858764.1875,20,89.99228,0,3393.6026126320257,3521.5059874545514,109.10586532820476,510.15929440046324,1388.229756501969,0.9454470673358977,33.2,mountain,4G_remote,2500,1200
BTS_01755,16.432083603604983,107.574582183035,774937.0793843016,1818479.2505826242,66863.27,0.0,96.07898208383826,858764.1875,34,89.99473,0,3501.77446448177,3858.73603852418,67.14688663056053,307.6720780713938,3010.7945821748795,0.9664265566847198,24.8,mountain,4G_remote,2500,1200
BTS_05808,16.429583603614972,107.59624884961501,777255.7255061745,1818232.0348055153,66051.16,0.0,96.07898208383826,858764.1875,30,89.99523,0,3497.40938021625,4561.150569045469,67.93676912143052,414.8864415089501,2549.923674300813,0.9660316154392847,24.4,mountain,4G_remote,2500,1200
BTS_01668,16.430083604294897,107.5995821828619,777611.190767528,1818291.963447205,64941.34,0.0,96.07898208383826,858764.1875,16,89.982346,0,3533.332370245363,4281.759867949301,62.348186930180084,479.7582818333519,2203.216009524763,0.96882590653491,19.3,mountain,4G_remote,2500,1200
BTS_05498,16.433750270679415,107.56833218312292,774266.9279315504,1818655.2881257636,64608.35,0.0,96.07898208383826,858764.1875,8,89.99297,0,3572.9701350610694,3711.8655565023346,25.822216786215243,320.2870605101796,2355.6464385954205,0.9870888916068924,28.9,mountain,4G_remote,2500,1200
BTS_04174,16.506250270391057,107.59249884969346,776746.0774087199,1826715.052483652,64371.2,0.0,96.07898208383826,858764.1875,5,89.98818,0,3332.8189730170025,3096.3040674612516,63.724438701376066,502.3521709516996,1449.575533125138,0.968137780649312,28.4,mountain,4G_remote,2500,1200
BTS_02807,16.506528048184435,107.59013773812677,776493.4912735283,1826742.5638267936,64327.88,0.0,96.07898208383826,858764.1875,7,89.969986,0,3426.2738951437686,2941.1559504424163,15.382367201875654,436.90171798223395,1525.7061104805814,0.9923088163990622,30.4,mountain,4G_remote,2500,1200
BTS_05290,16.434583603594977,107.609582182895,778673.2976242936,1818803.9339105163,62650.26,20.501182556152344,96.07898208383826,858764.1875,42,89.99805,0,3489.3906453165937,3246.1767906261,226.037180217579,417.2303041762756,1024.9031833291247,0.8869814098912105,21.4,mountain,4G_remote,2500,1200
BTS_03334,16.431250270274987,107.572915516375,774760.1692134659,1818384.7250543882,59810.88,0.0,96.07898208383826,858764.1875,17,89.98939,0,3665.4768776378155,3949.2823595634954,12.822552907240064,392.9447999623255,2914.2881123893576,0.99358872354638,26.0,mountain,4G_remote,2500,1200
BTS_04856,16.42791693695498,107.583748849665,775922.4269753715,1818030.422721072,59373.95,0.0,96.07898208383826,858764.1875,16,89.99104,0,3644.3863824875625,4457.32183497924,43.76136636652363,353.7827736590355,3854.401412211006,0.9781193168167381,21.7,mountain,4G_remote,2500,1200
BTS_03170,16.428750270284976,107.59791551627501,777434.9974999728,1818142.0569471996,58584.7,0.0,96.07898208383826,858764.1875,29,89.992546,0,3629.404380874586,4509.846242758678,44.33738557763684,539.3279977310207,2426.3795416661583,0.9778313072111816,27.8,mountain,4G_remote,2500,1200
BTS_00008,16.45491024792237,107.59136455244935,776697.9046141464,1821029.3804976675,58037.85,0.0,96.07898208383826,858764.1875,8,89.979866,0,654.3016905344466,2334.5790745482004,12.52426750325115,0.0,3263.360533093563,0.9937378662483745,28.0,mountain,5G_macro,1000,10000
BTS_04315,16.431250270274983,107.571248849715,774582.0857208467,1818382.4621748736,57691.94,0.0,96.07898208383826,858764.1875,13,89.99456,0,3752.998055462532,3955.632844553048,26.718680794214677,510.6991702096551,2771.353260891936,0.9866406596028927,24.7,mountain,4G_remote,2500,1200
BTS_03638,16.430416936944983,107.603748849585,778055.936253066,1818334.5906659914,56895.14,0.0,96.07898208383826,858764.1875,26,89.9921,0,3626.366867622325,3977.128869877831,72.06769983066505,658.3701023524242,1786.2953787972353,0.9639661500846675,22.2,mountain,4G_remote,2500,1200
BTS_00425,16.505583603665904,107.60258218326001,777824.0382056995,1826655.124090546,56724.74,0.0,96.07898208383826,858764.1875,7,89.981995,0,3197.781339625986,3908.2215586081065,14.925376215622949,397.6132639261048,1643.6657394463489,0.9925373118921885,24.2,mountain,4G_remote,2500,1200
BTS_05044,16.429583603614983,107.60208218292502,777879.0343125211,1818240.0378194705,56489.87,0.0,96.07898208383826,858764.1875,28,89.995285,0,3656.7665964242947,4157.340657870911,125.70555572326914,651.1108354505942,1986.860589854317,0.9371472221383654,30.5,mountain,4G_remote,2500,1200
BTS_01404,16.504791937702638,107.57437385049549,774812.214855259,1826528.7767162053,56469.02,0.0,96.07898208383826,858764.1875,6,89.981995,0,3379.488668427705,1995.0540460665857,16.509129740549746,372.6594054473516,2406.4130115519342,0.9917454351297251,31.6,mountain,4G_remote,2500,1200
BTS_01182,16.43041693694499,107.572082183045,774672.2997602161,1818291.3324116648,54500.6,0.0,96.07898208383826,858764.1875,18,89.98576,0,3789.0512356371037,4043.6668994373517,55.21533020584531,439.09984100641543,2898.2977316865586,0.9723923348970773,32.1,mountain,4G_remote,2500,1200
BTS_04545,16.43125027027498,107.607082182905,778410.9243623916,1818431.4382286365,54334.13,0.0,96.07898208383826,858764.1875,32,89.99743,0,3681.2320910926055,3700.781989300896,181.83992809782174,778.6481519898773,1431.5018532802428,0.9090800359510891,28.4,mountain,4G_remote,2500,1200
BTS_00009,16.42625027029498,107.582082183005,775746.692409666,1817843.6274792722,52576.26,0.0,96.07898208383826,858764.1875,20,89.98763,0,3857.5554571614575,4597.1048654157885,95.45206416710737,421.1104082194859,4034.870735945464,0.9522739679164464,23.2,mountain,4G_remote,2500,1200
BTS_05056,16.43041693694499,107.606248849575,778323.0685004436,1818338.028405865,51879.65,0.0,96.07898208383826,858764.1875,36,89.99802,0,3727.1982667179445,3826.452012236331,124.67565628363305,793.7886082336474,1556.0977674258452,0.9376621718581835,28.3,mountain,4G_remote,2500,1200
BTS_01506,16.50708360330497,107.603748849585,777946.5057211376,1826822.8079939382,50417.69,0.0,96.07898208383826,858764.1875,8,89.992546,0,3378.154024526177,4102.330816466902,35.796042229405494,600.171748403463,1851.0367742852327,0.9821019788852973,23.4,mountain,4G_remote,2500,1200
BTS_02527,16.42569471517263,107.58013773816889,775539.7054874748,1817779.4712691077,49841.42,0.0,96.07898208383826,858764.1875,14,89.93634,0,3963.1543598574845,4620.477869821854,35.47328788416221,364.34165212313724,3900.204592495853,0.9822633560579189,24.5,mountain,4G_remote,2500,1200
BTS_02033,16.431250272346865,107.56583218338419,774003.3157580248,1818375.1182039934,48978.49,0.0,96.07898208383826,858764.1875,21,89.95974,0,3882.4255294264262,4030.90729549298,7.129978278463731,551.0594429244763,2340.3605034072657,0.9964350108607681,26.7,mountain,4G_remote,2500,1200
BTS_04107,16.426666936967386,107.59624884954674,777259.8666179075,1817909.1161086499,48104.95,0.0,96.07898208383826,858764.1875,51,89.99754,0,3813.29722225517,4800.821886895463,179.49639975958286,692.3874505813446,2688.865850412926,0.9102518001202086,29.0,mountain,4G_remote,2500,1200
BTS_04881,16.50958360329498,107.595415516285,777052.8542083036,1827088.1144002525,48042.89,0.0,96.07898208383826,858764.1875,2,89.98727,0,3645.327828010649,3576.773525286615,7.773187203495994,473.8071852773909,1815.4160830425797,0.996113406398252,24.4,mountain,4G_remote,2500,1200
BTS_00240,16.427708604456676,107.60124884967112,777792.6574284274,1818031.3022264864,47496.54,0.0,96.07898208383826,858764.1875,23,89.9941,0,3831.766511351141,4376.907965166595,26.10004265243564,794.7422185231177,2167.940954097876,0.9869499786737822,33.8,mountain,4G_remote,2500,1200
BTS_05356,16.42541693696498,107.58958218297501,776549.2759906461,1817761.600217713,46987.66,0.0,96.07898208383826,858764.1875,19,89.981995,0,3875.6194886751146,4909.348733233355,15.021110081610008,344.61049166733955,3389.640824519488,0.992489444959195,21.6,mountain,4G_remote,2500,1200
BTS_05958,16.432083603604983,107.563748849745,773779.5438703633,1818464.5579343918,46859.24,0.0,96.07898208383826,858764.1875,22,89.99352,0,3834.3581620902887,3992.1938458967697,38.043630035107554,422.5920659148837,2122.277892191384,0.9809781849824463,19.3,mountain,4G_remote,2500,1200
BTS_02901,16.50291693665498,107.560415516425,773323.9716243285,1826302.1976518729,45822.36,0.0,96.07898208383826,858764.1875,1,89.97153,0,2964.116321617939,2123.116284091027,6.712534743426826,383.7498645399198,1698.6784269648294,0.9966437326282865,29.9,mountain,4G_remote,2500,1200
BTS_00422,16.424583604049225,107.58666551638335,776238.7958049912,1817665.3548334574,45394.39,0.0,96.07898208383826,858764.1875,13,89.98576,0,3976.422546000084,4896.6935056874045,31.71065144122356,545.3560500709299,3711.887726857021,0.9841446742793882,28.2,mountain,4G_remote,2500,1200
BTS_01785,16.511250269954978,107.59458218295501,776961.4706415737,1827271.4939340167,45374.61,0.0,96.07898208383826,858764.1875,5,89.978165,0,3839.413397821432,3647.3787826332864,25.325036656960254,376.4647290964649,1994.793659189677,0.9873374816715199,26.6,mountain,4G_remote,2500,1200
BTS_04431,16.479583603414987,107.624582182835,780211.3679663357,1823806.9410013803,44489.75,1136.3826904296875,96.07898208383826,858764.1875,3,89.990906,0,2716.5708113898663,2226.714599821037,32.560225137013056,432.6204023352655,3480.591959240888,0.9837198874314935,24.3,mountain,4G_remote,2500,1200
BTS_01732,16.504028048082333,107.56152662792485,773441.0859878099,1826426.720065181,43868.98,0.0,96.07898208383826,858764.1875,1,89.98576,0,3077.8102622221604,2165.6528969669653,18.793190254743557,474.0422458178401,1868.9644425119723,0.9906034048726282,28.6,mountain,4G_remote,2500,1200
BTS_00074,16.423598760215445,107.58208217980099,775750.4353975893,1817550.0684290708,43162.73,0.0,96.07898208383826,858764.1875,18,89.98714,0,4145.867857699943,4885.009673138308,55.69532808378689,667.1834750591861,4201.65161931057,0.9721523359581066,34.3,mountain,4G_remote,2500,1200
BTS_02502,16.431666936947412,107.56208218301764,773602.0461215565,1818416.1728353486,43063.01,0.0,96.07898208383826,858764.1875,27,89.98763,0,3922.112508894378,4085.906130518172,42.68919023287602,460.5021135473427,2047.0177360667544,0.978655404883562,21.4,mountain,4G_remote,2500,1200
BTS_00900,16.4237502707192,107.57916551641317,775438.56198558,1817562.871132048,42228.86,0.0,96.07898208383826,858764.1875,17,89.97153,0,4197.510135346812,4818.883958612496,12.590380698443948,524.1982925306868,3951.0251342974884,0.993704809650778,26.2,mountain,4G_remote,2500,1200
BTS_05759,16.51125026995498,107.59624884961501,777139.4835698977,1827273.7872700295,41589.94,0.0,96.07898208383826,858764.1875,4,89.984085,0,3820.074478906273,3770.1014744979957,21.129770448523196,553.9078443312172,2007.94747038799,0.9894351147757384,24.8,mountain,4G_remote,2500,1200
BTS_01203,16.424583605854114,107.57541551661117,775036.6839543974,1817650.0327560965,41280.46,0.0,96.07898208383826,858764.1875,16,89.991,0,4230.048170086546,4692.028865135048,37.06672529402732,508.44333504608096,3588.6509453035055,0.9814666373529863,23.4,mountain,4G_remote,2500,1200
BTS_04677,16.427083603624983,107.570415516385,774498.9012481305,1817920.0267589148,40547.14,0.0,96.07898208383826,858764.1875,4,89.984085,0,4198.344770582983,4421.807027262789,106.89202741873358,654.9365918762458,3012.4251921068385,0.9465539862906333,32.7,mountain,4G_remote,2500,1200
BTS_03999,16.455416936844983,107.536248849855,770808.8306273941,1821010.79045795,39992.05,0.0,96.07898208383826,858764.1875,5,89.97503,0,3682.9536916485295,4168.628707232109,11.385534738758075,382.36390879159194,1520.4131461299496,0.9943072326306209,20.3,mountain,4G_remote,2500,1200
BTS_01713,16.423194715182767,107.58847107146893,776433.6936702717,1817514.0502443179,39318.11,0.0,96.07898208383826,858764.1875,11,89.98727,0,4122.011194082802,5101.662455882356,12.058384300913627,606.8855219702999,3603.613632349427,0.9939708078495432,36.1,mountain,4G_remote,2500,1200
BTS_03288,16.427083603624983,107.604582182915,778149.7284077058,1817966.6841930274,38736.81,0.0,96.07898208383826,858764.1875,35,89.99797,0,4003.71486114186,4233.5499478315205,9.333746297464243,1024.4077239429216,1917.1392698790632,0.9953331268512678,27.1,mountain,4G_remote,2500,1200
BTS_01157,16.4258336036374,107.5712488496474,774589.7022674342,1817782.7659868877,38730.68,0.0,96.07898208383826,858764.1875,12,89.98576,0,4280.0094995400195,4554.496543887,42.384875788806426,647.8806174266014,3173.85097936128,0.9788075621055968,27.4,mountain,4G_remote,2500,1200
BTS_05154,16.422916936974982,107.577915516355,775306.1681074314,1817468.9090178292,38487.42,0.0,96.07898208383826,858764.1875,9,89.99168,0,4321.9711867762535,4895.450269719584,25.133045888898813,606.4001813068223,3910.4067331191927,0.9874334770555506,29.1,mountain,4G_remote,2500,1200
BTS_00383,16.47773175196948,107.59328588669592,776870.7387499942,1823558.6978197736,37782.34,0.0,96.07898208383826,858764.1875,9,89.97878,0,650.5210513812335,2438.6824356436796,6.593133599556436,0.0,1520.141302373934,0.9967034332002218,29.8,mountain,5G_macro,1000,10000
BTS_01087,16.504583603314977,107.552915516455,772520.5624086919,1826476.5574713582,37696.18,0.0,96.07898208383826,858764.1875,3,89.95974,0,3318.2777245881907,2780.0872472682636,71.45115710812378,424.7455761009119,1381.6612650083068,0.9642744214459381,23.8,mountain,4G_remote,2500,1200
BTS_05742,16.42208360364498,107.585415516325,776108.761038599,1817386.863651367,37348.71,0.0,96.07898208383826,858764.1875,13,89.95974,0,4263.054514981781,5127.214508934284,15.645298240847369,850.2259255132817,3950.4927991900568,0.9921773508795764,33.9,mountain,4G_remote,2500,1200
BTS_05957,16.483750270064984,107.583748849665,775843.4074358892,1824211.9706276597,37297.42,0.0,96.07898208383826,858764.1875,7,89.98576,0,1828.396542690359,1345.462840631225,39.807658850883385,6.086946424136942,1353.5760764410534,0.9800961705745583,28.9,mountain,5G_macro,1000,10000
BTS_04662,16.435416936924987,107.554582183115,772795.4391417156,1818821.2141237254,37185.38,0.0,96.07898208383826,858764.1875,20,89.997665,0,3833.6957684137747,4025.7403991700635,250.617952332602,572.5827597179194,1300.5231489719872,0.874691023833699,20.6,mountain,4G_remote,2500,1200
BTS_06084,16.472916936774983,107.577082183025,775146.574674794,1823003.4623873264,36949.74,0.0,96.07898208383826,858764.1875,6,89.99478,0,971.6429088827547,772.1165512130353,9.20156141269954,45.98496648035868,2705.9606914692895,0.9953992192936503,30.2,mountain,5G_macro,1000,10000
BTS_02481,16.43291693693498,107.55708218310501,773066.0528681084,1818547.8073086573,36803.99,0.0,96.07898208383826,858764.1875,37,89.979866,0,3966.76685778711,4148.6290008146625,145.03409416243463,650.5114685940961,1655.971452444807,0.9274829529187827,26.3,mountain,4G_remote,2500,1200
BTS_05656,16.434583603594977,107.55541551644501,772885.6429637503,1818730.0782463637,36797.8,0.0,96.07898208383826,858764.1875,25,89.99516,0,3874.319026626431,4063.071625276909,197.52438706482292,670.7256512851111,1417.3104584381008,0.9012378064675886,26.1,mountain,4G_remote,2500,1200
BTS_02145,16.455416936844983,107.534582183195,770630.7735425902,1821008.5570216188,36748.75,0.0,96.07898208383826,858764.1875,6,89.983284,0,3823.300920645627,4338.527459576768,9.617227844563201,496.95016099382144,1682.0022419828672,0.9951913860777184,32.9,mountain,4G_remote,2500,1200
BTS_06185,16.480416936744984,107.577915516355,775224.9940874206,1823834.9540451525,36656.7,0.0,96.07898208383826,858764.1875,4,89.99252,0,1647.5317002175088,978.3564553176878,18.07624705377428,0.0,2072.721614874944,0.9909618764731128,27.5,mountain,5G_macro,1000,10000
BTS_04197,16.422083603644985,107.578748849685,775396.3888173231,1817377.7813354724,36610.54,0.0,96.07898208383826,858764.1875,14,89.98456,0,4387.307436963721,4996.6769491628465,35.75481458362278,700.672114393782,4038.339943895061,0.9821225927081886,36.5,mountain,4G_remote,2500,1200
BTS_05679,16.484583603394984,107.59291551629501,776821.4271942668,1824316.7935279738,36306.25,0.0,96.07898208383826,858764.1875,6,89.979866,0,1093.1411892550768,2295.35341870968,64.71599627866787,18.453106749798625,764.4811932544677,0.9676420018606661,19.8,mountain,5G_macro,1000,10000
BTS_03184,16.427083603624983,107.56791551639502,774231.770811103,1817916.637064064,36241.52,0.0,96.07898208383826,858764.1875,11,89.993256,0,4311.967489456574,4449.063772542815,58.94458647352515,906.7860683705721,2832.345021601582,0.9705277067632374,27.9,mountain,4G_remote,2500,1200
BTS_03652,16.42291693697498,107.59208218296502,776819.955546375,1817488.231678544,36036.62,0.0,96.07898208383826,858764.1875,20,89.97503,0,4164.008730108885,5264.715823031521,17.975860239522763,666.4315324684683,3280.6417068999754,0.9910120698802386,30.8,mountain,4G_remote,2500,1200
BTS_04469,16.417916936994985,107.658748849365,783951.1219887871,1817026.9900665565,35929.48,0.0,96.07898208383826,858764.1875,18,89.99523,0,8588.999484277041,5809.407950650463,9.06325353791212,443.9184187422258,4220.428035806932,0.995468373231044,18.4,mountain,4G_remote,2500,1200
BTS_04104,16.417083603664974,107.657915516035,783863.2795794572,1816933.5551424355,35816.09,0.0,96.07898208383826,858764.1875,14,89.981995,0,8567.425615687765,5829.613820071752,24.53198559841045,571.6986203621418,4227.3475627843545,0.9877340072007947,37.9,mountain,4G_remote,2500,1200
BTS_05847,16.424583604049275,107.67999884934565,786212.223400021,1817795.0566684795,35799.89,0.0,96.07898208383826,858764.1875,10,89.98594,0,9790.012282178794,6981.58657693935,52.88521784375451,419.98421784558366,3362.7453355834273,0.9735573910781228,26.9,mountain,4G_remote,2500,1200
BTS_00020,16.484800699120928,107.58848972702354,776348.3467013524,1824334.7591658148,35769.85,0.0,96.07898208383826,858764.1875,7,89.984085,0,1451.2503604431795,1822.8285413611604,8.14096232621516,0.0,916.2183940163669,0.9959295188368924,20.2,mountain,5G_macro,1000,10000
BTS_00493,16.41597249299083,107.6590266267423,783983.6321401595,1816812.0916445986,35745.79,0.0,96.07898208383826,858764.1875,15,89.982346,0,8735.171016661196,5999.123684623879,6.167523897622756,592.2455774337008,4057.3292813201797,0.9969162380511887,32.8,mountain,4G_remote,2500,1200
BTS_00701,16.513750269944982,107.59624884961501,777135.9162923511,1827550.5764934719,35725.3,0.0,96.07898208383826,858764.1875,3,89.98847,0,4095.9392787166853,3972.064195164261,27.94824739505485,576.9373783832964,2283.060006706352,0.9860258763024726,33.1,mountain,4G_remote,2500,1200
BTS_05005,16.416250270334984,107.661248849355,784220.7055497839,1816845.9653082876,35653.07,0.0,96.07898208383826,858764.1875,8,89.96817,0,8913.695682925745,6119.403420755373,25.639524315998568,419.5096852681615,3898.2378022104613,0.9871802378420007,25.5,mountain,4G_remote,2500,1200
BTS_03869,16.41458360367498,107.659582182695,784045.0201774251,1816659.093651056,35570.12,0.0,96.07898208383826,858764.1875,14,89.97503,0,8872.40358968154,6158.188895161175,55.028210413663636,674.9235527660612,3914.1315388260273,0.9724858947931682,30.2,mountain,4G_remote,2500,1200
BTS_02313,16.416250270334984,107.657082182705,783775.436399545,1816840.1206969467,35537.92,0.0,96.07898208383826,858764.1875,15,89.99126,0,8547.720659959496,5852.559847629182,79.6849995443822,699.4789249238437,4238.139028712944,0.9601575002278089,32.1,mountain,4G_remote,2500,1200
BTS_04146,16.412500270357334,107.66041551595507,784137.1034778492,1816429.5968488688,35533.83,0.0,96.07898208383826,858764.1875,14,89.982346,0,9079.976556972157,6397.3369049810835,157.55190280501913,524.8127666763291,3702.713809473753,0.9212240485974904,26.0,mountain,4G_remote,2500,1200
BTS_02553,16.472083603444982,107.577915516355,775236.7755528556,1822912.3371012292,35495.23,0.0,96.07898208383826,858764.1875,7,89.99153,0,958.6879679176967,748.3286618711928,7.082477050333461,172.95793149190314,2720.9621723753758,0.9964587614748333,24.6,mountain,5G_macro,1000,10000
BTS_03664,16.422083603644985,107.58958218297501,776553.9952834775,1817392.552043784,35288.5,0.0,96.07898208383826,858764.1875,14,89.99117,0,4244.673075958578,5256.393357112468,53.419664221611214,713.2485510905508,3557.9071206839303,0.9732901678891944,27.7,mountain,4G_remote,2500,1200
BTS_03227,16.41291693701498,107.658748849365,783958.3870252979,1816473.3922524154,35249.33,0.0,96.07898208383826,858764.1875,12,89.982346,0,8909.482605363946,6257.323276256537,8.662789729159892,708.4197376434291,3873.764947246415,0.9956686051354201,31.4,mountain,4G_remote,2500,1200
BTS_04990,16.45458360351498,107.53374884986502,770542.9015199263,1820915.1819925217,35079.28,0.0,96.07898208383826,858764.1875,8,89.99195,0,3950.039535675338,4451.15775178153,58.493011346349306,624.8590559425271,1730.9556084839614,0.9707534943268253,32.9,mountain,4G_remote,2500,1200
BTS_02215,16.42625027029498,107.680415515945,786254.3061215718,1817980.181482635,35010.72,0.0,96.07898208383826,858764.1875,3,89.97878,0,9908.607758543665,6918.7492666593325,70.98600236845385,470.1206697862861,3518.7596228556845,0.9645069988157731,29.4,mountain,4G_remote,2500,1200
BTS_05558,16.41125027035498,107.658748849365,783960.808225312,1816288.8596935496,34886.51,0.0,96.07898208383826,858764.1875,9,89.993095,0,9021.331842062975,6410.300136587252,50.250685345747584,696.254750184952,3769.213627180554,0.9748746573271262,25.3,mountain,4G_remote,2500,1200
BTS_00169,16.425416936964982,107.68124884927501,786344.5785834491,1817889.092795832,34783.83,0.0,96.07898208383826,858764.1875,5,89.97503,0,9781.235743670739,7043.32409645748,52.84043679324265,552.9158084209288,3401.7263969647615,0.9735797816033787,27.9,mountain,4G_remote,2500,1200
BTS_01334,16.45708360391992,107.53333218326203,770494.9181784558,1821191.4006505103,34780.0,0.0,96.07898208383826,858764.1875,8,89.93634,0,3825.0629401371552,4417.29255384317,11.540243390845191,482.6025629721958,1881.7076561432352,0.9942298783045774,19.9,mountain,4G_remote,2500,1200
BTS_03751,16.42375027030498,107.595415516285,777174.9604454108,1817585.056024643,34625.78,0.0,96.07898208383826,858764.1875,53,89.99839,0,4114.836653094629,5105.552571973445,150.759923463907,796.6716081052348,2929.077808101238,0.9246200382680465,28.6,mountain,4G_remote,2500,1200
BTS_03778,16.42125027031498,107.579582183015,775486.6102800926,1817286.6539242677,34604.21,0.0,96.07898208383826,858764.1875,16,89.95499,0,4455.37679686862,5099.118957362523,34.83806517293913,804.3938832055787,4166.292049969597,0.9825809674135304,31.5,mountain,4G_remote,2500,1200
BTS_05327,16.410416937024983,107.661248849355,784229.1883733093,1816200.1001848222,34602.85,0.0,96.07898208383826,858764.1875,12,89.990456,0,9289.49523025943,6637.081859376435,155.41225192084713,449.33929775683885,3496.0035617031176,0.9222938740395764,18.6,mountain,4G_remote,2500,1200
BTS_00938,16.48791693671498,107.59458218295501,776994.7184553283,1824688.1332550757,34509.71,0.0,96.07898208383826,858764.1875,4,89.95974,0,1322.7038503116603,2463.8790536520883,47.436391628270755,180.2296069242822,404.5270554195268,0.9762818041858646,28.5,mountain,5G_macro,1000,10000
BTS_02319,16.415416937004988,107.654582182715,783509.4844850189,1816744.3522984467,34321.66,0.0,96.07898208383826,858764.1875,12,89.95499,0,8387.235137547566,5780.8548947187455,147.42131331250033,939.8579140563767,4211.7697767450945,0.9262893433437498,34.6,mountain,4G_remote,2500,1200
BTS_03113,16.422083603644985,107.575415516365,775040.2038909094,1817373.2489982848,34118.5,0.0,96.07898208383826,858764.1875,8,89.978165,0,4490.709506977406,4968.5598655474,41.007215012489226,757.8990344839953,3781.8153656471927,0.9794963924937554,20.3,mountain,4G_remote,2500,1200
BTS_05923,16.421250270314978,107.68291551593501,786528.7929520714,1817430.1125654494,33929.12,0.0,96.07898208383826,858764.1875,11,89.969986,0,9307.198324502528,7446.766285901481,111.09533478713652,475.74549092804295,2907.4123236795367,0.9444523326064317,28.0,mountain,4G_remote,2500,1200
BTS_05447,16.422083603644985,107.59124884963501,776732.0893280201,1817394.8299735545,33919.06,0.0,96.07898208383826,858764.1875,19,89.98456,0,4250.376816269689,5317.632271576935,7.188569705822566,729.2620674421034,3404.5035727764766,0.9964057151470888,25.1,mountain,4G_remote,2500,1200
BTS_06420,16.51208360328498,107.608748849565,778473.3920798174,1827383.298220088,33771.87,0.0,96.07898208383826,858764.1875,5,89.95974,0,4026.6324832178166,4854.462260634273,19.41412777604926,991.9588088656329,2612.2594368933633,0.9902929361119753,29.8,mountain,4G_remote,2500,1200
BTS_03535,16.46833360442331,107.56291551558122,773639.6310741941,1822476.7663192456,33759.23,0.0,96.07898208383826,858764.1875,7,89.95974,0,879.1960968844,1131.2880226724992,34.96506292901865,0.0,2456.386779417722,0.9825174685354907,26.0,mountain,5G_macro,1000,10000
BTS_05788,16.452083603524976,107.53374884986502,770546.3705190496,1820638.4054384523,33734.82,0.0,96.07898208383826,858764.1875,9,89.98818,0,4124.191802565671,4543.737053401319,34.95729604619996,427.22299396057963,1658.9248625014773,0.9825213519769,25.2,mountain,4G_remote,2500,1200
BTS_03303,16.405416937044976,107.663748849345,784503.6339751852,1815650.0108496149,33664.71,0.0,96.07898208383826,858764.1875,9,89.96817,0,9578.48232307783,7244.486904369696,24.27963740788805,403.1069908340091,2977.8263278511945,0.987860181296056,20.0,mountain,4G_remote,2500,1200
BTS_00229,16.42413222014471,107.65673495609802,783726.8831574933,1817712.3192018666,33612.29,0.0,96.07898208383826,858764.1875,8,89.93634,0,8039.365824032412,5138.751531323279,20.96669741366583,408.74699935224703,3950.065099279501,0.9895166512931671,28.5,mountain,4G_remote,2500,1200
BTS_05979,16.42625027029497,107.682082182605,786432.4073468752,1817982.5400819795,33566.93,0.0,96.07898208383826,858764.1875,5,89.98883,0,9801.582102907993,7070.181781322345,16.47488822587465,646.6714271602737,3461.0588952068083,0.9917625558870626,29.0,mountain,4G_remote,2500,1200
BTS_04896,16.42541693696498,107.68291551593501,786522.6806733874,1817891.4520243788,33354.37,0.0,96.07898208383826,858764.1875,7,89.95974,0,9674.440648426638,7194.3397856921865,27.47361580658901,730.9890358080584,3346.749133416092,0.9862631920967055,35.3,mountain,4G_remote,2500,1200
BTS_03469,16.40958360369498,107.656248849375,783696.0588640799,1816100.823860184,33249.16,0.0,96.07898208383826,858764.1875,22,89.99628,0,8928.541152176733,6424.657084667123,100.37424410401533,989.1652259462718,3902.52998248758,0.9498128779479923,34.3,mountain,4G_remote,2500,1200
BTS_00970,16.516916937076186,107.59174884911177,776650.7765375767,1827894.9858034567,33205.83,0.0,96.07898208383826,858764.1875,7,89.93634,0,4506.463098752124,3957.984951851633,30.098942963891325,423.9353649552853,2632.6782599594167,0.9849505285180543,23.0,mountain,4G_remote,2500,1200
BTS_04650,16.41125027035498,107.655415516045,783604.5842763676,1816284.1889437202,33203.92,0.0,96.07898208383826,858764.1875,15,89.994514,0,8742.456363467276,6220.511783178249,147.59228239212544,1051.9946466539398,4071.485468102379,0.9262038588039373,32.0,mountain,4G_remote,2500,1200
BTS_05913,16.41958360365498,107.685415515925,786798.39896066,1817249.1173055435,33090.18,0.0,96.07898208383826,858764.1875,8,89.982346,0,8997.613909902095,7771.491782858512,30.5031146943205,604.2040706888001,2652.4766187624286,0.9847484426528398,29.3,mountain,4G_remote,2500,1200
BTS_02744,16.422083603644985,107.653748849385,783410.7602285035,1817481.3137091815,32833.92,0.0,96.07898208383826,858764.1875,8,89.979866,0,7888.641947464922,5119.870839633588,25.800709002320676,695.6752312605602,3756.930331925217,0.9870996454988397,34.7,mountain,4G_remote,2500,1200
BTS_04598,16.412083603684984,107.653748849385,783425.2643207532,1816374.1217339598,32820.6,0.0,96.07898208383826,858764.1875,15,89.981995,0,8546.198917196776,6050.9437705823075,219.07230349589048,1229.9860551589386,4271.792342883719,0.8904638482520547,35.9,mountain,4G_remote,2500,1200
BTS_04088,16.420833603657343,107.65291551598524,783323.5223232192,1817341.7480289328,32781.5,0.0,96.07898208383826,858764.1875,4,89.98594,0,7891.793171690927,5181.813854350741,15.058733518482203,795.5415648453916,3742.4883569492167,0.9924706332407589,28.5,mountain,4G_remote,2500,1200
BTS_04131,16.517083603264982,107.58958218297501,776419.1300209581,1827910.4615211966,32755.24,0.0,96.07898208383826,858764.1875,6,89.99104,0,4571.609727717513,3852.2464884082624,24.088940581244447,307.1354732641858,2682.256652483718,0.9879555297093777,17.6,mountain,4G_remote,2500,1200
BTS_01092,16.4475002702174,107.57791551628723,775271.4970684526,1820190.6205209726,32717.39,0.0,96.07898208383826,858764.1875,14,89.979866,0,1866.6877125936116,2203.138673311989,22.569948099510054,0.0,2844.7871559616874,0.988715025950245,20.8,mountain,5G_macro,1000,10000
BTS_04853,16.472083603444982,107.562082183085,773545.3398386587,1822890.8098286607,32711.11,0.0,96.07898208383826,858764.1875,7,89.98847,0,476.4404060552542,1337.9043946054753,16.932841268791407,93.07673375110465,2117.092872481711,0.9915335793656043,24.2,mountain,5G_macro,1000,10000
BTS_01363,16.433333603607416,107.55374884971786,772709.3107981926,1818589.4405198027,32531.13,0.0,96.07898208383826,858764.1875,37,89.99649,0,4079.0480464794173,4270.222477381796,17.061606319627654,537.3930320018738,1497.4191964686622,0.9914691968401862,30.1,mountain,4G_remote,2500,1200
BTS_04269,16.42000027032739,107.58374884959707,775933.6101002747,1817153.9367035052,32199.53,0.0,96.07898208383826,858764.1875,16,89.97503,0,4512.04502302226,5310.9406793083945,19.438815889488847,1103.084493595397,4214.917181062878,0.9902805920552555,28.3,mountain,4G_remote,2500,1200
BTS_01954,16.42625027029498,107.683748849265,786610.5087773658,1817984.9001523335,32197.21,0.0,96.07898208383826,858764.1875,5,89.909966,0,9696.648262985369,7222.831344125912,36.90502336663126,823.8969759850038,3411.6929216268627,0.9815474883166844,38.5,mountain,4G_remote,2500,1200
BTS_01481,16.425972492950958,107.65569329342205,783612.8986507526,1817914.6129806743,32090.21,0.0,96.07898208383826,858764.1875,5,89.98847,0,7840.592217435023,4911.608979118822,25.632212948180964,593.2563175096261,3765.864657388853,0.9871838935259095,33.1,mountain,4G_remote,2500,1200
BTS_03565,16.451250270194983,107.532915516535,770458.4964094926,1820545.0310518653,32035.4,0.0,96.07898208383826,858764.1875,8,89.97749,0,4251.835990412982,4660.419084717226,8.400957757164466,402.32651481342685,1732.9379870371693,0.9957995211214178,19.6,mountain,4G_remote,2500,1200
BTS_00915,16.448750270204982,107.577082183025,775180.6987318203,1820327.8778641152,31963.42,0.0,96.07898208383826,858764.1875,8,89.9942,0,1824.6466171784084,2049.382164305892,9.183775385922441,73.61388556598655,2756.742153873635,0.9954081123070387,22.9,mountain,5G_macro,1000,10000
BTS_01701,16.45569471505216,107.5309710716982,770244.5987420804,1821034.475908275,31605.53,0.0,96.07898208383826,858764.1875,4,89.98658,0,4120.267092605685,4700.486123211488,21.17615225908967,778.0427734100923,2051.866728666616,0.9894119238704552,22.5,mountain,4G_remote,2500,1200
BTS_01489,16.423583604423573,107.68708218182046,786970.6304933226,1817694.3666521332,31520.39,0.0,96.07898208383826,858764.1875,9,89.95974,0,9249.777265894672,7680.177625294681,13.519435525162717,987.8263403539352,3047.8513472085756,0.9932402822374187,26.6,mountain,4G_remote,2500,1200
BTS_02722,16.42166693698738,107.59291551622684,776910.7741711653,1817350.9782563357,31516.53,0.0,96.07898208383826,858764.1875,24,89.969986,0,4309.448873238329,5426.632633539695,12.131255262131498,828.4131116387505,3278.918570310008,0.9939343723689342,23.5,mountain,4G_remote,2500,1200
BTS_03743,16.426250270294982,107.624582182835,780288.0327723456,1817902.0184010908,31462.53,0.0,96.07898208383826,858764.1875,31,89.98939,0,5200.305004767835,3682.9326275089406,5.842914591268098,399.57800910488714,1222.6250588013531,0.9970785427043659,27.7,mountain,4G_remote,2500,1200
BTS_02572,16.425139159621594,107.68569329330201,786819.9258583686,1817864.6313606664,31431.14,0.0,96.07898208383826,858764.1875,7,89.98946,0,9476.018435693817,7464.32686650338,8.714691995787712,977.9616125754426,3244.5299389398438,0.9956426540021062,36.5,mountain,4G_remote,2500,1200
BTS_03259,16.42125027031498,107.688748849245,787152.1652182983,1817438.3795861457,31341.81,0.0,96.07898208383826,858764.1875,8,89.99425,0,8935.961758056366,7967.403769162125,23.356239724345762,811.9138934719188,2766.6277262744766,0.9883218801378271,41.0,mountain,4G_remote,2500,1200
BTS_03540,16.427083603624983,107.659582182695,784026.8460373932,1818043.0895358415,31316.1,0.0,96.07898208383826,858764.1875,3,89.97153,0,8144.186347165321,5106.010797404482,56.3237587527929,410.8945597486336,4109.951641613442,0.9718381206236035,21.9,mountain,4G_remote,2500,1200
BTS_02563,16.447916936874982,107.600415516265,777674.857618757,1820267.5313678726,31267.45,0.0,96.07898208383826,858764.1875,23,89.99051,0,1718.230018632923,2980.395413413874,21.682710998674665,140.8988344642111,2059.0117049381547,0.9891586445006627,23.9,mountain,5G_macro,1000,10000
BTS_00341,16.486277612818572,107.5809209640515,775537.7479844918,1824487.9179008845,31216.91,0.0,96.07898208383826,858764.1875,6,89.97153,0,2202.304768350583,1002.6597407735313,8.120655830570273,0.0,1469.3143545021069,0.9959396720847149,29.8,mountain,5G_macro,1000,10000
BTS_04199,16.423750270304982,107.569582183055,774414.5409150037,1817549.8531795917,31195.55,0.0,96.07898208383826,858764.1875,10,89.991,0,4566.291842590167,4796.745716889746,90.07389834318693,932.6543818256738,3230.473962215143,0.9549630508284065,35.4,mountain,4G_remote,2500,1200
BTS_06304,16.423750270304982,107.60124884959501,777798.2875694761,1817593.0539418506,31148.73,0.0,96.07898208383826,858764.1875,26,89.99424,0,4256.757075347334,4736.555968916411,50.294849231101814,1186.3749366129714,2426.9011324754615,0.9748525753844491,31.1,mountain,4G_remote,2500,1200
BTS_03138,16.432083603604976,107.554582183115,772800.097215264,1818452.1742312764,31102.4,0.0,96.07898208383826,858764.1875,42,89.998024,0,4161.896884613628,4349.390731554052,89.4228184695378,681.1279831688113,1654.7433456947458,0.9552885907652311,34.7,mountain,4G_remote,2500,1200
BTS_01847,16.412916937014984,107.651248849395,783156.8911354435,1816462.89038487,31099.77,0.0,96.07898208383826,858764.1875,9,89.96817,0,8281.885179053086,5841.00717835389,37.56805058334657,1384.5896747823526,4101.08082414953,0.9812159747083267,33.1,mountain,4G_remote,2500,1200
BTS_01958,16.51291693661498,107.609582182895,778561.2037618486,1827476.7149317688,31023.9,0.0,96.07898208383826,858764.1875,4,89.97878,0,4138.737545871477,4980.324976401855,66.06879243981274,872.919834786469,2739.566098080821,0.9669656037800937,29.2,mountain,4G_remote,2500,1200
BTS_05489,16.41958360365498,107.58624884965501,776201.3420767846,1817111.2151407993,30861.42,0.0,96.07898208383826,858764.1875,22,89.96817,0,4531.781089227115,5417.52891307265,24.627865255694168,1060.2436442347434,4005.0883437688894,0.9876860673721529,24.5,mountain,4G_remote,2500,1200
BTS_01155,16.422083603644975,107.622082182845,780026.8650448445,1817437.2368685943,30841.35,0.0,96.07898208383826,858764.1875,36,89.98946,0,5388.262148512687,4159.672371036941,9.404593020789742,846.3896810065697,1642.611616771416,0.9952977034896051,26.1,mountain,4G_remote,2500,1200
BTS_01054,16.453194714950243,107.60902662773354,778587.3564891797,1820863.7175060124,30825.93,0.0,96.07898208383826,858764.1875,5,89.99168,0,2016.9646435525765,1902.9342155950978,7.039487980148518,0.0,1652.3101167529194,0.9964802560099257,26.1,mountain,5G_macro,1000,10000
BTS_00851,16.427916936954983,107.656248849375,783669.4402650461,1818130.6795402858,30473.94,0.0,96.07898208383826,858764.1875,3,89.93634,0,7786.816158477436,4791.353772910663,78.78889153633192,678.7761503689007,3743.2487364340427,0.960605554231834,36.7,mountain,4G_remote,2500,1200
BTS_01364,16.42208360364498,107.59458218295501,777088.2780119665,1817399.3902436644,30434.19,0.0,96.07898208383826,858764.1875,27,89.99307,0,4284.029603950123,5305.086166527332,69.00465433791896,876.557443354451,3105.61503461971,0.9654976728310405,31.8,mountain,4G_remote,2500,1200
BTS_00886,16.47708360342498,107.560415516425,773360.2749487711,1823442.1152275307,30320.96,0.0,96.07898208383826,858764.1875,5,89.99138,0,300.9755265533928,1601.4465054964055,51.72724742513595,0.0,1566.4166951025038,0.974136376287432,26.6,mountain,5G_macro,1000,10000
BTS_05119,16.453333603527437,107.53041551647847,770188.5188668468,1820772.3332284542,30291.81,0.0,96.07898208383826,858764.1875,8,89.98727,0,4318.258741008654,4832.640614247914,55.35389632313856,728.6157092910195,2035.5857101750742,0.9723230518384307,25.3,mountain,4G_remote,2500,1200
BTS_04540,16.465416937220144,107.60833218296386,778495.6950565134,1822215.9573200394,30162.22,0.0,96.07898208383826,858764.1875,3,89.97878,0,1593.4560383217408,1957.4873135380026,53.59414084267031,63.29353031410575,2872.136582384018,0.9732029295786648,20.3,mountain,5G_macro,1000,10000
BTS_00060,16.425481046997287,107.65192191494451,783210.6060711984,1817854.9182907236,30102.54,0.0,96.07898208383826,858764.1875,4,89.978165,0,7521.930966269998,4701.167413501569,13.55955600649343,944.0597318662661,3419.7765844090677,0.9932202219967533,37.2,mountain,4G_remote,2500,1200
BTS_04727,16.41208360368498,107.650415516065,783069.0431134494,1816369.4595918392,30048.75,0.0,96.07898208383826,858764.1875,12,89.97503,0,8274.31713968176,5881.956758680421,31.631647385569277,1512.8331743948188,4096.369250931138,0.9841841763072153,30.9,mountain,4G_remote,2500,1200
BTS_01538,16.450555826422946,107.53124884906059,770281.398328451,1820465.9188986025,29998.85,0.0,96.07898208383826,858764.1875,9,89.97749,0,4437.3888389476115,4854.320583262054,32.39027964394695,417.3241339480188,1902.8829976066368,0.9838048601780265,24.5,mountain,4G_remote,2500,1200
BTS_00935,16.42208360364498,107.68958218257501,787239.9932223193,1817531.8303660234,29993.74,0.0,96.07898208383826,858764.1875,10,89.97749,0,8961.44706756683,7994.758467152755,19.545447937998606,927.812492382067,2849.396116266123,0.9902272760310007,35.3,mountain,4G_remote,2500,1200
BTS_01178,16.444916937762397,107.57858218352283,775346.3715868243,1819905.51801662,29836.96,0.0,96.07898208383826,858764.1875,18,89.99371,0,2053.946003270781,2497.8380106706973,18.303428539984274,10.098544412902214,2934.368487707258,0.9908482857300078,25.2,mountain,5G_macro,1000,10000
BTS_01380,16.427083603624983,107.685415515925,786787.3865727044,1818079.5297678853,29711.55,0.0,96.07898208383826,858764.1875,3,89.978165,0,9669.78517168151,7330.995690514133,96.2466770981959,1012.3504852253708,3461.428676368081,0.951876661450902,38.3,mountain,4G_remote,2500,1200
BTS_03452,16.456250270174984,107.529582183215,770095.4488533698,1821094.1241661904,29709.38,0.0,96.07898208383826,858764.1875,12,89.99572,0,4211.993631546713,4828.337859997043,12.307511849397395,882.1644354443947,2212.360571656747,0.9938462440753013,34.3,mountain,4G_remote,2500,1200
BTS_05232,16.402083603724982,107.664582182675,784597.5437192535,1815282.1149243077,29619.03,0.0,96.07898208383826,858764.1875,15,89.979866,0,9294.71903753545,7600.900173297264,82.58673163084244,594.6381367133567,2737.2862589165825,0.9587066341845788,27.4,mountain,4G_remote,2500,1200
BTS_05737,16.44125027023497,107.584582182995,775992.6182502547,1819507.7482731256,29575.09,0.0,96.07898208383826,858764.1875,19,89.981995,0,2177.4406423588803,3082.6071032346376,28.26593460688487,0.0,3543.1740108537465,0.9858670326965575,29.0,mountain,5G_macro,1000,10000
BTS_02645,16.47013915932789,107.58013773896062,775476.9220505948,1822700.0916342684,29475.43,0.0,96.07898208383826,858764.1875,9,89.98908,0,1020.4720138561288,803.3116486586364,6.278872526158746,219.48764815104113,2763.207122463706,0.9968605637369207,31.9,mountain,5G_macro,1000,10000
BTS_00016,16.48567151543586,107.59954204224812,777527.7374740543,1824446.3503823543,29438.57,0.0,96.07898208383826,858764.1875,6,89.969986,0,974.1643456814458,2992.9417984117736,44.34045899794161,0.0,851.1739588991823,0.9778297705010291,27.2,mountain,5G_macro,1000,10000
BTS_02258,16.41208360368498,107.69291551589501,787610.9246331446,1816429.3422904334,29400.05,0.0,96.07898208383826,858764.1875,7,89.978165,0,7851.885804583169,8906.048496868554,9.138244661991392,351.21844105476526,1735.875904199943,0.9954308776690043,21.2,mountain,4G_remote,2500,1200
BTS_06162,16.46125027015498,107.530415516545,770177.5456352104,1821648.790676188,29156.57,1.1042560338974,96.07898208383826,858764.1875,22,89.994514,0,3868.1769579929637,4635.2563124523485,15.897133385796124,452.9153730181129,2384.3418947859805,0.992051433307102,27.8,mountain,4G_remote,2500,1200
BTS_02836,16.42208360364498,107.62624884949501,780472.1102546651,1817443.0061255617,29125.27,0.0,96.07898208383826,858764.1875,20,89.993095,0,5665.069421395601,4143.291853021457,86.46041896763158,520.574364739012,1715.2305426306018,0.9567697905161842,24.6,mountain,4G_remote,2500,1200
BTS_04628,16.42291693697497,107.598748849605,777532.3310586708,1817497.3614514587,28997.3,0.0,96.07898208383826,858764.1875,45,89.9971,0,4277.145697585047,4963.390808012662,135.59255028540488,1129.393349077318,2692.2121053592664,0.9322037248572975,33.6,mountain,4G_remote,2500,1200
BTS_05861,16.41458360367499,107.69291551589501,787607.2457330537,1816706.147678599,28978.14,0.0,96.07898208383826,858764.1875,4,89.98576,0,8075.995264285542,8745.68314722555,10.332880521996369,459.66751554441316,2012.1679596072288,0.9948335597390018,20.6,mountain,4G_remote,2500,1200
BTS_06028,16.41958360365499,107.648748849405,782880.0761124115,1817197.521791613,28943.05,0.0,96.07898208383826,858764.1875,10,89.983284,0,7611.712899684626,5064.973122154839,21.82650029739745,937.6390594502762,3436.5424365540907,0.9890867498513013,30.1,mountain,4G_remote,2500,1200
BTS_05536,16.500416936664983,107.579582183015,775374.7158067777,1826051.5143337417,86426.15,0.0,96.07898208383826,858764.1875,5,89.98727,5,3200.871328672183,1720.0001752051637,1.5299666165154844,471.00381308021406,1680.4210921053664,0.9992350166917423,20.8,mountain,4G_remote,2500,1200
BTS_05723,16.422916936974982,107.60208218292502,777888.5200071984,1817501.9351596392,28796.21,0.0,96.07898208383826,858764.1875,27,89.983284,0,4367.649780600206,4766.399339112461,131.66471910093864,1308.6289833943645,2422.1469594596306,0.9341676404495307,30.9,mountain,4G_remote,2500,1200
BTS_04071,16.450833603537436,107.52958218314849,770102.9527066865,1820494.4432528117,28720.33,0.0,96.07898208383826,858764.1875,9,89.98727,0,4556.308333258236,5008.947577079262,45.25492945224318,558.0562359680065,2082.7558641541564,0.9773725352738785,34.8,mountain,4G_remote,2500,1200
BTS_01943,16.50958360329498,107.55541551644501,772780.5639320484,1827033.5046638863,28537.13,0.0,96.07898208383826,858764.1875,2,89.982346,0,3778.652875847856,3033.8099907535134,13.750116800159176,513.2797889637385,1994.5735557579678,0.9931249415999204,28.4,mountain,4G_remote,2500,1200
BTS_01661,16.419583603654974,107.692082182565,787510.8319418165,1817258.5747710445,28501.66,0.0,96.07898208383826,858764.1875,4,89.982346,0,8582.614259810753,8367.314087130062,68.02989474486829,776.1300190638598,2562.6020876104153,0.9659850526275658,39.6,mountain,4G_remote,2500,1200
BTS_00126,16.41958360367475,107.57541551618442,775043.7233095479,1817096.4655409136,28338.44,0.0,96.07898208383826,858764.1875,13,89.99297,0,4753.196633804053,5245.119564110689,71.80959633254385,1018.5597916817435,3984.8560882355073,0.9640952018337281,25.9,mountain,4G_remote,2500,1200
BTS_03894,16.519583603254993,107.587082182985,776148.5640645546,1828183.8175146931,28319.22,0.0,96.07898208383826,858764.1875,7,89.98818,0,4905.837103303265,3974.8942781670216,21.173100744122397,353.3851143045214,3007.646197533833,0.9894134496279388,24.5,mountain,4G_remote,2500,1200
BTS_02889,16.42125027031498,107.571248849715,774596.145141109,1817275.3309421635,28257.43,0.0,96.07898208383826,858764.1875,8,89.99331,0,4739.467906913371,5061.390169099834,62.878278633403696,1038.3784896357872,3558.0888879574627,0.9685608606832982,33.6,mountain,4G_remote,2500,1200
BTS_06455,16.418750270324978,107.578748849685,775401.0873774933,1817008.7359175775,28247.22,0.0,96.07898208383826,858764.1875,9,89.981995,0,4745.284126282477,5363.497413678959,97.45872356355736,1068.8310064589293,4294.750651172913,0.9512706382182213,31.8,mountain,4G_remote,2500,1200
BTS_04182,16.511250269954985,107.55708218310501,772956.231861209,1827220.2844135142,28133.68,0.0,96.07898208383826,858764.1875,5,89.978165,0,3925.9106360653095,3095.4522081354326,38.544647526631984,751.2071889708227,2234.6737683491233,0.980727676236684,27.1,mountain,4G_remote,2500,1200
BTS_01959,16.512083603284985,107.55791551643502,773044.064664349,1827313.6750027395,28084.65,0.0,96.07898208383826,858764.1875,1,89.97153,0,4003.669465244507,3133.6961950946193,66.86397398945347,874.0987540165693,2356.0132875361946,0.9665680130052733,22.3,mountain,4G_remote,2500,1200
BTS_03762,16.400000270407315,107.67624884922466,785847.4420512917,1815067.8684150458,27984.35,0.0,96.07898208383826,858764.1875,14,89.98883,0,8147.913864603445,8526.666079643463,145.43531708621805,393.01996754745926,1522.0241975012225,0.9272823414568909,23.8,mountain,4G_remote,2500,1200
BTS_00586,16.457083603919912,107.5283321832819,769960.7530992394,1821184.711888533,27943.93,0.0,96.07898208383826,858764.1875,12,89.993286,0,4279.562888802695,4936.765634691431,66.87829727827265,940.926847542403,2369.9036357820514,0.9665608513608637,26.5,mountain,4G_remote,2500,1200
BTS_00023,16.51597249414784,107.572157941526,774559.7309918066,1827763.5977696902,27923.79,0.0,96.07898208383826,858764.1875,4,89.909966,0,4500.859728999718,3209.7752428149433,35.45582947899282,605.2728143820002,3397.545021469836,0.9822720852605036,28.5,mountain,4G_remote,2500,1200
BTS_06122,16.431250270274983,107.654582182715,783486.5039219214,1818497.4080764037,27917.25,0.0,96.07898208383826,858764.1875,3,89.982346,0,7457.429877781047,4401.9083355936855,117.59473328460045,1077.01839159742,3464.0170529697357,0.9412026333576998,26.7,mountain,4G_remote,2500,1200
BTS_01051,16.517916937011318,107.59583218301353,777085.4679486842,1828011.3183509172,27885.09,0.0,96.07898208383826,858764.1875,3,89.97878,0,4559.379788717577,4300.044486787139,16.597397820584543,751.2183229912602,2738.8554476486365,0.9917013010897078,20.0,mountain,4G_remote,2500,1200
BTS_02545,16.424166936977322,107.69041551583426,787325.9815982275,1817763.6841852132,27789.31,0.0,96.07898208383826,858764.1875,6,89.98883,0,9104.629302747211,7955.077224386992,30.00477676613681,1175.0026853532572,3073.676266106408,0.9849976116169316,35.1,mountain,4G_remote,2500,1200
BTS_00245,16.447916937200898,107.57562384960937,775026.0643878046,1820233.6313487417,27776.56,0.0,96.07898208383826,858764.1875,21,89.98714,0,2000.5272503200513,2116.925571626979,12.533844193589394,0.0,2599.491927052956,0.9937330779032053,20.4,mountain,5G_macro,1000,10000
BTS_02018,16.400000270407322,107.66874884925483,785045.8834386473,1815057.3044883404,27751.65,0.0,96.07898208383826,858764.1875,19,89.97878,0,8796.728028019923,8041.69802638929,5.372244876296878,569.7404705688199,2237.762080549437,0.9973138775618515,21.6,mountain,4G_remote,2500,1200
BTS_00348,16.421250270314978,107.595415516285,777178.5076501248,1817308.2688414906,27557.8,0.0,96.07898208383826,858764.1875,30,89.99656,0,4388.181453279457,5323.038663957736,16.236075955757602,1003.5935498583195,3087.231383654985,0.9918819620221212,25.9,mountain,4G_remote,2500,1200
BTS_04730,16.460416936824984,107.52874884988502,770000.6491261476,1821554.3030888438,27554.96,0.0,96.07898208383826,858764.1875,27,89.98576,0,4068.6198567624992,4824.6465275941,29.97689182725326,614.5361445587041,2487.948502775137,0.9850115540863734,33.6,mountain,4G_remote,2500,1200
BTS_00502,16.422916936974982,107.64708218274501,782697.1491653598,1817564.2558757607,27541.05,0.0,96.07898208383826,858764.1875,4,89.981995,0,7249.050209420732,4655.969706292444,18.205057276453704,575.4144322230186,3086.993514027042,0.9908974713617732,23.3,mountain,4G_remote,2500,1200
BTS_00833,16.427083603624983,107.64708218274501,782691.1181946341,1818025.5840371356,27466.51,0.0,96.07898208383826,858764.1875,2,89.99006,0,6989.629526565332,4260.671712865646,41.24393513182379,408.4204971665977,2875.5052981116282,0.979378032434088,33.1,mountain,4G_remote,2500,1200
BTS_02872,16.455416936844983,107.610415516225,778732.5690217265,1821111.6692711366,27458.91,0.0,96.07898208383826,858764.1875,3,89.9852,0,2055.0245182556696,1683.693389273469,10.84696382402606,0.0,1775.936284389895,0.994576518087987,25.9,mountain,5G_macro,1000,10000
BTS_03921,16.423750270304975,107.646248849415,782606.8934492525,1817655.3576148914,27363.34,0.0,96.07898208383826,858764.1875,6,89.98658,0,7122.905300351821,4531.892649936736,9.195526879209721,454.2954273286822,2963.4171272004514,0.9954022365603952,26.7,mountain,4G_remote,2500,1200
BTS_05691,16.42041693698499,107.627082182825,780563.5530179047,1817259.6323754822,27348.21,0.0,96.07898208383826,858764.1875,29,89.98875,0,5863.709895806021,4330.164397226881,82.56166745556472,628.1481054384693,1917.9158709689036,0.9587191662722176,25.2,mountain,4G_remote,2500,1200
BTS_02862,16.516250269934975,107.59958218293501,777488.3657508057,1827831.9581063744,27336.88,0.0,96.07898208383826,858764.1875,2,89.978165,0,4359.77949072529,4416.435639834457,180.25731618205924,992.1251828176904,2615.6463276297104,0.9098713419089703,29.0,mountain,4G_remote,2500,1200
BTS_01187,16.518750269924983,107.56791551639502,774102.7043886269,1828065.3536653777,27325.62,0.0,96.07898208383826,858764.1875,2,89.93634,0,4731.276033817755,3537.1252656406155,44.59389341630207,942.379513012729,3542.663815751436,0.9777030532918489,20.1,mountain,4G_remote,2500,1200
BTS_01698,16.422083603644985,107.59791551627501,777444.4674899124,1817403.9563945942,27263.71,0.0,96.07898208383826,858764.1875,56,89.99701,0,4346.705690850085,5090.194881657604,52.69850402750748,1117.6225365519913,2819.2997390771648,0.9736507479862463,34.4,mountain,4G_remote,2500,1200
BTS_02337,16.419583603654985,107.623748849505,780208.5486754323,1817162.7510452608,27193.38,0.0,96.07898208383826,858764.1875,38,89.990234,0,5716.731095907832,4423.918117933857,14.044872363176603,903.5548939301873,1932.282143592466,0.9929775638184117,28.6,mountain,4G_remote,2500,1200
BTS_06201,16.422083603644975,107.692082182565,787507.1525476938,1817535.3801527768,27129.49,0.0,96.07898208383826,858764.1875,7,89.984085,0,8814.231081703154,8224.416112652576,27.309111275902023,1020.4147673771096,2839.41766483759,0.986345444362049,34.3,mountain,4G_remote,2500,1200
BTS_01201,16.419083604653974,107.6464155157326,782631.4548807787,1817138.903304362,27102.77,0.0,96.07898208383826,858764.1875,10,89.98883,0,7449.135117231622,4997.47085011931,34.906549242739224,759.5435467050411,3268.0879222172043,0.9825467253786304,31.6,mountain,4G_remote,2500,1200
BTS_05431,16.51458360327499,107.486248850055,765386.4948254792,1827494.6212373609,27098.64,0.0,96.07898208383826,858764.1875,5,89.95974,0,9240.777445465583,6387.423613095594,180.56744558399222,338.3869591393719,1814.021405070742,0.9097162772080039,20.2,mountain,4G_remote,2500,1200
BTS_00801,16.51125026995498,107.487915516715,765569.049517845,1827127.7927928576,27069.5,0.0,96.07898208383826,858764.1875,5,89.979866,0,8916.663048885603,6764.163687297028,86.90366526596213,684.409422999512,2082.997257848469,0.956548167367019,37.0,mountain,4G_remote,2500,1200
BTS_04581,16.422083603644985,107.600415516265,777711.6101200471,1817407.3848671205,27043.03,0.0,96.07898208383826,858764.1875,34,89.994514,0,4412.036950544388,4939.757377079796,63.185838387343445,1323.9246808806934,2615.562908849131,0.9684070808063283,31.5,mountain,4G_remote,2500,1200
BTS_02952,16.508750269964985,107.486248850055,765394.4643846741,1826848.826193046,26913.17,0.0,96.07898208383826,858764.1875,10,89.97153,0,8962.805410620093,6823.625246727919,23.543640349666948,776.2330840298791,1844.312359192298,0.9882281798251665,20.4,mountain,4G_remote,2500,1200
BTS_05326,16.50791693663498,107.482915516735,765039.596470204,1826752.1803365531,26898.38,0.0,96.07898208383826,858764.1875,7,89.98576,0,9254.744084826862,6641.942566976196,25.046514664833005,750.4608975090636,1477.7503413009224,0.9874767426675835,36.7,mountain,4G_remote,2500,1200
BTS_06355,16.51958360325499,107.567082183065,774012.526865272,1828156.4802465667,26765.35,0.0,96.07898208383826,858764.1875,1,89.96817,0,4814.335521010872,3639.296507328304,163.80784787264477,988.7574417738213,3566.9813889086718,0.9180960760636776,30.8,mountain,4G_remote,2500,1200
BTS_04235,16.489583603374985,107.600415516265,777615.4608775639,1824880.6826536043,26744.1,0.0,96.07898208383826,858764.1875,2,89.982346,0,1411.9630653058675,3099.4687297122155,58.66882840741167,0.0,672.5398369423316,0.9706655857962941,17.0,mountain,5G_macro,1000,10000
BTS_02470,16.39875027040498,107.673748849305,785582.080196039,1814925.943084936,26740.33,0.0,96.07898208383826,858764.1875,14,89.969986,0,8279.709008499367,8469.115837319692,12.94121989231154,600.9394414523745,1691.4326804357704,0.9935293900538442,26.5,mountain,4G_remote,2500,1200
BTS_02417,16.53125026987498,107.462915516815,762871.9822032172,1829309.1110877981,26628.84,0.0,96.07898208383826,858764.1875,6,89.98883,0,12311.658782967494,3300.2514861570867,89.7279777865806,412.523230606501,1158.5045253869796,0.9551360111067098,23.0,mountain,4G_remote,2500,1200
BTS_03169,16.42041693698498,107.634582182795,781365.0048697055,1817270.042566412,26622.77,0.0,96.07898208383826,858764.1875,10,89.98875,0,6405.653524751528,4432.537628633993,67.66141471398613,319.16258406938397,2277.0536555224844,0.9661692926430069,26.0,mountain,4G_remote,2500,1200
BTS_02860,16.42125027031498,107.69291551589501,787597.4326653808,1817444.2956307607,26595.64,0.0,96.07898208383826,858764.1875,5,89.98946,0,8688.495252184179,8347.912769919738,36.21553244662418,979.9135927637136,2749.475911542637,0.9818922337766879,26.8,mountain,4G_remote,2500,1200
BTS_01271,16.46041693682499,107.566248849735,774006.8622583522,1821604.8092428457,26594.43,0.0,96.07898208383826,858764.1875,9,89.97503,0,836.3937290799599,1049.6543788585502,40.40786910891915,0.0,2077.8697001375567,0.9797960654455404,23.9,mountain,5G_macro,1000,10000
BTS_01120,16.44416693689739,107.5937488495568,776967.897576062,1819843.2023153503,26477.8,0.0,96.07898208383826,858764.1875,26,89.98946,0,1865.3595604312338,3327.2574201478096,38.15887107807292,259.28536387050116,2607.2964564633535,0.9809205644609635,27.4,mountain,5G_macro,1000,10000
BTS_00148,16.50666693664749,107.48624884998965,765397.3099846081,1826618.1851773039,26439.65,0.0,96.07898208383826,858764.1875,6,89.93634,0,8872.81755824369,6987.283273431117,20.476255099856978,978.9296208698402,1817.1684908807488,0.9897618724500715,26.8,mountain,4G_remote,2500,1200
BTS_02265,16.50930582584068,107.4893044059917,765720.042883024,1826914.359653669,26435.48,0.0,96.07898208383826,858764.1875,7,89.991,0,8690.52448180922,7018.5029073759515,9.407630055048516,941.2200918390582,2176.4157496183248,0.9952961849724757,23.8,mountain,4G_remote,2500,1200
BTS_01813,16.453750270184983,107.527082183225,769831.8257900712,1820814.00786196,26430.43,0.0,96.07898208383826,858764.1875,9,89.969986,0,4585.781287107245,5159.049031316391,30.562342612218032,974.8026487206595,2393.4809881354154,0.9847188286938909,28.1,mountain,4G_remote,2500,1200
BTS_01642,16.46458360347499,107.609582182895,778630.4293707709,1822125.4184525404,26397.96,0.0,96.07898208383826,858764.1875,5,89.93634,0,1748.4495270099449,1801.243418379476,11.113044780721594,103.26946338772,2737.5901553651115,0.9944434776096392,20.8,mountain,5G_macro,1000,10000
BTS_06382,16.506250269974984,107.484582183395,765219.8743462624,1826569.8617134106,26383.98,0.0,96.07898208383826,858764.1875,7,89.9852,0,9020.730719487072,6898.285981544357,10.377472506233158,928.3132469534448,1637.2805238683832,0.9948112637468834,34.5,mountain,4G_remote,2500,1200
BTS_00994,16.399583603734975,107.66541551600501,784690.2428828154,1815006.4856480465,26377.6,0.0,96.07898208383826,858764.1875,16,89.97503,0,9067.786469484818,7881.638689256444,13.8515419677644,781.1815221619433,2557.7232188403373,0.9930742290161177,31.0,mountain,4G_remote,2500,1200
BTS_02414,16.41625027033498,107.69458218255501,787782.9047398011,1816893.0529833115,26339.92,0.0,96.07898208383826,858764.1875,6,89.969986,0,8127.301062670762,8790.865811169118,5.950458515968981,676.451351724917,2213.0419660159296,0.9970247707420156,26.9,mountain,4G_remote,2500,1200
BTS_04728,16.477916936754983,107.605415516245,778166.2399675306,1823595.8864198008,26184.33,0.0,96.07898208383826,858764.1875,4,89.983284,0,662.3864122704307,2967.8621339387896,41.5358319836528,0.0,1913.8699262475295,0.9792320840081736,20.5,mountain,5G_macro,1000,10000
BTS_04250,16.41791693699498,107.644582182755,782437.2275941214,1817007.17283095,26175.69,0.0,96.07898208383826,858764.1875,13,89.97153,0,7380.400211562372,5031.322356304354,21.320441984623038,659.3597511152683,3200.503774335438,0.9893397790076884,31.0,mountain,4G_remote,2500,1200
BTS_00614,16.42041693698498,107.570415516385,774508.2697593619,1817181.9398180633,26086.78,0.0,96.07898208383826,858764.1875,11,89.983284,0,4860.020370427798,5158.305201111378,24.746620068990417,1163.0480639887721,3578.136511783758,0.9876266899655048,19.4,mountain,4G_remote,2500,1200
BTS_01483,16.499583603334987,107.536248849855,770747.3966049352,1825900.5266143605,26065.11,105.32504272460938,96.07898208383826,858764.1875,4,89.99228,0,3859.050572145294,4013.8937216328577,165.27132430722003,607.4268054109538,1192.657135589781,0.91736433784639,26.4,mountain,4G_remote,2500,1200
BTS_04729,16.41875027032498,107.64208218276501,782168.8678470827,1817095.9519697549,25937.49,0.0,96.07898208383826,858764.1875,10,89.98658,0,7117.94754077292,4843.585353960315,18.48207930874897,383.16184119453516,2941.9937596846853,0.9907589603456255,20.6,mountain,4G_remote,2500,1200
BTS_05006,16.454583603514973,107.526248849895,769741.644035605,1820905.1535155824,25778.49,0.0,96.07898208383826,858764.1875,11,89.981995,0,4612.036100935147,5219.611633015476,36.65191226279104,1103.0216648292692,2500.4744137808034,0.9816740438686045,16.0,mountain,4G_remote,2500,1200
BTS_04904,16.41541693810918,107.64458218292775,782440.8409788618,1816730.3767009955,25750.87,0.0,96.07898208383826,858764.1875,14,89.99126,0,7562.895452859678,5285.818384929938,27.30846891733319,817.2356732000018,3391.522900564116,0.9863457655413334,34.6,mountain,4G_remote,2500,1200
BTS_00758,16.516528049018866,107.48847107373093,765621.1651930267,1827712.8173970124,25736.4,0.0,96.07898208383826,858764.1875,5,89.97749,0,9133.618342650618,6436.580061238058,11.282506098017691,546.5048174522508,2009.94531913677,0.9943587469509911,27.4,mountain,4G_remote,2500,1200
BTS_04894,16.417083604079057,107.5883321830434,776427.4986500171,1816837.2729824896,25532.7,0.0,96.07898208383826,858764.1875,13,89.99006,0,4798.810841060636,5743.5516964920835,30.505487528578637,1276.2459353126615,3970.615266037943,0.9847472562357107,37.2,mountain,4G_remote,2500,1200
BTS_01158,16.468055826411383,107.58277662793333,775761.7826660109,1822473.0403711956,25326.97,0.0,96.07898208383826,858764.1875,7,89.978165,0,999.231393698863,1009.5269976270093,35.87035855733319,244.61006244468769,2836.7411944225146,0.9820648207213334,27.9,mountain,5G_macro,1000,10000
BTS_04889,16.421250270314978,107.59958218293501,777623.7467741854,1817313.979029435,25300.67,0.0,96.07898208383826,858764.1875,53,89.99656,0,4477.86296224536,5065.703145521989,44.937551262480696,1312.7129532554732,2743.523410024916,0.9775312243687596,35.9,mountain,4G_remote,2500,1200
BTS_03826,16.417083603664977,107.641248849435,782082.2222683341,1816910.2601749701,25297.72,0.0,96.07898208383826,858764.1875,20,89.99195,0,7175.451964075755,4985.359957532601,38.09419322738384,440.5499179310752,3012.420905284287,0.980952903386308,25.2,mountain,4G_remote,2500,1200
BTS_00127,16.445416936884982,107.600415516265,777678.4167706624,1819990.7427529413,25076.7,0.0,96.07898208383826,858764.1875,16,89.996445,0,1959.5772803865625,3109.560744403836,48.86936122929018,0.0,1953.4665533598259,0.975565319385355,21.7,mountain,5G_macro,1000,10000
BTS_03992,16.397083603744978,107.673748849305,785584.5130545057,1814741.4088175343,24961.15,69.72080993652344,96.07898208383826,858764.1875,20,89.97503,0,8173.3842842976155,8616.431620729696,41.04251774779527,771.3197350883897,1625.0523892494798,0.9794787411261023,31.9,mountain,4G_remote,2500,1200
BTS_01656,16.455416936844987,107.525415516565,769651.4630354843,1820996.299443166,24950.08,0.0,96.07898208383826,858764.1875,8,89.983284,0,4641.684738767536,5282.591826606376,53.13726422505885,987.7596894979677,2609.3812369345765,0.9734313678874705,37.5,mountain,4G_remote,2500,1200
BTS_05862,16.51041693662498,107.49458218335502,766282.1949887289,1827044.3399622296,24938.07,0.0,96.07898208383826,858764.1875,3,89.97749,0,8238.265748568148,7367.737480282072,122.6945651814934,1336.2297158134909,2753.1408829001743,0.9386527174092533,37.2,mountain,4G_remote,2500,1200
BTS_02146,16.516250269934982,107.492915516695,766096.2013646464,1827687.9347076623,24909.66,0.0,96.07898208383826,858764.1875,5,89.983284,0,8706.65006033723,6836.780949002318,17.02644794481916,1021.9722733141822,2485.2111205644896,0.9914867760275904,30.9,mountain,4G_remote,2500,1200
BTS_06132,16.497083603344983,107.52874884988502,769949.7948073305,1825613.6872315984,24905.5,0.0,96.07898208383826,858764.1875,3,89.98594,0,4333.475065930553,4699.917267167633,52.63453793917994,432.00262688324295,1632.9822594994714,0.97368273103041,22.7,mountain,4G_remote,2500,1200
BTS_05798,16.433750270264987,107.672082182645,785352.8412089432,1818798.815780245,24777.24,0.0,96.07898208383826,858764.1875,2,89.979866,0,9067.615125252178,5727.39138015566,94.05175005823524,958.0942637187567,4638.86481145416,0.9529741249708824,21.6,mountain,4G_remote,2500,1200
BTS_01268,16.52125026991498,107.56791551639502,774099.1746012957,1828342.1378387485,24742.57,0.0,96.07898208383826,858764.1875,2,89.984085,0,5006.534216334383,3812.4367121559744,127.42619963721047,849.5033988340587,3769.8165114869357,0.9362869001813947,33.1,mountain,4G_remote,2500,1200
BTS_02041,16.521250271025387,107.59541551645435,777036.2094283556,1828379.7971334578,24724.11,219.6266326904297,96.07898208383826,858764.1875,5,89.981995,0,4930.882571941519,4574.343217678554,44.046646134251624,1024.7816606439312,3104.6968917317017,0.9779766769328742,28.0,mountain,4G_remote,2500,1200
BTS_06228,16.506250269974984,107.48958218337502,765753.8890899454,1826576.4519353427,24685.07,0.0,96.07898208383826,858764.1875,6,89.97503,0,8526.370030676966,7271.743489887045,9.02259124731604,1106.8675008674008,2171.1170288132835,0.995488704376342,31.8,mountain,4G_remote,2500,1200
BTS_03681,16.41875027073912,107.62749884955436,780610.4717350844,1817075.681251051,24654.16,0.0,96.07898208383826,858764.1875,17,89.990456,0,6034.690333955844,4516.376084429901,14.563546757493743,778.9187528411994,2107.2903962326386,0.9927182266212531,33.2,mountain,4G_remote,2500,1200
BTS_06471,16.498750270004987,107.52874884988502,769947.4806300163,1825798.2049642114,24627.18,0.0,96.07898208383826,858764.1875,4,89.97503,0,4434.340474978546,4747.16119829082,10.37900369574426,563.467643649963,1723.5422706841528,0.9948104981521279,22.0,mountain,4G_remote,2500,1200
BTS_00834,16.417916936994978,107.619582182855,779765.684867346,1816972.4603476918,24432.62,0.0,96.07898208383826,858764.1875,36,89.99588,0,5620.667598017117,4648.67560980301,143.83867739024953,1349.1529023575624,2114.232322914216,0.9280806613048752,27.9,mountain,4G_remote,2500,1200
BTS_05714,16.46125027015498,107.570415516385,774450.8295146315,1821702.7281978778,24398.95,0.0,96.07898208383826,858764.1875,7,89.981995,0,527.7334489592521,703.7489188974332,7.115942724473475,117.166024273873,2504.0640418101984,0.9964420286377632,20.8,mountain,5G_macro,1000,10000
BTS_03694,16.420416936984985,107.598748849605,777535.8826579093,1817220.5736681279,24386.57,0.0,96.07898208383826,858764.1875,43,89.99601,0,4546.35312362286,5191.761087038068,22.319852873965306,1309.5644711512807,2871.5087771675844,0.9888400735630174,39.1,mountain,4G_remote,2500,1200
BTS_04313,16.517083603681296,107.60249884965368,777798.6892550661,1827928.2447852737,24374.77,0.0,96.07898208383826,858764.1875,2,89.98576,0,4464.971931970102,4698.791947850965,103.43715798584299,1104.7638541406131,2790.48409377292,0.9482814210070785,39.0,mountain,4G_remote,2500,1200
BTS_02190,16.503750269984987,107.486248850055,765401.2932539742,1826295.28781604,24349.95,0.0,96.07898208383826,858764.1875,10,89.98847,0,8755.494238622685,7222.551977423434,30.976390605238667,724.6749653053342,1756.174134534138,0.9845118046973806,26.8,mountain,4G_remote,2500,1200
BTS_03957,16.417916936994978,107.574582183035,774957.0213188359,1816910.8113515808,24335.54,0.0,96.07898208383826,858764.1875,11,89.979866,0,4956.285592415411,5426.705580154696,94.53549400069609,1221.401046129895,4068.6156292852515,0.9527322529996519,30.5,mountain,4G_remote,2500,1200
BTS_05407,16.414583603674984,107.639582182775,781907.7239867584,1816631.1434711001,24223.59,0.0,96.07898208383826,858764.1875,28,89.99185,0,7240.356142957359,5192.918725001791,73.1926082296178,642.5592523774633,3113.5961574294865,0.9634036958851911,23.8,mountain,4G_remote,2500,1200
BTS_02408,16.416805827975317,107.57735996065497,775255.4132559831,1816791.5710485445,24150.47,0.0,96.07898208383826,858764.1875,20,89.97153,0,4990.217234002482,5564.36666395852,30.52315367000999,1285.3658990700455,4353.202347059917,0.984738423164995,36.8,mountain,4G_remote,2500,1200
BTS_03633,16.417916936994978,107.59458218295501,777094.1872396243,1816938.0786159884,24127.12,0.0,96.07898208383826,858764.1875,19,89.98908,0,4741.526623778343,5672.696797311055,58.82087313015139,1280.2092495412764,3388.182028555144,0.9705895634349243,29.9,mountain,4G_remote,2500,1200
BTS_03832,16.504583603314973,107.48041551674501,764777.134185834,1826379.8679186448,24037.42,0.0,96.07898208383826,858764.1875,7,89.95499,0,9372.7236370592,6746.397225660228,19.695714873448214,632.6999310735754,1198.4701471376611,0.9901521425632759,27.2,mountain,4G_remote,2500,1200
BTS_03412,16.425416936964986,107.562082183085,773610.8030334341,1817724.219889309,24012.39,0.0,96.07898208383826,858764.1875,11,89.98763,0,4593.621002098588,4751.326685455221,38.47456417222152,1151.862602450731,2636.51870635796,0.9807627179138892,36.9,mountain,4G_remote,2500,1200
BTS_01924,16.502916936654984,107.532915516535,770386.7266956007,1826265.0871408256,24002.36,0.0,96.07898208383826,858764.1875,3,89.979866,0,4370.740425219753,4481.486811877404,54.90607720091317,365.8904544122358,1702.5028404843276,0.9725469613995434,22.1,mountain,4G_remote,2500,1200
BTS_00991,16.514583603274982,107.49624885001501,766454.4812423202,1827507.829738244,23985.38,0.0,96.07898208383826,858764.1875,7,89.96817,0,8306.283517150443,7234.152586251373,12.777659620022316,1395.9842118082386,2862.0402229044216,0.9936111701899888,28.8,mountain,4G_remote,2500,1200
BTS_03679,16.414583603674984,107.637915516115,781729.6172868717,1816628.8238436736,23963.56,0.0,96.07898208383826,858764.1875,22,89.983284,0,7116.441273985492,5144.482734112529,16.498080574047016,646.809341389467,3011.2231973231087,0.9917509597129764,32.6,mountain,4G_remote,2500,1200
BTS_04339,16.487083603384974,107.565415516405,773880.3224454084,1824556.028008966,23936.36,0.0,96.07898208383826,858764.1875,2,89.98818,0,1222.2699182961796,648.3649382677698,7.631444283217949,15.545080821313086,1538.6794155273353,0.996184277858391,18.6,mountain,5G_macro,1000,10000
BTS_03003,16.519861381354204,107.4906932948753,765853.9288058889,1828084.7778219942,23921.93,0.0,96.07898208383826,858764.1875,3,89.95499,0,9117.000479296266,6414.7090005704395,31.0757457215437,777.1744960871661,2239.527501422481,0.9844621271392282,24.6,mountain,4G_remote,2500,1200
BTS_00611,16.515613023525567,107.61002335607634,778604.4565748072,1827775.8273322359,23874.63,0.0,96.07898208383826,858764.1875,5,89.984085,0,4439.201495884097,5195.408399731528,21.957099221382524,579.8488455895092,3008.9458381307936,0.9890214503893088,25.5,mountain,4G_remote,2500,1200
BTS_06294,16.44041693690498,107.536248849855,770829.6585419907,1819350.1291112525,23867.24,0.0,96.07898208383826,858764.1875,8,89.97153,0,4718.604444109809,4936.178393301481,47.88032040633392,442.488451294409,1542.013078798895,0.9760598397968331,29.1,mountain,4G_remote,2500,1200
BTS_04392,16.436666936927423,107.54041551643822,771280.0490788263,1818940.5484507056,23842.2,0.0,96.07898208383826,858764.1875,9,89.98658,0,4648.077644694146,4861.962148100772,55.40026637943246,306.9502746103242,1424.4492584513637,0.9722998668102838,26.1,mountain,4G_remote,2500,1200
BTS_04468,16.505416936644973,107.490415516705,765844.0317431369,1826485.2949581987,23800.7,0.0,96.07898208383826,858764.1875,6,89.96817,0,8408.624412295672,7399.87286626437,16.592483884979462,1065.7966075133631,2191.48549771618,0.9917037580575103,32.7,mountain,4G_remote,2500,1200
BTS_02990,16.516250269934975,107.49791551667501,766630.1914059701,1827694.5506278255,23787.5,0.0,96.07898208383826,858764.1875,6,89.97749,0,8251.20645651585,7278.987140336947,5.611621335527208,1554.20882781618,3016.930300007076,0.9971941893322364,31.7,mountain,4G_remote,2500,1200
BTS_00125,16.507916936634984,107.508748849965,767798.6644166094,1826786.3530159642,23750.44,0.0,96.07898208383826,858764.1875,5,89.96817,0,6781.6032970391725,7090.6055624542705,32.84752610598932,402.9974206470973,3954.35405670604,0.9835762369470054,34.0,mountain,4G_remote,2500,1200
BTS_00858,16.46291693681497,107.525415516565,769641.0867871414,1821826.624968843,23749.59,0.0,96.07898208383826,858764.1875,5,89.98576,0,4289.433146707546,5145.863662376765,61.851772198472545,326.4468651752611,2934.9445155001963,0.9690741139007637,25.3,mountain,4G_remote,2500,1200
BTS_00477,16.438416937168636,107.58441551637166,775978.8178607258,1819193.8305455588,23732.67,0.0,96.07898208383826,858764.1875,22,89.98658,0,2487.747026011554,3367.737719170209,59.668678393868966,13.758773201739944,3559.4017952808163,0.9701656608030655,26.8,mountain,5G_macro,1000,10000
BTS_02483,16.418333603667364,107.62958218274585,780833.6976616601,1817032.4378932219,23718.44,0.0,96.07898208383826,858764.1875,13,89.98658,0,6212.150817074722,4577.799746585636,28.474663826622837,696.5943606413938,2226.7596511802844,0.9857626680866886,28.1,mountain,4G_remote,2500,1200
BTS_03056,16.497916936674983,107.526248849895,769681.6119386189,1825702.5987786993,23711.59,0.0,96.07898208383826,858764.1875,2,89.98456,0,4609.148793650872,4981.310138767521,56.67706549911663,596.9524664009782,1913.4325327012812,0.9716614672504417,28.8,mountain,4G_remote,2500,1200
BTS_01206,16.528333603227495,107.48041551667978,764744.7538907322,1829009.1674952281,23706.49,0.0,96.07898208383826,858764.1875,11,89.95974,0,10546.96577424408,4984.195326035666,27.21269150043604,383.53096615526465,1570.622906932615,0.986393654249782,24.7,mountain,4G_remote,2500,1200
BTS_05530,16.424583603634982,107.69291551589501,787592.5246766119,1817813.3697434503,23698.78,0.0,96.07898208383826,858764.1875,7,89.979866,0,9001.822586076094,8166.8036267399375,20.976272333203564,1309.8422872561914,3118.290619640137,0.9895118638333982,33.4,mountain,4G_remote,2500,1200
BTS_01273,16.513083604014838,107.49808218490487,766652.3390212123,1827344.194277491,23693.63,0.0,96.07898208383826,858764.1875,5,89.909966,0,8053.237108790312,7489.807376042244,14.09064178524903,1467.5246189519314,3083.9290462482295,0.9929546791073754,27.8,mountain,4G_remote,2500,1200
BTS_05364,16.527916936554984,107.485415516725,765279.2759658389,1828969.6261981127,23692.16,0.0,96.07898208383826,858764.1875,6,89.99126,0,10077.700149804446,5468.247806450663,13.51416446450865,462.8828397167848,1966.8740991723841,0.9932429177677456,25.2,mountain,4G_remote,2500,1200
BTS_02163,16.526250270311436,107.48583218345084,765326.0508855919,1828785.6627041562,23664.5,0.0,96.07898208383826,858764.1875,4,89.93634,0,9937.186847837096,5598.694484224482,5.10372632840445,340.4956595929338,1915.8652934198951,0.9974481368357978,26.9,mountain,4G_remote,2500,1200
BTS_00535,16.52708360322499,107.484582183395,765191.4223854484,1828876.2710230642,23659.46,0.0,96.07898208383826,858764.1875,7,89.984085,0,10099.450166962846,5436.8397435202505,32.28692763112534,336.6936886333888,1842.868184125985,0.9838565361844374,22.3,mountain,4G_remote,2500,1200
BTS_01586,16.52000026992748,107.49708218327935,766536.0453043263,1828108.604098971,23658.69,0.0,96.07898208383826,858764.1875,5,89.98939,0,8554.360565768106,6985.1689214345815,15.222565008665155,1442.7961950941326,2921.589706852383,0.9923887174956674,26.3,mountain,4G_remote,2500,1200
BTS_00469,16.4158336036774,107.58041551627716,775583.2963185564,1816688.088861048,23658.08,0.0,96.07898208383826,858764.1875,14,89.99117,0,5023.737747797653,5705.359272714528,41.56253139177202,1410.43883850615,4651.472118858633,0.979218734304114,40.0,mountain,4G_remote,2500,1200
BTS_02573,16.52791693655498,107.487082183385,765457.2608789111,1828971.8247568859,23617.66,0.0,96.07898208383826,858764.1875,7,89.909966,0,9931.6245332074,5624.393551352894,7.121822320475777,568.2441206731231,2120.186762179212,0.9964390888397621,21.1,mountain,4G_remote,2500,1200
BTS_01968,16.522639159229232,107.4890266274199,765672.1345654752,1828390.0992480505,23591.44,0.0,96.07898208383826,858764.1875,6,89.9852,0,9432.268115195075,6098.153864026009,17.913557133068814,536.4839642154024,2106.075752787419,0.9910432214334656,25.9,mountain,4G_remote,2500,1200
BTS_01091,16.517916940048643,107.49967477672143,766815.787199133,1827881.3965323772,23578.41,0.0,96.07898208383826,858764.1875,5,89.95974,0,8195.601699700195,7340.998431952689,24.138643098161186,1728.9922130811683,3194.839265688342,0.9879306784509194,30.6,mountain,4G_remote,2500,1200
BTS_03421,16.52541693698142,107.48749885011087,765505.1774120758,1828695.604825809,23576.33,0.0,96.07898208383826,858764.1875,2,89.991,0,9737.982457196307,5798.890807711517,88.38082041706181,410.93599985417643,2040.6235651317234,0.9558095897914691,23.1,mountain,4G_remote,2500,1200
BTS_02957,16.52083360367383,107.49249885002546,766045.4221435494,1828194.7967207532,23566.98,0.0,96.07898208383826,858764.1875,6,89.97749,0,9012.420779072341,6518.56027918402,20.017850884568617,948.2817010587852,2440.7925155709922,0.9899910745577157,34.0,mountain,4G_remote,2500,1200
BTS_03140,16.52819471465455,107.48235996157551,764952.5915521514,1828996.3514897353,23542.71,0.0,96.07898208383826,858764.1875,6,89.991,0,10365.12502112492,5169.916352493529,35.99216038420398,389.9469968106379,1717.31398870535,0.982003919807898,15.5,mountain,4G_remote,2500,1200
BTS_06050,16.41875027032499,107.59791551627501,777449.2010814263,1817034.9062576108,23492.0,0.0,96.07898208383826,858764.1875,23,89.99086,0,4707.774948443244,5394.852897301239,49.79280463421793,1386.0301746426646,3062.7926812154656,0.975103597682891,25.4,mountain,4G_remote,2500,1200
BTS_05771,16.416250270334984,107.63541551612501,781460.0572583308,1816809.8768250144,23490.5,0.0,96.07898208383826,858764.1875,22,89.99,0,6798.905709053737,4902.255077649104,45.75277570004817,573.5269620811453,2712.0821859996436,0.9771236121499759,24.8,mountain,4G_remote,2500,1200
BTS_00740,16.410416937024983,107.644582182755,782448.0660903567,1816176.7842287908,23483.19,0.0,96.07898208383826,858764.1875,17,89.98818,0,7944.262504338733,5800.94724574771,140.74005565309133,1256.5934487205698,3805.338628274392,0.9296299721734543,23.8,mountain,4G_remote,2500,1200
BTS_03416,16.5151391592593,107.49902662738006,766750.3822467092,1827573.0130589749,23459.18,0.0,96.07898208383826,858764.1875,6,89.98658,0,8085.165670099547,7445.553380686663,5.575740138106109,1642.301395380967,3147.5741385369556,0.997212129930947,37.5,mountain,4G_remote,2500,1200
BTS_00732,16.43308360537003,107.57258218297704,774721.972684107,1818587.2468864592,70188.84,0.0,96.07898208383826,858764.1875,27,89.98456,5,3505.79243801312,3746.972633624953,3.1332060942479076,312.48207296109473,2771.0084285846333,0.998433396952876,21.2,mountain,4G_remote,2500,1200
BTS_00689,16.528750269884988,107.48958218337502,765723.0974448668,1829067.3821172542,23395.43,0.0,96.07898208383826,858764.1875,5,89.981995,0,9769.08958308914,5819.617003279233,37.64996597592246,696.079131679832,2398.7126106806704,0.9811750170120388,28.8,mountain,4G_remote,2500,1200
BTS_04287,16.423750270304982,107.693748849225,787682.804265714,1817722.2856787932,23391.71,0.0,96.07898208383826,858764.1875,6,89.978165,0,8876.760423743095,8289.03318398413,10.991685769939984,1264.6917793156135,3030.8147103513043,0.99450415711503,36.2,mountain,4G_remote,2500,1200
BTS_06351,16.567083603064983,107.508748849965,767716.9724438176,1833336.6676472593,23368.77,0.0,96.07898208383826,858764.1875,6,89.98752,0,11610.345029692007,7458.221314519984,36.41107321488157,356.15542475604076,6725.380282139698,0.9817944633925593,27.8,mountain,4G_remote,2500,1200
BTS_00821,16.52666693973413,107.49020718422678,765792.6952541969,1828837.566220407,23343.16,0.0,96.07898208383826,858764.1875,8,89.981995,0,9579.373569753805,5984.002374720964,15.525230204536802,731.3709473054157,2360.70403768987,0.9922373848977316,34.8,mountain,4G_remote,2500,1200
BTS_02166,16.529583603631504,107.47916551681064,764609.5614372571,1829145.9070925526,23318.38,0.0,96.07898208383826,858764.1875,4,89.909966,0,10734.476490695346,4798.163328445418,19.80709687102708,405.5450232087537,1569.7543759691382,0.9900964515644864,27.2,mountain,4G_remote,2500,1200
BTS_04695,16.566250269734983,107.510415516625,767896.0773061382,1833246.6333008478,23285.37,0.0,96.07898208383826,858764.1875,5,89.98456,0,11441.953224358202,7612.057812020181,25.047650262400033,446.98570780158155,6776.932507745531,0.9874761748688,25.3,mountain,4G_remote,2500,1200
BTS_02972,16.472916936774983,107.607082182905,778351.4335397318,1823044.604326112,23269.45,0.0,96.07898208383826,858764.1875,8,89.98752,0,938.9836649612486,2473.942748111735,22.73858122361744,0.0,2468.945715768869,0.9886307093881913,27.4,mountain,5G_macro,1000,10000
BTS_00078,16.44479193772243,107.59874884968103,777501.2321159211,1819919.256877112,23265.69,0.0,96.07898208383826,858764.1875,15,89.990234,0,1948.7599485823728,3298.474047774158,57.10917047432105,6.69465484615867,2102.9383099754077,0.9714454147628395,32.5,mountain,5G_macro,1000,10000
BTS_02962,16.52208360324498,107.493748850025,766177.2023821201,1828334.83495925,23222.22,0.0,96.07898208383826,858764.1875,7,89.98939,0,8978.421530689688,6561.394751960328,6.934322071186373,1043.529824237078,2590.881386761083,0.9965328389644068,31.2,mountain,4G_remote,2500,1200
BTS_01072,16.42041693698497,107.60291551625501,777981.1246802597,1817226.2909491735,23199.61,0.0,96.07898208383826,858764.1875,34,89.981995,0,4657.904590885465,4959.652057938343,25.89954594786434,1596.1846007054905,2560.992294062275,0.9870502270260678,30.5,mountain,4G_remote,2500,1200
BTS_04069,16.521250269914983,107.49458218335502,766267.3409797244,1828243.6804050638,23171.71,0.0,96.07898208383826,858764.1875,7,89.93634,0,8852.900922906936,6684.866670099195,24.70571277359844,1149.1696092364148,2666.9802248237092,0.9876471436132008,35.9,mountain,4G_remote,2500,1200
BTS_00561,16.527083603224977,107.497082183345,766526.3188964017,1828892.7899602167,23138.33,0.0,96.07898208383826,858764.1875,2,89.96817,0,9021.334051287433,6622.434638636057,98.69444399508261,1113.7317735048891,3066.3830441041637,0.9506527780024587,21.9,mountain,4G_remote,2500,1200
BTS_01708,16.530416936544984,107.492915516695,766076.7813260539,1829256.3022136858,23117.79,0.0,96.07898208383826,858764.1875,6,89.98818,0,9599.356253568174,6066.113809920633,30.242019615684264,579.8926749512406,2799.665276161852,0.9848789901921579,26.9,mountain,4G_remote,2500,1200
BTS_01945,16.51041693662498,107.521248849915,769130.2505405776,1827079.7910254707,23108.91,0.0,96.07898208383826,858764.1875,3,89.93634,0,5855.178206613249,5960.104317745166,29.145928410306524,445.8268018961307,3160.1196286466043,0.9854270357948467,29.6,mountain,4G_remote,2500,1200
BTS_04224,16.561250270172234,107.51333218334149,768214.4211719603,1832696.9781104529,23103.18,0.0,96.07898208383826,858764.1875,5,89.97749,0,10806.766464954444,7825.252959633009,16.00904081368109,920.158274064992,6613.610633896299,0.9919954795931595,31.9,mountain,4G_remote,2500,1200
BTS_01460,16.521250270593143,107.51541551659766,768492.2557722775,1828271.360416877,23078.42,0.0,96.07898208383826,858764.1875,4,89.98763,0,7123.897698881421,7089.248115153856,31.03117817928784,308.51192908886776,4459.524413877886,0.9844844109103561,30.3,mountain,4G_remote,2500,1200
BTS_03455,16.415416937004988,107.58624884965501,776207.2313927659,1816649.9061671966,23070.61,0.0,96.07898208383826,858764.1875,26,89.99272,0,4992.152147700043,5864.985649664104,90.17235889620218,1500.0336254767187,4259.136719346543,0.9549138205518989,29.1,mountain,4G_remote,2500,1200
BTS_04812,16.507916936634984,107.50624884997501,767531.6558383965,1826783.0304790123,23041.41,0.0,96.07898208383826,858764.1875,4,89.97878,0,7011.607604401544,7343.507575946081,29.05541609523408,555.5006386981386,3719.59481664581,0.985472291952383,25.4,mountain,4G_remote,2500,1200
BTS_03471,16.502083603324984,107.575415516365,774927.3064379508,1826230.3474421604,69058.88,0.0,96.07898208383826,858764.1875,6,89.98727,5,3146.003109791487,1723.1169673193801,0.9816117803693915,352.6410524115223,2160.0006282914064,0.9995091941098153,19.3,mountain,4G_remote,2500,1200
BTS_00366,16.510833603297478,107.50041551659929,766904.6304792573,1827098.1912119943,22997.31,0.0,96.07898208383826,858764.1875,4,89.97503,0,7712.73776421782,7837.165211223386,14.658105494062523,1143.638492970685,3374.57610264115,0.9926709472529688,29.1,mountain,4G_remote,2500,1200
BTS_01078,16.515694714963274,107.50208218317273,767075.9484473018,1827638.5691792213,22936.51,0.0,96.07898208383826,858764.1875,4,89.969986,0,7844.834411491375,7688.385934830062,48.656772874469105,1503.7854087025714,3465.6425525458494,0.9756716135627654,33.7,mountain,4G_remote,2500,1200
BTS_00903,16.526666936567487,107.49541551661942,766348.9039414355,1828844.4540898206,22931.73,0.0,96.07898208383826,858764.1875,4,89.97503,0,9132.920387488213,6480.793698064729,14.957562755824132,1065.3353673983693,2882.8494621627756,0.992521218622088,29.2,mountain,4G_remote,2500,1200
BTS_01618,16.417083603664985,107.59624884961501,777273.4681188012,1816848.0980310012,22878.58,0.0,96.07898208383826,858764.1875,23,89.990234,0,4857.752097950287,5647.035947828372,34.8181564206417,1441.3784505348688,3319.1106676363097,0.9825909217896791,37.1,mountain,4G_remote,2500,1200
BTS_04320,16.443750270224978,107.59624884961501,777235.6013168046,1819800.4980633825,22836.08,0.0,96.07898208383826,858764.1875,34,89.99801,0,1978.7443216376935,3540.9020822615676,24.32407312737376,83.42604181571282,2336.2749544933276,0.9878379634363131,21.8,mountain,5G_macro,1000,10000
BTS_02544,16.466250270134978,107.610415516225,778717.0735492466,1822311.0959344625,22778.68,0.0,96.07898208383826,858764.1875,1,89.99006,0,1670.9600105697068,1785.9523537631624,32.45568413193023,61.069384863685265,2883.309467716832,0.9837721579340348,22.0,mountain,5G_macro,1000,10000
BTS_00082,16.503750269984984,107.578748849685,775280.9840207375,1826419.4232373186,68336.04,0.0,96.07898208383826,858764.1875,3,89.983284,5,3471.255268645822,2011.4325504093383,0.8968211158346578,340.15613231616203,1956.4410180597738,0.9995515894420827,21.0,mountain,4G_remote,2500,1200
BTS_03013,16.524583603234976,107.58624884965501,776052.4509443117,1828736.2493737002,22777.54,0.0,96.07898208383826,858764.1875,2,89.98576,0,5463.519141773847,4451.213726616278,122.46448433300988,554.3736530407105,3567.356612674252,0.9387677578334951,28.6,mountain,4G_remote,2500,1200
BTS_01888,16.417083603664977,107.624582182835,780301.1851678934,1816887.112213223,22770.19,0.0,96.07898208383826,858764.1875,37,89.99006,0,5993.127542695318,4697.580559771867,60.82317903970202,1081.783651476419,2218.4061256172126,0.969588410480149,34.8,mountain,4G_remote,2500,1200
BTS_00945,16.48791693727301,107.6049988486137,778107.4363090154,1824702.472902074,22715.34,0.0,96.07898208383826,858764.1875,6,89.98499,0,1365.215931993251,3575.6712277724905,5.2865867380701275,0.0,1195.734811662037,0.997356706630965,28.2,mountain,5G_macro,1000,10000
BTS_01492,16.51125026995498,107.51458218327501,768417.080591128,1827163.1509272333,22671.49,0.0,96.07898208383826,858764.1875,4,89.909966,0,6470.261113082708,6645.262137848555,94.01014322079662,322.07179555811615,3758.93792793752,0.9529949283896016,28.0,mountain,4G_remote,2500,1200
BTS_01936,16.526250269894984,107.500415516665,766883.4391335078,1828804.951671101,22670.14,0.0,96.07898208383826,858764.1875,7,89.99168,0,8686.769680473042,6984.848187340942,30.7578180935501,1411.8430171378327,3382.4024968800236,0.9846210909532249,23.9,mountain,4G_remote,2500,1200
BTS_01085,16.53541693652498,107.495415516685,766336.8917029586,1829813.1537979026,22663.88,0.0,96.07898208383826,858764.1875,5,89.97503,0,9754.876763669297,6124.726714996629,162.4537303940775,451.3674363900849,3315.231001914739,0.9187731348029613,24.2,mountain,4G_remote,2500,1200
BTS_01676,16.51791693659498,107.517082183265,768674.8630773192,1827904.5514241909,22662.59,0.0,96.07898208383826,858764.1875,5,89.969986,0,6740.0717029443085,6744.894274561899,10.78298257457378,377.97368505230554,4066.0084120162514,0.9946085087127131,24.5,mountain,4G_remote,2500,1200
BTS_05751,16.56291693641498,107.50958218329501,767811.7123706334,1832876.4884271785,22647.13,0.0,96.07898208383826,858764.1875,5,89.98658,0,11167.410238986826,7456.233126997357,6.473095358265315,749.8240897909211,6449.46677248455,0.9967634523208674,37.2,mountain,4G_remote,2500,1200
BTS_02234,16.522321698861973,107.49827265975011,766659.9948183058,1828367.1833474478,22635.36,0.0,96.07898208383826,858764.1875,9,89.978165,0,8599.65105777724,6970.437830275785,22.012258737660744,1519.2944279567196,3072.8345418628,0.9889938706311696,28.6,mountain,4G_remote,2500,1200
BTS_01613,16.414226462019517,107.63624884777326,781552.025101938,1816586.9637258437,22618.21,0.0,96.07898208383826,858764.1875,27,89.95499,0,7024.067631627985,5140.363436134693,33.67443113600164,734.4006514809315,2950.1836111869707,0.9831627844319992,21.9,mountain,4G_remote,2500,1200
BTS_05843,16.456250270174987,107.52374884990502,769472.2552813983,1821086.333846341,22617.9,0.0,96.07898208383826,858764.1875,9,89.97749,0,4753.232232341823,5434.7741131824305,27.623384297975623,850.284101610773,2805.5339782081105,0.9861883078510122,28.4,mountain,4G_remote,2500,1200
BTS_02377,16.428750270284976,107.552915516455,772626.6707468107,1818080.888035038,22512.73,0.0,96.07898208383826,858764.1875,7,89.98847,0,4571.685513524374,4759.004131992646,49.48239286950264,775.6056275667164,1966.9446203414739,0.9752588035652486,36.4,mountain,4G_remote,2500,1200
BTS_01981,16.518631223921282,107.51422504225991,768368.7374894766,1827979.8183956316,22504.95,0.0,96.07898208383826,858764.1875,7,89.99231,0,7018.39518753475,7048.5006501929865,5.280497000733713,515.3281923136452,4334.1045047780235,0.9973597514996332,39.5,mountain,4G_remote,2500,1200
BTS_04920,16.527916936554973,107.55708218310501,772932.8000975347,1829065.4990037603,22477.49,0.0,96.07898208383826,858764.1875,3,89.95974,0,5754.282420862061,4785.469212238095,40.87581629895555,320.9384878710334,3987.1516086571123,0.9795620918505222,23.9,mountain,4G_remote,2500,1200
BTS_04442,16.561250270172234,107.50999885002139,767858.5068878492,1832692.5279695913,22471.65,0.0,96.07898208383826,858764.1875,3,89.97153,0,10986.26380107556,7472.537965398642,84.83646884482704,872.6853185514228,6351.911152443889,0.9575817655775865,28.2,mountain,4G_remote,2500,1200
BTS_00798,16.513750269944975,107.516248849935,768591.6271303047,1827442.148028069,22464.7,0.0,96.07898208383826,858764.1875,4,89.97153,0,6501.5919194972375,6602.287679091296,29.05735543061318,548.6776000029704,3801.6357545555325,0.9854713222846934,38.4,mountain,4G_remote,2500,1200
BTS_02997,16.51125026995498,107.508748849965,767794.0696143906,1827155.3840301826,22457.03,0.0,96.07898208383826,858764.1875,5,89.99,0,6979.396993979079,7219.58264861983,79.68952486993656,759.9306714816938,4137.864174052983,0.9601552375650317,24.8,mountain,4G_remote,2500,1200
BTS_01534,16.526250269894977,107.54374884982501,771511.1935792472,1828862.9352951548,22424.53,0.0,96.07898208383826,858764.1875,2,89.978165,0,5907.27924045778,5260.457014210212,235.73670623226013,385.1262029726144,3725.3266655843245,0.8821316468838699,28.4,mountain,4G_remote,2500,1200
BTS_02777,16.528750269884984,107.50124884999501,766968.9937893862,1829082.8296247718,22423.43,0.0,96.07898208383826,858764.1875,6,89.995026,0,8798.593497555514,6959.2949069850865,55.94210407280768,1301.3327051142717,3546.7987235502287,0.9720289479635962,26.2,mountain,4G_remote,2500,1200
BTS_06152,16.407916937034987,107.646248849415,782629.7914498199,1815902.3127993678,22407.36,0.0,96.07898208383826,858764.1875,13,89.981995,0,8266.257476510473,6122.983830862358,25.15504626652743,1585.1919758693068,4132.846240065165,0.9874224768667362,31.9,mountain,4G_remote,2500,1200
BTS_01270,16.49375027002498,107.49958218333502,766839.081377357,1825205.815133646,22368.21,0.0,96.07898208383826,858764.1875,5,89.982346,0,7056.362541429274,7717.181416338226,185.6284118311204,693.7587741153294,2540.8470959093206,0.9071857940844398,30.9,mountain,4G_remote,2500,1200
BTS_02702,16.50875027038104,107.50416551671128,767308.0025132906,1826872.521754213,22349.79,0.0,96.07898208383826,858764.1875,5,89.99252,0,7250.533309963873,7583.792768156202,14.232590019017564,785.8519914064013,3576.1411059567813,0.9928837049904912,25.8,mountain,4G_remote,2500,1200
BTS_06460,16.562083603084982,107.508748849965,767723.8869949423,1832783.1187725307,22318.24,0.0,96.07898208383826,858764.1875,5,89.969986,0,11134.400691962084,7353.833018006243,11.2735862154265,711.5901525459908,6321.296231622833,0.9943632068922867,28.4,mountain,4G_remote,2500,1200
BTS_01789,16.50125026999499,107.63541551612501,781337.3244230004,1826220.9204104724,22301.15,0.0,96.07898208383826,858764.1875,2,89.98456,0,4707.602484309652,4740.733299247176,43.68516192459385,536.952144394982,4501.4487137161295,0.978157419037703,38.3,mountain,4G_remote,2500,1200
BTS_06248,16.457916936834984,107.571248849715,774544.5531917731,1821334.8162401537,22235.45,0.0,96.07898208383826,858764.1875,11,89.99364,0,880.4445109918277,1022.5513276805552,7.084958276768537,175.09638085341072,2399.289814192043,0.9964575208616158,25.3,mountain,5G_macro,1000,10000
BTS_04882,16.42375027030498,107.56291551641502,773702.1822700539,1817540.825913724,22235.22,0.0,96.07898208383826,858764.1875,12,89.99654,0,4755.347991974009,4908.924010489541,19.5179769675372,1337.2063991457633,2841.34031179273,0.9902410115162315,31.2,mountain,4G_remote,2500,1200
BTS_04952,16.533750269864978,107.577082183025,775060.4602913905,1829738.5762373682,22147.92,0.0,96.07898208383826,858764.1875,6,89.993904,0,6536.939458096187,5211.803902027681,10.979134718948687,319.42236893016144,4824.815897453144,0.9945104326405256,22.4,mountain,4G_remote,2500,1200
BTS_03394,16.438333603587424,107.5370821831183,770921.5862698804,1819120.5980939462,22139.27,0.0,96.07898208383826,858764.1875,9,89.95974,0,4790.816123968885,5007.37634635414,29.875941687526645,559.095669066476,1575.9616830112923,0.9850620291562366,37.4,mountain,4G_remote,2500,1200
BTS_02730,16.437083603584984,107.538748849845,771101.3956117376,1818984.4431139124,22132.55,0.0,96.07898208383826,858764.1875,9,89.97878,0,4746.568074301163,4961.722582400872,34.921910131268596,477.5500904084813,1518.8763833738699,0.9825390449343657,21.3,mountain,4G_remote,2500,1200
BTS_01516,16.516805825919473,107.50569329402002,767460.0807704367,1827766.373612295,22120.69,0.0,96.07898208383826,858764.1875,5,89.982346,0,7599.370628139807,7764.32051970109,10.583435997148445,1413.4081656404344,3841.7413250745126,0.9947082820014258,26.3,mountain,4G_remote,2500,1200
BTS_01712,16.445000270227386,107.60374884951655,778035.1588540568,1819949.1934362194,22114.81,0.0,96.07898208383826,858764.1875,10,89.95974,0,2183.8769630102797,2832.9698395587798,10.18881447781648,0.0,1603.3139133222987,0.9949055927610918,22.9,mountain,5G_macro,1000,10000
BTS_06200,16.514583603274993,107.515415516605,768501.4743974383,1827533.2946596197,22098.98,0.0,96.07898208383826,858764.1875,5,89.98883,0,6629.01446670085,6723.363485342,52.65255326165209,652.6355558493543,3929.62227832203,0.9736737233691739,25.2,mountain,4G_remote,2500,1200
BTS_04400,16.514583603274986,107.50624884997501,767522.4745160635,1827521.091412313,22090.11,0.0,96.07898208383826,858764.1875,3,89.96817,0,7408.010648977585,7608.5982056952425,30.968405160072344,1187.9225116775892,3920.8960289491406,0.9845157974199639,38.8,mountain,4G_remote,2500,1200
BTS_00690,16.41041693702498,107.64041551610502,782002.7886871153,1816170.9782017802,21996.54,0.0,96.07898208383826,858764.1875,18,89.99228,0,7635.887321650734,5660.594312672935,53.38362500111349,1111.6622982690183,3543.460993043816,0.9733081874994433,34.7,mountain,4G_remote,2500,1200
BTS_01037,16.417750270679562,107.69741551620837,788083.4839728386,1817063.1663905175,21924.17,0.0,96.07898208383826,858764.1875,5,89.981995,0,8105.450857992199,8959.448137408799,61.979178890373035,798.5583368239604,2433.9031545459648,0.9690104105548135,34.9,mountain,4G_remote,2500,1200
BTS_04166,16.421250270314985,107.565415516405,773972.8224709067,1817267.4267212308,21901.94,0.0,96.07898208383826,858764.1875,12,89.97749,0,4984.188103099927,5127.6545070226775,9.791662749101988,1451.5577219981885,3211.7014654268055,0.995104168625449,41.7,mountain,4G_remote,2500,1200
BTS_00578,16.47152804821174,107.55735996127403,773041.6589663641,1822822.908264759,21871.77,0.0,96.07898208383826,858764.1875,6,89.98658,0,807.7913279459248,1788.3425461446163,40.36541487272216,8.162608573844205,1909.8719611173499,0.9798172925636389,27.6,mountain,5G_macro,1000,10000
BTS_06214,16.49291693669498,107.60291551625501,777877.748580287,1825253.180302113,21845.97,0.0,96.07898208383826,858764.1875,4,89.978165,0,1817.387218377246,3419.256722046016,34.977321183498944,0.0,912.7362664271903,0.9825113394082505,29.7,mountain,5G_macro,1000,10000
BTS_03067,16.40625027037498,107.647915516075,782810.315838431,1815720.1078140996,21824.6,0.0,96.07898208383826,858764.1875,15,89.99,0,8522.738133670338,6360.109901623836,37.755939594559784,1834.8726860041227,4388.14947952129,0.9811220302027202,25.1,mountain,4G_remote,2500,1200
BTS_05522,16.516250269934982,107.507082183305,767609.177605876,1827706.7143438912,21800.57,0.0,96.07898208383826,858764.1875,6,89.96817,0,7443.4255351163,7603.9036334057155,23.892011479221065,1261.1354654784466,3993.354249738544,0.9880539942603894,32.0,mountain,4G_remote,2500,1200
BTS_00260,16.521250270331333,107.51249885001147,768180.7659094287,1828267.4712979852,21765.05,0.0,96.07898208383826,858764.1875,5,89.98994,0,7349.901397156188,7354.327817846551,74.41418157256061,619.8615730841788,4573.525136255403,0.9627929092137197,24.1,mountain,4G_remote,2500,1200
BTS_01836,16.530535986303303,107.57255837507398,774581.8950500789,1829376.5270054152,21715.86,0.0,96.07898208383826,858764.1875,5,89.93634,0,6092.512939931123,4822.847872544087,9.672111022498756,475.71192844056503,4702.844038601787,0.9951639444887507,26.0,mountain,4G_remote,2500,1200
BTS_01414,16.445416937299726,107.64666551614482,782620.0443616215,1820054.8470324946,21678.88,41.93739318847656,96.07898208383826,858764.1875,9,89.978165,0,6080.9879441733965,2738.5253312777686,14.232767503907256,1700.3355805289825,2596.20605940817,0.9928836162480463,25.7,mountain,4G_remote,2500,1200
BTS_02259,16.503750269984984,107.492082183365,766024.3193193178,1826302.981833399,21660.18,0.0,96.07898208383826,858764.1875,3,89.9852,0,8174.075100786386,7656.139808681069,46.48692955025968,1027.6536917361238,2201.666116514825,0.9767565352248702,34.2,mountain,4G_remote,2500,1200
BTS_03079,16.502083603324984,107.477915516755,764513.5282412719,1826099.8159673705,21633.82,107.80465698242188,96.07898208383826,858764.1875,10,89.95499,0,9538.30714668581,6804.390698325474,9.337624994467209,377.48858292274633,1010.066434618455,0.9953311875027664,29.6,mountain,4G_remote,2500,1200
BTS_00465,16.4195836040691,107.5674988497929,774197.7764398272,1817085.7263038722,21604.23,0.0,96.07898208383826,858764.1875,3,89.95974,0,5078.389538330908,5278.509108196963,48.803437627563454,1420.399428387244,3483.044210292745,0.9755982811862183,30.2,mountain,4G_remote,2500,1200
BTS_02881,16.496250270014983,107.49791551667501,766657.6354305353,1825480.3805591639,21601.86,0.0,96.07898208383826,858764.1875,3,89.97503,0,7306.67724129535,7925.379430666445,83.5655290038803,717.0614198397085,2409.9016353425313,0.9582172354980598,26.6,mountain,4G_remote,2500,1200
BTS_04301,16.41458360367498,107.634582182795,781373.404492564,1816624.1889983315,21601.28,0.0,96.07898208383826,858764.1875,29,89.98752,0,6875.7559562400165,5065.038972747242,36.73354042873062,777.224476845729,2829.0947889587896,0.9816332297856347,30.4,mountain,4G_remote,2500,1200
BTS_01637,16.427083603624983,107.556248849775,772985.167941713,1817900.862233833,21597.68,2.4860479831695557,96.07898208383826,858764.1875,14,89.99262,0,4598.860440643421,4775.925292201178,145.36081595814593,1158.018785453378,2235.519647037485,0.9273195920209271,17.4,mountain,4G_remote,2500,1200
BTS_01260,16.415416937004984,107.593748849625,777008.6817840261,1816660.151501519,21572.04,0.0,96.07898208383826,858764.1875,23,89.99437,0,5006.825861952211,5950.065344444534,38.42579600610084,1510.8561858955309,3639.7973114792435,0.9807871019969496,32.0,mountain,4G_remote,2500,1200
BTS_01791,16.516250270351225,107.51249885001148,768187.672175798,1827713.9230445966,21569.46,0.0,96.07898208383826,858764.1875,7,89.98456,0,6986.731941819238,7084.752560547072,32.24601109025107,821.563449646646,4284.28096924804,0.9838769944548744,30.2,mountain,4G_remote,2500,1200
BTS_01507,16.522500269917476,107.50874884989904,767778.5554828354,1828400.8644050446,21534.7,0.0,96.07898208383826,858764.1875,9,89.96817,0,7740.118012513078,7769.350849661377,58.08118521098446,1031.5638873396836,4186.131160414834,0.9709594073945078,37.3,mountain,4G_remote,2500,1200
BTS_04580,16.5243058258898,107.5131932939898,768250.7073935021,1828606.6766075222,21513.72,0.0,96.07898208383826,858764.1875,8,89.978165,0,7530.484105982941,7472.442770518206,38.83778513243157,636.5654526171568,4681.474563074891,0.9805811074337842,32.3,mountain,4G_remote,2500,1200
BTS_04879,16.397083603744978,107.662915516015,784426.6921830672,1814726.1760885662,21488.73,,96.07898208383826,858764.1875,22,89.97153,0,9149.651728969216,7979.189661470172,59.29684308957045,1153.9312118661376,2727.8438192701615,0.9703515784552148,37.2,mountain,4G_remote,2500,1200
BTS_06323,16.414583603674973,107.588748849645,776475.5599078465,1816561.056040803,21468.41,0.0,96.07898208383826,858764.1875,15,89.96817,0,5075.012637853835,6021.933062774491,28.63168064746865,1547.413755562332,4103.115684526353,0.9856841596762657,36.5,mountain,4G_remote,2500,1200
BTS_02747,16.503750269984984,107.536248849855,770741.5926675472,1826361.8233330417,21465.74,0.0,96.07898208383826,858764.1875,3,89.97749,0,4181.676435341206,4196.47300595571,14.012603462921533,515.9733946597337,1587.0775013602176,0.9929936982685392,29.8,mountain,4G_remote,2500,1200
BTS_00094,16.52458360365143,107.54416551655225,771558.0239632099,1828678.977748116,21460.64,0.0,96.07898208383826,858764.1875,3,89.98752,0,5718.887209829628,5083.354069453888,80.6216403527629,514.766261500945,3536.5772337361577,0.9596891798236186,26.8,mountain,4G_remote,2500,1200
BTS_03149,16.500416936664973,107.486248850055,765405.844714795,1825926.2623505197,21359.7,0.0,96.07898208383826,858764.1875,6,89.99316,0,8634.257290620204,7499.4228603101055,46.61423160007381,375.78145438030714,1487.2377108828073,0.9766928841999631,25.0,mountain,4G_remote,2500,1200
BTS_04687,16.518750269924983,107.510415516625,767961.7240138449,1827987.9223200004,21337.4,0.0,96.07898208383826,858764.1875,5,89.981995,0,7334.611465979785,7410.598844106198,30.726923853750044,882.1984085790223,4341.299163839548,0.984636538073125,24.3,mountain,4G_remote,2500,1200
BTS_03857,16.52958360432585,107.56791551656254,774087.4049046726,1829264.75225483,21332.46,0.0,96.07898208383826,858764.1875,5,89.98847,0,5925.1038282349555,4731.402702366903,25.368292134255444,886.0380927522253,4566.738313388345,0.9873158539328722,25.6,mountain,4G_remote,2500,1200
BTS_01636,16.445000273350843,107.57479052322668,774941.142067659,1819909.5832999507,21326.07,0.0,96.07898208383826,858764.1875,31,89.994415,0,2294.6728533617156,2431.04237459224,46.106279124983665,0.0,2530.801819649856,0.9769468604375082,25.3,mountain,5G_macro,1000,10000
BTS_02167,16.493750270024982,107.60208218292502,777787.5428506469,1825344.2949277314,21321.17,0.0,96.07898208383826,858764.1875,3,89.97749,0,1891.6963880536243,3352.1234638687038,20.150802438660765,0.0,846.0642209607289,0.9899245987806696,29.2,mountain,5G_macro,1000,10000
BTS_00467,16.527202651585476,107.50339170824154,767199.9640669462,1828914.3393992356,21294.99,0.0,96.07898208383826,858764.1875,7,89.981995,0,8513.608232899898,7235.644085068662,17.742837426266025,1587.0107906741994,3716.642398592147,0.991128581286867,35.6,mountain,4G_remote,2500,1200
BTS_06016,16.527916936554973,107.559582183095,773199.7899484194,1829068.8927417218,21281.53,0.0,96.07898208383826,858764.1875,0,89.994415,0,5730.581949130368,4706.427825638215,116.00320067486689,466.57923297514924,4057.796125431745,0.9419983996625666,22.6,mountain,4G_remote,2500,1200
BTS_03457,16.53041693654499,107.569582183055,774264.2197561665,1829359.2856301023,21272.65,0.0,96.07898208383826,858764.1875,3,89.96817,0,6034.847071471836,4812.584952919052,60.37824052716751,753.7538411673288,4731.61145904248,0.9698108797364162,33.6,mountain,4G_remote,2500,1200
BTS_05309,16.41791693699498,107.569582183055,774422.7342795152,1816904.027605848,21271.66,0.0,96.07898208383826,858764.1875,11,89.984085,0,5149.0463366011245,5440.56002902804,10.891574475244695,1447.507609795014,3757.048227906471,0.9945542127623777,38.4,mountain,4G_remote,2500,1200
BTS_04006,16.532500269877445,107.56958218298745,774261.2743573473,1829589.9395643836,21261.26,0.0,96.07898208383826,858764.1875,5,89.98576,0,6264.053351575708,5043.061611922043,9.54323323742329,858.3941292898166,4935.346943583363,0.9952283833812884,31.7,mountain,4G_remote,2500,1200
BTS_04094,16.50291693665499,107.574582183035,774837.1185291426,1826321.472057233,63779.64,0.0,96.07898208383826,858764.1875,7,89.978165,5,3194.8389618461897,1794.2089681531618,2.042187076741271,327.3339142194163,2281.859956320781,0.9989789064616293,27.9,mountain,4G_remote,2500,1200
BTS_05241,16.457083603504987,107.570415516385,774456.6971276215,1821241.4226183249,21233.81,0.0,96.07898208383826,858764.1875,8,89.983284,0,980.8492335514235,1134.4049200537581,27.612091657489128,122.2963037520589,2278.6434341364957,0.9861939541712554,21.2,mountain,5G_macro,1000,10000
BTS_00946,16.43958360378518,107.59083218435985,776662.7672528906,1819331.7659463994,21162.79,0.0,96.07898208383826,858764.1875,12,89.95974,0,2313.802796281141,3553.4267071045465,18.909291604656477,2.5624675481618535,2871.0423475307052,0.9905453541976718,27.6,mountain,5G_macro,1000,10000
BTS_03399,16.491250270034982,107.49958218333502,766842.5113922243,1824929.043872653,21103.62,0.0,96.07898208383826,858764.1875,8,89.9852,0,6985.567615733819,7695.318686749712,71.36884412884469,903.3582434525113,2527.6721361002387,0.9643155779355777,28.4,mountain,4G_remote,2500,1200
BTS_02441,16.527083603641504,107.5708321831129,774402.4281827628,1828991.9441521463,21080.9,0.0,96.07898208383826,858764.1875,1,89.98714,0,5686.211672452471,4439.767035581064,25.714414640141094,512.8679661219151,4466.328000688353,0.9871427926799294,34.0,mountain,4G_remote,2500,1200
BTS_05342,16.561250269754986,107.505415516645,767369.1259902681,1832686.4186510998,21070.31,0.0,96.07898208383826,858764.1875,2,89.98752,0,11246.804275637787,6988.091982319696,34.03371102939552,500.02648456991903,6007.922837606887,0.9829831444853022,30.6,mountain,4G_remote,2500,1200
BTS_03078,16.525416936564984,107.512082183285,768130.5115795701,1828728.2062870846,21041.94,0.0,96.07898208383826,858764.1875,5,89.93634,0,7701.381193765687,7639.42655705011,7.894985425899602,791.9539430372173,4582.728341900324,0.9960525072870502,28.8,mountain,4G_remote,2500,1200
BTS_02216,16.558750269764978,107.50791551663501,767639.5160359696,1832412.975402633,21015.49,0.0,96.07898208383826,858764.1875,3,89.98818,0,10869.219151331336,7218.237543199123,32.736019771631845,881.1393184555095,5999.978562840316,0.9836319901141841,30.2,mountain,4G_remote,2500,1200
BTS_04720,16.53291693653498,107.572082183045,774527.6703963457,1829639.4816399966,20928.53,0.0,96.07898208383826,858764.1875,4,89.978165,0,6344.752463678735,5085.509058718572,5.72284958395336,657.5338780204711,4959.84391440741,0.9971385752080233,34.0,mountain,4G_remote,2500,1200
BTS_04653,16.41541693700498,107.63124884947501,781015.9942593535,1816711.8246016933,20923.71,0.0,96.07898208383826,858764.1875,20,89.93634,0,6574.120048240514,4918.133977400991,27.109194282043813,948.7645569129727,2593.6243744347303,0.9864454028589781,34.8,mountain,4G_remote,2500,1200
BTS_03620,16.53375026986499,107.571248849715,774437.4962428769,1829730.60586345,20910.95,0.0,96.07898208383826,858764.1875,2,89.97878,0,6423.313609053131,5177.436269240865,14.994062555152741,785.0250695805764,5082.780782586765,0.9925029687224236,32.8,mountain,4G_remote,2500,1200
BTS_04876,16.530416936544984,107.526248849895,769636.4870025481,1829300.6932125138,20905.45,0.0,96.07898208383826,858764.1875,2,89.98953,0,7172.012776932707,6816.520262284068,72.70109642665979,436.0813518719986,4716.611428055818,0.96364945178667,27.0,mountain,4G_remote,2500,1200
BTS_06480,16.48791693671498,107.570415516385,774413.2425479444,1824655.0873708748,20882.65,0.0,96.07898208383826,858764.1875,7,89.95499,0,1507.4675693215868,153.46314924839982,9.35372839718985,0.0,2069.743843006323,0.9953231358014051,19.2,mountain,5G_macro,1000,10000
BTS_04386,16.529166936557473,107.52708218315856,769727.2183682309,1829163.4220761524,20880.35,0.0,96.07898208383826,858764.1875,4,89.969986,0,7007.474116276546,6655.906935721976,31.022157089092715,342.0561995600587,4554.721485980066,0.9844889214554536,20.7,mountain,4G_remote,2500,1200
BTS_05427,16.41875027032498,107.614582182875,779230.1908809389,1817057.8210949828,20793.84,0.0,96.07898208383826,858764.1875,32,89.99628,0,5277.711065957199,4662.7318362396045,207.72916756939074,1616.0775352694611,2145.357972738608,0.8961354162153046,34.4,mountain,4G_remote,2500,1200
BTS_04005,16.529583603214984,107.50458218331501,767323.8177773359,1829179.5141471801,20786.92,0.0,96.07898208383826,858764.1875,5,89.978165,0,8597.540572069236,7259.291733737427,38.62356467838611,1567.8386091717678,3913.7327056955146,0.9806882176608069,35.1,mountain,4G_remote,2500,1200
BTS_01734,16.41375027034498,107.585415516325,776120.536154476,1816464.246187544,20784.74,0.0,96.07898208383826,858764.1875,24,89.99473,0,5182.430067896221,6024.952407249544,27.38346365376186,1701.579175158471,4440.460018977226,0.9863082681731191,36.5,mountain,4G_remote,2500,1200
BTS_03699,16.417083603664985,107.59958218293501,777629.667132606,1816852.665886707,20781.21,0.0,96.07898208383826,858764.1875,29,89.98727,0,4926.01190267047,5457.287116921864,144.13178210459836,1641.5797378015102,3073.2597174093457,0.9279341089477008,24.9,mountain,4G_remote,2500,1200
BTS_04874,16.524583603234984,107.508748849965,767775.6813750968,1828631.509036775,20781.17,0.0,96.07898208383826,858764.1875,6,89.98752,0,7894.526902138818,7875.177846533844,58.064552251927886,1089.8265422591896,4216.468536563352,0.9709677238740361,32.8,mountain,4G_remote,2500,1200
BTS_05685,16.529583603214988,107.558748849765,773108.4473079816,1829252.282916862,20750.55,0.0,96.07898208383826,858764.1875,3,89.981995,0,5921.059976036412,4908.277873062113,30.2609471377272,558.8056346948239,4210.150600338124,0.9848695264311365,25.1,mountain,4G_remote,2500,1200
BTS_03198,16.527916936554973,107.566248849735,773911.765032924,1829077.9589723041,20691.7,0.0,96.07898208383826,858764.1875,6,89.969986,0,5728.089250912241,4565.856011676718,11.286640191976812,1010.615205111562,4321.863303671448,0.9943566799040116,26.0,mountain,4G_remote,2500,1200
BTS_05975,16.52875026988498,107.50624884997501,767502.952224708,1829089.4721576856,20659.05,0.0,96.07898208383826,858764.1875,6,89.909966,0,8404.949485506693,7458.141248474534,13.689107813452678,1506.6897753885037,4056.5717743440086,0.9931554460932737,27.5,mountain,4G_remote,2500,1200
BTS_03708,16.582916936334982,107.50124884999501,766894.349140913,1835079.57609272,20655.32,0.0,96.07898208383826,858764.1875,5,89.98763,0,13530.139799753855,7318.872427811429,12.897448731350469,553.4377808472675,7712.0346615376375,0.9935512756343248,30.1,mountain,4G_remote,2500,1200
BTS_05934,16.527083603224984,107.50624884997501,767505.2498105866,1828904.9566867566,20649.23,0.0,96.07898208383826,858764.1875,5,89.98594,0,8278.473714648877,7523.737528130967,90.79204205977275,1439.3325687069582,4009.1223205397937,0.9546039789701136,27.0,mountain,4G_remote,2500,1200
BTS_05208,16.53041693654499,107.505415516645,767411.6619876276,1829272.879540629,20639.37,0.0,96.07898208383826,858764.1875,5,89.99006,0,8597.114870610703,7312.3828427334365,25.430163179037354,1615.7524895645636,4027.528624298119,0.9872849184104813,22.6,mountain,4G_remote,2500,1200
BTS_05151,16.525833603237473,107.50958218322903,767862.9514538181,1828771.0051521135,20618.91,0.0,96.07898208383826,858764.1875,7,89.97503,0,7924.4818152412,7887.671069954292,11.136558428424461,1057.3741151254771,4328.004306778908,0.9944317207857878,25.4,mountain,4G_remote,2500,1200
BTS_06038,16.53208360320498,107.531248849875,770168.1284487462,1829491.9213726472,20596.89,0.0,96.07898208383826,858764.1875,5,89.981995,0,7054.398560404194,6587.699377053688,19.695543590573713,523.5526641676616,4708.017187668176,0.9901522282047132,34.3,mountain,4G_remote,2500,1200
BTS_00747,16.533750270281608,107.5016655167212,767006.608799577,1829636.9276293702,20573.33,0.0,96.07898208383826,858764.1875,5,89.95974,0,9141.53813440131,6816.879963049114,51.27618898253411,1133.3368970698116,3799.7140441997267,0.9743619055087329,29.3,mountain,4G_remote,2500,1200
BTS_06004,16.530416936544984,107.55791551643502,773018.2787669018,1829343.4124233415,20554.16,0.0,96.07898208383826,858764.1875,4,89.969986,0,6020.587134023444,5021.957524869759,90.61170002737073,611.4688953370282,4277.141572590658,0.9546941499863146,27.5,mountain,4G_remote,2500,1200
BTS_06319,16.53041693654499,107.524582183235,769458.4998967495,1829298.4596179426,20533.74,0.0,96.07898208383826,858764.1875,5,89.909966,0,7271.2529329051795,6943.840752816396,86.3249711974897,418.7182091477493,4787.8804880394355,0.9568375144012552,23.9,mountain,4G_remote,2500,1200
BTS_01044,16.529166936557484,107.50791551656907,767680.3639300894,1829137.8182134745,20483.59,0.0,96.07898208383826,858764.1875,9,89.98594,0,8309.677662631993,7610.0529025887145,19.423944582379995,1361.6844303791327,4240.3813834166085,0.99028802770881,27.7,mountain,4G_remote,2500,1200
BTS_02004,16.528750269884984,107.56291551641502,773554.6022252606,1829165.6840456887,20483.08,0.0,96.07898208383826,858764.1875,3,89.909966,0,5810.528865155094,4713.461281090646,13.360128235726627,811.3198623831505,4262.545260382102,0.9933199358821367,34.3,mountain,4G_remote,2500,1200
BTS_03493,16.530416936544984,107.507082183305,767589.6468867795,1829275.0961337315,20476.1,0.0,96.07898208383826,858764.1875,7,89.99331,0,8470.426308338821,7480.864056941225,11.78186258405154,1504.1831007868411,4196.1926299902725,0.9941090687079742,27.3,mountain,4G_remote,2500,1200
BTS_00474,16.53375026986498,107.527082183225,769720.8460086421,1829670.846599477,20382.07,0.0,96.07898208383826,858764.1875,6,89.93634,0,7436.795880483412,7021.2325161945155,145.8689010054255,815.7144878381127,5028.07128847186,0.9270655494972873,34.3,mountain,4G_remote,2500,1200
BTS_04775,16.527083603224987,107.50791551663501,767683.2378702019,1828907.1736225565,20341.24,0.0,96.07898208383826,858764.1875,7,89.95974,0,8148.77378852183,7689.651339628401,8.90637138782906,1273.61317489248,4182.321995755814,0.9955468143060855,31.1,mountain,4G_remote,2500,1200
BTS_01561,16.42375027071927,107.69583218261604,787905.4357500626,1817725.2485136664,20340.1,0.0,96.07898208383826,858764.1875,8,89.97153,0,8763.824403529343,8485.307531492628,11.647635578760845,1383.5717350735338,3054.0040937753815,0.9941761822106195,30.6,mountain,4G_remote,2500,1200
BTS_03474,16.489583603374978,107.566248849735,773965.8173477931,1824833.943294762,20338.66,0.0,96.07898208383826,858764.1875,4,89.98499,0,1511.6757972259636,628.6513769949287,11.23237686332618,0.0,1634.5120035461782,0.9943838115683369,24.0,mountain,5G_macro,1000,10000
BTS_03951,16.527916936554984,107.508748849965,767771.0820577431,1829000.5405259365,20277.22,0.0,96.07898208383826,858764.1875,6,89.95974,0,8149.0799092901225,7740.584446697337,21.46968717356303,1224.4493463006547,4290.43064168598,0.9892651564132184,31.4,mountain,4G_remote,2500,1200
BTS_05295,16.522083603244983,107.547915516475,771962.0152996136,1828407.2622684054,20276.97,0.0,96.07898208383826,858764.1875,3,89.98752,0,5325.486740321904,4629.862794771632,126.87230611806828,518.5586379875882,3231.5130822111983,0.9365638469409658,38.9,mountain,4G_remote,2500,1200
BTS_02799,16.53125026987499,107.52374884990502,769368.3493792992,1829389.602175324,20267.51,0.0,96.07898208383826,858764.1875,6,89.982346,0,7397.721108268158,7071.942257347079,107.1836026668116,508.1221802252059,4908.99252089005,0.9464081986665942,27.3,mountain,4G_remote,2500,1200
BTS_01915,16.53180582585979,107.50652662734963,767528.4032943251,1829428.1201102734,20262.26,0.0,96.07898208383826,858764.1875,9,89.95499,0,8621.426285860662,7376.67233111764,7.964139158849571,1628.8044328118244,4191.221809585436,0.9960179304205752,27.2,mountain,4G_remote,2500,1200
BTS_05469,16.560416936424982,107.50458218331501,767281.2980536508,1832593.0512060358,20249.89,0.0,96.07898208383826,858764.1875,3,89.97153,0,11219.079342791183,6886.9500447836745,57.121629545780515,541.944922677085,5879.756314016363,0.9714391852271097,27.4,mountain,4G_remote,2500,1200
BTS_01554,16.35791693723499,107.724582182435,791075.6731273499,1810477.011954254,20224.49,0.0,96.07898208383826,858764.1875,7,89.97878,0,1326.102130248575,15441.732027275308,83.90268477868828,1573.622249606175,3455.4497143552235,0.9580486576106558,29.7,mountain,4G_remote,2500,1200
BTS_04790,16.451250270194972,107.612082182885,778916.5960247333,1820652.6515136582,20209.3,0.0,96.07898208383826,858764.1875,3,89.982346,0,2406.3202493724216,1708.4094495138822,9.886178022038466,0.0,1288.141787490601,0.9950569109889807,22.2,mountain,5G_macro,1000,10000
BTS_02709,16.362916937214983,107.726248849095,791246.41640601,1811033.022191596,20208.81,0.0,96.07898208383826,858764.1875,10,89.99181,0,1407.8398126950055,15168.944061226039,13.391506500605624,1084.6570508772973,3295.273643334487,0.9933042467496972,31.4,mountain,4G_remote,2500,1200
BTS_02810,16.438750270244984,107.534582183195,770653.8992761127,1819163.3798736872,20197.93,0.0,96.07898208383826,858764.1875,7,89.93634,0,4971.815170092004,5189.25280661329,15.598177588176771,633.2887934481271,1783.0286699213445,0.9922009112059116,33.4,mountain,4G_remote,2500,1200
BTS_03560,16.421666936987315,107.69708218247409,788042.0869947413,1817496.3552604103,20159.58,0.0,96.07898208383826,858764.1875,8,89.97503,0,8497.244965166945,8712.262954304517,81.45049768357141,1230.6182695803102,2849.0820492357966,0.9592747511582143,26.7,mountain,4G_remote,2500,1200
BTS_04917,16.48958360337498,107.563748849745,773698.7735069098,1824830.5476869259,20151.34,0.0,96.07898208383826,858764.1875,5,89.98908,0,1475.4833186526978,874.7830409806479,60.65486747506608,108.2909575944893,1369.3765910878578,0.969672566262467,27.3,mountain,5G_macro,1000,10000
BTS_06400,16.41625027033499,107.598748849605,777541.8008200321,1816759.2608119694,20138.48,0.0,96.07898208383826,858764.1875,26,89.9951,0,4996.878382537072,5582.129068155831,66.29094697230656,1660.9992079523051,3201.3610987055504,0.9668545265138467,23.6,mountain,4G_remote,2500,1200
BTS_01505,16.440416939109983,107.57597107094935,775073.7371428297,1819403.7519428886,20131.99,0.0,96.07898208383826,858764.1875,32,89.99354,0,2623.866736609442,2946.803810498351,19.409919390032954,0.0,2760.565425926925,0.9902950403049835,27.6,mountain,5G_macro,1000,10000
BTS_05277,16.365416937204984,107.722082182445,790797.2974522538,1811303.8615431418,20127.63,0.0,96.07898208383826,858764.1875,3,89.97503,0,1930.1806155576794,14658.360619835586,49.526077806446246,725.7608444180294,2772.1604366181186,0.9752369610967768,24.4,mountain,4G_remote,2500,1200
BTS_03596,16.41958360365498,107.697915515875,788134.2135036965,1817266.8693540862,20118.61,0.0,96.07898208383826,858764.1875,6,89.95974,0,8252.912619776678,8902.727784486258,30.845564356926474,1005.4594002543796,2643.8193446660616,0.9845772178215367,31.0,mountain,4G_remote,2500,1200
BTS_01163,16.58458360299498,107.507082183305,767514.820316821,1835271.8658846326,20110.7,147.93209838867188,96.07898208383826,858764.1875,7,89.97153,0,13402.001121274672,7956.653463904439,207.832175633892,530.6055959705704,8182.631348249495,0.8960839121830539,27.9,mountain,4G_remote,2500,1200
BTS_05706,16.35875027056499,107.726248849095,791252.6047271756,1810571.6709126916,20108.86,0.0,96.07898208383826,858764.1875,3,89.97153,0,1181.8828099667776,15497.756611047798,66.93204846845747,1521.1748646996846,3504.1683912938943,0.9665339757657713,28.8,mountain,4G_remote,2500,1200
BTS_01731,16.36791693719498,107.72708218242501,791328.068456914,1811587.839471024,20086.85,0.0,96.07898208383826,858764.1875,6,89.981995,0,1748.208312565652,14848.662925778845,32.45337607656612,674.0581533163512,3086.2159563850687,0.9837733119617169,37.7,mountain,4G_remote,2500,1200
BTS_05018,16.533750269864985,107.524582183235,769453.8698762094,1829667.4950540808,20068.62,0.0,96.07898208383826,858764.1875,5,89.9852,0,7578.4000211981065,7204.293908220274,51.05782172944451,786.967531942532,5125.794994029617,0.9744710891352777,28.9,mountain,4G_remote,2500,1200
BTS_01643,16.558750269764985,107.50624884997501,767461.5571169192,1832410.754701543,20033.48,0.0,96.07898208383826,858764.1875,3,89.97878,0,10966.773847482858,7041.254340988538,76.0555314524609,783.6705290584952,5871.74900839898,0.9619722342737695,27.3,mountain,4G_remote,2500,1200
BTS_04045,16.427916936954976,107.692082182565,787498.5651736549,1818181.2595761078,19992.49,0.0,96.07898208383826,858764.1875,6,89.983284,0,9364.22338423232,7918.641255170229,10.472480239381277,1625.8958327499306,3485.3296966715384,0.9947637598803094,31.1,mountain,4G_remote,2500,1200
BTS_03235,16.455416936844983,107.567082183065,774102.9217958346,1821052.3746496406,19980.83,0.0,96.07898208383826,858764.1875,1,0.0,0,1256.060898808524,1441.1111967782024,109.54490478189135,48.40900647803957,1877.7396900172744,0.9452275476090544,27.2,urban,5G_macro,1000,10000
BTS_04252,16.45125027019499,107.572082183045,774642.9744518274,1820597.8596413406,19979.28,0.0,96.07898208383826,858764.1875,0,89.979866,0,1617.9646422387668,1740.2141390293536,27.292143478354586,30.86195649081129,2250.958866237091,0.9863539282608227,23.7,mountain,5G_macro,1000,10000
BTS_03251,16.536250269854982,107.571248849715,774433.9587359158,1830007.3909634226,19974.44,0.0,96.07898208383826,858764.1875,3,89.98576,0,6697.6740209775135,5454.240904859114,13.346389160568577,963.6681567716179,5329.41693735881,0.9933268054197157,29.1,mountain,4G_remote,2500,1200
BTS_05077,16.45291693685498,107.572915516375,774729.6587227657,1820783.5149258773,19945.43,0.0,96.07898208383826,858764.1875,0,89.97878,0,1438.9299212705964,1550.8267886747872,36.39888815261754,99.74737543258308,2374.7142631705306,0.9818005559236912,20.4,mountain,5G_macro,1000,10000
BTS_03690,16.529583603631526,107.51083218335143,767991.2646563299,1829187.830896567,19944.28,0.0,96.07898208383826,858764.1875,5,89.93634,0,8125.094202431541,7889.975326712373,124.26765448883543,1107.2891445625714,4552.657442378476,0.9378661727555823,31.5,mountain,4G_remote,2500,1200
BTS_02063,16.58458360330546,107.50166551748809,766936.5323169307,1835264.646495213,19899.55,133.66697692871094,96.07898208383826,858764.1875,7,89.99371,0,13670.050594634818,7445.933839749837,129.72464574147625,687.9564116469863,7895.763965464505,0.9351376771292619,31.8,mountain,4G_remote,2500,1200
BTS_00463,16.36368616951214,107.72887705214767,791526.2246252897,1811121.9659045597,19831.25,0.0,96.07898208383826,858764.1875,10,89.96817,0,1261.4608628245003,15310.28224436091,15.958419460908141,1151.258305381191,3481.820574148775,0.9920207902695459,24.0,mountain,4G_remote,2500,1200
BTS_01972,16.368750270524977,107.72874884908501,791504.9893819821,1811682.5021574723,19829.63,0.0,96.07898208383826,858764.1875,5,89.909966,0,1730.3684614046451,14916.952222634156,18.3874083085976,743.3303202964918,3209.211580036383,0.9908062958457012,24.1,mountain,4G_remote,2500,1200
BTS_01765,16.494916936945128,107.49641551673294,766499.2490650724,1825330.7854754964,19824.71,0.0,96.07898208383826,858764.1875,7,89.9852,0,7417.138187142064,8066.924166784936,22.593354804385772,916.2117040561324,2223.5013934363574,0.9887033225978071,34.2,mountain,4G_remote,2500,1200
BTS_03221,16.358750270564983,107.727915515755,791430.773256887,1810574.0612063166,19798.84,0.0,96.07898208383826,858764.1875,6,89.97749,0,1016.2225562467571,15621.94263232401,52.393276738354366,1579.1591415060036,3472.329601634241,0.9738033616308228,32.1,mountain,4G_remote,2500,1200
BTS_02373,16.48875027004498,107.572915516375,774679.1131653709,1824750.7529993616,19736.2,0.0,96.07898208383826,858764.1875,4,89.9852,0,1734.19688834721,247.69212558163235,50.70823822745035,59.56805773720774,2228.185588655115,0.9746458808862748,35.4,mountain,5G_macro,1000,10000
BTS_02472,16.50791693705109,107.59166551636342,776654.6956303436,1826898.4331092814,59202.85,0.0,96.07898208383826,858764.1875,4,89.95499,5,3532.649409610589,3164.8727636957374,4.41072973951965,301.22090744792354,1644.37916924043,0.9977946351302401,22.0,mountain,4G_remote,2500,1200
BTS_04236,16.48791693713058,107.50333218338126,767247.6365722921,1824564.9820721478,19731.18,0.0,96.07898208383826,858764.1875,5,89.95974,0,6514.193776372791,7281.055877098776,67.95849470810988,1096.3863644285098,2953.63202753407,0.966020752645945,37.8,mountain,4G_remote,2500,1200
BTS_03276,16.536250269854982,107.573748849705,774700.939583621,1830010.8050771572,19700.33,0.0,96.07898208383826,858764.1875,3,89.983284,0,6737.571828740504,5459.550506048491,116.78118216858715,762.2507683053935,5216.539247244475,0.9416094089157064,35.0,mountain,4G_remote,2500,1200
BTS_06005,16.489583603374978,107.606248849575,778238.5790582697,1824888.7245170171,19670.85,0.0,96.07898208383826,858764.1875,4,89.98818,0,1590.351600380341,3720.0124587292107,37.598734239090426,0.0,1277.0809253471327,0.9812006328804548,20.3,mountain,5G_macro,1000,10000
BTS_04605,16.488750270044985,107.571248849715,774501.0823399397,1824748.48309203,19659.97,0.0,96.07898208383826,858764.1875,7,89.97503,0,1632.7570806355423,196.4590493691825,6.847283380386404,0.0,2160.5211847940436,0.9965763583098068,24.6,mountain,5G_macro,1000,10000
BTS_05968,16.478750270084983,107.607915516235,778432.11521999,1823691.5987494464,19644.58,0.0,96.07898208383826,858764.1875,2,89.981995,0,942.5000941902,2848.2740942226205,21.693303451655282,0.0,2021.64028368605,0.9891533482741723,18.4,mountain,5G_macro,1000,10000
BTS_04673,16.529583603214984,107.522082183245,769192.6758127215,1829202.8533035575,19629.8,0.0,96.07898208383826,858764.1875,6,89.983284,0,7351.3478128256675,7077.0810190015945,47.47571210421986,361.78501747963503,4822.65607201923,0.97626214394789,19.9,mountain,4G_remote,2500,1200
BTS_03213,16.437916937329522,107.58916551637341,776487.0504819676,1819144.9620046418,19618.84,0.0,96.07898208383826,858764.1875,15,89.98883,0,2491.2915818393167,3625.7740213087895,41.02770144836795,21.762207052594565,3055.311642444555,0.979486149275816,26.2,mountain,5G_macro,1000,10000
BTS_00032,16.472083604284947,107.60891551697803,778548.480283643,1822954.870559054,19602.03,0.0,96.07898208383826,858764.1875,6,89.95974,0,1155.3180882527358,2262.340374236439,17.177347801950678,0.0,2655.5406066894075,0.9914113260990247,22.0,mountain,5G_macro,1000,10000
BTS_02095,16.367083603864977,107.729582182415,791596.548631609,1811499.1578300036,19540.22,0.0,96.07898208383826,858764.1875,4,89.96817,0,1525.8455449870262,15107.327734456268,57.90036567896454,929.9834114459381,3366.906364678804,0.9710498171605177,22.5,mountain,4G_remote,2500,1200
BTS_01126,16.50114610415054,107.49104051605245,765916.6272016417,1826013.3046280679,19536.95,0.0,96.07898208383826,858764.1875,5,89.98994,0,8175.926727269736,7782.595041990187,43.78551906255831,754.0576231530285,1941.8565724801151,0.9781072404687209,36.3,mountain,4G_remote,2500,1200
BTS_01519,16.360208604933007,107.73062384987212,791718.1284217085,1810739.4221054094,19518.03,0.0,96.07898208383826,858764.1875,7,89.95974,0,856.037766526943,15712.501940033686,50.460465867135696,1573.1293393380074,3600.8034647396385,0.9747697670664321,38.6,mountain,4G_remote,2500,1200
BTS_05223,16.41875027032498,107.604582182915,778161.5946087864,1817044.0545525732,19509.6,0.0,96.07898208383826,858764.1875,34,89.99228,0,4882.765860225724,5039.630209496032,56.49269005529715,1840.8526609545331,2597.1352818866717,0.9717536549723514,26.2,mountain,4G_remote,2500,1200
BTS_00976,16.430416937242374,107.68916551672434,787183.2115502362,1818453.9222004102,19482.88,10.753493309020996,96.07898208383826,858764.1875,6,89.97503,0,9761.953194909696,7517.528774473775,15.88893957981817,1498.0612893804564,3718.1372816558187,0.992055530210091,38.8,mountain,4G_remote,2500,1200
BTS_04680,16.41750027033736,107.6162488494662,779410.0783720356,1816921.7251820255,19474.89,0.0,96.07898208383826,858764.1875,24,89.99376,0,5483.039581904006,4756.229123537655,44.658414908606275,1649.9675686798557,2224.167893285108,0.9776707925456969,31.3,mountain,4G_remote,2500,1200
BTS_00209,16.493718228973368,107.58471037529266,775931.9794893239,1825316.884989877,19451.02,0.0,96.07898208383826,858764.1875,0,89.98752,0,2431.078343520248,1597.270504914254,12.300725227076935,30.941791698098314,927.2578382982668,0.9938496373864615,17.0,mountain,5G_macro,1000,10000
BTS_02633,16.417916936994988,107.56791551639502,774244.6389931245,1816901.7692967658,19417.33,0.0,96.07898208383826,858764.1875,13,89.99293,0,5223.872616346721,5456.80680275737,17.373859047915786,1540.5719476504667,3664.6345671569966,0.9913130704760421,33.4,mountain,4G_remote,2500,1200
BTS_02555,16.357083603904986,107.72874884908501,791522.3347762248,1810390.7161058967,19413.41,0.0,96.07898208383826,858764.1875,7,89.97503,0,871.5481119296468,15816.25460324359,16.550823553456794,1543.2811729687987,3276.8059884493623,0.9917245882232716,28.0,mountain,4G_remote,2500,1200
BTS_06150,16.41291693701498,107.588748849645,776477.9173940367,1816376.5321959944,19410.33,0.0,96.07898208383826,858764.1875,18,89.99307,0,5259.545437641035,6199.702140031745,45.89454626448864,1731.5104624315993,4221.867484336527,0.9770527268677557,33.3,mountain,4G_remote,2500,1200
BTS_00676,16.532803311538643,107.55837005652567,773063.4620783722,1829608.2324016157,19404.61,0.0,96.07898208383826,858764.1875,6,89.98727,0,6279.641227666072,5262.358497753702,11.949072804250926,807.7614219790865,4545.348123290886,0.9940254635978746,29.6,mountain,4G_remote,2500,1200
BTS_03618,16.36541693720498,107.719582182455,790530.0549435879,1811300.2830522796,19401.51,0.0,96.07898208383826,858764.1875,3,89.98883,0,2151.5014056743166,14471.621556497408,47.72623276670015,783.7296513630853,2561.7826384742257,0.97613688361665,34.4,mountain,4G_remote,2500,1200
BTS_03388,16.537916936514982,107.564582183075,773719.6594713652,1830182.8255478544,19393.59,0.0,96.07898208383826,858764.1875,4,89.97503,0,6827.278682016577,5686.695479242233,5.401959620611705,1629.8094193701013,5276.502467481042,0.9972990201896942,24.0,mountain,4G_remote,2500,1200
BTS_00779,16.48666693672746,107.4987488499393,766759.7862984642,1824420.5274734083,19321.7,0.0,96.07898208383826,858764.1875,11,89.981995,0,6970.634159653541,7770.043827279592,10.252675252691192,1388.206856948897,2494.5090530461725,0.9948736623736544,36.4,mountain,4G_remote,2500,1200
BTS_03396,16.536250269854982,107.502082183325,767047.6620589232,1829914.2534757403,19313.1,0.0,96.07898208383826,858764.1875,5,89.97153,0,9305.091819865442,6783.173050224519,49.979174634523694,1167.279805791953,3968.783981242416,0.9750104126827381,24.4,mountain,4G_remote,2500,1200
BTS_03236,16.413750270344984,107.59291551629501,776921.9929515033,1816474.4872914394,19308.91,0.0,96.07898208383826,858764.1875,24,89.983284,0,5182.816326573669,6152.467040967321,30.009401628735368,1668.8940607527352,3831.8121282738866,0.9849952991856323,36.6,mountain,4G_remote,2500,1200
BTS_05834,16.366250270534984,107.73041551574501,791686.869275463,1811408.084235338,19306.29,0.0,96.07898208383826,858764.1875,6,89.98946,0,1401.945604368618,15235.37561933864,33.30749026761246,1058.0504735280083,3487.459983209156,0.9833462548661938,32.8,mountain,4G_remote,2500,1200
BTS_05367,16.37291693717498,107.727915515755,791409.7137919033,1812142.6579693358,19283.81,3.841597080230713,96.07898208383826,858764.1875,2,89.95974,0,2181.6158853308834,14542.954458675595,74.07855696080492,506.6361804078906,2969.7756848876847,0.9629607215195976,30.8,mountain,4G_remote,2500,1200
BTS_00588,16.36239610499111,107.73166551669372,791826.2278211343,1810983.128752192,19266.62,0.0,96.07898208383826,858764.1875,7,89.98594,0,966.6050625239612,15624.52810307384,8.898630365008868,1453.1945527557932,3810.629948015844,0.9955506848174955,35.0,mountain,4G_remote,2500,1200
BTS_02401,16.436250270254984,107.585415516325,776088.7299858483,1818955.3146754901,19247.76,0.0,96.07898208383826,858764.1875,24,89.98658,0,2705.305036322278,3629.8905161876323,14.24008448661666,16.09320269047817,3470.5864716059714,0.9928799577566917,21.6,mountain,5G_macro,1000,10000
BTS_03422,16.374166937177275,107.7262488490233,791229.7002649694,1812278.6713490032,19227.81,194.45993041992188,96.07898208383826,858764.1875,4,89.95499,0,2385.096563092765,14317.739998046174,24.873879461405043,362.9042318720358,2761.82493673523,0.9875630602692975,26.6,mountain,4G_remote,2500,1200
BTS_02859,16.353750270997725,107.72916551581692,791571.831727329,1810022.232448549,19225.71,0.0,96.07898208383826,858764.1875,5,89.982346,0,813.0670221621676,16113.587388156535,78.80010003556895,1256.350218984641,2905.0674905226133,0.9605999499822155,29.8,mountain,4G_remote,2500,1200
BTS_03316,16.49541693668498,107.588748849645,776360.9420663926,1825510.490464613,19203.59,0.0,96.07898208383826,858764.1875,7,89.98714,0,2342.510738838807,2066.9047941624885,65.84110942025103,53.70250727200519,555.7858326765502,0.9670794452898744,26.7,mountain,5G_macro,1000,10000
BTS_05676,16.549583603134984,107.449582183535,761423.4359715704,1831321.3312220105,19189.54,4854.47119140625,96.07898208383826,858764.1875,8,89.979866,0,14591.213700733057,985.6739032782751,90.6454401620716,309.91410836115404,2184.411512962185,0.9546772799189642,24.3,mountain,4G_remote,2500,1200
BTS_06360,16.35458360391499,107.722082182445,790813.3616149896,1810104.3518055275,19150.41,0.0,96.07898208383826,858764.1875,8,89.9852,0,1557.4452672401299,15534.016275595799,55.91520422979162,1924.989848958563,3187.350349076166,0.9720423978851042,23.7,mountain,4G_remote,2500,1200
BTS_03616,16.36458360387498,107.71874884912502,790442.2087653709,1811206.8211574766,19123.0,0.0,96.07898208383826,858764.1875,4,89.99168,0,2181.662524915556,14476.80285681593,58.20562789451241,904.1518360058203,2555.803984317319,0.9708971860527438,30.1,mountain,4G_remote,2500,1200
BTS_05545,16.457916936834984,107.55374884978501,772674.9445920633,1821311.1106972387,19107.66,0.0,96.07898208383826,858764.1875,7,89.93634,0,2107.843880698949,2324.133652574918,10.073092085346211,0.0,969.3259947336203,0.9949634539573269,28.7,mountain,5G_macro,1000,10000
BTS_03867,16.41375027034498,107.577082183025,775230.0333004778,1816452.90208366,19096.59,0.0,96.07898208383826,858764.1875,28,89.990906,0,5325.383804046447,5899.709091846719,37.43101042038079,1624.9338942853221,4596.294492908424,0.9812844947898096,30.2,mountain,4G_remote,2500,1200
BTS_00625,16.351805826581064,107.72735995980385,791381.6983551157,1809804.3452396055,19088.75,0.0,96.07898208383826,858764.1875,9,89.99153,0,1057.3089131578624,16140.07411232239,34.28211118050357,1305.655909802145,2727.383063223169,0.9828589444097482,22.3,mountain,4G_remote,2500,1200
BTS_04566,16.413750270344984,107.700415515865,788409.9875947986,1816624.5469241703,19076.82,0.0,96.07898208383826,858764.1875,5,89.98714,0,7560.65987925,9465.090586449445,24.568277292924307,455.4891799713498,2125.0577858505217,0.9877158613535378,30.6,mountain,4G_remote,2500,1200
BTS_01336,16.490972492578578,107.56847107234115,774201.2320792,1824990.7331287195,19057.87,0.0,96.07898208383826,858764.1875,4,89.97503,0,1725.6828317286675,545.8795933818079,51.055947405292216,77.92252415658974,1890.1318068523956,0.9744720262973539,24.1,mountain,5G_macro,1000,10000
BTS_04924,16.35708360390498,107.731248849075,791789.5903971794,1810394.3050692023,19046.26,0.0,96.07898208383826,858764.1875,6,89.969986,0,616.5007729356963,16003.672387029364,48.15277255889666,1379.789039429475,3251.304527157164,0.9759236137205517,23.9,mountain,4G_remote,2500,1200
BTS_06458,16.41958360365499,107.565415516405,773975.1595668877,1817082.905643377,19023.21,2.6212990283966064,96.07898208383826,858764.1875,12,89.991,0,5167.112828116761,5309.706938570374,48.35058589070275,1572.9515615152152,3373.9157216911876,0.9758247070546486,27.1,mountain,4G_remote,2500,1200
BTS_00140,16.476401789523962,107.55575642748624,772863.5284126615,1823360.3231392903,19011.34,312.4605712890625,96.07898208383826,858764.1875,8,89.95974,0,785.1267256492356,2040.5841857437663,7.880200906209551,0.0,1361.5135322917367,0.9960598995468952,23.8,mountain,5G_macro,1000,10000
BTS_06346,16.53541693652498,107.561248849755,773367.2143793938,1829901.506691665,18904.66,0.0,96.07898208383826,858764.1875,1,89.93634,0,6551.637690460127,5472.214538314699,138.33935189094498,1202.4479860932677,4904.327781925143,0.9308303240545275,31.3,mountain,4G_remote,2500,1200
BTS_04969,16.35041693726498,107.72874884908501,791532.2410225158,1809652.5531432822,18846.61,0.0,96.07898208383826,858764.1875,9,89.98727,0,990.6599397778019,16353.772633873223,23.59147745237689,1107.5903889178999,2547.3929494783806,0.9882042612738116,21.6,mountain,4G_remote,2500,1200
BTS_01622,16.50458360331498,107.639582182775,781777.5590357087,1826595.8066821478,18844.42,0.578108012676239,96.07898208383826,858764.1875,4,89.979866,0,5284.102679850643,5211.123224078141,269.84832540294724,334.25656425891333,4830.0935259261,0.8650758372985263,22.4,mountain,4G_remote,2500,1200
BTS_04732,16.538750269844982,107.563748849745,773629.4911621774,1830273.952373165,18833.37,0.0,96.07898208383826,858764.1875,5,89.97153,0,6918.062652075742,5790.225872092755,19.805718247001117,1619.589998692879,5335.67232945666,0.9900971408764995,30.1,mountain,4G_remote,2500,1200
BTS_03077,16.5554169368621,107.51583218333155,768489.4442367253,1832054.509942193,18829.86,0.0,96.07898208383826,858764.1875,3,89.981995,0,10113.499002463335,8033.551945409907,69.95290899503644,1177.798414752421,6392.4167862380355,0.9650235455024818,20.3,mountain,4G_remote,2500,1200
BTS_01387,16.45000027062221,107.52249884990543,769347.3478791406,1820392.7305803134,18812.4,0.0,96.07898208383826,858764.1875,8,89.982346,0,5223.179772564851,5752.013807745067,20.884927784377798,1173.592865223957,2834.0030449665783,0.989557536107811,29.3,mountain,4G_remote,2500,1200
BTS_01795,16.537083603601687,107.50333218338126,767179.9983677347,1830008.1717547132,18725.15,0.0,96.07898208383826,858764.1875,6,89.99181,0,9278.78569470085,6889.636172173169,12.02644579126032,1308.9539328366093,4130.452173581582,0.9939867771043699,37.2,mountain,4G_remote,2500,1200
BTS_00838,16.51750026993741,107.61458218280625,779088.6565179587,1827991.0931286844,18700.47,159.25729370117188,96.07898208383826,858764.1875,4,89.993286,0,4784.837772997556,5710.266646895246,63.33644108682205,383.15383076846365,3468.9432483536666,0.968331779456589,19.3,mountain,4G_remote,2500,1200
BTS_00396,16.484583603394977,107.498748850005,766762.6425359389,1824189.8850012668,18683.6,0.0,96.07898208383826,858764.1875,11,89.984085,0,6936.317692968827,7774.5714877042965,56.8756282365613,1599.1341463882286,2553.0500188622345,0.9715621858817194,26.3,mountain,4G_remote,2500,1200
BTS_02059,16.485416936724977,107.49791551667501,766672.4874277213,1824281.039867926,18677.66,0.0,96.07898208383826,858764.1875,12,89.97503,0,7037.229363030296,7860.936259923729,14.61761319769534,1551.6574465849433,2441.4871413721926,0.9926911934011523,23.1,mountain,4G_remote,2500,1200
BTS_05701,16.352916937254978,107.72374884910501,790994.0054257868,1809922.1978027388,18667.7,0.0,96.07898208383826,858764.1875,10,89.95974,0,1399.3565265589268,15790.332006341589,17.87636483002447,1707.809860589696,2952.3285251212924,0.9910618175849878,29.5,mountain,4G_remote,2500,1200
BTS_04546,16.362916937627933,107.733332182467,792003.617974285,1811043.193411737,18648.65,0.0,96.07898208383826,858764.1875,7,89.98658,0,934.3450335714216,15714.94473839407,8.169861799798827,1538.792385538177,3892.6553026743854,0.9959150691001006,36.0,mountain,4G_remote,2500,1200
BTS_04689,16.536250269854982,107.50624884997501,767492.610297482,1829919.7920710805,18628.15,0.0,96.07898208383826,858764.1875,6,89.99252,0,8998.955598226386,7214.166553236118,26.795737722194684,1611.1707549995472,4361.276163963113,0.9866021311389026,31.0,mountain,4G_remote,2500,1200
BTS_02492,16.356250270574982,107.73374884906501,792058.0872622827,1810305.6266152149,18603.45,0.0,96.07898208383826,858764.1875,6,89.99104,0,333.98217784505164,16258.10313683337,22.29505673308959,1168.2553322906517,3155.4336305032048,0.9888524716334552,29.5,mountain,4G_remote,2500,1200
BTS_05952,16.476250270094983,107.608748849565,778524.7144810162,1823415.958322633,18599.91,0.0,96.07898208383826,858764.1875,3,89.982346,0,1010.791955822843,2584.699951569162,51.73595658424723,0.0,2283.714994260362,0.9741320217078764,26.3,mountain,5G_macro,1000,10000
BTS_04008,16.44541693688498,107.525415516565,769665.2908723463,1819889.1994853832,18576.03,0.0,96.07898208383826,858764.1875,8,89.97153,0,5280.645541218071,5652.632846241099,48.500203701368605,822.0116233559429,2546.209545668369,0.9757498981493157,30.4,mountain,4G_remote,2500,1200
BTS_00836,16.354583603914985,107.734582182395,792149.6552310982,1810122.283192011,18529.42,0.0,96.07898208383826,858764.1875,7,89.95974,0,227.4574081443179,16451.387705269848,24.367449750673835,963.3420267502041,2974.97323662034,0.9878162751246631,32.9,mountain,4G_remote,2500,1200
BTS_04726,16.36041693722498,107.73374884906501,792051.8827812071,1810766.9802479302,18478.08,0.0,96.07898208383826,858764.1875,3,89.98594,0,664.284671627494,15936.952138561926,32.981534565308024,1598.4495848802228,3616.666822078154,0.983509232717346,28.5,mountain,4G_remote,2500,1200
BTS_01205,16.48300027306367,107.64549885087831,782440.8958716798,1824214.4040750044,18461.75,0.0,96.07898208383826,858764.1875,4,89.99006,0,4981.001643496813,3360.7547426010087,8.486315740523994,332.30923638433677,5400.324671324803,0.995756842129738,29.5,mountain,4G_remote,2500,1200
BTS_03841,16.452500270197387,107.6129155161463,779003.842308442,1820792.197554496,18440.98,96.0367431640625,96.07898208383826,858764.1875,5,89.95499,0,2424.1789745643423,1560.7142539855427,16.71969583036715,0.0,1365.874982570474,0.9916401520848164,25.3,mountain,5G_macro,1000,10000
BTS_04715,16.423750270304982,107.792915515495,798280.4242524257,1817865.863687953,18420.35,0.0,96.07898208383826,858764.1875,10,89.9852,0,9693.859029497933,18313.41322490716,49.16295967459148,7325.843004376583,7667.924767405008,0.9754185201627043,28.7,mountain,4G_remote,2500,1200
BTS_05575,16.423750270304982,107.805415515445,799616.3118408135,1817884.3314120553,18381.96,0.0,96.07898208383826,858764.1875,6,89.96817,0,10575.16451966705,19619.85497735585,68.97497742218081,8568.469675683717,8921.384151186168,0.9655125112889096,28.5,mountain,4G_remote,2500,1200
BTS_03840,16.53625026985498,107.560415516425,773277.0468219284,1829992.6349278423,18362.44,0.0,96.07898208383826,858764.1875,4,89.979866,0,6647.113555452581,5580.828160924495,11.449333347740602,1170.1297790468998,4969.170424651247,0.9942753333261297,31.2,mountain,4G_remote,2500,1200
BTS_05991,16.40458360371499,107.702082182525,788601.6347460711,1815611.9623223266,18354.58,0.0,96.07898208383826,858764.1875,14,89.9925,0,6607.826266521097,10187.470845548953,27.522851262234713,435.57077971403334,1390.03710602299,0.9862385743688826,19.3,mountain,4G_remote,2500,1200
BTS_04711,16.482916936734984,107.50458218331501,767388.0252353722,1824013.0951566533,18332.81,0.0,96.07898208383826,858764.1875,5,89.98456,0,6295.015175452809,7161.11429105082,10.552867483792415,1105.9548222514604,3202.899258043151,0.9947235662581038,27.9,mountain,4G_remote,2500,1200
BTS_01236,16.55513915899125,107.50763773925281,767614.845628398,1832012.8204434828,18298.43,0.0,96.07898208383826,858764.1875,5,89.984085,0,10552.189275459637,7158.035594619229,17.012793341968376,1207.7032369027213,5710.549031566263,0.9914936033290158,31.2,mountain,4G_remote,2500,1200
BTS_05512,16.42541693696498,107.795415515485,798545.0528217179,1818054.1010691938,18285.23,0.0,96.07898208383826,858764.1875,11,89.97503,0,10004.87216400434,18535.835517401283,27.168367841511408,7644.625388816462,7851.638920000407,0.9864158160792443,24.6,mountain,4G_remote,2500,1200
BTS_02800,16.492916936694982,107.580415516345,775474.3527692531,1825222.2955893998,18281.88,0.0,96.07898208383826,858764.1875,4,89.909966,0,2610.859803311438,1157.9916627690156,25.75881936238061,31.62257968627773,1383.7340744588248,0.9871205903188097,31.8,mountain,5G_macro,1000,10000
BTS_02469,16.406805826364067,107.8156932927822,800740.7960216978,1816023.2887962526,18280.96,0.0,96.07898208383826,858764.1875,12,89.95974,0,9230.809281922211,21136.969518631075,47.53467419720924,9216.300337168148,10659.465108882807,0.9762326629013954,31.0,mountain,4G_remote,2500,1200
BTS_03192,16.422083603644985,107.802082182125,799262.6278035238,1817694.8472692617,18269.89,0.0,96.07898208383826,858764.1875,11,89.98752,0,10195.58511678242,19309.90715719217,15.378824075654322,8170.868065060106,8647.964704499815,0.9923105879621729,21.6,mountain,4G_remote,2500,1200
BTS_04523,16.55625026977498,107.519582183255,768888.7046315486,1832151.785544694,18269.44,0.0,96.07898208383826,858764.1875,4,89.97749,0,10001.216330030136,8438.24481056379,37.08440645088293,775.3301153641376,6762.04964247331,0.9814577967745586,28.9,mountain,4G_remote,2500,1200
BTS_05888,16.539583603174982,107.49624885001501,766420.157048752,1830275.5438238117,18261.96,0.0,96.07898208383826,858764.1875,3,89.981995,0,10006.610408058676,6089.563163368968,51.55242587418236,632.9911458684708,3663.6188626306484,0.9742237870629088,29.6,mountain,4G_remote,2500,1200
BTS_04717,16.422916937389324,107.80749884883878,799840.2403761134,1817795.1414334574,18247.97,0.0,96.07898208383826,858764.1875,9,89.978165,0,10666.035611792066,19856.637497736312,27.78484733677526,8748.10316986807,9161.90435218221,0.9861075763316124,30.4,mountain,4G_remote,2500,1200
BTS_02827,16.483750270064984,107.50291551665501,767208.8527576883,1824103.1436457597,18230.27,0.0,96.07898208383826,858764.1875,4,89.990456,0,6482.996546059643,7333.7015265234695,26.646877218613874,1269.930984087487,3005.829179841276,0.986676561390693,29.3,mountain,4G_remote,2500,1200
BTS_03860,16.496250270014983,107.58958218297501,776448.7705655905,1825603.895937098,18209.25,0.0,96.07898208383826,858764.1875,6,89.99471,0,2383.642889297823,2188.394566020477,21.351489862276452,0.0,533.5962485112858,0.9893242550688618,32.8,mountain,5G_macro,1000,10000
BTS_04554,16.405416937044976,107.814582182075,800624.1743921463,1815867.845310087,18208.92,0.0,96.07898208383826,858764.1875,9,89.979866,0,9259.970246828718,21066.128659739858,72.75140129013897,9082.131611540171,10623.154384501831,0.9636242993549305,32.7,mountain,4G_remote,2500,1200
BTS_02392,16.517083603264982,107.616248849535,779267.2654057185,1827947.272795424,18189.05,162.8880157470703,96.07898208383826,858764.1875,6,89.97153,0,4805.665712631403,5828.262022464884,18.119600948225532,538.2217328374302,3549.8223857763023,0.9909401995258872,19.1,mountain,4G_remote,2500,1200
BTS_04776,16.42541693696498,107.807082182105,799791.8724392228,1818071.3520416105,18180.33,0.0,96.07898208383826,858764.1875,7,89.909966,0,10831.675996888605,19758.184103409312,151.75189529096724,8799.406153997783,9033.885283009293,0.9241240523545163,30.3,mountain,4G_remote,2500,1200
BTS_00398,16.466964556887493,107.55458218256192,772751.3081904002,1822313.9178644912,18168.27,0.0,96.07898208383826,858764.1875,8,89.978165,0,1375.1254279284788,2010.6675942968477,7.066007231332945,0.0,1950.0825448049661,0.9964669963843336,22.7,mountain,5G_macro,1000,10000
BTS_01337,16.499583603334983,107.492915516695,766119.0277182107,1825842.7986681638,18159.23,0.0,96.07898208383826,858764.1875,7,89.98763,0,7929.671310435729,8046.073670030145,62.821524084765436,853.6336770734368,2028.5136799317434,0.9685892379576173,35.4,mountain,4G_remote,2500,1200
BTS_00309,16.403472493044074,107.81902662610229,801102.2016366669,1815659.1344031037,18155.85,0.0,96.07898208383826,858764.1875,11,89.95974,0,8739.758660196721,21582.972794005673,41.69823117177807,9537.725947135783,11144.05927946545,0.979150884414111,28.9,mountain,4G_remote,2500,1200
BTS_03247,16.53375026986499,107.55708218310501,772924.5935439204,1829711.3246663853,18154.68,0.0,96.07898208383826,858764.1875,5,89.95499,0,6396.519653027617,5401.054164047714,5.712296067898493,722.5251515546761,4617.6479712753735,0.9971438519660507,26.3,mountain,4G_remote,2500,1200
BTS_06259,16.359583603894983,107.717915515795,790360.5314648824,1810652.01113688,18152.73,0.0,96.07898208383826,858764.1875,9,89.9852,0,2062.279282352591,14824.260032169494,31.56930191057022,1451.20169554997,2904.059983432621,0.9842153490447149,21.4,mountain,4G_remote,2500,1200
BTS_00956,16.537916936514982,107.50458218331501,767312.3335658,1830102.090927487,18120.34,0.0,96.07898208383826,858764.1875,7,89.98714,0,9255.251880918997,6998.241621708544,18.32854819110601,1451.1586046594193,4292.165750009687,0.990835725904447,28.1,mountain,4G_remote,2500,1200
BTS_05637,16.40708360370499,107.82541551536501,801779.4974299457,1816068.50846883,18119.66,0.0,96.07898208383826,858764.1875,8,89.97749,0,8360.29642832116,22129.447557866933,76.01475583746252,10252.802645941683,10930.500928356538,0.9619926220812688,36.4,mountain,4G_remote,2500,1200
BTS_05873,16.540000269847447,107.56291551634762,773538.7357702106,1830411.210086775,18119.36,0.0,96.07898208383826,858764.1875,3,89.969986,0,7056.149867302836,5940.305359091968,79.42801299871199,1631.2512770800827,5441.436668618132,0.960285993500644,36.7,mountain,4G_remote,2500,1200
BTS_01366,16.482916937150488,107.50083218339121,766987.4619932242,1824008.1276325735,18107.6,0.0,96.07898208383826,858764.1875,10,89.982346,0,6693.034368460034,7560.950870994207,6.180409501570922,1502.890805898542,2822.4143936441687,0.9969097952492145,28.9,mountain,4G_remote,2500,1200
BTS_03996,16.475416936764983,107.64374884942501,782264.94643329,1823372.334906003,18098.26,0.0,96.07898208383826,858764.1875,2,89.98594,0,4750.505627719437,2620.9172366520434,16.41856131828788,535.3683240544434,4568.61625101645,0.991790719340856,41.2,mountain,4G_remote,2500,1200
BTS_04181,16.40291693705499,107.82041551538501,801251.5071586585,1815599.6813439862,18085.46,0.0,96.07898208383826,858764.1875,9,89.96817,0,8580.00406608097,21742.869560846528,38.82637140842149,9681.824242946708,11150.017335206192,0.9805868142957892,28.1,mountain,4G_remote,2500,1200
BTS_04772,16.57125026971498,107.531248849875,770113.5187306392,1833828.1130740352,18068.39,1076.9959716796875,96.07898208383826,858764.1875,2,89.93634,0,11052.782849096342,9903.409526696867,73.62510990880054,575.1170042104817,8783.763362006592,0.9631874450455997,32.1,mountain,4G_remote,2500,1200
BTS_03376,16.492916936694982,107.605415516245,778144.7947894583,1825256.628540028,18068.38,0.0,96.07898208383826,858764.1875,2,89.97153,0,1892.0841561787247,3681.3668147416256,9.708188060737571,0.0,1177.1809507535047,0.9951459059696313,26.1,mountain,5G_macro,1000,10000
BTS_00184,16.481250270074984,107.505415516645,767479.3300412216,1823829.6853560396,18067.92,0.0,96.07898208383826,858764.1875,6,89.98763,0,6187.477412724639,7086.464925688831,18.10795406603352,1007.4936212515278,3345.555537968738,0.9909460229669832,33.1,mountain,4G_remote,2500,1200
BTS_05877,16.419583603654978,107.806248848775,799711.765075174,1817424.185880585,18054.01,0.0,96.07898208383826,858764.1875,10,89.97503,0,10312.673640248642,19805.127888036826,77.93199201365991,8508.301018209697,9162.856603035876,0.9610340039931701,35.2,mountain,4G_remote,2500,1200
BTS_04179,16.40375027038499,107.824582182035,801695.5724551415,1815698.158798366,18041.07,0.0,96.07898208383826,858764.1875,8,89.99297,0,8239.512077590334,22143.73772546393,149.462090757495,10132.290551844108,10811.779062294443,0.9252689546212525,23.6,mountain,4G_remote,2500,1200
BTS_06093,16.411250270354977,107.63124884947501,781021.9848937469,1816250.5018122583,18040.98,0.0,96.07898208383826,858764.1875,15,89.983284,0,6935.733766533463,5376.300200362256,105.48000766566452,1282.4096814043808,3022.554123082283,0.9472599961671677,31.4,mountain,4G_remote,2500,1200
BTS_03693,16.47375027010499,107.609582182895,778617.3155558846,1823140.3180069372,18026.44,0.0,96.07898208383826,858764.1875,7,89.98953,0,1150.7401043382677,2327.6127180086814,14.64153636053354,9.405438608759594,2552.016645650498,0.9926792318197333,21.5,mountain,5G_macro,1000,10000
BTS_02214,16.364583603874983,107.734582182395,792134.7588131165,1811229.5326629656,18025.27,0.0,96.07898208383826,858764.1875,2,89.984085,0,1072.2166049554978,15688.843988176039,56.32032154053716,1519.0778553344842,3968.6486784339418,0.9718398392297314,35.7,mountain,4G_remote,2500,1200
BTS_04617,16.403750270384982,107.82124884871502,801339.2930629767,1815693.197505831,18002.23,0.0,96.07898208383826,858764.1875,8,89.983284,0,8547.319125918928,21801.822346733963,19.949597516740077,9776.841372506164,11119.180234902295,0.99002520124163,32.7,mountain,4G_remote,2500,1200
BTS_01103,16.43013915952665,107.80666551574126,799740.0931947018,1818593.632065812,17960.04,0.0,96.07898208383826,858764.1875,9,89.98883,0,11183.542274394107,19620.859464769263,14.27349019790772,8955.791473059257,8849.756185551192,0.9928632549010461,18.8,mountain,4G_remote,2500,1200
BTS_02698,16.348750270604977,107.734582182395,792158.3407130424,1809476.3880411454,17959.05,0.0,96.07898208383826,858764.1875,7,89.969986,0,737.4571906880296,16913.814825698682,48.40102279006844,464.16328206843565,2330.5082208019003,0.9757994886049658,25.6,mountain,4G_remote,2500,1200
BTS_01532,16.42569471517724,107.79180440398842,798158.7104085293,1818079.534475722,17950.3,0.0,96.07898208383826,858764.1875,10,89.983284,0,9791.601250424439,18151.786222647766,66.81869039086328,7306.455284204349,7479.018954092171,0.9665906548045684,22.2,mountain,4G_remote,2500,1200
BTS_06361,16.405416937044976,107.82124884871502,801336.7244935837,1815877.751149225,17948.01,0.0,96.07898208383826,858764.1875,9,89.95974,0,8640.085752356737,21750.19967642462,9.51557400869537,9791.65653638602,11212.358658329944,0.9952422129956523,34.6,mountain,4G_remote,2500,1200
BTS_06129,16.40791693703499,107.817915515395,800976.6002504379,1816149.625125108,17933.77,0.0,96.07898208383826,858764.1875,12,89.97153,0,9087.980972082014,21332.019601541877,19.943893377685207,9466.601714535103,10819.698984021239,0.9900280533111574,31.2,mountain,4G_remote,2500,1200
BTS_03820,16.416250270749185,107.80916551549882,800028.5998824694,1817059.4028815888,17931.9,0.0,96.07898208383826,858764.1875,11,89.97503,0,10293.43959963793,20193.60373899301,108.02619060666315,8711.99367363921,9590.034349879352,0.9459869046966685,25.2,mountain,4G_remote,2500,1200
BTS_05938,16.54125026983498,107.561248849755,773358.9907829056,1830547.3344954895,17921.03,0.0,96.07898208383826,858764.1875,4,89.98883,0,7197.249123007816,6106.4366319813935,9.682692661884511,1576.1397449651372,5527.24204341306,0.9951586536690578,26.5,mountain,4G_remote,2500,1200
BTS_06195,16.450416936864976,107.570415516385,774466.0823003404,1820503.3339950887,17916.53,0.0,96.07898208383826,858764.1875,4,89.979866,0,1714.9834081331837,1854.415646207078,58.19452165700314,64.52508593926571,2061.192199011156,0.9709027391714984,24.3,mountain,5G_macro,1000,10000
BTS_02178,16.410416937024983,107.812082182085,800349.286894776,1816417.7940615704,17890.61,0.0,96.07898208383826,858764.1875,9,89.98576,0,9765.324514624723,20657.32441014154,35.597316999995556,8888.428634341391,10137.65937059867,0.9822013415000023,31.4,mountain,4G_remote,2500,1200
BTS_03922,16.423750270719346,107.81083218215886,800195.2002159039,1817892.3598435456,17871.05,0.0,96.07898208383826,858764.1875,10,89.98456,0,10699.00620488295,20187.18094541767,69.14073500476306,9115.161676670394,9471.557975621357,0.9654296324976185,30.5,mountain,4G_remote,2500,1200
BTS_03775,16.402916937054986,107.83041551534502,802320.3518509398,1815614.577779512,17870.28,0.0,96.07898208383826,858764.1875,9,89.97503,0,7660.710657757276,22768.417109580634,63.26984891906052,9895.452061275768,10231.876876935827,0.9683650755404697,36.4,mountain,4G_remote,2500,1200
BTS_04228,16.34708360394498,107.72708218242501,791359.01341203,1809281.0822866599,17858.86,0.0,96.07898208383826,858764.1875,7,89.98594,0,1354.052949699756,16510.721556643406,17.90003431918305,1206.6554067498294,2228.051992714758,0.9910499828404085,21.9,mountain,4G_remote,2500,1200
BTS_00291,16.413333603687235,107.80958218202112,800077.6105497511,1816737.0540515436,17854.72,0.0,96.07898208383826,858764.1875,10,89.93634,0,10118.248029286127,20315.86327282466,18.90380192490822,8684.266972102709,9759.536502015648,0.9905480990375459,38.4,mountain,4G_remote,2500,1200
BTS_00225,16.358211056129452,107.73629787105905,792327.6632747138,1810526.4006493941,17850.52,0.0,96.07898208383826,858764.1875,7,89.982346,0,345.685087594242,16302.773454390735,30.607803556837695,1293.5370484774724,3390.679272098959,0.9846960982215811,36.0,mountain,4G_remote,2500,1200
BTS_01372,16.417916936994978,107.809582182095,800070.5716990404,1817244.5726756817,17830.05,0.0,96.07898208383826,858764.1875,10,89.93634,0,10433.802381357578,20193.907328241505,25.317066488401473,8800.8793932653,9561.915562297996,0.9873414667557993,38.4,mountain,4G_remote,2500,1200
BTS_05413,16.40875027036499,107.829582182015,802222.2638474104,1816259.2761203058,17819.27,0.0,96.07898208383826,858764.1875,10,89.96817,0,8099.573222522743,22512.62289696828,59.23539017306995,10365.278156539285,10663.012024967995,0.970382304913465,35.9,mountain,4G_remote,2500,1200
BTS_03427,16.44308360524993,107.60158218343322,777806.3914920492,1819734.0098511702,17815.63,0.0,96.07898208383826,858764.1875,12,89.98883,0,2246.3508189193835,3144.2904219472216,23.06108257435138,31.42100897600952,1763.2690490628127,0.9884694587128243,26.9,mountain,5G_macro,1000,10000
BTS_02687,16.40791693705429,107.82124884851717,801332.8711418894,1816154.5816576348,17812.37,0.0,96.07898208383826,858764.1875,8,89.98763,0,8784.6722154374,21675.481702073423,58.765462733839904,9820.343365838844,11142.996375594093,0.9706172686330801,30.3,mountain,4G_remote,2500,1200
BTS_05774,16.409583603694983,107.81124884875501,800261.5009482628,1816324.2820660206,17795.45,0.0,96.07898208383826,858764.1875,10,89.98994,0,9795.902354735208,20596.024363257187,52.70294747957873,8785.986721178324,10097.375630819168,0.9736485262602106,30.2,mountain,4G_remote,2500,1200
BTS_05304,16.53541693652498,107.522915516575,769273.5722106436,1829849.7800929386,17789.05,0.0,96.07898208383826,858764.1875,3,89.98727,0,7830.166682001991,7460.682098368393,24.31045151386244,975.4350224384317,5365.785277261946,0.9878447742430688,36.1,mountain,4G_remote,2500,1200
BTS_03547,16.426250270294982,107.798748848805,798900.01031512,1818151.298019515,17780.7,0.0,96.07898208383826,858764.1875,13,89.984085,0,10302.794574436595,18866.487552806277,22.5485463390407,8007.987104958715,8157.762858536122,0.9887257268304797,30.7,mountain,4G_remote,2500,1200
BTS_01406,16.560416936424982,107.50124884999501,766925.3842404211,1832588.6168112007,17773.75,0.0,96.07898208383826,858764.1875,6,89.98594,0,11421.250600322013,6534.486010815814,21.268454693607012,504.676134451522,5643.0269268651755,0.9893657726531965,17.8,mountain,4G_remote,2500,1200
BTS_06192,16.350416937264985,107.736248849055,792334.0366210768,1809663.3260219619,17767.65,0.0,96.07898208383826,858764.1875,1,89.98714,0,521.0090326551386,16904.61198121256,72.21929437311687,470.81989875278975,2533.4661389211974,0.9638903528134416,21.4,mountain,4G_remote,2500,1200
BTS_03031,16.40875027077902,107.81916551545906,801108.9181297779,1816243.7598876387,17761.48,0.0,96.07898208383826,858764.1875,10,89.95499,0,9022.340980325806,21436.351009486498,64.08483368216403,9610.769016518994,10902.085039817275,0.967957583158918,23.8,mountain,4G_remote,2500,1200
BTS_06461,16.415416937004984,107.677082182625,785913.9591920676,1816775.9911596503,17761.05,0.0,96.07898208383826,858764.1875,8,89.98847,0,9226.611530488284,7354.959573865413,28.030128938382102,0.0,2626.3729582678334,0.9859849355308089,23.6,mountain,5G_macro,1000,10000
BTS_03915,16.432083603604983,107.788748848845,797822.4191201075,1818782.4742589716,17735.54,0.0,96.07898208383826,858764.1875,11,89.98594,0,10182.81977978498,17697.125201131574,8.353944679982567,7355.1771299379925,6944.805148174326,0.9958230276600087,29.3,mountain,4G_remote,2500,1200
BTS_06315,16.42541693696498,107.81124884875501,800237.16770801,1818077.5305787884,17725.37,0.0,96.07898208383826,858764.1875,10,89.96817,0,10775.980017892747,20195.465310214757,5.84756694163568,9217.65751250728,9460.140551745979,0.9970762165291822,26.1,mountain,4G_remote,2500,1200
BTS_05212,16.367083603864973,107.734582182395,792131.0333230647,1811506.3451572394,17723.92,0.0,96.07898208383826,858764.1875,3,89.981995,0,1344.3668082029378,15504.705812354887,11.286667996919808,1372.0085407174436,3855.6473054669314,0.99435666600154,25.9,mountain,4G_remote,2500,1200
BTS_04582,16.49708360334498,107.493748850025,766211.4567571641,1825567.1290634922,17723.26,0.0,96.07898208383826,858764.1875,5,89.991,0,7758.943097278914,8308.258616687895,44.405676621234164,887.3544170803859,2005.4063482119782,0.9777971616893829,37.9,mountain,4G_remote,2500,1200
BTS_05671,16.405416937044976,107.702915515855,788689.4663122175,1815705.4186549475,17722.54,113.69639587402344,96.07898208383826,858764.1875,11,89.98594,0,6635.719394469711,10204.628571644163,49.6006807904841,410.82392032775317,1517.787474699663,0.975199659604758,25.1,mountain,4G_remote,2500,1200
BTS_06363,16.427083603624983,107.81124884875501,800234.6049851372,1818262.0831703034,17721.54,0.0,96.07898208383826,858764.1875,10,89.98456,0,10890.44465822301,20161.709337811008,39.22820594299686,9281.214944616513,9409.57291659472,0.9803858970285015,33.2,mountain,4G_remote,2500,1200
BTS_02485,16.478750270084983,107.507082183305,767660.7978842775,1823555.1237686665,17717.79,0.0,96.07898208383826,858764.1875,6,89.9852,0,5991.157652885927,6940.141250794868,18.88157125357836,863.3221927360356,3611.8956225923025,0.9905592143732108,29.2,mountain,4G_remote,2500,1200
BTS_05599,16.411250270354984,107.813748848745,800526.1378705236,1816512.543140752,17716.3,0.0,96.07898208383826,858764.1875,7,89.98456,0,9660.336409455213,20805.30084149359,30.971187045233624,9079.330588708244,10260.421653163594,0.9845144064773832,41.0,mountain,4G_remote,2500,1200
BTS_06344,16.418750270324985,107.810415515425,800158.3538575054,1817338.084437091,17703.36,0.0,96.07898208383826,858764.1875,8,89.96817,0,10411.760160861575,20259.841359593327,10.359383317765664,8910.92630514697,9611.654375801641,0.9948203083411171,28.2,mountain,4G_remote,2500,1200
BTS_05505,16.40791693703498,107.81124884875501,800264.0610127698,1816139.7297074376,17684.29,0.0,96.07898208383826,858764.1875,9,89.93634,0,9705.416084490533,20646.399131775503,60.996525247524175,8759.746950486006,10179.711736241325,0.9695017373762379,33.6,mountain,4G_remote,2500,1200
BTS_02876,16.411458607143054,107.8090613509163,800024.8238599872,1816528.6614521542,17671.38,0.0,96.07898208383826,858764.1875,9,89.98883,0,9943.829874271585,20315.461410990647,86.31949761439586,8589.935011811447,9796.517777760993,0.956840251192802,31.1,mountain,4G_remote,2500,1200
BTS_02434,16.492083603364982,107.573748849705,774763.4197677269,1825120.9346621505,17667.11,0.0,96.07898208383826,858764.1875,5,89.978165,0,2087.586601528458,613.634018039139,13.008238487875056,0.0,2098.801806139951,0.9934958807560624,19.5,mountain,5G_macro,1000,10000
BTS_02150,16.418750270324978,107.700415515865,788402.6079565318,1817178.160706394,17659.25,0.0,96.07898208383826,858764.1875,7,89.95974,0,8041.182520756717,9180.618438584543,50.43069213014408,978.7011724157513,2635.2612667976114,0.974784653934928,30.1,mountain,4G_remote,2500,1200
BTS_00375,16.41152804890364,107.82374884724892,801594.5028751099,1816558.1700993748,17650.26,0.0,96.07898208383826,858764.1875,12,89.9852,0,8785.287103277858,21832.437299462585,6.675729223852898,10139.325224004779,11230.609546323762,0.9966621353880736,38.9,mountain,4G_remote,2500,1200
BTS_01153,16.34958360425903,107.73812384895386,792535.728445922,1809573.7529581063,17647.46,0.0,96.07898208383826,858764.1875,7,89.99338,0,631.865905556528,17110.96123953108,42.51106781250697,318.6176308382372,2479.3799281686315,0.9787444660937465,26.1,mountain,4G_remote,2500,1200
BTS_01756,16.427750270993048,107.79024885039391,797989.3323801719,1818304.8541885386,17639.04,0.0,96.07898208383826,858764.1875,9,89.97503,0,9876.83963336952,17943.077664150245,16.70788444038065,7258.786189709048,7244.628551544374,0.9916460577798096,35.0,mountain,4G_remote,2500,1200
BTS_01444,16.40666693704722,107.83291551526051,802581.7608931214,1816033.5593932332,17632.02,0.0,96.07898208383826,858764.1875,11,89.95974,0,7675.811687116464,22915.702738070664,35.40631308436315,9943.712361478529,10238.782002723108,0.9822968434578184,36.0,mountain,4G_remote,2500,1200
BTS_00062,16.41057828584282,107.67743171645218,785958.3917549727,1816240.7446459823,17623.3,0.0,96.07898208383826,858764.1875,9,89.97153,0,8819.730528973063,7747.637905251462,12.13280827250485,0.0,2194.8033580947135,0.9939335958637475,20.3,mountain,5G_macro,1000,10000
BTS_06342,16.36458360387498,107.716248849135,790174.9657427301,1811203.2472275228,17617.38,0.0,96.07898208383826,858764.1875,7,89.97749,0,2419.4024307386394,14294.35184508538,22.156335730224775,1046.6475672874508,2366.528596602937,0.9889218321348876,27.3,mountain,4G_remote,2500,1200
BTS_05869,16.41458360367498,107.598748849605,777544.167675396,1816574.7357101194,17588.1,0.0,96.07898208383826,858764.1875,27,89.979866,0,5177.622230859194,5741.225695378485,52.390314976549384,1815.0647159823363,3342.0304354722202,0.9738048425117253,35.7,mountain,4G_remote,2500,1200
BTS_05717,16.491250270034975,107.565415516405,773874.4558897623,1825017.3331177246,17587.27,0.0,96.07898208383826,858764.1875,3,89.909966,0,1676.6924699417948,801.6966247536349,101.8034544931234,89.44002632593168,1570.3692165319028,0.9490982727534383,21.6,mountain,5G_macro,1000,10000
BTS_02954,16.34375027062499,107.729582182415,791631.2345608398,1808915.5856286339,17586.85,0.0,96.07898208383826,858764.1875,8,89.99164,0,1466.5597426315367,16964.66561634279,14.77045013050702,845.410623981284,1805.4238458445411,0.9926147749347465,36.5,mountain,4G_remote,2500,1200
BTS_02856,16.35375027058498,107.737915515715,792507.2446704757,1810034.8078481362,17580.46,0.0,96.07898208383826,858764.1875,8,89.97153,0,202.9191055370609,16769.881243066626,31.492981434399688,773.6710793414027,2926.6493456630633,0.9842535092828002,34.9,mountain,4G_remote,2500,1200
BTS_05120,16.427916936954983,107.794582182155,798452.1733733066,1818329.6971786846,17572.13,0.0,96.07898208383826,858764.1875,12,89.982346,0,10167.258683221296,18393.904073419348,75.34052426724844,7680.653029510354,7676.975088813743,0.9623297378663758,28.5,mountain,4G_remote,2500,1200
BTS_02147,16.40041693816856,107.81624884891902,800810.0028522502,1815316.6608355679,17568.74,0.0,96.07898208383826,858764.1875,11,89.9852,0,8848.684337296985,21399.94188590313,43.07581527471405,9222.998193056383,11043.87849257079,0.9784620923626429,30.4,mountain,4G_remote,2500,1200
BTS_00960,16.411805826344438,107.82819329273205,802069.0949455826,1816595.5542082267,17557.74,0.0,96.07898208383826,858764.1875,12,89.98576,0,8421.19304023827,22286.150346700862,29.73624187082612,10613.57863757001,10979.945297864118,0.985131879064587,28.9,mountain,4G_remote,2500,1200
BTS_00818,16.424583604049367,107.81249884881889,800372.0383957291,1817987.109608488,17555.21,0.0,96.07898208383826,858764.1875,14,89.982346,0,10613.878760558046,20344.09435709887,8.03675933082528,9313.482657613793,9614.531294046747,0.9959816203345874,39.1,mountain,4G_remote,2500,1200
BTS_06405,16.415416937004988,107.805415515445,799629.0937167616,1816961.5727949813,17554.6,0.0,96.07898208383826,858764.1875,10,89.97749,0,9932.693727291007,19827.040973131363,67.53264554137694,8300.729297801203,9258.733048530605,0.9662336772293115,23.2,mountain,4G_remote,2500,1200
BTS_02291,16.477916936754976,107.50958218329501,767928.9937146251,1823466.1846216763,17552.17,0.0,96.07898208383826,858764.1875,1,89.98714,0,5720.711882062916,6688.736531687434,61.343384751325935,634.187573140516,3773.240661608531,0.9693283076243371,26.9,mountain,4G_remote,2500,1200
BTS_00419,16.41458360367499,107.806248848775,799719.4353498896,1816870.5304765871,17545.64,0.0,96.07898208383826,858764.1875,11,89.97503,0,9937.42542934805,19936.234267904685,9.754813130319251,8365.874566896295,9377.866541751484,0.9951225934348403,32.4,mountain,4G_remote,2500,1200
BTS_00353,16.538750269844982,107.503748849985,767222.1963369844,1830193.240770685,17543.77,0.0,96.07898208383826,858764.1875,7,89.9852,0,9383.401335873485,6891.320106022876,27.075533641643556,1377.7159772807643,4262.977229778072,0.9864622331791782,34.1,mountain,4G_remote,2500,1200
BTS_02567,16.414583603674984,107.812915515415,800431.9476276941,1816880.411815835,17539.55,0.0,96.07898208383826,858764.1875,8,89.96817,0,9933.090447686189,20626.974532449054,43.651175914651624,9061.403555497413,10031.035272219842,0.9781744120426742,40.9,mountain,4G_remote,2500,1200
BTS_05166,16.346250270614984,107.726248849095,791271.1604815789,1809187.6179207836,17520.63,0.0,96.07898208383826,858764.1875,10,89.982346,0,1481.8796173398298,16522.276645683625,42.60025853953597,1292.7127363086863,2167.2472346952227,0.978699870730232,37.0,mountain,4G_remote,2500,1200
BTS_04704,16.408750270779006,107.80999884882884,800129.1808666338,1816230.1530744499,17512.58,0.0,96.07898208383826,858764.1875,9,89.95974,0,9838.155548320567,20492.5128606178,48.52580438250235,8640.156526280573,10018.803776982422,0.9757370978087488,30.1,mountain,4G_remote,2500,1200
BTS_01591,16.417916936994978,107.812082182085,800337.7594730831,1817248.2805011943,17509.72,0.0,96.07898208383826,858764.1875,10,89.96817,0,10212.680115056566,20454.146165071892,12.424460801886708,9059.374135753975,9810.989832275454,0.9937877695990567,32.3,mountain,4G_remote,2500,1200
BTS_03724,16.491750271031904,107.57608218267646,775013.1304281692,1825087.2120477008,17495.68,0.0,96.07898208383826,858764.1875,6,89.95499,0,2204.3619884157006,720.4390609353848,37.17611771167769,0.0,1852.5797114743498,0.9814119411441612,21.8,mountain,5G_macro,1000,10000
BTS_00018,16.49131971520533,107.57888774092727,775313.4218687171,1825043.3730726477,17493.06,0.0,96.07898208383826,858764.1875,6,89.969986,0,2370.4430053239926,924.8384004598026,37.650289552933764,3.34061481948916,1559.3754210634575,0.9811748552235331,20.4,mountain,5G_macro,1000,10000
BTS_02183,16.41541693700499,107.813748848745,800519.7302545605,1816973.9250260382,17491.1,0.0,96.07898208383826,858764.1875,9,89.978165,0,9909.699758506518,20691.41611163441,82.94896495655041,9168.070487201063,10078.227797204489,0.9585255175217248,28.2,mountain,4G_remote,2500,1200
BTS_01992,16.35250027059725,107.73874884897299,792598.1960941317,1809897.6010910734,17487.11,0.0,96.07898208383826,858764.1875,6,89.98714,0,366.29081791862114,16930.360316707276,38.97033499516947,619.0856549240592,2809.122678035476,0.9805148325024152,37.5,mountain,4G_remote,2500,1200
BTS_01932,16.398333603747215,107.82124884864082,801347.6391506862,1815093.3983182267,17482.13,0.0,96.07898208383826,858764.1875,8,89.969986,0,8267.126473282982,21979.46337116798,51.34380081646989,9751.300743206542,10822.94761249771,0.974328099591765,34.7,mountain,4G_remote,2500,1200
BTS_06172,16.347083603944984,107.72541551576501,791180.8343623376,1809278.6942412409,17482.04,0.0,96.07898208383826,858764.1875,8,89.98576,0,1493.107799811566,16394.229574332858,26.666616101205378,1384.747188897946,2284.3199993967164,0.9866666919493973,29.7,mountain,4G_remote,2500,1200
BTS_02500,16.433333603607267,107.7879155154417,797731.4576858791,1818919.6594857709,17480.99,0.0,96.07898208383826,858764.1875,7,89.98946,0,10251.05704443353,17586.007272353923,59.5051919504734,7353.11349056483,6821.506686364344,0.9702474040247633,41.2,mountain,4G_remote,2500,1200
BTS_01802,16.42208360364498,107.813748848745,800509.4747747537,1817712.1363307028,17467.98,0.0,96.07898208383826,858764.1875,8,89.99051,0,10339.05270084048,20529.465197514233,7.892270695532642,9355.747907531071,9824.836506675345,0.9960538646522337,24.4,mountain,4G_remote,2500,1200
BTS_04956,16.414583603674984,107.814582182075,800610.0762350584,1816882.8858276634,17441.91,0.0,96.07898208383826,858764.1875,11,89.978165,0,9784.361339044512,20799.88953185801,13.516136393278654,9235.693356478072,10195.570204097537,0.9932419318033606,35.2,mountain,4G_remote,2500,1200
BTS_00517,16.537916936514982,107.526248849895,769626.0612799161,1830131.0239756124,17437.92,0.0,96.07898208383826,858764.1875,3,89.97503,0,7879.292278300605,7425.578219816955,11.2858157311407,1139.2571529937702,5492.448948457114,0.9943570921344297,31.4,mountain,4G_remote,2500,1200
BTS_01628,16.36958360592044,107.717498849463,790301.1824048293,1811758.652394736,17437.83,0.0,96.07898208383826,858764.1875,5,89.969986,0,2599.4658506629753,13985.773860739762,32.647885217908666,542.4648411498637,2105.627974856417,0.9836760573910457,32.4,mountain,4G_remote,2500,1200
BTS_00235,16.409810878047328,107.83102157738442,802374.4681149847,1816378.8689905836,17437.29,0.0,96.07898208383826,858764.1875,11,89.93634,0,8046.850955507702,22632.730854152644,29.27881982892518,10323.00958486474,10605.510309290687,0.9853605900855374,27.6,mountain,4G_remote,2500,1200
BTS_05097,16.411250270354984,107.582082183005,775767.8612530709,1816182.919626407,17436.9,234.82870483398438,96.07898208383826,858764.1875,56,89.997406,0,5495.938823021946,6232.80706622789,51.67996089881536,1942.8276793586288,4891.561878533772,0.9741600195505923,34.0,mountain,4G_remote,2500,1200
BTS_03320,16.44458360355498,107.652082182725,783200.0135860124,1819970.1627696208,17430.34,0.0,96.07898208383826,858764.1875,5,89.95974,0,6661.774552545804,3276.728919874357,18.38897191067583,1953.914802358578,3139.3632034628304,0.9908055140446621,27.6,mountain,4G_remote,2500,1200
BTS_05453,16.355000270587254,107.73874884897299,792594.4675906594,1810174.414155586,17429.19,0.0,96.07898208383826,858764.1875,6,89.983284,0,225.8264757645592,16737.74915021153,17.355213110301097,889.1880554559306,3079.6546145227985,0.9913223934448494,25.3,mountain,4G_remote,2500,1200
BTS_05319,16.39708360374498,107.659582182695,784070.441341865,1814721.501578124,17390.05,2.3355050086975098,96.07898208383826,858764.1875,50,89.99872,0,9458.296025138307,7807.228564259328,259.56253194213997,1363.388204696961,3055.0590610121385,0.87021873402893,23.8,mountain,4G_remote,2500,1200
BTS_01388,16.441875271472778,107.57354051582729,774811.98988563,1819561.9037926751,17385.9,0.0,96.07898208383826,858764.1875,34,89.97749,0,2644.6229295345947,2772.556203754299,10.09546691386097,0.0,2466.316141405555,0.9949522665430696,24.8,mountain,5G_macro,1000,10000
BTS_00233,16.417916936994988,107.813748848745,800515.8849247622,1817250.7542237134,17363.02,0.0,96.07898208383826,858764.1875,4,89.97503,0,10066.508346015402,20627.73767902097,118.19020235674412,9231.980527335423,9977.560441162943,0.940904898821628,31.7,mountain,4G_remote,2500,1200
BTS_01469,16.540416936921797,107.55916551649261,773137.6883182894,1830452.241317537,17360.18,0.0,96.07898208383826,858764.1875,5,89.909966,0,7114.696353020794,6060.069490542177,38.76543524300063,1335.2792873819874,5385.936727311071,0.9806172823784997,31.5,mountain,4G_remote,2500,1200
BTS_01630,16.416250270334977,107.814582182075,800607.5121099417,1817067.4387210626,17354.4,0.0,96.07898208383826,858764.1875,9,89.98594,0,9887.918476487625,20756.449321319542,17.477488363944882,9275.283703220975,10126.824051592068,0.9912612558180276,29.1,mountain,4G_remote,2500,1200
BTS_02195,16.43333360360726,107.78958218210164,797909.5659259246,1818922.1139236193,17335.18,0.0,96.07898208383826,858764.1875,11,89.97153,0,10347.41748127961,17761.711293134915,25.109592299155235,7503.657817480477,6993.478989768886,0.9874452038504223,23.7,mountain,4G_remote,2500,1200
BTS_00495,16.40958360410902,107.80833218216881,799949.7687875344,1816319.9598741354,17331.61,0.0,96.07898208383826,858764.1875,8,89.96817,0,9753.515786145643,20295.907297372738,51.59604977592952,8478.002695037774,9818.17933197661,0.9742019751120352,31.6,mountain,4G_remote,2500,1200
BTS_04603,16.42930582615242,107.79180440477941,798153.1960632154,1818479.3928339004,17327.16,0.0,96.07898208383826,858764.1875,10,89.95974,0,10113.672390153772,18073.40294876088,30.240349998682607,7486.186208869577,7347.084809539397,0.9848798250006587,28.4,mountain,4G_remote,2500,1200
BTS_04560,16.35958360389497,107.716248849135,790182.3649461843,1810649.6295305607,17326.75,0.0,96.07898208383826,858764.1875,6,89.98752,0,2235.6493482105284,14706.287689256642,31.907856596269443,1518.9415312792848,2797.910133264447,0.9840460717018653,23.5,mountain,4G_remote,2500,1200
BTS_03702,16.57541693636497,107.493748850025,766103.9576416835,1834239.2921251003,17308.88,0.0,96.07898208383826,858764.1875,3,89.97503,0,13242.739314681021,6232.832779611282,145.94475656156914,359.1957441973025,6608.7302701190565,0.9270276217192155,26.7,mountain,4G_remote,2500,1200
BTS_06326,16.412083603684984,107.627082182825,780575.5173229093,1816336.9892004067,17283.95,0.0,96.07898208383826,858764.1875,38,89.979866,0,6599.821059160281,5252.3725642072195,32.27955258943776,1436.0809432512212,2810.7404408417224,0.9838602237052811,29.9,mountain,4G_remote,2500,1200
BTS_03896,16.41708360366498,107.604582182915,778163.9671454618,1816859.5286940418,17273.24,0.0,96.07898208383826,858764.1875,40,89.9955,0,5060.441329081786,5205.496447502413,8.537884493498472,2005.9962570406626,2750.1606951029135,0.9957310577532508,25.1,mountain,4G_remote,2500,1200
BTS_01413,16.433750270264984,107.78208218220502,797107.4462485042,1818957.21774817,17244.67,0.0,96.07898208383826,858764.1875,8,89.909966,0,9971.886493348415,16963.607481006213,19.16632195523372,6863.566353614816,6209.14213605295,0.9904168390223831,39.0,mountain,4G_remote,2500,1200
BTS_03923,16.56125026975498,107.526248849895,769593.5962621733,1832714.2783077988,17238.13,0.0,96.07898208383826,858764.1875,3,89.909966,0,10199.134421907547,9194.387316674563,13.064041794138873,315.3908265870361,7663.8575653855205,0.9934679791029306,22.4,mountain,4G_remote,2500,1200
BTS_01963,16.412500270357224,107.82041551531083,801236.7395167138,1816660.8643894913,17231.46,0.0,96.07898208383826,858764.1875,9,89.979866,0,9138.867796426453,21460.6488595385,94.95713827489548,9805.064955242247,10860.00377145159,0.9525214308625523,31.7,mountain,4G_remote,2500,1200
BTS_04398,16.35708360390499,107.73874884904501,792591.3600881163,1810405.0917472593,17230.03,0.0,96.07898208383826,858764.1875,7,89.98658,0,314.28631858255466,16579.061452385995,5.427458663038414,1114.501552307381,3305.8955688022565,0.9972862706684807,30.4,mountain,4G_remote,2500,1200
BTS_02034,16.42958360361498,107.801248848795,799162.0769106217,1818524.0957252448,17226.58,0.0,96.07898208383826,858764.1875,10,89.97749,0,10757.297460058431,19060.842474500325,89.07827346508013,8403.188177184395,8305.638130035977,0.9554608632674599,24.9,mountain,4G_remote,2500,1200
BTS_00503,16.44375027022499,107.652915516055,783290.2642868609,1819879.064406711,17222.15,0.0,96.07898208383826,858764.1875,2,89.969986,0,6773.599649385276,3400.3255317071016,81.4327801098006,1943.2378620367936,3211.1377267048383,0.9592836099450996,32.2,mountain,4G_remote,2500,1200
BTS_04438,16.424583603634982,107.77458218223501,796319.8797528151,1817931.201255766,17221.28,0.0,96.07898208383826,858764.1875,2,89.99006,0,8697.29163168745,16383.851442456122,73.13796630322346,5630.664865000621,5851.208137280446,0.9634310168483883,22.4,mountain,4G_remote,2500,1200
BTS_01882,16.41958360365499,107.81624884873501,800780.5073497535,1817439.0207267494,17218.89,0.0,96.07898208383826,858764.1875,8,89.981995,0,9958.953758155949,20848.27868049256,6.72493838484005,9536.948332797041,10166.323415498167,0.99663753080758,23.3,mountain,4G_remote,2500,1200
BTS_02757,16.541250270251815,107.55749884983257,772958.5333365644,1830542.238213379,17206.28,0.0,96.07898208383826,858764.1875,5,89.97153,0,7219.381876234539,6190.6944337423165,10.165547249472299,1214.4606724420387,5441.396888144862,0.9949172263752638,21.5,mountain,4G_remote,2500,1200
BTS_00598,16.54541693648498,107.55374884978501,772552.2183970412,1830998.4528049168,17206.07,0.0,96.07898208383826,858764.1875,3,89.95499,0,7720.78439670948,6740.752244979774,93.02971083877485,968.8711875363108,5842.968662761661,0.9534851445806126,30.1,mountain,4G_remote,2500,1200
BTS_02707,16.35208360392497,107.740415515705,792776.9936384889,1809853.8660025182,17204.99,0.0,96.07898208383826,858764.1875,7,89.98456,0,524.4580986863916,17090.162576164897,8.77304808729829,540.233113818619,2808.217614824854,0.9956134759563509,29.4,mountain,4G_remote,2500,1200
BTS_05654,16.398750270404985,107.81708218206501,800901.6378010141,1815133.3450385954,17204.4,0.0,96.07898208383826,858764.1875,9,89.99,0,8688.983132169244,21541.76082222567,51.128793065843205,9306.695684088629,11212.995013482361,0.9744356034670784,30.4,mountain,4G_remote,2500,1200
BTS_01456,16.415000270347235,107.80374884871128,799451.6055929909,1816912.9689013422,17198.04,0.0,96.07898208383826,858764.1875,6,89.97503,0,9770.165194859295,19665.977029284622,98.19456346518845,8116.719832664708,9115.732268059683,0.9509027182674058,31.2,mountain,4G_remote,2500,1200
BTS_06113,16.547083603144983,107.552915516455,772460.8871005798,1831181.844047611,17192.95,0.0,96.07898208383826,858764.1875,0,89.98576,0,7915.548605911458,6942.943422863488,200.96321985223196,998.8789120524364,6018.8030449272455,0.899518390073884,34.6,mountain,4G_remote,2500,1200
BTS_02728,16.428750270284983,107.69291551589501,787586.3883266831,1818274.7125124158,17186.76,1.2375539541244507,96.07898208383826,858764.1875,6,89.97153,0,9399.179461633092,7958.713942675567,9.19488244538351,1742.6249896548716,3526.15946914303,0.9954025587773082,29.6,mountain,4G_remote,2500,1200
BTS_02821,16.413750270344984,107.82708218202501,801947.3353477011,1816809.2105223837,17175.98,0.0,96.07898208383826,858764.1875,12,89.909966,0,8646.962367913422,22120.39273532748,14.643436921949583,10530.823225807973,11202.85173051697,0.9926782815390252,29.3,mountain,4G_remote,2500,1200
BTS_03423,16.47708360342498,107.50458218331501,767396.0387421895,1823367.2940914235,17148.84,0.0,96.07898208383826,858764.1875,3,89.97153,0,6252.614380190443,7230.687121477376,67.83101393607103,1167.871569161494,3448.2567110594487,0.9660844930319645,25.2,mountain,4G_remote,2500,1200
BTS_05871,16.492083603364982,107.566248849735,773962.2959210551,1825110.7265474992,17148.63,0.0,96.07898208383826,858764.1875,5,89.909966,0,1782.6209772002846,794.2105923825849,55.34451410160486,0.0,1674.046133115691,0.9723277429491975,25.9,mountain,5G_macro,1000,10000
BTS_03383,16.39791693707498,107.819582182055,801170.1363534685,1815044.7822698841,17147.64,0.0,96.07898208383826,858764.1875,10,89.984085,0,8407.832990851932,21824.459101517852,102.37156225788856,9572.642068073692,10958.340622470465,0.9488142188710558,29.4,mountain,4G_remote,2500,1200
BTS_03749,16.41208360368498,107.817915515395,800970.184379878,1816611.0082952755,17140.71,0.0,96.07898208383826,858764.1875,9,89.95974,0,9334.395009084745,21212.925405898703,51.017735953861255,9533.887450531625,10631.061844449006,0.9744911320230694,30.3,mountain,4G_remote,2500,1200
BTS_06237,16.402916937054982,107.833748848665,802676.6351473168,1815619.555017831,17131.27,0.0,96.07898208383826,858764.1875,9,89.9852,0,7363.270054144961,23111.139014660286,79.02072357343823,9613.07513344346,9932.108883780298,0.9604896382132809,31.8,mountain,4G_remote,2500,1200
BTS_02119,16.434583603594977,107.786248848855,797551.4439087957,1819055.6185443848,17128.84,0.0,96.07898208383826,858764.1875,9,89.93634,0,10275.211369431096,17387.80029524666,20.798761877306305,7281.037170755286,6613.740144958101,0.9896006190613469,19.0,mountain,4G_remote,2500,1200
BTS_05221,16.40125027039498,107.832082182005,802501.0714772443,1815432.5105960586,17123.85,0.0,96.07898208383826,858764.1875,6,89.98908,0,7411.343449880403,22990.910059853926,37.44764390724061,9642.210211839354,9982.975236197182,0.9812761780463797,31.9,mountain,4G_remote,2500,1200
BTS_03348,16.544583603154976,107.552915516455,772464.4015478615,1830905.0620601338,17117.43,0.0,96.07898208383826,858764.1875,3,89.909966,0,7641.467793091297,6678.143368278604,29.39803296040753,847.7384369954559,5742.944868420583,0.9853009835197962,29.7,mountain,4G_remote,2500,1200
BTS_00483,16.41458360367498,107.81624884873501,800788.2050578466,1816885.3613103174,17115.09,0.0,96.07898208383826,858764.1875,6,89.98763,0,9636.630728613683,20972.891968896074,33.74925318813708,9410.128102299126,10360.555001310271,0.9831253734059314,25.3,mountain,4G_remote,2500,1200
BTS_01827,16.413750270344984,107.82874884868501,802125.4665521807,1816811.6969244103,17102.99,0.0,96.07898208383826,858764.1875,13,89.981995,0,8507.467881228271,22293.824510085913,10.381613904846263,10706.393119626597,11059.977011817058,0.9948091930475769,24.0,mountain,4G_remote,2500,1200
BTS_01438,16.46375027014498,107.551248849795,772399.7053868466,1821953.5571770929,17097.77,0.0,96.07898208383826,858764.1875,6,89.98576,0,1877.8859128726644,2392.611415426649,21.546065259398972,63.717973240877676,1540.4513641135375,0.9892269673703005,24.7,mountain,5G_macro,1000,10000
BTS_06408,16.41875027032498,107.798748848805,798911.4885518642,1817320.8190880113,17097.35,0.0,96.07898208383826,858764.1875,7,89.97153,0,9682.593499647845,19046.322066773442,40.27922965856573,7715.31231125392,8457.65102179341,0.9798603851707172,28.1,mountain,4G_remote,2500,1200
BTS_05202,16.469583603454986,107.554582183115,772747.6408503581,1822603.8784289376,17093.35,0.0,96.07898208383826,858764.1875,3,89.93634,0,1173.6120799988428,2032.233126404253,29.660233268027838,83.94992619362773,1975.4039513313564,0.9851698833659861,27.7,mountain,5G_macro,1000,10000
BTS_05490,16.323750270704984,107.762915515615,795224.9829559572,1806749.150113753,17086.95,0.0,96.07898208383826,858764.1875,7,89.97153,0,668.5591117247869,21009.412130477915,20.405961694276105,1404.2262888654516,1271.9230899813006,0.989797019152862,26.7,mountain,4G_remote,2500,1200
BTS_01001,16.543666942267752,107.56991551205314,774281.0764531647,1830826.7008145358,17084.22,0.0,96.07898208383826,858764.1875,4,89.98847,0,7497.505896450788,6277.613223222875,12.665942897695386,1657.8699797957984,6073.769815626139,0.9936670285511523,20.2,mountain,4G_remote,2500,1200
BTS_05002,16.408750270364983,107.634582182795,781381.8012093669,1815978.3357124696,17076.83,0.0,96.07898208383826,858764.1875,15,89.984085,0,7372.517040731536,5700.546935331684,61.29720628772201,1364.3600707413648,3412.749103964858,0.969351396856139,23.4,mountain,4G_remote,2500,1200
BTS_06398,16.35375027058497,107.717915515795,790369.1663990477,1810006.1233255984,17069.51,0.0,96.07898208383826,858764.1875,6,89.984085,0,2007.4674098381918,15312.44920966303,60.83301874295282,2072.3255934275867,3293.9025890268163,0.9695834906285236,24.7,mountain,4G_remote,2500,1200
BTS_00165,16.456356675098387,107.55204671765476,772495.280026738,1821136.073982319,17064.95,0.0,96.07898208383826,858764.1875,5,89.98714,0,2346.595332688851,2563.6884204314697,10.26138559337469,0.0,745.2538414076615,0.9948693072033127,20.0,mountain,5G_macro,1000,10000
BTS_00715,16.412639159551226,107.83013773795895,802275.628102029,1816690.7334496921,17048.55,0.0,96.07898208383826,858764.1875,6,89.97503,0,8314.665216437837,22466.56561738279,74.67940702904441,10599.898585208957,10867.371947549336,0.9626602964854778,27.6,mountain,4G_remote,2500,1200
BTS_01999,16.350625271027813,107.74145718155563,792890.530574144,1809693.8924856577,17041.24,0.0,96.07898208383826,858764.1875,8,89.96817,0,715.2530604645383,17282.57757325482,52.730605397693246,377.41678661547985,2681.113983378879,0.9736346973011534,32.4,mountain,4G_remote,2500,1200
BTS_00879,16.431250270689503,107.7924988488984,798224.4389739715,1818695.7250607638,17033.73,0.0,96.07898208383826,858764.1875,11,89.98818,0,10332.081908340837,18107.82243960278,12.408826774923458,7654.605172248089,7355.457958346631,0.9937955866125383,35.6,mountain,4G_remote,2500,1200
BTS_00411,16.32625027385577,107.76339170704243,795272.1430211428,1807026.6584860391,17026.42,0.0,96.07898208383826,858764.1875,8,89.991,0,557.2563027776961,20848.115999569123,8.995843046250066,1385.6825983926124,1521.6857601057277,0.995502078476875,34.9,mountain,4G_remote,2500,1200
BTS_01913,16.36625027053498,107.736248849055,792310.4379569609,1811416.4729205447,17018.24,0.0,96.07898208383826,858764.1875,4,89.98576,0,1234.6803106093655,15699.532628177452,100.06515354480644,1572.6649449485703,4055.5328780187297,0.9499674232275968,35.6,mountain,4G_remote,2500,1200
BTS_02100,16.445972492757566,107.57180440566005,774620.7286584934,1820013.1616742515,17013.89,0.0,96.07898208383826,858764.1875,25,89.982346,0,2201.8000109862737,2325.133468433807,13.01601007439325,0.0,2202.1363395645844,0.9934919949628034,26.2,mountain,5G_macro,1000,10000
BTS_02161,16.473750270104986,107.644582182755,782356.3894546783,1823188.969296332,17010.67,0.0,96.07898208383826,858764.1875,2,89.982346,0,4849.179743549353,2570.2155413609535,64.11424114302262,436.19492562810746,4452.544154789388,0.9679428794284887,28.6,mountain,4G_remote,2500,1200
BTS_05201,16.42458360363499,107.77291551557501,796141.7654216699,1817928.7612213755,17006.43,0.0,96.07898208383826,858764.1875,7,89.98576,0,8615.643769706277,16210.820176205714,30.3176912420768,5480.780398844676,5694.895923659291,0.9848411543789616,28.9,mountain,4G_remote,2500,1200
BTS_06473,16.424583603634982,107.81541551540501,800683.7474936787,1817991.4417476577,17004.3,0.0,96.07898208383826,858764.1875,13,89.98883,0,10369.986672359,20650.210987298822,76.36521896085331,9609.126745202617,9913.463042912328,0.9618173905195734,32.8,mountain,4G_remote,2500,1200
BTS_01717,16.497916936674983,107.491248850035,765943.2959853921,1825656.0850113002,16995.95,0.0,96.07898208383826,858764.1875,6,89.990234,0,8041.339782393375,8059.742212489246,142.21478543717964,637.1448571983797,1788.9201029226329,0.9288926072814102,24.9,mountain,4G_remote,2500,1200
BTS_00541,16.414166938397557,107.82166551644839,801367.7679440344,1816847.2784848618,16995.05,0.0,96.07898208383826,858764.1875,11,89.98594,0,9136.734359797172,21546.452518075577,9.948032799874118,9969.300640356138,10916.114968828779,0.9950259836000629,20.0,mountain,4G_remote,2500,1200
BTS_01631,16.41916693702622,107.81791551502451,800959.2737200393,1817395.3600056684,16982.78,0.0,96.07898208383826,858764.1875,11,89.990456,0,9789.0489252778,21032.158169346454,28.146256026499334,9697.711608612437,10349.772306536954,0.9859268719867503,36.8,mountain,4G_remote,2500,1200
BTS_01585,16.437916936914974,107.778748848885,796744.8965913486,1819413.6944821845,16982.24,0.0,96.07898208383826,858764.1875,9,89.983284,0,10215.314322521666,16539.44864374282,69.05397120974493,6543.551163082093,5747.29321351599,0.9654730143951276,18.9,mountain,4G_remote,2500,1200
BTS_01974,16.496250270014983,107.492915516695,766123.5902967942,1825473.7717458676,16980.94,0.0,96.07898208383826,858764.1875,7,89.97153,0,7817.39897363441,8316.01014094432,7.790586205553241,785.9627637898665,1892.915284953123,0.9961047068972234,24.8,mountain,4G_remote,2500,1200
BTS_04011,16.42208360364498,107.81708218206501,800865.7187024294,1817717.0893051545,16946.62,0.0,96.07898208383826,858764.1875,16,89.95974,0,10057.738659578623,20878.50454333288,20.942393185049717,9697.15099713674,10164.154313910525,0.9895288034074752,30.8,mountain,4G_remote,2500,1200
BTS_02405,16.408750270364983,107.834582181995,802756.6727986191,1816266.7443363664,16941.51,0.0,96.07898208383826,858764.1875,11,89.95499,0,7674.6463680221295,23030.487363321627,35.614069868514065,9958.721482467157,10229.044423268653,0.9821929650657429,40.6,mountain,4G_remote,2500,1200
BTS_06064,16.544583603154983,107.549582183135,772108.4474034406,1830900.5456084695,16938.04,0.0,96.07898208383826,858764.1875,4,89.97503,0,7700.235984814093,6792.38792325856,5.386115291094194,548.5320291008915,5723.843807515862,0.9973069423544529,25.9,mountain,4G_remote,2500,1200
BTS_02668,16.367916937608047,107.73583218245706,792263.4122741775,1811600.4150213604,16937.12,,96.07898208383826,858764.1875,3,89.97153,0,1421.155554632063,15544.957267092796,139.54325333826873,1455.4756520792257,3946.787158112462,0.9302283733308656,35.5,mountain,4G_remote,2500,1200
BTS_05428,16.414583603674984,107.827915515355,802035.1128598901,1816902.7308728215,16932.33,0.0,96.07898208383826,858764.1875,13,89.978165,0,8634.73799161685,22186.185821745396,13.848154824386732,10634.63093487541,11186.656000092362,0.9930759225878066,29.6,mountain,4G_remote,2500,1200
BTS_00457,16.545833604726898,107.57604051337266,774932.0814704297,1831074.951178418,16929.47,2097.274169921875,96.07898208383826,858764.1875,4,89.98658,0,7825.005778104113,6533.443958905682,6.003005719785841,1290.2614056358555,6124.563247651235,0.9969984971401071,27.4,mountain,4G_remote,2500,1200
BTS_02489,16.435416936924984,107.78208218220502,797104.9089573048,1819141.7665715283,16919.58,0.0,96.07898208383826,858764.1875,6,89.979866,0,10133.460293507995,16933.4961570656,36.804085058203114,6927.147187938147,6159.570019726325,0.9815979574708984,31.2,mountain,4G_remote,2500,1200
BTS_00415,16.413750270344984,107.59791551627501,777456.2997143345,1816481.331226239,16916.8,0.0,96.07898208383826,858764.1875,29,89.98953,0,5251.4672323014665,5865.731281719002,60.747509928023064,1850.8199895601633,3469.8565111000457,0.9696262450359885,29.1,mountain,4G_remote,2500,1200
BTS_03336,16.406250270374983,107.836248848655,802938.6836353515,1815992.403130743,16906.38,0.0,96.07898208383826,858764.1875,11,89.98576,0,7363.564919727988,23272.011653673373,18.394690102379062,9642.30884348399,9921.674985508616,0.9908026549488105,33.5,mountain,4G_remote,2500,1200
BTS_05629,16.44125027023498,107.595415516285,777150.1152907449,1819522.567770742,16905.53,0.0,96.07898208383826,858764.1875,86,89.997696,0,2225.5318912379335,3688.88607273321,76.76983409815819,232.89051858148446,2387.6713995583427,0.9616150829509209,25.5,mountain,5G_macro,1000,10000
BTS_04346,16.37375027050498,107.715415515805,790072.3180917872,1812217.0223636772,16894.41,0.0,96.07898208383826,858764.1875,5,89.969986,0,3067.6411251632594,13501.889827445219,8.74274122862631,348.7069545902504,1682.1422431695905,0.9956286293856869,21.4,mountain,4G_remote,2500,1200
BTS_03946,16.345416937284984,107.724582182435,791094.2165783388,1809092.9606698544,16889.33,0.0,96.07898208383826,858764.1875,15,89.98752,0,1677.2461222996046,16477.481796006676,15.538457076364965,1406.4391470917076,2147.8794687010527,0.9922307714618175,27.3,mountain,4G_remote,2500,1200
BTS_05092,16.486250270054985,107.607915516235,778421.3841583068,1824521.9710191833,16886.01,0.0,96.07898208383826,858764.1875,5,89.978165,0,1386.5524323163288,3513.240293658153,8.287388808744986,0.0,1553.078468288785,0.9958563055956275,22.1,mountain,5G_macro,1000,10000
BTS_06236,16.542083603164976,107.570415516385,774336.711694675,1830652.0854148618,16882.72,0.0,96.07898208383826,858764.1875,4,89.984085,0,7328.541711315208,6101.133690817343,23.301405364038303,1484.6620401495936,5932.900383444794,0.9883492973179808,34.2,mountain,4G_remote,2500,1200
BTS_00433,16.414896105344052,107.82447801669892,801667.2369712674,1816932.2096675846,16879.04,0.0,96.07898208383826,858764.1875,10,89.9852,0,8944.606115284816,21820.427829547665,13.732090689562066,10279.706068102489,11169.13108528167,0.9931339546552189,30.4,mountain,4G_remote,2500,1200
BTS_06384,16.544583603154972,107.546248849815,771752.49403656,1830896.0350755502,16866.72,0.0,96.07898208383826,858764.1875,3,89.98883,0,7774.880849294117,6923.076397973431,66.48193292112057,315.4439682501917,5726.855580578012,0.9667590335394397,25.6,mountain,4G_remote,2500,1200
BTS_00371,16.350000270607246,107.74291551562288,793047.3696126916,1809626.791189639,16860.53,0.0,96.07898208383826,858764.1875,4,89.9852,0,877.497996801519,17442.662829917677,18.20527513882871,309.66796218873094,2663.346079774676,0.9908973624305857,21.4,mountain,4G_remote,2500,1200
BTS_04191,16.42958360361498,107.544582183155,771735.0959319355,1818161.9374397509,16850.63,12.52589225769043,96.07898208383826,858764.1875,37,89.99697,0,4951.124916271746,5154.372792681744,9.844767321764849,563.2073559569285,1908.422369677204,0.9950776163391176,15.6,mountain,4G_remote,2500,1200
BTS_04718,16.435833603597267,107.7845821821218,797371.4324762959,1819191.5787579538,16841.12,0.0,96.07898208383826,858764.1875,12,89.98818,0,10304.25110149099,17190.27051499017,58.56931080135421,7187.030060676334,6407.1810922575505,0.9707153445993228,31.0,mountain,4G_remote,2500,1200
BTS_02184,16.39791693707498,107.82874884868501,802149.9348861191,1815058.427575806,16838.32,0.0,96.07898208383826,858764.1875,8,89.99364,0,7532.831929509005,22757.21232848653,83.90734006556023,9720.56006984504,10101.658053101233,0.9580463299672198,32.1,mountain,4G_remote,2500,1200
BTS_04576,16.41625027033498,107.800415515465,799093.438754167,1817046.454609826,16835.61,0.0,96.07898208383826,858764.1875,7,89.95974,0,9608.602846791602,19286.405000669147,23.508042499394527,7806.9245543659745,8734.29273013238,0.9882459787503027,25.6,mountain,4G_remote,2500,1200
BTS_00128,16.44458360355498,107.52374884990502,769488.3770794851,1819794.718628763,16817.96,0.0,96.07898208383826,858764.1875,7,89.982346,0,5476.307056302943,5853.013791978251,39.463696891025734,1015.8378046674001,2731.8828381550115,0.9802681515544871,24.8,mountain,4G_remote,2500,1200
BTS_05353,16.44375027022498,107.607082182905,778393.0925182081,1819815.386534703,16807.46,0.0,96.07898208383826,858764.1875,8,89.982346,0,2510.7034506098853,2636.910611738853,28.220880588762814,0.0,1221.1970143975516,0.9858895597056186,28.9,mountain,5G_macro,1000,10000
BTS_01279,16.547083603144983,107.54541551648501,771660.0017248057,1831171.6889945106,16786.02,0.0,96.07898208383826,858764.1875,5,89.95974,0,8064.799880303347,7212.732346856589,55.458653391275135,557.9301819623954,6007.4675732323685,0.9722706733043625,27.1,mountain,4G_remote,2500,1200
BTS_05857,16.400833603737205,107.83374884859049,802679.8596111952,1815388.8609065602,16782.58,0.0,96.07898208383826,858764.1875,10,89.98456,0,7236.222544708047,23174.85929614179,31.157225920226754,9472.05329862178,9807.421577461002,0.9844213870398866,24.7,mountain,4G_remote,2500,1200
BTS_04425,16.32708360402498,107.766248848935,795576.3802393056,1807123.0779881089,16777.12,0.0,96.07898208383826,858764.1875,5,89.95974,0,832.8833057819459,21000.455470331697,113.42408319452471,1679.9454675455704,1784.4399713164926,0.9432879584027376,30.9,mountain,4G_remote,2500,1200
BTS_03609,16.44375027022498,107.524582183235,769578.5614391986,1819703.5714917863,16774.74,0.0,96.07898208383826,858764.1875,7,89.969986,0,5468.563260152411,5812.566994317248,58.0361689910312,958.2813460739827,2654.868035266471,0.9709819155044844,35.2,mountain,4G_remote,2500,1200
BTS_00470,16.35625027057498,107.740415515705,792770.7755169121,1810315.2216678848,16774.32,0.0,96.07898208383826,858764.1875,7,89.982346,0,423.0983528314927,16772.23999209586,7.19895113632676,1000.7993915912796,3254.613168501092,0.9964005244318366,29.5,mountain,4G_remote,2500,1200
BTS_04307,16.407916937034983,107.703748849185,788774.8355210179,1815983.4136987932,16772.44,100.47236633300781,96.07898208383826,858764.1875,9,89.99051,0,6823.448485297594,10118.025887548436,17.54649681720147,331.96742415548766,1789.1257290439191,0.9912267515913993,24.0,mountain,4G_remote,2500,1200
BTS_00619,16.546389159616247,107.5498599611228,772135.5751273402,1831100.819550938,16760.56,0.0,96.07898208383826,858764.1875,3,89.981995,0,7891.318086225864,6970.521831288783,23.310866972105956,713.4511049346418,5924.431421444871,0.988344566513947,26.1,mountain,4G_remote,2500,1200
BTS_05162,16.547916936474984,107.54874884980501,772014.7806155558,1831268.4590740006,16755.43,0.0,96.07898208383826,858764.1875,1,89.979866,0,8079.470266909998,7169.660965746797,38.15997092288908,769.3092991178069,6091.583247732344,0.9809200145385555,36.6,mountain,4G_remote,2500,1200
BTS_01020,16.35500027058725,107.74124884896293,792861.727944949,1810178.015903189,16736.0,0.0,96.07898208383826,858764.1875,5,89.98594,0,492.94387674213067,16931.840067351724,41.04328010062955,861.7106100626262,3143.2324461129556,0.9794783599496852,29.5,mountain,4G_remote,2500,1200
BTS_00487,16.447083603544982,107.648748849405,782840.2268870272,1820242.2930169117,16727.79,0.0,96.07898208383826,858764.1875,3,89.990234,0,6227.80125747943,2830.1942993151315,151.8476572112933,1682.7064067488718,2862.177031578636,0.9240761713943534,35.1,mountain,4G_remote,2500,1200
BTS_04746,16.32541693736498,107.767082182265,795667.9887790295,1806939.7430653397,16705.32,0.0,96.07898208383826,858764.1875,8,89.979866,0,960.3769539777636,21193.246293580938,23.602640563905393,1789.8765312100768,1716.1660691962704,0.9881986797180473,29.3,mountain,4G_remote,2500,1200
BTS_02432,16.32208360445704,107.76749884899786,795717.5545071355,1806571.2576025813,16703.0,0.0,96.07898208383826,858764.1875,7,89.95974,0,1164.9857341805587,21484.955070483655,32.02213187865127,1927.9100219433435,1532.55328804509,0.9839889340606743,35.2,mountain,4G_remote,2500,1200
BTS_03777,16.36958360385498,107.714582182475,789989.4071394533,1811754.4836940602,16685.32,0.0,96.07898208383826,858764.1875,7,89.98946,0,2851.417093117047,13768.624675143838,25.082292698349896,749.4340410849071,1855.7915468518024,0.9874588536508251,21.7,mountain,4G_remote,2500,1200
BTS_00164,16.439006684783863,107.78118474808643,797003.5422037703,1819537.9382574921,16671.6,0.0,96.07898208383826,858764.1875,7,89.978165,0,10439.94066249705,16780.28576693361,26.072839378292418,6793.721884260891,5976.429179374721,0.9869635803108537,35.5,mountain,4G_remote,2500,1200
BTS_01204,16.37041693718497,107.71374884914502,789899.0959763357,1811845.5630354038,16640.88,0.0,96.07898208383826,858764.1875,4,89.95974,0,2977.084530077209,13640.363010312629,57.725792061339796,739.5510447778673,1728.4051737012703,0.9711371039693301,32.5,mountain,4G_remote,2500,1200
BTS_05552,16.347916937274984,107.721248849115,790734.1532460558,1809365.0003780648,16639.74,0.0,96.07898208383826,858764.1875,7,89.97503,0,1827.9805783802115,16036.721310695952,5.50956006565935,1834.6014080320206,2556.175447005633,0.9972452199671703,30.6,mountain,4G_remote,2500,1200
BTS_05143,16.365416937204984,107.73708218238501,792400.7623760079,1811325.4017763739,16639.15,0.0,96.07898208383826,858764.1875,4,89.98875,0,1142.6753125904113,15827.340369111138,37.95713177136254,1694.6689386282192,4173.4524836943265,0.9810214341143187,31.1,mountain,4G_remote,2500,1200
BTS_01298,16.54291693649499,107.55041551646501,772199.7762432853,1830717.1531735458,16632.28,0.0,96.07898208383826,858764.1875,4,89.97503,0,7502.467830488239,6588.520751539743,29.241501455942288,529.7495581501711,5542.153415928631,0.9853792492720288,22.7,mountain,4G_remote,2500,1200
BTS_01101,16.42333360364724,107.8179155153209,800952.853598628,1817856.7435468214,16625.21,0.0,96.07898208383826,858764.1875,12,89.9852,0,10075.456666933464,20938.824892161447,24.12568458234796,9822.104640696552,10208.870436534411,0.9879371577088261,19.6,mountain,4G_remote,2500,1200
BTS_06256,16.414583604089,107.56999884978296,774471.9395493995,1816535.549300227,16624.97,5.983811855316162,96.07898208383826,858764.1875,34,89.95974,0,5471.596854420105,5805.701941503273,5.2149184889115014,1757.5280335955565,4095.5976751658,0.9973925407555443,39.5,mountain,4G_remote,2500,1200
BTS_01302,16.35347249312191,107.74263773830756,793012.4880153517,1810010.8543227431,16622.92,0.0,96.07898208383826,858764.1875,6,89.9852,0,666.3436460005502,17155.882384652778,69.24064860096769,693.6109436517914,3019.2503337640233,0.9653796756995161,28.1,mountain,4G_remote,2500,1200
BTS_02721,16.32479193779805,107.7606238481457,794978.3880726161,1806861.1682088154,16616.73,0.0,96.07898208383826,858764.1875,12,89.978165,0,424.7314223471172,20755.919417570407,59.0228304583509,1134.787687373494,1227.7358566750088,0.9704885847708246,30.2,mountain,4G_remote,2500,1200
BTS_02905,16.484583603810506,107.4958321834111,766451.0971093897,1824186.0294222136,16616.4,0.0,96.07898208383826,858764.1875,7,89.96817,0,7245.257169449884,8085.962790720386,11.717726619517068,1622.5519282575135,2257.333355395938,0.9941411366902415,24.9,mountain,4G_remote,2500,1200
BTS_05760,16.536250269854982,107.522082183245,769183.4245147033,1829940.9230261934,16614.34,0.0,96.07898208383826,858764.1875,3,89.98576,0,7956.160416403368,7588.8756953281,81.27265997827514,1080.1705258147513,5486.336705968525,0.9593636700108624,27.2,mountain,4G_remote,2500,1200
BTS_03313,16.320416937384984,107.762915515615,795229.9888573538,1806380.0605420128,16598.47,14.55937671661377,96.07898208383826,858764.1875,7,89.98953,0,966.7192379551597,21275.14283329756,95.36335889148175,1569.0604323102004,1020.7581208153505,0.9523183205542591,26.2,mountain,4G_remote,2500,1200
BTS_02665,16.319583604054976,107.76958218225501,795944.0766630861,1806297.4664877825,16585.71,0.0,96.07898208383826,858764.1875,7,89.98883,0,1508.8913140906968,21838.34658552304,22.323019040028715,2239.904538721056,1622.0117515176676,0.9888384904799856,30.9,mountain,4G_remote,2500,1200
BTS_01757,16.43875027024498,107.775415515565,796387.4256062254,1819501.0790021778,16585.63,0.0,96.07898208383826,858764.1875,4,89.99006,0,10147.543071090047,16173.649670082455,44.93024774939951,6180.855624370001,5379.437461566076,0.9775348761253002,31.8,mountain,4G_remote,2500,1200
BTS_01109,16.449583603534986,107.520415516585,769125.347343818,1820343.825951999,16578.93,20.783370971679688,96.07898208383826,858764.1875,12,89.99352,0,5434.417113120148,5977.563849899019,138.800369394129,1376.4413131983895,3055.793159241069,0.9305998153029355,25.2,mountain,4G_remote,2500,1200
BTS_03314,16.547916936474984,107.544582183155,771569.8469422074,1831262.822675771,16569.0,0.0,96.07898208383826,858764.1875,5,89.93634,0,8175.607722491162,7332.351990640661,17.273957477229818,646.3761844009927,6104.859840148442,0.9913630212613851,35.5,mountain,4G_remote,2500,1200
BTS_03323,16.41125027035498,107.804582182115,799546.4170232138,1816498.960772046,16564.26,226.75216674804688,96.07898208383826,858764.1875,6,89.98847,0,9560.711240653007,19860.047633999835,37.427080855689944,8115.087000976226,9377.20248431167,0.981286459572155,38.0,mountain,4G_remote,2500,1200
BTS_00394,16.544583603154976,107.572915516375,774600.1427998205,1830932.285067728,16558.97,0.0,96.07898208383826,858764.1875,4,89.93634,0,7635.883515808764,6378.712662284142,27.740898198796238,1590.2310698237172,6104.109860066799,0.9861295509006018,16.1,mountain,4G_remote,2500,1200
BTS_05284,16.47458360343498,107.50791551663501,767755.5445695502,1823094.9421961205,16538.32,0.0,96.07898208383826,858764.1875,7,89.99153,0,5898.87394758825,6928.505568320242,13.542874703982179,950.3254632984217,3892.4034120221027,0.993228562648009,39.0,mountain,4G_remote,2500,1200
BTS_05325,16.438750270244984,107.77291551557501,796120.273475874,1819497.4155951955,16524.99,2.825900077819824,96.07898208383826,858764.1875,3,89.95974,0,10041.343566398133,15909.240593602903,88.6150139837694,5914.5395275613455,5119.332615947386,0.9556924930081153,26.8,mountain,4G_remote,2500,1200
BTS_02964,16.399583603734975,107.832915515335,802592.7216826645,1815249.1998191522,16513.03,0.0,96.07898208383826,858764.1875,4,89.98883,0,7238.4058758374185,23128.768988226024,21.415519887055062,9460.94342043127,9810.566147999009,0.9892922400564724,26.5,mountain,4G_remote,2500,1200
BTS_00577,16.44666693688738,107.61208218281632,778923.1513856233,1820145.201657944,16503.08,0.0,96.07898208383826,858764.1875,6,89.95499,0,2677.647307806219,2025.6169382166313,19.583460854664505,0.0,900.5568158833548,0.9902082695726677,25.0,mountain,5G_macro,1000,10000
BTS_04815,16.4212502707293,107.81916551545906,801089.6562358257,1817627.9111536636,16496.75,0.0,96.07898208383826,858764.1875,12,89.98883,0,9826.213322710306,21115.135883040137,19.02392471239657,9886.10127768431,10404.27439779325,0.9904880376438017,19.5,mountain,4G_remote,2500,1200
BTS_04734,16.32291693778706,107.7691655156579,795894.5072737043,1806665.9521502908,16480.08,0.0,96.07898208383826,858764.1875,11,89.99288,0,1271.8667223010937,21546.216009091186,17.476861955967184,2068.7549135926006,1732.9704080571876,0.9912615690220165,30.2,mountain,4G_remote,2500,1200
BTS_00001,16.478861381939193,107.6503044099918,782960.2777917669,1823762.8846275066,16472.91,0.0,96.07898208383826,858764.1875,4,89.98994,0,5452.536476312063,3401.0053232387363,21.811546398969476,820.9080306169939,5257.056969430865,0.9890942268005153,26.0,mountain,4G_remote,2500,1200
BTS_05445,16.572083603044984,107.49458218335502,766197.5147471663,1833871.368237912,16472.9,0.0,96.07898208383826,858764.1875,5,89.98658,0,12887.747659720557,6171.243604329612,24.68166012713386,402.7511456673749,6318.782030902021,0.9876591699364331,30.8,mountain,4G_remote,2500,1200
BTS_04256,16.43625027025499,107.78708218218502,797637.9553303148,1819241.3944226753,16444.84,0.0,96.07898208383826,858764.1875,11,89.93634,0,10479.277269540251,17447.47836915699,41.56805053308622,7447.714524880989,6656.624523148138,0.9792159747334569,25.5,mountain,4G_remote,2500,1200
BTS_06392,16.47291693677498,107.610415516225,778707.5329390985,1823049.2051378563,16443.64,0.0,96.07898208383826,858764.1875,4,89.98456,0,1264.8872400428143,2199.6212856185166,8.78338498955818,19.769702285405174,2679.816124182401,0.9956083075052209,24.0,mountain,5G_macro,1000,10000
BTS_03374,16.435833603597267,107.78874884877168,797816.6966894157,1819197.711080343,16442.57,0.0,96.07898208383826,858764.1875,12,89.909966,0,10532.869982511353,17630.477527233692,5.046789258392665,7579.8179156772885,6840.547058791546,0.9974766053708036,32.9,mountain,4G_remote,2500,1200
BTS_03632,16.34875027060498,107.719582182455,790554.7419772012,1809454.8870907756,16438.55,1.6464329957962036,96.07898208383826,858764.1875,6,89.98727,0,1954.8010994944832,15852.235365428349,126.40552326359614,2020.6916780007841,2725.902801581398,0.936797238368202,28.9,mountain,4G_remote,2500,1200
BTS_01515,16.40041693706498,107.835415515325,802858.6487234896,1815345.212574512,16437.29,0.0,96.07898208383826,858764.1875,11,89.982346,0,7061.555158585305,23358.810532697767,6.701298948369731,9302.42501355381,9632.184596861742,0.9966493505258152,26.8,mountain,4G_remote,2500,1200
BTS_05387,16.41291693701498,107.803748848785,799454.7980993032,1816682.2796180875,16431.33,0.0,96.07898208383826,858764.1875,7,89.9852,0,9615.07129142701,19725.140732708333,196.36730418912626,8064.699892789819,9215.053623736596,0.9018163479054369,27.8,mountain,4G_remote,2500,1200
BTS_05019,16.329166937357233,107.76291551554236,795216.8462347558,1807348.920858867,16428.66,0.0,96.07898208383826,858764.1875,1,89.992546,0,485.65518592586875,20584.400284865795,179.12307199087684,1325.381235755343,1770.5163459796984,0.9104384640045615,28.5,mountain,4G_remote,2500,1200
BTS_01426,16.44000027024739,107.5937488495568,776973.8126353384,1819381.8901745982,16405.6,0.0,96.07898208383826,858764.1875,17,89.99523,0,2313.568498375805,3688.8562247756818,32.78187391942702,157.99521864882394,2559.6204564943832,0.9836090630402865,31.4,mountain,5G_macro,1000,10000
BTS_02896,16.475416937180317,107.50583218337134,767531.854269003,1823184.4364470814,16402.1,0.0,96.07898208383826,858764.1875,6,89.982346,0,6119.191685587641,7129.6043050662165,40.41956587134336,1115.932839052218,3652.566502989418,0.9797902170643283,33.5,mountain,4G_remote,2500,1200
BTS_02385,16.31902804893471,107.77180440407123,796182.5264091082,1806239.182538013,16380.49,0.0,96.07898208383826,858764.1875,8,89.978165,0,1736.1795466504245,22049.787345208046,68.20693602470978,2481.792318792781,1833.6147048857388,0.9658965319876451,30.3,mountain,4G_remote,2500,1200
BTS_04542,16.547916936474984,107.542915516495,771391.873812453,1831260.5707063547,16373.2,0.0,96.07898208383826,858764.1875,2,89.97503,0,8220.496853270071,7403.920312846186,37.17145119986205,649.0072324518625,6119.231516193709,0.981414274400069,29.4,mountain,4G_remote,2500,1200
BTS_04406,16.47458360385038,107.64833218280482,782755.7995030286,1823286.48659895,16361.23,0.0,96.07898208383826,858764.1875,5,89.95974,0,5243.599560391497,2948.2042526702508,7.540169286814637,817.5429289509963,4746.350606972807,0.9962299153565927,29.7,mountain,4G_remote,2500,1200
BTS_05657,16.392916937094988,107.832082182005,802513.9580836783,1814509.7355888516,16357.67,0.0,96.07898208383826,858764.1875,15,89.98763,0,6963.352578576555,23267.107412455694,42.89315233895872,9120.644774541526,9518.993512337374,0.9785534238305207,32.2,mountain,4G_remote,2500,1200
BTS_01462,16.39958360373498,107.834582181995,802770.866593299,1815251.6894587504,16341.93,0.0,96.07898208383826,858764.1875,9,89.97878,0,7086.86096153572,23299.474979868355,25.93683568911024,9317.645356997606,9658.591359759652,0.9870315821554448,26.1,mountain,4G_remote,2500,1200
BTS_01225,16.555833603117488,107.50208218325922,767020.6816626615,1832082.3074849069,16339.16,0.0,96.07898208383826,858764.1875,7,89.978165,0,10958.091657404173,6570.121645112935,10.712993255147008,1017.5462753480108,5328.686449579693,0.9946435033724265,35.3,mountain,4G_remote,2500,1200
BTS_06230,16.394583603754977,107.839582181975,803313.0551444902,1814705.4991546725,16337.16,0.0,96.07898208383826,858764.1875,14,89.99281,0,6342.5297157712375,23972.69061374823,46.96048384995075,8558.897071919575,8914.778017471835,0.9765197580750247,29.4,mountain,4G_remote,2500,1200
BTS_06179,16.364583603874987,107.71374884914502,789907.7231884601,1811199.676596727,16336.78,0.0,96.07898208383826,858764.1875,7,89.99354,0,2662.749046597107,14114.601377005865,8.138764454420192,1222.6741494384332,2193.5437886517525,0.9959306177727899,29.1,mountain,4G_remote,2500,1200
BTS_02191,16.32458360403499,107.76958218225501,795936.5496282406,1806851.1034830243,16330.09,0.0,96.07898208383826,858764.1875,9,89.978165,0,1243.1238998605222,21448.969476257247,7.502673254949414,2069.2894773165226,1869.3970748672086,0.9962486633725253,23.9,mountain,4G_remote,2500,1200
BTS_00205,16.39041693818318,107.83267742149458,802581.4490784665,1814233.7916001098,16319.91,0.0,96.07898208383826,858764.1875,10,89.909966,0,6789.295524876369,23416.561971769857,8.461467129787275,8922.039644643348,9333.042150820223,0.9957692664351063,33.9,mountain,4G_remote,2500,1200
BTS_01256,16.32041693738499,107.77291551557501,796299.2403157804,1806394.5874669994,16317.55,0.0,96.07898208383826,858764.1875,7,89.99051,0,1755.6473392807247,22026.29180192333,21.75387357573108,2535.4038472148573,1989.6373775044615,0.9891230632121345,29.3,mountain,4G_remote,2500,1200
BTS_03640,16.37291693717498,107.712915515815,789806.3207335207,1812121.181578364,16316.51,0.0,96.07898208383826,858764.1875,6,89.982346,0,3212.8231903214114,13379.219852042337,23.762754299584508,599.4926192797408,1493.2618790415022,0.9881186228502078,28.0,mountain,4G_remote,2500,1200
BTS_05098,16.318333604067227,107.76791551552223,795767.7474869206,1806156.6356603273,16314.6,0.0,96.07898208383826,858764.1875,12,89.984085,0,1471.6243584748945,21812.15628671024,115.69185181657839,2145.68237382888,1411.702879334723,0.9421540740917108,28.7,mountain,4G_remote,2500,1200
BTS_03439,16.36791693719498,107.71374884914502,789902.7937196096,1811568.754527781,16308.65,0.0,96.07898208383826,858764.1875,6,89.95974,0,2828.6174913611617,13841.906903909041,59.36031638525835,946.6028016328675,1914.947724340059,0.9703198418073709,30.9,mountain,4G_remote,2500,1200
BTS_03279,16.430833603617256,107.79458218208151,798447.7144596172,1818652.6603990605,16307.65,0.0,96.07898208383826,858764.1875,14,89.990456,0,10425.223214832553,18335.10985128009,49.91281363903252,7827.765208420432,7582.222706478827,0.9750435931804837,25.7,mountain,4G_remote,2500,1200
BTS_05694,16.431250270274983,107.799582182135,798981.4110631347,1818706.1825717697,16301.35,0.0,96.07898208383826,858764.1875,10,89.98658,0,10787.407783207858,18853.887533947196,60.53741730124695,8323.390771503107,8085.783351824485,0.9697312913493765,33.1,mountain,4G_remote,2500,1200
BTS_03520,16.441666936907264,107.77958218214192,796828.2424770545,1819830.1520382164,16292.98,0.0,96.07898208383826,858764.1875,8,89.969986,0,10627.828009966988,16572.83401465201,49.97507613295599,6609.068223425377,5756.415903871581,0.975012461933522,30.6,mountain,4G_remote,2500,1200
BTS_03721,16.43375027026499,107.792915515495,798265.1462917149,1818973.16477653,16271.27,0.0,96.07898208383826,858764.1875,13,89.95974,0,10584.45653584855,18105.91970542265,50.84309162279227,7831.794911435225,7327.1235530490985,0.9745784541886039,30.3,mountain,4G_remote,2500,1200
BTS_01342,16.31791693739499,107.77291551557501,796303.007723164,1806117.7683672037,16269.06,0.0,96.07898208383826,858764.1875,9,89.96817,0,1836.6352095811005,22220.802186005716,25.931927549984866,2640.971580064922,1925.004171287326,0.9870340362250075,27.6,mountain,4G_remote,2500,1200
BTS_04292,16.38958360377498,107.835415515325,802875.4190280803,1814145.6023217393,16265.52,0.0,96.07898208383826,858764.1875,14,89.990234,0,6484.386356322495,23723.35759497477,100.64165131853203,8623.603224202401,9030.748367030985,0.949679174340734,32.8,mountain,4G_remote,2500,1200
BTS_05667,16.473750270104986,107.646248849415,782534.4428058465,1823191.3022440742,16264.1,0.0,96.07898208383826,858764.1875,5,89.98658,0,5026.808814680921,2712.9722843069776,10.728116140322483,578.5582632813707,4546.349434210189,0.9946359419298387,38.9,mountain,4G_remote,2500,1200
BTS_04622,16.437916936914984,107.78458218219501,797368.2575788647,1819422.2652384853,16257.26,0.0,96.07898208383826,858764.1875,9,89.95499,0,10505.012431875675,17156.530145761597,19.267496974606104,7164.749176891995,6356.303701657513,0.990366251512697,33.0,mountain,4G_remote,2500,1200
BTS_02071,16.32791693735498,107.761248848955,795040.5231646324,1807208.0951828684,16252.06,0.0,96.07898208383826,858764.1875,7,89.98727,0,291.71762430585187,20555.64779280751,20.86587971481534,1141.8140620030147,1567.4957824710248,0.9895670601425923,27.1,mountain,4G_remote,2500,1200
BTS_02347,16.472916936774975,107.64541551608502,782446.6249906416,1823097.8697245442,16238.72,0.0,96.07898208383826,858764.1875,5,89.97503,0,4945.325429727308,2586.980980510589,42.39484242417677,455.75497751798287,4420.649588146231,0.9788025787879117,31.9,mountain,4G_remote,2500,1200
BTS_03272,16.42166693698726,107.77624884882201,796502.4221967099,1817610.6839397207,16232.07,0.0,96.07898208383826,858764.1875,8,89.9852,0,8500.27387909611,16635.48631551124,20.047639697031375,5621.26144934925,6164.204740083098,0.9899761801514844,29.5,mountain,4G_remote,2500,1200
BTS_05080,16.408750270364983,107.837082181985,803023.878006354,1816270.4834072415,16221.46,,96.07898208383826,858764.1875,10,89.98883,0,7467.464549807156,23289.700393552837,126.19656789621556,9760.071465884817,10015.707471509919,0.9369017160518922,28.5,mountain,4G_remote,2500,1200
BTS_05812,16.36625027053498,107.71374884914502,789905.258576252,1811384.2155509528,16199.97,0.0,96.07898208383826,858764.1875,5,89.978165,0,2740.7286193195755,13977.700856934962,8.908924922533446,1084.6384041914519,2050.675311416793,0.9955455375387333,42.0,mountain,4G_remote,2500,1200
BTS_00197,16.41854194456253,107.82262385912207,801463.4432203644,1817333.160177094,16193.64,0.0,96.07898208383826,858764.1875,13,89.982346,0,9350.19646871264,21538.65087704524,45.98528612527824,10169.98166894392,10848.587433196555,0.9770073569373608,27.4,mountain,4G_remote,2500,1200
BTS_00247,16.481250270074987,107.651248849395,783057.6973478647,1824028.7062487265,16165.6,18.533428192138672,96.07898208383826,858764.1875,6,89.98727,0,5570.069119430863,3648.8366970946086,34.15298931205209,547.3053479916634,5533.790967433553,0.982923505343974,33.5,mountain,4G_remote,2500,1200
BTS_04908,16.32708360402497,107.759582182295,794863.5727262667,1807113.407415622,16160.54,0.0,96.07898208383826,858764.1875,5,89.98847,0,155.55964569817033,20496.291160164208,10.853239427003139,969.7352273466423,1414.973563099511,0.9945733802864984,33.5,mountain,4G_remote,2500,1200
BTS_03372,16.402083603724982,107.837915515315,803123.2822285576,1815533.5069044416,16157.76,0.0,96.07898208383826,858764.1875,9,89.93634,0,6945.0861394498,23564.883958349463,101.01078671111796,9208.314283259975,9510.57166285099,0.949494606644441,43.5,mountain,4G_remote,2500,1200
BTS_00759,16.441583603817865,107.52574885096216,769706.2032073787,1819465.2560401098,16153.54,0.0,96.07898208383826,858764.1875,8,89.969986,0,5538.95896558122,5812.878279218912,24.029122757076834,919.7834603431783,2576.298481107,0.9879854386214616,30.9,mountain,4G_remote,2500,1200
BTS_06042,16.320416937384973,107.77458218223501,796477.4496361514,1806397.0137419298,16143.58,0.0,96.07898208383826,858764.1875,7,89.93634,0,1820.156116639247,22154.022646871246,40.001005379465035,2704.0101619940106,2160.355008112412,0.9799994973102675,32.9,mountain,4G_remote,2500,1200
BTS_06181,16.41375027034498,107.571248849715,774606.68423703,1816444.9830690736,16126.89,101.5686264038086,96.07898208383826,858764.1875,30,89.996445,0,5509.517615482942,5891.068468281233,87.96571707083302,1781.8744269293177,4243.0777651876615,0.9560171414645835,30.0,mountain,4G_remote,2500,1200
BTS_04861,16.564583603074983,107.497082183345,766474.758495835,1833044.3693403609,16125.8,0.0,96.07898208383826,858764.1875,7,89.984085,0,12055.319956285412,6182.126467532685,21.034102733098354,355.44609708633453,5742.045124658575,0.9894829486334509,21.4,mountain,4G_remote,2500,1200
BTS_01952,16.47750027009737,107.65291551598524,783241.2020286561,1823615.8473527874,16115.24,0.0,96.07898208383826,858764.1875,7,89.98763,0,5727.510158628122,3534.7088661843354,18.91663619548715,957.1655385869462,5294.147799423564,0.9905416819022564,20.4,mountain,4G_remote,2500,1200
BTS_01352,16.492916936694982,107.565415516405,773872.1088634296,1825201.855202275,16105.49,0.0,96.07898208383826,858764.1875,2,89.978165,0,1859.4159790245164,922.4114239516134,57.663420291021524,0.0,1608.4576720449877,0.9711682898544892,27.0,mountain,5G_macro,1000,10000
BTS_01463,16.540416936504982,107.508748849965,767753.826575602,1830384.4094568852,16083.94,0.0,96.07898208383826,858764.1875,7,89.97153,0,9173.253239976108,7379.770827997159,15.833912851763298,1919.4349708432114,4815.947157525256,0.9920830435741184,35.6,mountain,4G_remote,2500,1200
BTS_00655,16.324375274106924,107.77265509823225,796265.4294021612,1806832.505798355,16073.96,0.0,96.07898208383826,858764.1875,7,89.97153,0,1564.8194434440045,21701.79686287429,11.16085468832822,2396.7149345463445,2137.239872032223,0.9944195726558359,27.8,mountain,4G_remote,2500,1200
BTS_05116,16.427916937369364,107.69499884928601,787810.2423103424,1818185.40653015,16071.37,,96.07898208383826,858764.1875,5,89.981995,0,9209.575790401279,8199.440502531033,8.624967602770582,1608.1281934399258,3413.437625445486,0.9956875161986147,26.3,mountain,4G_remote,2500,1200
BTS_02223,16.49625027001498,107.488748850045,765678.5539938821,1825468.274545954,16047.59,2.687933921813965,96.07898208383826,858764.1875,9,89.98714,0,8245.263655989986,8024.299035592443,31.513368626357977,345.47662194335356,1471.4586032430443,0.984243315686821,19.8,mountain,4G_remote,2500,1200
BTS_05918,16.537083603184982,107.521248849915,769093.2775767059,1830032.066235401,16030.19,0.0,96.07898208383826,858764.1875,3,89.98576,0,8082.223143236984,7717.068959911822,21.702679483154576,1189.4835772004405,5607.227093847292,0.9891486602584227,18.8,mountain,4G_remote,2500,1200
BTS_02773,16.355416937244975,107.743748849025,793128.366170004,1810227.756626748,16026.46,0.0,96.07898208383826,858764.1875,4,89.97749,0,760.8624447912467,17096.75548846423,12.586356207007858,915.1614530529353,3260.1038260345827,0.9937068218964961,31.4,mountain,4G_remote,2500,1200
BTS_06154,16.32875027068498,107.760415515625,794950.1719316365,1807299.159491415,16010.57,0.0,96.07898208383826,858764.1875,7,89.98763,0,216.69694948184085,20427.38075825111,19.386401284202957,1055.1904357054643,1618.8532531351493,0.9903067993578986,25.2,mountain,4G_remote,2500,1200
BTS_05523,16.31791693739498,107.775415515565,796570.3251923281,1806121.407832256,16005.93,0.0,96.07898208383826,858764.1875,7,89.969986,0,1597.7887691850156,22410.996570125706,6.128443170316202,2885.077022208389,2189.108050451962,0.9969357784148419,31.1,mountain,4G_remote,2500,1200
BTS_02550,16.560416936842195,107.4983321834011,766613.9602852603,1832584.7416205064,16004.46,0.0,96.07898208383826,858764.1875,4,89.9926,0,11604.222324111732,6226.405957753739,5.938504685226142,567.595040883479,5446.544661406531,0.997030747657387,34.4,mountain,4G_remote,2500,1200
BTS_05964,16.39458360375498,107.822915515375,801531.5636144732,1814680.63154246,16000.69,0.0,96.07898208383826,858764.1875,11,89.983284,0,7930.314681835515,22279.679140985583,8.458014237705457,9932.71982398853,10472.236892859188,0.9957709928811472,24.9,mountain,4G_remote,2500,1200
BTS_04368,16.387083603784983,107.832915515335,802612.052995414,1813865.0368377457,15994.13,0.0,96.07898208383826,858764.1875,7,89.993996,0,6624.550396193249,23563.834671387074,19.0922339041444,8716.65685792304,9146.655904560068,0.9904538830479278,28.5,mountain,4G_remote,2500,1200
BTS_06308,16.550416936464988,107.54874884980501,772011.2712335788,1831545.2403761903,15991.98,27.63172149658203,96.07898208383826,858764.1875,2,89.909966,0,8351.407995991132,7430.692540951424,17.799383350310883,895.9158122384505,6368.380916270451,0.9911003083248445,28.5,mountain,4G_remote,2500,1200
BTS_05879,16.39541693708498,107.817915515395,800995.8383447949,1814765.4764446884,15990.8,724.107177734375,96.07898208383826,858764.1875,4,89.99316,0,8457.4194357527,21744.19948114434,28.03160418472192,9396.106638251329,10991.778991241688,0.985984197907639,26.1,mountain,4G_remote,2500,1200
BTS_01233,16.382083603804983,107.838748848645,803243.3455667491,1813320.0838923345,15979.09,0.0,96.07898208383826,858764.1875,12,89.95974,0,5850.875387173261,24340.765248812007,25.53616509781765,7905.705110957988,8349.47243160651,0.9872319174510912,25.6,mountain,4G_remote,2500,1200
BTS_00869,16.321250271005372,107.77583218303583,796609.8495987182,1806491.1076789098,15977.27,0.0,96.07898208383826,858764.1875,8,89.984085,0,1770.3577008224095,22186.481245451138,31.806374406798454,2804.962256029711,2314.8609117196024,0.9840968127966008,30.4,mountain,4G_remote,2500,1200
BTS_00461,16.435833606712038,107.79166551449633,798128.382327568,1819202.0095248984,15969.4,0.0,96.07898208383826,858764.1875,11,89.98847,0,10701.031206832982,17938.77212199492,38.20295819693333,7839.95159254178,7144.776531221746,0.9808985209015333,35.0,mountain,4G_remote,2500,1200
BTS_03945,16.32958360401498,107.761248848955,795038.0207340408,1807392.6398385488,15968.08,0.0,96.07898208383826,858764.1875,2,89.99138,0,337.3668372684078,20425.205684588702,69.82549488246656,1152.1844223354653,1737.0861286430613,0.9650872525587667,28.5,mountain,4G_remote,2500,1200
BTS_04133,16.47708360342499,107.654582182715,783419.8596464217,1823572.0549127348,15950.43,0.0,96.07898208383826,858764.1875,3,89.99262,0,5905.210967826514,3658.371647471777,21.471492200658197,1028.9215393055474,5366.58798911214,0.9892642538996709,32.7,mountain,4G_remote,2500,1200
BTS_02939,16.31583360407722,107.77041551551216,796038.8269614881,1805883.4500624263,15944.76,0.0,96.07898208383826,858764.1875,7,89.981995,0,1856.4371586985098,22197.010253087516,39.02574224226145,2518.1719857116136,1633.4843437476366,0.9804871288788692,32.6,mountain,4G_remote,2500,1200
BTS_04175,16.435833603597438,107.53041551647847,770212.757262673,1818834.9028604536,15929.39,0.0,96.07898208383826,858764.1875,10,89.98939,0,5521.712230496802,5739.181661166554,32.44332783519386,1053.4561256352915,2328.458381334272,0.9837783360824031,28.7,mountain,4G_remote,2500,1200
BTS_04093,16.47291693677498,107.64708218274501,782624.679206977,1823100.203304813,15909.31,0.0,96.07898208383826,858764.1875,5,89.98875,0,5122.716375908731,2734.6655287202293,6.333598243539082,619.5853017730145,4518.628554518091,0.9968332008782305,36.3,mountain,4G_remote,2500,1200
BTS_05609,16.328750270684974,107.757082182305,794593.7722657056,1807294.3310846041,15902.89,0.0,96.07898208383826,858764.1875,4,89.99051,0,172.70089912304698,20177.582397547485,26.180294541898373,700.0961888526439,1530.4599664606797,0.9869098527290509,29.4,mountain,4G_remote,2500,1200
BTS_01129,16.383750271567614,107.83791551550044,803151.6843641989,1813503.3939577478,15897.24,0.0,96.07898208383826,858764.1875,12,89.98727,0,5994.984725602576,24192.722836090656,23.85501804277925,8070.723494389016,8506.281858393726,0.9880724909786104,31.9,mountain,4G_remote,2500,1200
BTS_02745,16.360416937224972,107.741248849035,792853.6402225333,1810777.7787761802,15896.49,0.0,96.07898208383826,858764.1875,6,89.981995,0,767.2125180355137,16527.6212980188,9.200703383276103,1461.512291003331,3723.834667185235,0.9953996483083619,32.3,mountain,4G_remote,2500,1200
BTS_00797,16.327916937354985,107.756248848975,794505.9213920312,1807200.8529014094,15872.41,18.7998046875,96.07898208383826,858764.1875,4,89.98576,0,243.7231632770396,20182.170377867267,26.271937677139633,607.2865691065823,1423.6840103349398,0.9868640311614302,33.2,mountain,4G_remote,2500,1200
BTS_04388,16.47458360343499,107.610415516225,778705.1471991069,1823233.732496762,15871.25,0.0,96.07898208383826,858764.1875,4,89.97153,0,1213.3327929382076,2328.2596480155707,24.569855855637773,0.0,2540.001075512977,0.9877150720721811,24.6,mountain,5G_macro,1000,10000
BTS_02053,16.420416936984974,107.77791551555501,796682.4382118778,1817474.7154628073,15866.28,0.0,96.07898208383826,858764.1875,7,89.98908,0,8471.951782082391,16843.005531442242,62.11787130307055,5715.641413992331,6387.810758937529,0.9689410643484647,35.5,mountain,4G_remote,2500,1200
BTS_00647,16.422083603644985,107.773748848905,796234.6145275763,1817653.1596975727,15857.12,29.547805786132812,96.07898208383826,858764.1875,6,89.97878,0,8411.012656853003,16365.3009297327,14.073660064407491,5410.944696639472,5910.639816000394,0.9929631699677962,22.7,mountain,4G_remote,2500,1200
BTS_00959,16.566250269734983,107.495415516685,766294.5135122163,1833226.672294672,15854.78,0.0,96.07898208383826,858764.1875,5,89.984085,0,12309.144666713037,6054.457984239933,28.54118312847097,513.9351556475739,5801.042859713343,0.9857294084357645,28.3,mountain,4G_remote,2500,1200
BTS_02802,16.47458360343498,107.50458218331501,767399.4722569097,1823090.5222952568,15847.59,,96.07898208383826,858764.1875,7,89.978165,0,6254.803437797492,7277.86705767456,86.22618117694532,1277.3897282282862,3577.9069724930796,0.9568869094115273,31.4,mountain,4G_remote,2500,1200
BTS_04698,16.316250270734983,107.77458218223501,796483.7321234965,1805935.6480523758,15846.81,0.0,96.07898208383826,858764.1875,9,89.97878,0,1600.2020573129148,22477.326459234697,11.596733256698451,2882.2928390498346,2081.0124962720133,0.9942016333716508,29.3,mountain,4G_remote,2500,1200
BTS_02540,16.367083603864973,107.737915515715,792487.3574982714,1811511.1440416805,15835.6,9.925004005432129,96.07898208383826,858764.1875,5,89.97503,0,1333.2515354327907,15774.122909137108,10.541858513584403,1696.5357405626437,4187.694083705774,0.9947290707432078,30.1,mountain,4G_remote,2500,1200
BTS_02128,16.493472492570287,107.49263773931129,766097.7222529734,1825165.8827073635,15835.31,0.0,96.07898208383826,858764.1875,9,89.909966,0,7764.816759346035,8453.138587678855,36.92846512898306,781.3116757565718,1800.3441631303126,0.9815357674355085,28.5,mountain,4G_remote,2500,1200
BTS_02343,16.33025027102603,107.75908218262387,794805.361483379,1807463.3174076222,15823.19,0.0,96.07898208383826,858764.1875,7,89.98883,0,251.09978606385744,20209.076440393877,50.767434134755206,911.6676800881417,1735.7442466800937,0.9746162829326224,34.1,mountain,4G_remote,2500,1200
BTS_01707,16.41625027074909,107.67833218268561,786046.3224007231,1816870.024324066,15821.0,0.0,96.07898208383826,858764.1875,10,89.97153,0,9202.599624150693,7395.322937042708,36.89571566161837,0.0,2625.0472626966716,0.9815521421691908,26.6,mountain,5G_macro,1000,10000
BTS_02098,16.3970836048484,107.83541551551026,802863.8099845507,1814976.1017508048,15806.75,0.0,96.07898208383826,858764.1875,6,89.979866,0,6866.8269284644375,23465.050682562825,34.42752526752507,9082.08729971794,9439.089855806375,0.9827862373662375,31.0,mountain,4G_remote,2500,1200
BTS_01402,16.357916937647826,107.74249884909722,792991.0017135161,1810502.7675546827,15804.39,0.0,96.07898208383826,858764.1875,7,89.969986,0,699.4724706225649,16811.785243857856,6.9345932861581385,1185.648746567426,3489.5472285529713,0.9965327033569209,24.5,mountain,4G_remote,2500,1200
BTS_02228,16.318750270724987,107.77708218222502,796747.2794709629,1806216.1092742742,15803.58,0.0,96.07898208383826,858764.1875,7,89.95974,0,1495.3077649651354,22474.548682955872,62.234545835067394,3017.1472933434693,2379.7642129157857,0.9688827270824663,35.2,mountain,4G_remote,2500,1200
BTS_01660,16.42412906135698,107.77026399737947,795859.0904399646,1817874.5516937268,15797.78,128.98898315429688,96.07898208383826,858764.1875,10,89.979866,0,8446.262631371892,15948.077335681835,13.175930685904635,5217.331514501609,5474.718691802392,0.9934120346570476,38.3,mountain,4G_remote,2500,1200
BTS_02412,16.513750269944985,107.451248850195,761649.7185688133,1827356.5557940635,15797.61,24.58773422241211,96.07898208383826,858764.1875,10,89.97749,0,12648.292331805362,4377.988389962909,22.154385027809486,609.5687284020771,1185.041445970533,0.9889228074860953,27.3,mountain,4G_remote,2500,1200
BTS_02910,16.44125027023498,107.78291551553501,797185.0765621361,1819788.9126117034,15790.98,0.0,96.07898208383826,858764.1875,11,89.95499,0,10745.540562818966,16932.028960236206,11.83381790502659,6966.427552391485,6115.5271302063975,0.9940830910474867,33.5,mountain,4G_remote,2500,1200
BTS_05278,16.437083603584984,107.52874884988502,770032.9536050837,1818971.0645788684,15789.12,0.0,96.07898208383826,858764.1875,10,89.95974,0,5584.807146277975,5802.765168396682,21.983257387910342,1004.8702850298014,2424.293499349826,0.9890083713060448,24.2,mountain,4G_remote,2500,1200
BTS_06359,16.370416937184977,107.710415515825,789542.783931588,1811840.8058194343,15769.45,0.0,96.07898208383826,858764.1875,3,89.95974,0,3276.305077897626,13396.759813834344,30.62841802534692,984.263846432582,1468.96701271573,0.9846857909873266,33.2,mountain,4G_remote,2500,1200
BTS_05593,16.41375027034498,107.833748848665,802659.8614652134,1816819.1649555746,15768.72,,96.07898208383826,858764.1875,12,89.98953,0,8098.0913765328305,22814.555389755416,16.6736733186154,10398.213509890491,10637.746081427827,0.9916631633406923,29.5,mountain,4G_remote,2500,1200
BTS_00784,16.385416937124983,107.836248848655,802970.945331556,1813685.4587930115,15761.83,0.0,96.07898208383826,858764.1875,14,89.98994,0,6225.82689590877,23961.80825558642,57.2183105633393,8315.46651010803,8745.618605391648,0.9713908447183304,31.8,mountain,4G_remote,2500,1200
BTS_00056,16.406250270374986,107.839582181975,803294.9623587126,1815997.3915595592,15757.88,,96.07898208383826,858764.1875,11,89.97749,0,7085.044794544883,23616.82628977064,210.42649425474096,9376.02948254092,9635.334939022508,0.8947867528726295,28.7,mountain,4G_remote,2500,1200
BTS_04106,16.417083603664977,107.677082182625,785911.5206386665,1816960.5261025664,15754.99,0.0,96.07898208383826,858764.1875,8,89.909966,0,9361.042195050344,7233.787890709222,11.808110544300119,0.0,2776.217514827122,0.9940959447278499,28.3,mountain,5G_macro,1000,10000
BTS_01696,16.484305826051088,107.60902662694063,778542.8595130208,1824308.223702632,15754.14,0.0,96.07898208383826,858764.1875,5,89.95974,0,1324.5053575463328,3267.9243969467957,7.407470749022428,0.0,1751.7720410849242,0.9962962646254888,21.4,mountain,5G_macro,1000,10000
BTS_05242,16.434583603594973,107.794582182155,798441.9804561129,1819067.8989239414,15752.59,0.0,96.07898208383826,858764.1875,13,89.990234,0,10762.050769968977,18267.631481561362,14.791445783056139,8032.04890902965,7479.152937606263,0.9926042771084719,32.5,mountain,4G_remote,2500,1200
BTS_03850,16.47041693789245,107.64458218292765,782361.2231287898,1822819.9062178745,15733.74,17.092967987060547,96.07898208383826,858764.1875,6,89.93634,0,4889.445801313512,2361.6339940139997,22.71925300428842,309.60731221209755,4139.893404853721,0.9886403734978558,32.9,mountain,4G_remote,2500,1200
BTS_02491,16.417083603664974,107.671248849315,785288.1400659649,1816952.2969665918,15731.16,0.0,96.07898208383826,858764.1875,7,89.98594,0,9772.392632669404,6771.759535029109,18.449975883967475,0.0,3171.9200532417053,0.9907750120580162,33.1,mountain,5G_macro,1000,10000
BTS_00617,16.56458360340302,107.4947905166021,766230.0741143746,1833041.3285777126,15725.5,0.0,96.07898208383826,858764.1875,7,89.978165,0,12200.09726359628,5944.009513569772,13.15408168090406,540.1906993902315,5608.973110976666,0.9934229591595479,32.6,mountain,4G_remote,2500,1200
BTS_00721,16.372639159713007,107.71097107176807,789598.8852876544,1812087.6498878344,15716.39,0.0,96.07898208383826,858764.1875,9,89.983284,0,3361.4758577516454,13257.396069832012,28.838232434921927,764.7723238628122,1342.7728200841484,0.985580883782539,25.0,mountain,4G_remote,2500,1200
BTS_01080,16.419583603654978,107.778748848885,796772.7636003348,1817383.6631343544,15712.77,162.26593017578125,96.07898208383826,858764.1875,5,89.95974,0,8440.488878473112,16952.947298814976,58.39687916758731,5755.713844372502,6511.40570956363,0.9708015604162064,31.2,mountain,4G_remote,2500,1200
BTS_05100,16.385416937124983,107.841248848635,803505.4208296842,1813692.9351964223,15712.68,0.0,96.07898208383826,858764.1875,15,89.99371,0,5728.797266745237,24464.630115929376,93.53153830322545,7851.43582060759,8265.147535775917,0.9532342308483873,33.7,mountain,4G_remote,2500,1200
BTS_03629,16.368750270524984,107.710415515825,789545.2461164652,1811656.2672392172,15707.57,0.0,96.07898208383826,858764.1875,3,89.98714,0,3184.7330803415475,13533.24307480456,8.723868589239245,1118.250956082131,1610.5648989426093,0.9956380657053804,33.6,mountain,4G_remote,2500,1200
BTS_03411,16.537916936514982,107.55208218312501,772384.7792037779,1830165.8477553206,15693.14,0.0,96.07898208383826,858764.1875,1,89.97153,0,6926.219639173882,6007.451219142614,10.860760635966704,530.8880513071674,4999.987536397955,0.9945696196820166,37.0,mountain,4G_remote,2500,1200
BTS_04426,16.38791693752855,107.82999884874936,802298.9929772206,1813952.9637962275,15687.89,0.0,96.07898208383826,858764.1875,7,89.99195,0,6948.733273180586,23239.253608926487,27.710253422534,9034.659118356869,9468.11733966218,0.986144873288733,36.2,mountain,4G_remote,2500,1200
BTS_00788,16.32916693735724,107.75541551557257,794414.9484532203,1807338.0550502762,15682.63,1.2459520101547241,96.07898208383826,858764.1875,3,89.97153,0,354.75470029936884,20020.59686473862,17.648950579224604,531.7587222568262,1543.862932463894,0.9911755247103877,24.5,mountain,4G_remote,2500,1200
BTS_01457,16.465509532550474,107.55097107099569,772367.5706261833,1822147.9538566,15681.99,0.0,96.07898208383826,858764.1875,6,89.9852,0,1760.7722551678585,2401.522694543266,28.426868666804793,0.0,1733.0013690913154,0.9857865656665976,24.3,mountain,5G_macro,1000,10000
BTS_05176,16.38125027047499,107.837082181985,803066.4738960324,1813225.3152064125,15670.41,0.0,96.07898208383826,858764.1875,11,89.990234,0,5993.017862741288,24207.03683967602,168.4884604830323,8023.0365521929,8476.9659814779,0.9157557697584838,29.0,mountain,4G_remote,2500,1200
BTS_04430,16.393750270424984,107.824582182035,801710.9968052489,1814590.8347151969,15666.71,0.0,96.07898208383826,858764.1875,10,89.98658,0,7730.048480565163,22478.125529321107,129.43998265032926,9855.271572577978,10271.5955142819,0.9352800086748354,28.3,mountain,4G_remote,2500,1200
BTS_02814,16.416250270334984,107.615415516205,779322.814460898,1816782.1798991435,15658.28,0.0,96.07898208383826,858764.1875,32,89.99367,0,5564.830347719644,4910.591740202386,13.449302517407789,1806.2397193188422,2381.361254078788,0.9932753487412961,24.4,mountain,4G_remote,2500,1200
BTS_05693,16.424583603634982,107.698748849205,788215.8905989556,1817821.6691439417,15656.98,0.0,96.07898208383826,858764.1875,7,89.95974,0,8694.444641188169,8720.898530913757,13.215319130129876,1490.5713060411847,3202.7567816508763,0.9933923404349351,29.3,mountain,4G_remote,2500,1200
BTS_05035,16.380000270487198,107.83958218190035,803335.6534947826,1813090.6351660583,15630.56,0.0,96.07898208383826,858764.1875,13,89.98994,0,5697.376984717621,24506.18833476354,15.288613385818742,7722.105066597351,8177.0391323573,0.9923556933070906,30.9,mountain,4G_remote,2500,1200
BTS_04444,16.375416937578297,107.8599988486301,805525.3229080051,1812613.7380940164,15628.67,0.0,96.07898208383826,858764.1875,10,89.969986,0,3462.105533266313,26727.236118716926,63.59844009815496,5562.902644366504,5977.202472239128,0.9682007799509225,25.9,mountain,4G_remote,2500,1200
BTS_03125,16.340416937304983,107.731248849075,791814.3714000366,1808548.8950861287,15627.62,0.0,96.07898208383826,858764.1875,6,89.981995,0,1725.7660543178526,17360.632203698267,126.19969344585098,566.3451045204183,1412.1004410265973,0.9369001532770745,36.6,mountain,4G_remote,2500,1200
BTS_05947,16.435416937339603,107.8049988488487,799553.8794987686,1819175.5771418242,15615.44,,96.07898208383826,858764.1875,14,89.98818,0,11510.366467154985,19355.83943456072,29.09131667003025,9049.16538516603,8550.76538105508,0.9854543416649849,25.0,mountain,4G_remote,2500,1200
BTS_00745,16.49541693779369,107.49041551686754,765857.7077456729,1825378.215874381,15592.29,0.0,96.07898208383826,858764.1875,9,89.98763,0,8049.121965005008,8209.459912139,26.344789466952495,513.5466530647741,1610.7287238910533,0.9868276052665238,28.9,mountain,4G_remote,2500,1200
BTS_04064,16.33208360400499,107.760415515625,794945.1680888652,1807668.2486280976,15587.71,0.0,96.07898208383826,858764.1875,5,89.96817,0,490.55512670529447,20167.37249835779,85.84405179808776,1047.5824886803578,1969.2101885085174,0.9570779741009561,36.1,mountain,4G_remote,2500,1200
BTS_03006,16.365694715296154,107.71235996065123,789757.6131422876,1811320.7202212107,15584.03,0.0,96.07898208383826,858764.1875,5,89.97878,0,2848.2218296439223,13923.909993597592,44.080233708206976,1229.2066727671795,2005.8204738392003,0.9779598831458965,34.8,mountain,4G_remote,2500,1200
BTS_04851,16.42541693696498,107.768748848925,795695.2186947318,1818014.941040016,15578.61,0.0,96.07898208383826,858764.1875,6,89.99051,0,8508.911468898761,15756.350584717198,8.533640991050618,5168.714906581078,5262.6132586570675,0.9957331795044747,24.0,mountain,4G_remote,2500,1200
BTS_04183,16.322916937374984,107.77791551555501,796830.0941276194,1806678.6908233904,15578.21,0.0,96.07898208383826,858764.1875,7,89.982346,0,1741.8007315126404,22222.15264182303,5.944410834779932,2979.234503897466,2584.754289871682,0.99702779458261,30.2,mountain,4G_remote,2500,1200
BTS_00573,16.37375027091826,107.85916551530008,805438.836315754,1812427.9251540583,15570.36,0.0,96.07898208383826,858764.1875,9,89.983284,0,3494.467892160576,26708.912285194892,88.99675917789372,5546.321915213743,5979.945981598847,0.9555016204110531,26.0,mountain,4G_remote,2500,1200
BTS_03736,16.324583604447113,107.77666551562808,796693.9228075498,1806861.4152066365,15562.35,0.0,96.07898208383826,858764.1875,6,89.98658,0,1969.0148228896003,21998.63792601984,9.059758584256587,2816.9264766014685,2530.68412693979,0.9954701207078717,35.1,mountain,4G_remote,2500,1200
BTS_01694,16.383194715347514,107.84263773711942,803657.3332170524,1813448.9393573878,15551.58,0.0,96.07898208383826,858764.1875,13,89.98752,0,5499.921695521789,24687.798076246094,66.95543210767572,7599.296805272451,8023.1322412825775,0.9665222839461621,24.1,mountain,4G_remote,2500,1200
BTS_04778,16.38291693713497,107.834582181995,802796.6537061237,1813406.13684407,15530.45,3.8498730659484863,96.07898208383826,858764.1875,6,89.979866,0,6303.066821236683,23891.495982590764,29.553546562666497,8344.511329970404,8794.952452272624,0.9852232267186668,25.4,mountain,4G_remote,2500,1200
BTS_00609,16.42375027030498,107.82124884871502,801308.4534603828,1817907.8426868736,15499.3,,96.07898208383826,858764.1875,11,89.978165,0,9832.941718085918,21279.950209937997,22.932908819379,10176.543301759539,10538.24708174326,0.9885335455903105,25.3,mountain,4G_remote,2500,1200
BTS_00129,16.565000269747507,107.49291551662948,766029.3055075272,1833084.971302947,15497.24,0.0,96.07898208383826,858764.1875,7,89.98714,0,12357.540731456125,5760.9816397557415,10.378828361947823,348.07886972871955,5545.745259782003,0.994810585819026,27.2,mountain,4G_remote,2500,1200
BTS_04903,16.338750270644983,107.751248848995,793955.1104082407,1808393.1559142822,15496.47,0.0,96.07898208383826,858764.1875,1,89.978165,0,1417.665289506717,18951.24411584371,341.3683429342246,518.8625971269719,2098.1457572037084,0.8293158285328877,36.2,mountain,4G_remote,2500,1200
BTS_06029,16.380416937144982,107.857915515235,805294.8161841269,1813164.2770650275,15495.74,0.0,96.07898208383826,858764.1875,11,89.95974,0,3874.715696234507,26329.015831394885,13.748103082071292,6052.369181483798,6432.464249257932,0.9931259484589644,27.5,mountain,4G_remote,2500,1200
BTS_00098,16.488802357306398,107.60869676454502,778501.1852888768,1824805.6078440216,15487.71,0.0,96.07898208383826,858764.1875,6,89.978165,0,1658.1314365978812,3713.2837249497243,5.206539006981133,0.0,1550.2124004758148,0.9973967304965095,27.1,mountain,5G_macro,1000,10000
BTS_01033,16.440416936924386,107.78458218199975,797364.4471544904,1819699.0890639024,15486.45,0.0,96.07898208383826,858764.1875,11,89.98714,0,10747.5129070485,17120.057735340295,62.37070556418342,7147.756015130638,6305.859178869582,0.9688146472179083,32.5,mountain,4G_remote,2500,1200
BTS_01247,16.389166937117196,107.84374884855022,803766.8397398265,1814111.9303639566,15465.33,0.0,96.07898208383826,858764.1875,4,89.99138,0,5662.154547532554,24581.625460999378,32.07521496928483,7849.317581044317,8228.4186346125,0.9839623925153576,30.9,mountain,4G_remote,2500,1200
BTS_06311,16.41791693699498,107.67458218263502,785643.1390045141,1817049.2644455656,15458.22,0.0,96.07898208383826,858764.1875,6,89.982346,0,9611.340832545757,6971.437199127517,8.746431995454017,0.0,3008.526229379406,0.995626784002273,28.7,mountain,5G_macro,1000,10000
BTS_05156,16.322083604044984,107.778748848885,796920.4566483637,1806587.6326966973,15457.33,0.0,96.07898208383826,858764.1875,8,89.978165,0,1613.7619507949346,22350.25145174534,9.42384724546386,3085.2751772016954,2640.0928680121106,0.995288076377268,24.5,mountain,4G_remote,2500,1200
BTS_05769,16.539583603174986,107.517082183265,768644.8635022496,1830303.2694826962,15454.2,0.0,96.07898208383826,858764.1875,4,89.95974,0,8561.747729077095,8226.406191701906,75.05049135103349,1582.6019728003646,5563.94266917414,0.9624747543244833,30.9,mountain,4G_remote,2500,1200
BTS_03668,16.577916936354967,107.491248850035,765833.6092740172,1834512.7491383823,15442.91,349.05682373046875,96.07898208383826,858764.1875,10,89.981995,0,13621.661759343668,6116.240360042044,154.70897476859878,691.5703668363358,6752.797856275101,0.9226455126157006,21.7,mountain,4G_remote,2500,1200
BTS_01347,16.422916936974975,107.82208218204501,801398.8001794609,1817816.8067991966,15441.01,0.0,96.07898208383826,858764.1875,11,89.96817,0,9705.1955386539,21384.795080384592,16.749738182133562,10236.163960586027,10649.229741053006,0.9916251309089332,32.3,mountain,4G_remote,2500,1200
BTS_05932,16.44375027022498,107.572082183045,774653.535730864,1819767.509418128,15433.37,0.0,96.07898208383826,858764.1875,30,89.983284,0,2448.1876674245264,2568.783283921148,16.87943414750322,17.7766371802553,2266.7829797694153,0.9915602829262484,32.0,mountain,5G_macro,1000,10000
BTS_03512,16.341250270634983,107.726248849095,791278.5789153842,1808633.9970787002,15428.32,10.684103965759277,96.07898208383826,858764.1875,18,89.99447,0,1894.3476304646326,16946.40163482259,46.76849614617153,1107.105083781049,1654.3891317074613,0.9766157519269142,28.4,mountain,4G_remote,2500,1200
BTS_00424,16.55791693643498,107.498748850005,766661.8917396831,1832308.5223610925,15405.71,0.0,96.07898208383826,858764.1875,3,89.93634,0,11356.225010808092,6235.10861542416,48.064379639576025,814.7639286047105,5259.293243808064,0.975967810180212,25.7,mountain,4G_remote,2500,1200
BTS_01211,16.442500270237257,107.7837488487918,797272.2217693605,1819928.5498192585,15368.78,0.0,96.07898208383826,858764.1875,13,89.97503,0,10909.43632712751,17004.519961100963,14.565913308166536,7052.712824899271,6184.50308432542,0.9927170433459167,17.4,mountain,4G_remote,2500,1200
BTS_04413,16.55041693646498,107.544582183155,771566.3433145708,1831539.6032231578,15337.44,0.0,96.07898208383826,858764.1875,1,89.978165,0,8444.448106307978,7587.786049697056,137.56241818519797,619.1663321783411,6381.080652686001,0.931218790907401,30.8,mountain,4G_remote,2500,1200
BTS_00531,16.41791693699498,107.702915515855,788671.0050988736,1817089.4550518994,15325.01,0.6380449533462524,96.07898208383826,858764.1875,1,89.95974,0,7833.932411039005,9458.793543362946,175.0743276080105,981.6535224799634,2656.925536632664,0.9124628361959948,25.5,mountain,4G_remote,2500,1200
BTS_05750,16.541250269834972,107.527082183225,769710.4147901814,1830501.1780252312,15322.27,0.0,96.07898208383826,858764.1875,3,89.981995,0,8158.701228812119,7654.081968656765,21.210213675293407,1258.1073561198716,5815.070120331382,0.9893948931623533,28.0,mountain,4G_remote,2500,1200
BTS_01584,16.44375027133109,107.77624884907631,796468.8775840574,1820055.9454226294,15297.24,0.0,96.07898208383826,858764.1875,8,89.9852,0,10690.284176145535,16192.660868684676,31.409567705103942,6251.222906681783,5372.020633067717,0.9842952161474481,22.2,mountain,4G_remote,2500,1200
BTS_01349,16.53958360359175,107.51999884998165,768956.3247991642,1830307.1695635726,15286.37,0.0,96.07898208383826,858764.1875,3,89.97153,0,8386.761642315725,8009.398405713049,5.644104764677782,1490.1083367346528,5848.295117935429,0.9971779476176611,29.1,mountain,4G_remote,2500,1200
BTS_01453,16.400416937064982,107.839582181975,803304.0103181214,1815351.4452222385,15277.27,0.0,96.07898208383826,858764.1875,11,89.99262,0,6692.938428866225,23786.654554603134,27.11689777127891,8953.48938584045,9259.542065228921,0.9864415511143605,36.2,mountain,4G_remote,2500,1200
BTS_04936,16.397083603744978,107.842915515295,803665.4755184003,1814987.3249815074,15277.09,0.0,96.07898208383826,858764.1875,6,89.97503,0,6189.718434190322,24232.262107094324,9.198012247020676,8444.144711392617,8758.43374609341,0.9954009938764896,28.0,mountain,4G_remote,2500,1200
BTS_01131,16.42125027031498,107.824582182035,801668.5578053945,1817635.9778586219,15272.63,0.0,96.07898208383826,858764.1875,12,89.978165,0,9382.420364490765,21682.58461296882,31.89522284537027,10445.31774392526,10957.644671063257,0.9840523885773149,30.0,mountain,4G_remote,2500,1200
BTS_02415,16.51125026995498,107.45208218352501,761742.0842021725,1827080.875598741,15268.41,0.0,96.07898208383826,858764.1875,7,89.969986,0,12475.634622392252,4668.382417272051,18.564291872930134,779.5675611417763,1155.894000761767,0.990717854063535,34.1,mountain,4G_remote,2500,1200
BTS_04209,16.473750270104983,107.655415516045,783513.7398545151,1823204.1598151044,15264.1,0.0,96.07898208383826,858764.1875,2,89.97749,0,6004.236629542506,3555.5677958582933,201.3485983202131,1311.2344280994719,5142.556640786745,0.8993257008398934,34.8,mountain,4G_remote,2500,1200
BTS_04134,16.41375027034498,107.620415516185,779860.7023384068,1816512.2926085487,15263.62,5.4754767417907715,96.07898208383826,858764.1875,29,89.99558,0,6062.529674993705,5095.565737524389,48.87607211584586,1633.7373360079316,2567.66937881553,0.9755619639420771,22.1,mountain,4G_remote,2500,1200
BTS_04155,16.315000271159125,107.77666551555508,796708.384667978,1805800.2724241072,15262.63,0.0,96.07898208383826,858764.1875,8,89.98908,0,1343.0847036035484,22732.918134788437,39.29018566019332,3143.7305123156043,2299.48896296865,0.9803549071699034,26.7,mountain,4G_remote,2500,1200
BTS_03522,16.433750270264987,107.797915515475,798799.4724308967,1818980.5459225136,15245.47,0.0,96.07898208383826,858764.1875,9,89.93634,0,10897.117581128188,18633.78603793302,30.034279158668063,8295.087225717614,7847.010429789347,0.984982860420666,30.8,mountain,4G_remote,2500,1200
BTS_00012,16.363333603887256,107.74124884896293,792849.2842029062,1811100.7281148254,15245.0,0.0,96.07898208383826,858764.1875,8,89.98658,0,1035.7419386136894,16314.950766315054,21.484508499655664,1784.4825330543388,4038.160948773693,0.9892577457501721,25.9,mountain,4G_remote,2500,1200
BTS_05891,16.562083603084982,107.49624885001501,766389.2220659249,1832766.491085108,15243.71,0.0,96.07898208383826,858764.1875,6,89.98456,0,11885.205427765794,6038.057672301389,23.176582145733008,568.5035192828747,5463.376023134195,0.9884117089271335,36.6,mountain,4G_remote,2500,1200
BTS_03286,16.384583603794983,107.849582181935,804397.5134041965,1813613.146637802,15242.07,0.0,96.07898208383826,858764.1875,13,89.982346,0,4877.397109388034,25335.663133225295,46.28435412252643,7048.413761581434,7435.156968115223,0.9768578229387368,31.9,mountain,4G_remote,2500,1200
BTS_03128,16.409583603694987,107.588748849645,776482.6316671339,1816007.484576122,15237.01,55.64745330810547,96.07898208383826,858764.1875,21,89.99126,0,5628.612164504963,6556.362452110377,47.55243549891303,2099.936726005228,4472.774320463004,0.9762237822505435,28.6,mountain,4G_remote,2500,1200
BTS_03447,16.370416937184977,107.70874884916502,789364.6282208023,1811838.4294115396,15233.15,0.0,96.07898208383826,858764.1875,11,89.99293,0,3430.0127383308036,13276.867369617064,13.822109180920359,1106.7908583312992,1355.8522598733364,0.9930889454095398,33.9,mountain,4G_remote,2500,1200
BTS_04567,16.37791693715498,107.856248848575,805120.5456682469,1812884.9323989036,15230.95,0.0,96.07898208383826,858764.1875,14,89.909966,0,3932.1786427827333,26255.188700582392,32.112585589130084,6049.445510523138,6459.307964892352,0.983943707205435,39.5,mountain,4G_remote,2500,1200
BTS_02035,16.327083604437153,107.77583218229806,796601.0469969512,1807137.020508086,15225.52,0.0,96.07898208383826,858764.1875,9,89.982346,0,1853.848302766946,21745.642655328586,49.28070238417751,2703.334503470543,2581.5192227422895,0.9753596488079113,29.4,mountain,4G_remote,2500,1200
BTS_00877,16.551250270212027,107.54666551654229,771787.6381789733,1831634.6810095953,15208.54,4.556310653686523,96.07898208383826,858764.1875,4,89.99164,0,8485.357055515795,7592.744121824997,11.904071255229953,670.019120051735,6463.079919661522,0.9940479643723851,32.1,mountain,4G_remote,2500,1200
BTS_00204,16.387083603784983,107.844582181955,803859.151842348,1813882.4833559408,15205.53,0.0,96.07898208383826,858764.1875,6,89.99195,0,5479.104972692932,24740.05179711646,6.402997914380512,7646.94377403462,8036.836266694829,0.9967985010428098,30.3,mountain,4G_remote,2500,1200
BTS_01209,16.54250026983748,107.52541551649861,769530.6997128304,1830637.3308618057,15203.41,0.0,96.07898208383826,858764.1875,7,89.9852,0,8365.193007933016,7873.188358845592,8.446886984032702,1483.4089451737843,6001.417313325798,0.9957765565079837,30.3,mountain,4G_remote,2500,1200
BTS_04151,16.366250270534984,107.710415515825,789548.9389360358,1811379.4594113037,15201.34,15.1956205368042,96.07898208383826,858764.1875,8,89.98763,0,3063.132266601143,13740.073792151641,38.98184995425512,1321.1718130354363,1837.3154650656431,0.9805090750228724,21.1,mountain,4G_remote,2500,1200
BTS_00479,16.322916937374973,107.77958218221501,797008.3018141899,1806681.1218188545,15200.66,0.0,96.07898208383826,858764.1875,6,89.98818,0,1631.4804054677986,22353.023209622967,32.4922688777348,3154.331336070094,2753.1829765195143,0.9837538655611326,30.1,mountain,4G_remote,2500,1200
BTS_00565,16.43902804917454,107.78972106865693,797915.7142480178,1819552.8639940089,15198.63,0.0,96.07898208383826,858764.1875,13,89.981995,0,10888.491151357379,17684.277500305816,66.72451511082316,7704.050810918541,6872.949707451163,0.9666377424445884,31.3,mountain,4G_remote,2500,1200
BTS_00263,16.43458360359499,107.587082182985,776269.1695741392,1818773.066729925,15196.76,0.0,96.07898208383826,858764.1875,15,89.99272,0,2868.830275415036,3866.8115529789166,27.25668835077695,94.43934921869085,3319.9153515346675,0.9863716558246115,22.7,mountain,5G_macro,1000,10000
BTS_06486,16.392916937094984,107.826248848695,801890.4316707852,1814501.0391385911,15194.83,0.0,96.07898208383826,858764.1875,10,89.98994,0,7529.801567798874,22676.61187029659,190.92202202417434,9654.841372509705,10070.953457566575,0.9045389889879129,36.4,mountain,4G_remote,2500,1200
BTS_00386,16.54104193674318,107.52145718378345,769110.0316167416,1830470.5740392145,15176.23,0.0,96.07898208383826,858764.1875,3,89.979866,0,8439.037086101947,8022.9649526915755,15.437779700791605,1614.1788735114792,5999.366863809905,0.9922811101496042,33.6,mountain,4G_remote,2500,1200
BTS_04822,16.33291693733498,107.766248848935,795567.6051619526,1807768.9866470222,15170.63,0.0,96.07898208383826,858764.1875,2,89.9921,0,986.4170482399593,20554.50552359026,88.82112667721836,1676.9629710233794,2307.4929034135125,0.9555894366613908,33.1,mountain,4G_remote,2500,1200
BTS_03340,16.442361381661883,107.52319329474334,769432.0907948671,1819547.9564104264,15163.95,6.298792839050293,96.07898208383826,858764.1875,8,89.982346,0,5681.53751645117,6014.040433032854,25.581741169154732,1152.9383188252627,2826.645923467654,0.9872091294154226,34.4,mountain,4G_remote,2500,1200
BTS_03559,16.35375027058497,107.715415515805,790101.9087292326,1810002.5525981798,15163.32,0.8908020257949829,96.07898208383826,858764.1875,17,89.98456,0,2274.086618079236,15141.632579005509,47.24165650083037,2149.4521356575915,3305.070659194663,0.9763791717495848,31.5,mountain,4G_remote,2500,1200
BTS_00105,16.512235119896655,107.44927915671245,761441.4018599374,1827186.2622684364,15162.24,303.66387939453125,96.07898208383826,858764.1875,5,89.909966,0,12794.072120091818,4492.636154652494,22.76921140005925,485.0240014481606,1441.671132564273,0.9886153942999704,23.9,mountain,4G_remote,2500,1200
BTS_05343,16.380416937144982,107.856248848575,805116.650721283,1813161.7694550725,15148.37,0.0,96.07898208383826,858764.1875,11,89.97878,0,4036.777749534429,26161.076356306537,37.66763446048784,6199.462577727672,6588.059276068994,0.9811661827697561,25.2,mountain,4G_remote,2500,1200
BTS_02869,16.38208360380498,107.849582181935,804401.4001883244,1813336.310857847,15143.42,0.0,96.07898208383826,858764.1875,6,89.99138,0,4764.453350237663,25427.79802472629,46.43809272155041,6898.346104878991,7303.854505137493,0.9767809536392248,33.7,mountain,4G_remote,2500,1200
BTS_01580,16.49291693669498,107.56291551641502,773605.0697575078,1825198.4600921927,15139.22,0.0,96.07898208383826,858764.1875,3,89.983284,0,1843.0590035126518,1126.244877059158,113.37531316422292,130.6170898434747,1352.479037231028,0.9433123434178885,26.6,mountain,5G_macro,1000,10000
BTS_03591,16.49041693670498,107.55541551644501,772807.461768276,1824911.513388925,15138.48,0.0,96.07898208383826,858764.1875,1,89.98576,0,1768.4648704417261,1757.9652332948629,13.664882928654771,0.0,505.13837963051816,0.9931675585356726,28.2,mountain,5G_macro,1000,10000
BTS_04014,16.386250270454987,107.849582181935,804394.9218939254,1813797.7038518782,15133.99,0.0,96.07898208383826,858764.1875,10,89.98576,0,4959.855534806569,25275.737840699123,18.222780595411127,7152.664943414209,7526.898264470926,0.9908886097022944,41.3,mountain,4G_remote,2500,1200
BTS_04497,16.402083603724982,107.840415515305,803390.4972270769,1815537.249035649,15120.99,0.0,96.07898208383826,858764.1875,12,89.99006,0,6729.591807548941,23822.28794698724,28.540557672888603,9003.67979090883,9290.981561686194,0.9857297211635557,26.5,mountain,4G_remote,2500,1200
BTS_02062,16.439583603989522,107.52499884996183,769628.8357395988,1819242.8359854943,15113.68,25.70815658569336,96.07898208383826,858764.1875,8,89.96817,0,5751.1979329399255,5991.947506439411,19.25243622676292,1093.4214880989578,2706.1699395925975,0.9903737818866185,23.8,mountain,4G_remote,2500,1200
BTS_01681,16.360416937224972,107.74291551569502,793031.8091202157,1810780.1824808698,15111.36,0.0,96.07898208383826,858764.1875,6,89.98818,0,892.1807289098408,16661.275777699735,13.067253715109207,1462.815540277012,3768.6313745394095,0.9934663731424453,36.2,mountain,4G_remote,2500,1200
BTS_00315,16.551789488324058,107.66477826149271,784399.6851442852,1831857.9051685282,15109.92,2105.39404296875,96.07898208383826,858764.1875,8,89.979866,0,10849.47513619465,11043.356900096682,27.509419864663304,688.7391667527057,2125.633117115649,0.9862452900676684,30.6,mountain,4G_remote,2500,1200
BTS_01883,16.371250270514988,107.858748848565,805398.1901847927,1812150.4605845688,15107.99,163.46656799316406,96.07898208383826,858764.1875,9,89.9852,0,3476.960847026919,26767.26004690343,18.229210490266855,5455.789378784707,5914.163154657708,0.9908853947548666,37.7,mountain,4G_remote,2500,1200
BTS_03831,16.417916936994978,107.672082182645,785375.9771979388,1817045.738616726,15104.17,0.0,96.07898208383826,858764.1875,8,89.979866,0,9797.679752075868,6773.128166943004,33.708510055158385,0.0,3179.236898626293,0.9831457449724208,24.4,mountain,5G_macro,1000,10000
BTS_03548,16.542083603164983,107.52374884990502,769353.3027350015,1830588.9671178246,15102.52,0.0,96.07898208383826,858764.1875,5,89.97503,0,8412.31069087691,7950.203165863698,16.61516084208664,1580.664540574451,6016.891543434203,0.9916924195789567,31.7,mountain,4G_remote,2500,1200
BTS_06006,16.37458360383498,107.862082181885,805749.3367381603,1812524.5966797974,15090.34,173.04556274414062,96.07898208383826,858764.1875,9,89.909966,0,3221.6877621335434,26968.175831198812,75.69863025969535,5324.87451344753,5736.566300200027,0.9621506848701523,27.5,mountain,4G_remote,2500,1200
BTS_00673,16.320416937384984,107.780415515545,797101.183934911,1806405.5172261803,15089.35,0.0,96.07898208383826,858764.1875,7,89.99104,0,1357.8228155022302,22606.45653472686,51.87545785433996,3302.0973976178398,2765.3420150850316,0.97406227107283,27.9,mountain,4G_remote,2500,1200
BTS_03554,16.415416937004984,107.667915515995,784934.3538962747,1816763.0689118728,15087.24,0.0,96.07898208383826,858764.1875,9,89.97749,0,9561.886630840407,6653.993452404981,32.47892338114961,0.0,3305.5649857023745,0.9837605383094252,21.1,mountain,5G_macro,1000,10000
BTS_01523,16.407916937034983,107.63124884947501,781026.7763350692,1815881.4436844361,15077.13,0.4820629954338074,96.07898208383826,858764.1875,26,89.99288,0,7233.199981548222,5743.201325411963,13.266352811977281,1595.1296169332463,3371.868611255372,0.9933668235940114,29.0,mountain,4G_remote,2500,1200
BTS_04797,16.385416937124983,107.853748848585,804841.6181522887,1813711.6840339955,15072.3,0.0,96.07898208383826,858764.1875,9,89.983284,0,4523.808244186666,25727.268908840804,16.575310644504057,6737.255238087328,7095.197842091094,0.9917123446777479,23.1,mountain,4G_remote,2500,1200
BTS_03448,16.41208360368497,107.59708218294502,777369.6134449332,1816295.6647909011,15068.99,56.11931228637695,96.07898208383826,858764.1875,30,89.99425,0,5418.487844512986,6070.022975435686,27.651034527716863,1979.106329398068,3669.2450614147406,0.9861744827361416,33.6,mountain,4G_remote,2500,1200
BTS_02521,16.54125026983498,107.522915516575,769265.4720600197,1830495.5917189186,15068.74,0.0,96.07898208383826,858764.1875,5,89.98456,0,8377.77724445543,7937.520899322934,15.188957098020003,1618.6910099974682,5962.211151078233,0.99240552145099,33.4,mountain,4G_remote,2500,1200
BTS_00096,16.381041937367492,107.85312384909909,804781.6183647871,1813226.2807821946,15067.07,0.0,96.07898208383826,858764.1875,9,89.991,0,4370.709265309905,25823.15544229827,17.95849534060726,6516.662485352093,6914.9269135523355,0.9910207523296963,30.4,mountain,4G_remote,2500,1200
BTS_04784,16.480416936744984,107.49624885001501,766501.3092339472,1823725.2958130618,15065.42,3.9304819107055664,96.07898208383826,858764.1875,9,89.983284,0,7156.872079004197,8070.034263282218,6.43946629757174,1556.2943670983173,2488.747093386751,0.9967802668512141,29.7,mountain,4G_remote,2500,1200
BTS_05165,16.44041693690498,107.793748848825,798344.0071258685,1819712.595661752,15062.32,,96.07898208383826,858764.1875,8,89.98818,0,11247.793537920534,18092.57884882069,29.43202888376436,8126.6448087509625,7274.440925958566,0.9852839855581178,28.4,mountain,4G_remote,2500,1200
BTS_03553,16.365416937204984,107.740415515705,792757.0902186758,1811330.2046258503,15060.77,1.5246548652648926,96.07898208383826,858764.1875,7,89.97503,0,1210.9672446583704,16097.274595266965,33.14229119332449,2014.5028030059186,4245.735923194631,0.9834288544033377,40.0,mountain,4G_remote,2500,1200
BTS_01832,16.409583603694983,107.627082182825,780579.1054612165,1816060.1963603636,15059.66,6.5380473136901855,96.07898208383826,858764.1875,36,89.99,0,6829.497968488451,5529.068205951504,52.07718045874761,1692.249779576364,3082.023549701602,0.9739614097706262,29.8,mountain,4G_remote,2500,1200
BTS_02528,16.41916693699722,107.8295821819406,802206.1537266524,1817412.7441717442,15056.69,,96.07898208383826,858764.1875,9,89.98727,0,8829.744986362042,22252.17550525396,47.68609643434069,10910.283679214092,11361.922077749849,0.9761569517828297,34.5,mountain,4G_remote,2500,1200
BTS_00716,16.317083604064983,107.77958218221501,797017.1140800219,1806035.2074585161,15052.6,0.0,96.07898208383826,858764.1875,7,89.979866,0,1170.4639176355765,22795.199130283607,44.96537706715161,3332.533165337701,2621.1671218958604,0.9775173114664242,29.5,mountain,4G_remote,2500,1200
BTS_03643,16.445416936884985,107.56791551639502,774206.0134662286,1819946.3747192158,15047.24,0.0,96.07898208383826,858764.1875,38,89.98576,0,2298.717750537173,2451.4833551781066,13.810615787563831,0.0,1796.5108947249696,0.993094692106218,21.5,mountain,5G_macro,1000,10000
BTS_06051,16.386250270454983,107.846248848615,804038.6040208591,1813792.7032015645,15040.65,0.0,96.07898208383826,858764.1875,6,89.99394,0,5278.529878102309,24938.55374605527,57.80821581519916,7447.372782290621,7836.272313630394,0.9710958920924004,27.6,mountain,4G_remote,2500,1200
BTS_06177,16.429583603614976,107.766248848935,795421.7451816355,1818472.655698379,15002.24,319.01849365234375,96.07898208383826,858764.1875,4,89.98752,0,8833.79453651509,15391.082027278351,87.40226972053077,5257.639687034849,4805.0542214754505,0.9562988651397346,30.2,mountain,4G_remote,2500,1200
BTS_04167,16.314583604074972,107.767915515595,795773.3874677874,1805741.408577394,15000.83,107.35136413574219,96.07898208383826,858764.1875,6,89.99168,0,1797.65101837638,22111.730636851345,30.47263379116589,2381.7384118146692,1364.7105249608426,0.9847636831044171,29.1,mountain,4G_remote,2500,1200
BTS_05848,16.387916937114987,107.82708218202501,801987.2219169623,1813948.6176675751,14990.48,53.827632904052734,96.07898208383826,858764.1875,8,89.98883,0,7240.959253860539,22946.446758338698,25.809023434532488,9310.30489232509,9751.589559895674,0.9870954882827337,27.3,mountain,4G_remote,2500,1200
BTS_05023,16.37125027051498,107.707915515835,789274.3203987359,1811929.5108949388,14987.7,18.758230209350586,96.07898208383826,858764.1875,5,89.981995,0,3553.247460026351,13148.682196393687,16.453107498303577,1101.059754233007,1228.7793346618935,0.9917734462508482,33.5,mountain,4G_remote,2500,1200
BTS_02122,16.44375027022498,107.78291551553501,797181.2676957487,1820065.736171396,14987.07,0.0,96.07898208383826,858764.1875,12,89.98499,0,10992.032963723886,16901.12119471507,13.736366766538229,6963.641948272065,6079.913151567501,0.9931318166167309,33.4,mountain,4G_remote,2500,1200
BTS_04731,16.422916936974975,107.82374884870501,801576.9223517418,1817819.290019846,14975.41,,96.07898208383826,858764.1875,11,89.984085,0,9571.183381074057,21559.719983067072,113.18357370392614,10407.548101957647,10820.488552197683,0.9434082131480369,34.4,mountain,4G_remote,2500,1200
BTS_03827,16.405416937044976,107.641248849435,782099.0579181325,1815618.547787025,14969.57,11.924297332763672,96.07898208383826,858764.1875,16,89.9925,0,8109.424688950784,6217.428979223819,30.831911646091083,1672.3886319618055,4062.072677303722,0.9845840441769544,34.2,mountain,4G_remote,2500,1200
BTS_03190,16.420416937399285,107.82749884875928,801981.5633727238,1817548.0506276824,14967.86,,96.07898208383826,858764.1875,13,89.97503,0,9087.790014852171,22006.388104318827,14.668636972717781,10725.087084923041,11282.764499359882,0.9926656815136411,23.0,mountain,4G_remote,2500,1200
BTS_05805,16.436250270254977,107.801248848795,799151.8585799756,1819262.3011080201,14960.93,0.0,96.07898208383826,858764.1875,10,89.9852,0,11333.150325209886,18946.185231558786,22.085762586277323,8741.117606535654,8139.87271511981,0.9889571187068613,21.9,mountain,4G_remote,2500,1200
BTS_00343,16.43402804847173,107.53097107169877,770274.615286395,1818635.7516755788,14960.78,,96.07898208383826,858764.1875,10,89.978165,0,5598.098469091638,5814.859957043023,32.74858161925642,1222.9255601896605,2383.8751331008093,0.9836257091903717,37.7,mountain,4G_remote,2500,1200
BTS_00743,16.406666937047348,107.63458218272572,781384.7993250934,1815747.6738937579,14956.59,14.942122459411621,96.07898208383826,858764.1875,20,89.990234,0,7555.399765581341,5928.058706615275,15.350370025612033,1583.4111875336666,3624.7335346963973,0.9923248149871939,30.1,mountain,4G_remote,2500,1200
BTS_02628,16.445250270573407,107.56574885007367,773974.7566982938,1819924.9846442307,14955.88,0.0,96.07898208383826,858764.1875,41,89.93634,0,2368.068374394498,2534.3529385472802,36.30811782613342,0.0,1570.9343760462893,0.9818459410869332,28.5,mountain,5G_macro,1000,10000
BTS_05687,16.388750270444984,107.826248848695,801896.8592666877,1814039.6538058294,14955.23,70.11608123779297,96.07898208383826,858764.1875,9,89.981995,0,7356.427347725528,22831.008229340572,45.17399253996284,9431.965117949407,9870.814610815009,0.9774130037300186,27.4,mountain,4G_remote,2500,1200
BTS_04257,16.32958360401498,107.77291551557501,796285.4216794409,1807409.5912614148,14948.44,0.0,96.07898208383826,858764.1875,5,89.99006,0,1548.2482669553863,21328.656190329984,69.77092704593906,2390.2804027281527,2489.540517780686,0.9651145364770305,29.6,mountain,4G_remote,2500,1200
BTS_03971,16.38041693714498,107.85041551526501,804493.0733237456,1813153.004383414,14946.2,0.0,96.07898208383826,858764.1875,5,89.98953,0,4613.369869480307,25574.377796377357,6.118861159409893,6726.144281390775,7140.964556699865,0.9969405694202951,25.1,mountain,4G_remote,2500,1200
BTS_03745,16.382500270477184,107.85541551516992,805024.3227832413,1813391.2136442293,14942.14,0.0,96.07898208383826,858764.1875,11,89.98456,0,4215.707714874616,26000.469844921598,12.630700616466603,6403.641517914885,6779.105148777053,0.9936846496917667,32.8,mountain,4G_remote,2500,1200
BTS_05458,16.426250270294982,107.767082182265,795515.8447408292,1818104.779408939,14939.84,45.80393981933594,96.07898208383826,858764.1875,6,89.93634,0,8523.8292472258,15561.358397471819,61.72194441066457,5084.479026283087,5062.319111702151,0.9691390277946678,27.9,mountain,4G_remote,2500,1200
BTS_05033,16.323750270704977,107.780415515545,797096.1462130337,1806774.6114228321,14934.71,,96.07898208383826,858764.1875,4,89.99555,0,1658.9592161957703,22356.529857745518,10.621287661447278,3227.0107049414705,2867.5518258239786,0.9946893561692763,24.6,mountain,4G_remote,2500,1200
BTS_02461,16.378333603827183,107.84374884855022,803783.6482790655,1812912.3137543115,14931.6,,96.07898208383826,858764.1875,8,89.984085,0,5218.301816627664,24988.222344770802,23.45407565206322,7240.997595599916,7694.858913745312,0.9882729621739684,24.2,mountain,4G_remote,2500,1200
BTS_03676,16.33958360397498,107.732915515735,791993.7964126912,1808459.0168424344,14929.67,8.649360656738281,96.07898208383826,858764.1875,8,89.99051,0,1764.4691355787493,17546.78230678141,32.24499012088853,391.66022706607674,1308.5843079307965,0.9838775049395557,21.0,mountain,4G_remote,2500,1200
BTS_06003,16.376666937167176,107.86208218180974,805746.0849716926,1812755.2951619308,14927.66,,96.07898208383826,858764.1875,12,89.97749,0,3300.446508160669,26888.479953007696,133.43724820724816,5450.19734420076,5841.845824893745,0.9332813758963759,38.8,mountain,4G_remote,2500,1200
BTS_02086,16.378750270898372,107.85416551531995,804896.5390017106,1812974.0792937009,14926.69,0.0,96.07898208383826,858764.1875,10,89.95974,0,4173.110124949329,26014.29974792712,24.59687739478634,6287.551443799118,6699.799895077318,0.9877015613026068,32.7,mountain,4G_remote,2500,1200
BTS_05747,16.375416937164978,107.85541551524501,805035.3551057403,1812606.8424776725,14917.91,0.0,96.07898208383826,858764.1875,5,89.984085,0,3930.2293677660373,26268.561785121903,8.674517193376712,5986.358024320769,6421.286157771698,0.9956627414033117,30.3,mountain,4G_remote,2500,1200
BTS_00516,16.427083603624983,107.697082182545,788034.0984480584,1818096.1024933709,14915.64,233.69561767578125,96.07898208383826,858764.1875,5,89.978165,0,9022.426634215373,8440.184438384127,29.70018234074694,1456.876259994147,3301.790559578296,0.9851499088296265,27.4,mountain,4G_remote,2500,1200
BTS_00856,16.35875027056499,107.744582182355,793212.4700752347,1810598.0447682082,14912.52,14.106134414672852,96.07898208383826,858764.1875,2,89.97503,0,940.1483511550184,16916.92655307714,81.88537834345838,1292.9125217095184,3638.9459411070447,0.9590573108282708,27.6,mountain,4G_remote,2500,1200
BTS_03121,16.44125027064965,107.66749884939533,784852.1377218114,1819622.7579447634,14902.12,232.63975524902344,96.07898208383826,858764.1875,5,89.95974,0,8285.23148172041,4912.313564850424,126.84768702138308,1879.1692156455522,4735.409206838966,0.9365761564893085,25.3,mountain,4G_remote,2500,1200
BTS_05424,16.379583603814986,107.852082181925,804672.5345000033,1813063.2281131332,14894.59,0.0,96.07898208383826,858764.1875,7,89.981995,0,4414.057931789923,25773.416030320423,5.605727931241637,6525.87587056546,6940.332455854954,0.9971971360343792,22.8,mountain,4G_remote,2500,1200
BTS_00697,16.3783336038272,107.83874884857035,803249.1524082704,1812904.833616795,14894.38,93.22025299072266,96.07898208383826,858764.1875,11,89.99272,0,5734.714858866068,24490.299647396834,66.5686266784107,7723.2448081704,8191.3727584586095,0.9667156866607947,28.7,mountain,4G_remote,2500,1200
BTS_00070,16.444583603554985,107.77458218223501,796289.5146335098,1820145.7752449324,14892.17,184.76303100585938,96.07898208383826,858764.1875,9,89.98847,0,10706.323127339156,16005.783496477596,48.54941613586125,6074.863484219224,5184.580649677262,0.9757252919320694,25.7,mountain,4G_remote,2500,1200
BTS_03599,16.447916936874982,107.565415516405,773935.3975234621,1820219.767146269,14881.98,0.0,96.07898208383826,858764.1875,32,89.990234,0,2096.169183574485,2270.0387817327714,56.24130309024543,0.0,1508.7385631635052,0.9718793484548773,25.5,mountain,5G_macro,1000,10000
BTS_04496,16.561250269754982,107.495415516685,766301.3908712,1832673.1282000586,14868.73,0.0,96.07898208383826,858764.1875,4,89.97503,0,11865.60362380998,5933.964730428987,29.437431364173364,564.024251996018,5336.859529032911,0.9852812843179133,25.5,mountain,4G_remote,2500,1200
BTS_01937,16.47541693676498,107.658748849365,783867.4192160103,1823393.3797750252,14866.18,906.9056396484375,96.07898208383826,858764.1875,9,89.97153,0,6352.417085730557,3956.6226377636576,25.936120053819828,1367.6288930821684,5519.739257922622,0.9870319399730901,30.7,mountain,4G_remote,2500,1200
BTS_04988,16.434583603594977,107.529582183215,770125.449863647,1818695.4020030382,14861.28,0.5850809812545776,96.07898208383826,858764.1875,8,89.981995,0,5676.4244511863935,5893.716028786833,8.649484326327743,1214.1348677266774,2475.28297973967,0.9956752578368361,30.4,mountain,4G_remote,2500,1200
BTS_03910,16.338750270644976,107.755415515645,794400.5855297026,1808399.1828112928,14855.21,,96.07898208383826,858764.1875,4,89.909966,0,1230.8958349194804,19269.45582333464,59.47638154783108,907.9025764330975,2439.150365191466,0.9702618092260844,27.5,mountain,4G_remote,2500,1200
BTS_05602,16.54875026980499,107.66541551600501,784472.2003331245,1831522.301733427,14848.52,1.0693949460983276,96.07898208383826,858764.1875,13,89.99612,0,10639.497890406496,10759.440084335245,52.48505408093092,904.001588814441,2233.7434299018423,0.9737574729595345,37.9,mountain,4G_remote,2500,1200
BTS_02911,16.509583603294985,107.451248850195,761655.3307497255,1826895.283871486,14846.17,404.83404541015625,96.07898208383826,858764.1875,8,89.96817,0,12504.665390204123,4825.184145953999,18.106731593108698,693.6737289079217,1214.6879357469659,0.9909466342034456,28.2,mountain,4G_remote,2500,1200
BTS_05168,16.40958360369498,107.590415516305,776660.737032815,1816009.7602310649,14844.66,15.369518280029297,96.07898208383826,858764.1875,23,89.99338,0,5630.100329543407,6603.163876434467,46.876448789615964,2097.883811909828,4347.7216054782275,0.976561775605192,37.4,mountain,4G_remote,2500,1200
BTS_00972,16.322083604044984,107.78124884887501,797187.7695546558,1806591.280670469,14830.06,,96.07898208383826,858764.1875,5,89.93634,0,1455.1582622249541,22546.7420816029,9.734053891472067,3346.8419115837487,2896.5775988873506,0.995132973054264,32.3,mountain,4G_remote,2500,1200
BTS_03215,16.314583604074976,107.778748848885,796931.7821687827,1805757.171973171,14807.24,55.20499038696289,96.07898208383826,858764.1875,5,89.98576,0,1118.034456245105,22923.94921169136,121.58662805809469,3363.2896858081635,2522.782028522361,0.9392066859709527,30.7,mountain,4G_remote,2500,1200
BTS_04638,16.377083603824982,107.853748848585,804854.5915086181,1812788.895409117,14800.06,0.0,96.07898208383826,858764.1875,6,89.96817,0,4154.585541373646,26036.69321755334,12.06533753185803,6232.151929671158,6659.93971560137,0.993967331234071,31.1,mountain,4G_remote,2500,1200
BTS_03684,16.44041693690498,107.788748848845,797809.7008984305,1819705.2229027983,14793.0,0.0,96.07898208383826,858764.1875,11,89.96817,0,10966.891617781039,17562.014315527726,50.85757612603279,7592.680381382085,6745.727209768984,0.9745712119369836,28.4,mountain,4G_remote,2500,1200
BTS_05994,16.318750270724983,107.78124884887501,797192.8082906744,1806222.186297286,14792.68,,96.07898208383826,858764.1875,8,89.983284,0,1159.8605801511765,22797.572757614074,20.369682920962905,3439.165992553241,2819.696090031655,0.9898151585395185,35.1,mountain,4G_remote,2500,1200
BTS_02139,16.547500269817387,107.66624884926492,784563.029512408,1831385.080447654,14773.31,1379.477783203125,96.07898208383826,858764.1875,10,89.99512,0,10596.247726489877,10668.381467172761,13.783545120434962,1059.473119853194,2350.834851420948,0.9931082274397826,21.3,mountain,4G_remote,2500,1200
BTS_04486,16.327916937354978,107.77791551555501,796822.5428619822,1807232.331258046,14764.73,,96.07898208383826,858764.1875,5,89.98576,0,2073.5924841560413,21848.955640477172,24.953528480514493,2923.9126023628387,2820.1689198685367,0.9875232357597428,39.5,mountain,4G_remote,2500,1200
BTS_00729,16.445416936884982,107.613748849545,779103.0143014793,1820009.106949267,14762.76,0.0,96.07898208383826,858764.1875,6,89.99126,0,2903.1603138811206,2008.2340052637921,33.330830774185586,0.0,675.2738208561556,0.9833345846129072,21.4,mountain,5G_macro,1000,10000
BTS_04828,16.333750270664982,107.767082182265,795655.4494759976,1807862.4702425557,14748.21,,96.07898208383826,858764.1875,8,89.98953,0,1111.842706880393,20557.11395430747,23.590556965451718,1776.6961912642687,2432.617725183784,0.9882047215172741,30.5,mountain,4G_remote,2500,1200
BTS_05815,16.445416936884982,107.778748848885,796733.487724825,1820244.1626317818,14748.11,8.823556900024414,96.07898208383826,858764.1875,12,89.978165,0,10966.946230542891,16439.6942506728,30.56596669361907,6522.928720009131,5619.076199742327,0.9847170166531904,31.8,mountain,4G_remote,2500,1200
BTS_01616,16.44458360355498,107.785415515525,797447.1439795103,1820161.6885206958,14742.58,,96.07898208383826,858764.1875,11,89.97749,0,11196.438369523741,17157.715533303646,50.46399520439788,7232.261804189098,6336.8589237749775,0.974768002397801,35.2,mountain,4G_remote,2500,1200
BTS_01343,16.44708360354498,107.56291551641502,773669.4658350325,1820124.1196822824,14740.9,0.0,96.07898208383826,858764.1875,34,89.990234,0,2279.8869662918814,2465.149258560518,61.04563162540387,0.0,1245.289002497444,0.9694771841872981,25.3,mountain,5G_macro,1000,10000
BTS_01306,16.38708360378498,107.853748848585,804839.0227098428,1813896.2418247564,14734.69,,96.07898208383826,858764.1875,8,89.969986,0,4616.287383283595,25668.91760087785,59.69278988209562,6848.73747017809,7188.53230880907,0.9701536050589522,34.0,mountain,4G_remote,2500,1200
BTS_03898,16.40291693705499,107.841248848635,803478.275738812,1815630.7753030427,14714.74,,96.07898208383826,858764.1875,11,89.98752,0,6715.030230908053,23883.71602400225,5.070629642313804,8996.951155222378,9272.282232058229,0.9974646851788431,25.8,mountain,4G_remote,2500,1200
BTS_04864,16.543750269824983,107.529582183215,769973.8994591171,1830781.3119451415,14709.84,0.0,96.07898208383826,858764.1875,5,89.97503,0,8284.940550457995,7715.297638824234,22.59266184758675,1258.347927909804,5977.000042774287,0.9887036690762067,32.1,mountain,4G_remote,2500,1200
BTS_01848,16.54958360313499,107.666248849335,784559.9698908301,1831615.749683872,14691.21,,96.07898208383826,858764.1875,12,89.98818,0,10767.59235180163,10879.485147855032,9.67762149436463,929.4198086278986,2305.7293743800315,0.9951611892528177,43.7,mountain,4G_remote,2500,1200
BTS_01763,16.383750270464983,107.857082181905,805200.5377410257,1813532.139454793,14689.96,,96.07898208383826,858764.1875,8,89.98763,0,4122.675418047949,26123.98432218344,11.67340918202693,6341.36284130525,6694.321918492685,0.9941632954089865,24.6,mountain,4G_remote,2500,1200
BTS_00881,16.438750270244984,107.798748848805,798880.8685789356,1819535.4305736823,14683.77,,96.07898208383826,858764.1875,10,89.983284,0,11396.122592328336,18645.27928867486,204.87080141558323,8652.357392505543,7830.08331240667,0.8975645992922083,31.0,mountain,4G_remote,2500,1200
BTS_05324,16.39041693712422,107.84874884840524,804299.3643259471,1814257.8459889882,14672.15,,96.07898208383826,858764.1875,8,89.95499,0,5264.791698989456,25046.399543686937,5.180581394990923,7497.451016716851,7836.9071308273,0.9974097093025045,33.0,mountain,4G_remote,2500,1200
BTS_04440,16.42166693698731,107.70208218245395,788576.4100364072,1817503.4778377148,14669.7,315.4051513671875,96.07898208383826,858764.1875,6,89.98994,0,8244.341364663642,9184.36400611708,23.036561908911438,1341.0141650441715,3000.548767213948,0.9884817190455443,30.2,mountain,4G_remote,2500,1200
BTS_00726,16.5575002697775,107.48041551667978,764704.9266202354,1832238.13852342,14667.86,604.055419921875,96.07898208383826,858764.1875,7,89.981995,0,12604.916954755854,4286.539049356896,12.293290463543114,303.0242226372119,4226.566352603943,0.9938533547682284,27.9,mountain,4G_remote,2500,1200
BTS_01448,16.44291693689498,107.787915515515,797716.834501151,1819980.819934526,14646.7,,96.07898208383826,858764.1875,14,89.97503,0,11162.223578023915,17442.189931783392,19.546303067609287,7497.692605819117,6621.133048436168,0.9902268484661954,24.4,mountain,4G_remote,2500,1200
BTS_02317,16.317083604064987,107.78124884887501,797195.3272828003,1806037.6391440157,14643.56,375.88287353515625,96.07898208383826,858764.1875,5,89.979866,0,1030.22557387742,22924.187543811462,25.83577797631047,3499.043894175758,2798.7743967463953,0.9870821110118447,30.1,mountain,4G_remote,2500,1200
