site_id,latitude,longitude,utm_x,utm_y,pop_covered,pop_unique_covered,overlap_ratio_network,total_unique_pop_network,elevation_m,slope_deg,neighbour_weight,dist_to_school_m,dist_to_hospital_m,dist_to_road_m,dist_to_residential_m,dist_to_industrial_m,site_accessibility_score,antenna_height_m,power_model_type,power_source_main,power_backup_sources,backup_duration_hr,region_type,bts_type,coverage_radius_m
BTS_04349,16.67958360261498,107.40708218370501,756712.5153857383,1845657.9176293015,2478.72,0.0,81.11014941020885,1163364.75,7,89.978165,0,28003.7796946263,14577.883072397779,12.908582162404524,18.87850912317641,8798.4961561409,0.9935457089187978,21.7,Model_1,grid,battery,8,mountain,5G_macro,1000
BTS_06156,16.498750270004987,107.50124884999501,767010.2331514154,1825761.5654773016,2059.6,0.0,81.11014941020885,1163364.75,5,89.97503,0,7060.851971748441,7614.813550910571,76.23072548761041,297.27989838867404,2825.030518098799,0.9618846372561948,21.7,Model_1,grid,battery,8,mountain,5G_macro,1000
BTS_01337,16.499583603334983,107.492915516695,766119.0277182107,1825842.7986681638,18159.23,0.0,81.11014941020885,1163364.75,7,89.98763,0,7929.67131043584,8046.073670030145,62.821524084765436,853.633677073327,2028.5136799314241,0.9685892379576173,35.4,Model_2,grid,battery;generator,28,mountain,4G_remote,2500
BTS_04618,16.386666937127384,107.5754155162973,775090.0139265833,1813452.1548827656,5524.98,0.0,81.11014941020885,1163364.75,11,89.978165,0,8296.54425508376,8887.911605978981,13.040148498362978,4628.859480555729,7136.803582616002,0.9934799257508186,30.5,Model_2,grid,battery;generator,28,mountain,4G_remote,2500
BTS_03549,16.527916936554973,107.519582183255,768928.0047567384,1829014.9920872876,3804.24,0.0,81.11014941020885,1163364.75,5,89.98818,0,7369.502209082343,7160.18879139134,9.287589485416321,291.8859771264828,4792.890715685781,0.9953562052572918,29.6,Model_1,grid,battery,8,mountain,5G_macro,1000
BTS_00650,16.311250270754982,107.790415515505,798184.3473723198,1805405.120439861,10279.39,0.0,81.11014941020885,1163364.75,7,89.99272,0,205.9492166407407,24080.855040819,15.168228369749336,4650.388862300931,3793.217293044068,0.9924158858151253,35.6,Model_2,grid,battery;generator,28,mountain,4G_remote,2500
BTS_01375,16.565833603077603,107.32958218395378,748589.8765887289,1832967.861881337,476.31,0.0,81.11014941020885,1163364.75,16,89.98847,5,26838.987718211094,11962.115384184017,0.4206529131193027,0.0,4783.143913093014,0.9997896735434404,27.9,Model_1,grid,battery,8,mountain,5G_macro,1000
BTS_00104,16.475416937812806,107.69274884854941,787499.7518398348,1823441.5238622082,7921.39,0.0,81.11014941020885,1163364.75,6,89.909966,0,9984.307230551723,7388.424959042852,43.0361048656955,3446.6763911243825,3681.894611936836,0.9784819475671522,23.9,Model_2,grid,battery;generator,28,mountain,4G_remote,2500
BTS_06469,16.41875027032498,107.530415516545,770236.3943355246,1816943.604290048,3909.76,0.0,81.11014941020885,1163364.75,46,89.99595,5,6829.66895250617,7038.211487590609,0.15494796871614475,2302.3411796090704,3651.7717196486433,0.9999225260156419,26.8,Model_2,grid,battery;generator,28,mountain,4G_remote,2500
BTS_02566,16.593750269624984,107.422915516975,758517.0787282591,1836176.2422075102,654.09,138.10491943359375,81.11014941020885,1163364.75,10,0.0,0,19832.42265883217,5000.787332381451,7.457532450685844,1101.8958463071558,3051.700726479341,0.9962712337746571,39.2,Model_2,grid,battery;generator,28,rural,4G_macro,1500
BTS_01215,16.548750269804987,107.46208218348501,762759.2774536675,1831245.3817591567,6027.64,0.0,81.11014941020885,1163364.75,9,89.983284,0,13447.00499475031,2312.209106769457,13.371553139102046,0.0,3055.260055958099,0.993314223430449,25.7,Model_1,grid,battery,8,mountain,5G_macro,1000
BTS_05530,16.424583603634982,107.69291551589501,787592.5246766119,1817813.3697434503,23698.78,0.0,81.11014941020885,1163364.75,7,89.979866,0,9001.822586076094,8166.8036267399375,20.976272333203564,1309.8422872561914,3118.290619640137,0.9895118638333982,33.4,Model_2,grid,battery;generator,28,mountain,4G_remote,2500
BTS_04183,16.322916937374984,107.77791551555501,796830.0941276194,1806678.6908233904,15578.21,0.0,81.11014941020885,1163364.75,7,89.982346,0,1741.8007315126404,22222.15264182303,5.944410834942678,2979.234503897351,2584.754289871682,0.9970277945825287,30.2,Model_2,grid,battery;generator,28,mountain,4G_remote,2500
BTS_03665,16.467083603464975,107.579582183015,775421.8931267431,1822361.0403703272,210243.17,0.0,81.11014941020885,1163364.75,7,89.982346,0,855.1787908962689,660.571093074074,6.113267095835039,377.7529702530294,3085.6199777436295,0.9969433664520825,34.9,Model_2,grid,battery;generator,28,mountain,4G_remote,2500
BTS_00225,16.358211056129452,107.73629787105905,792327.6632747138,1810526.4006493941,17850.52,0.0,81.11014941020885,1163364.75,7,89.982346,0,345.685087594242,16302.773454390735,30.607803556837695,1293.5370484774724,3390.679272098959,0.9846960982215811,36.0,Model_2,grid,battery;generator,28,mountain,4G_remote,2500
BTS_00292,16.391666937520878,107.71166551581514,789644.972056686,1814195.460073054,13698.96,0.0,81.11014941020885,1163364.75,10,89.99117,0,4849.509698666835,11875.23705646551,53.56479913888736,548.3134702542352,1072.9332180326767,0.9732176004305563,19.9,Model_2,grid,battery;generator,28,mountain,4G_remote,2500
BTS_00985,16.657916936034983,107.382915517135,754162.5423411168,1843228.4203053892,1557.63,0.0,81.11014941020885,1163364.75,6,89.98994,0,27832.07732362738,13253.085448899483,114.66798345118973,108.77706691008792,5745.6576187092,0.9426660082744052,29.4,Model_1,grid,battery,8,mountain,5G_macro,1000
BTS_04710,16.41875027032498,107.800415515465,799089.611523388,1817323.2811531764,17511.4,0.0,81.11014941020885,1163364.75,9,89.97749,5,9805.625923412232,19219.420013268253,0.4352034815021009,7885.138101088047,8620.92441772147,0.999782398259249,25.9,Model_2,grid,battery;generator,28,mountain,4G_remote,2500
BTS_00391,16.547916937586876,107.53041551671005,770057.0815258014,1831243.728230772,13324.7,0.0,81.11014941020885,1163364.75,7,89.95499,0,8667.000076574139,8046.617867890569,38.15667654528,790.0166799498098,6386.134758723221,0.98092166172736,22.2,Model_2,grid,battery;generator,28,mountain,4G_remote,2500
BTS_03086,16.25583360431753,107.244582184296,739895.5163211691,1798550.4608677016,2643.88,650.7628784179688,81.11014941020885,1163364.75,569,89.96817,0,41887.75669373108,38907.48341083035,38.456783473113866,0.0,33599.46689993276,0.9807716082634431,27.5,Model_1,grid,battery,8,mountain,5G_macro,1000
BTS_01293,16.275833604237548,107.22041551772664,737287.4955477449,1800736.0166922903,4065.99,0.0,81.11014941020885,1163364.75,579,89.98939,0,42822.80797012268,38579.08758416327,21.198596921973355,0.0,32780.16869850829,0.9894007015390133,19.7,Model_1,grid,battery,8,mountain,5G_macro,1000
BTS_02343,16.33025027102603,107.75908218262387,794805.3614833789,1807463.3174076222,15823.19,0.0,81.11014941020885,1163364.75,7,89.98883,0,251.09978606383132,20209.076440393794,50.76743413485081,911.6676800880261,1735.744246680067,0.9746162829325746,34.1,Model_2,grid,battery;generator,28,mountain,4G_remote,2500
BTS_03496,16.50291693665498,107.72708218242501,791126.6151570829,1826535.711551495,4284.8,0.0,81.11014941020885,1163364.75,3,89.909966,0,13951.60895898445,11860.956219286294,122.54674612608913,5712.0254955745395,5515.368810721792,0.9387266269369554,24.3,Model_2,grid,battery;generator,28,mountain,4G_remote,2500
BTS_06168,16.488750270044985,107.40624885037501,756876.9819126886,1824531.0639699819,1019.1,0.0,81.11014941020885,1163364.75,5,89.969986,0,16812.780261780852,7905.502569517486,39.19499256790811,94.6266210832025,5537.00786603035,0.980402503716046,23.4,Model_1,grid,battery,8,mountain,5G_macro,1000
BTS_03053,16.333750270664982,107.749582182335,793784.399533768,1807837.1180460246,3279.32,0.0,81.11014941020885,1163364.75,4,0.0,0,1145.8526981334046,19222.6978030581,55.356271762011936,74.68193218735158,1610.006388146505,0.972321864118994,28.0,Model_1,grid,battery,8,urban,5G_macro,1000
BTS_01247,16.389166937117196,107.84374884855022,803766.8397398265,1814111.9303639566,15465.33,0.0,81.11014941020885,1163364.75,4,89.99138,0,5662.154547532345,24581.625460999378,32.07521496928483,7849.3175810444145,8228.4186346125,0.9839623925153576,30.9,Model_2,grid,battery;generator,28,mountain,4G_remote,2500
BTS_00539,16.100416938671835,107.38416551718859,755020.52770181,1781515.0434608553,916.1,10.174362182617188,81.11014941020885,1163364.75,486,89.95499,0,45155.279230941516,45342.128291371155,42.193752207743074,0.0,42161.353052456165,0.9789031238961284,25.7,Model_1,grid,battery,8,mountain,5G_macro,1000
BTS_05148,16.40708360370498,107.630415516145,780938.9177506708,1815788.023313352,13456.28,0.0,81.11014941020885,1163364.75,20,89.9921,5,7257.862963573561,5826.4209787391255,2.1344170815792167,1718.9849603680204,3434.3571251180288,0.9989327914592104,27.0,Model_2,grid,battery;generator,28,mountain,4G_remote,2500
BTS_05442,16.36041693722498,107.912915515015,811206.163707383,1811033.0635061832,1039.39,0.0,81.11014941020885,1163364.75,9,89.982346,0,2064.2129395358975,22400.975204320966,90.01318792010582,866.9088095970593,761.2659851008644,0.9549934060399471,30.9,Model_2,grid,battery;generator,28,mountain,5G_macro,1000
BTS_06437,16.147083604744985,107.73874884904501,792902.6575467774,1787152.966342985,1251.23,13.513071060180664,81.11014941020885,1163364.75,71,89.99424,0,18913.070203746072,36648.78892673898,7.365961007536089,0.0,18490.263075262897,0.996317019496232,23.1,Model_1,grid,battery,8,mountain,5G_macro,1000
BTS_01033,16.440416936924386,107.78458218199975,797364.4471544904,1819699.0890639024,15486.45,0.0,81.11014941020885,1163364.75,11,89.98714,0,10747.5129070485,17120.057735340295,62.37070556418342,7147.756015130638,6305.859178869582,0.9688146472179083,32.5,Model_2,grid,battery;generator,28,mountain,4G_remote,2500
BTS_01241,16.61291693621498,107.556248849775,772723.982875216,1838474.994418991,2884.67,2.5944957733154297,81.11014941020885,1163364.75,13,89.99527,0,15147.327196477805,14037.513768379518,117.30008858846563,491.74732953056406,11245.137187740771,0.9413499557057672,24.9,Model_2,grid,battery;generator,28,mountain,4G_remote,2500
BTS_00529,16.274877726643165,107.23188611118503,738514.9955765045,1800643.5727536234,9002.23,0.0,81.11014941020885,1163364.75,588,89.979866,0,41835.67510315667,37929.52296878351,21.213172759772064,0.0,32287.266037777812,0.989393413620114,24.3,Model_1,grid,battery,8,mountain,5G_macro,1000
BTS_05833,16.306250270774985,107.981248848075,818600.0471285186,1805140.3300457697,4022.75,0.0,81.11014941020885,1163364.75,10,89.979866,0,9974.136568064567,12953.476998281483,25.957525886484056,800.8286648675183,4428.430044213759,0.9870212370567579,32.2,Model_2,grid,battery;generator,28,mountain,4G_remote,2500
BTS_01970,16.506389160617612,107.63083218142513,780840.32412087,1826783.4939265815,5463.78,0.0,81.11014941020885,1163364.75,5,89.978165,0,4692.415084487195,5222.248983491049,15.597769226597945,0.0,4192.078330762585,0.9922011153867011,27.1,Model_1,grid,battery,8,mountain,5G_macro,1000
BTS_01795,16.537083603601687,107.50333218338126,767179.9983677347,1830008.1717547132,18725.15,0.0,81.11014941020885,1163364.75,6,89.99181,0,9278.785694700931,6889.636172173169,12.02644579126032,1308.9539328366764,4130.4521735814815,0.9939867771043699,37.2,Model_2,grid,battery;generator,28,mountain,4G_remote,2500
BTS_02380,16.455416936844983,107.612915516215,778999.6681477765,1821115.1204925065,19199.92,1587.7701416015625,81.11014941020885,1163364.75,3,89.98658,5,2308.558061911925,1428.1721503419615,0.8108735395259447,0.0,1662.2389008349473,0.999594563230237,27.1,Model_1,grid,battery,8,mountain,5G_macro,1000
BTS_01794,16.336250270654986,107.672082182645,785494.9653016501,1808003.5838739143,1439.11,0.0,81.11014941020885,1163364.75,47,89.994705,0,7211.127875624117,14523.289561661039,54.23745350464986,6528.649813333568,5447.882031024527,0.972881273247675,32.0,Model_2,grid,battery;generator,28,mountain,4G_remote,2500
BTS_03778,16.42125027031498,107.579582183015,775486.6102800926,1817286.6539242677,34604.21,0.0,81.11014941020885,1163364.75,16,89.95499,0,4455.376796868594,5099.11895736254,34.83806517293913,804.3938832055787,4166.292049969597,0.9825809674135304,31.5,Model_2,grid,battery;generator,28,mountain,4G_remote,2500
BTS_03399,16.491250270034982,107.49958218333502,766842.5113922243,1824929.043872653,21103.62,0.0,81.11014941020885,1163364.75,8,89.9852,0,6985.567615733933,7695.318686749712,71.36884412884469,903.3582434525113,2527.672136100235,0.9643155779355777,28.4,Model_2,grid,battery;generator,28,mountain,4G_remote,2500
BTS_01256,16.32041693738499,107.77291551557501,796299.2403157804,1806394.5874669994,16317.55,0.0,81.11014941020885,1163364.75,7,89.99051,0,1755.6473392807247,22026.29180192333,21.75387357574145,2535.403847214747,1989.6373775044615,0.9891230632121293,29.3,Model_2,grid,battery;generator,28,mountain,4G_remote,2500
BTS_04994,16.294583604154983,107.354582183915,751608.1095316241,1802972.1713700797,492.21,0.0,81.11014941020885,1163364.75,84,89.909966,0,29965.779273543794,29942.105162522315,13.89193682045033,0.0,24502.264651146925,0.9930540315897748,24.4,Model_1,grid,battery,8,mountain,5G_macro,1000
BTS_01280,16.279583604214984,107.857082181905,805362.4162183809,1801997.293979921,5630.05,0.0,81.11014941020885,1163364.75,31,89.98946,0,3534.8281750887686,24174.802156300164,12.147347912087032,8955.44654457948,9805.343220466308,0.9939263260439565,24.0,Model_2,grid,battery;generator,28,mountain,4G_remote,2500
BTS_05925,16.68958360257498,107.34374885062502,749941.8688585453,1846684.4528778098,367.05,0.0,81.11014941020885,1163364.75,3,89.978165,0,33260.06240845773,18417.764064899406,5.094039089497939,0.0,9721.640768816833,0.997452980455251,32.0,Model_1,grid,battery,8,mountain,5G_macro,1000
BTS_00312,16.55625026977498,107.55374884978501,772536.9796585407,1832197.8425331088,12633.51,0.0,81.11014941020885,1163364.75,1,89.98456,0,8911.534975422735,7899.090642688709,13.781777708463297,318.5094802124493,7037.627617243611,0.9931091111457684,29.3,Model_2,grid,battery;generator,28,mountain,4G_remote,2500
BTS_03473,16.134583604794983,107.669582182655,785518.7703801119,1785671.762928846,4868.49,8.06583023071289,81.11014941020885,1163364.75,83,89.9921,0,23310.70245152641,36282.955897824235,17.05413943294674,4728.807241605625,21539.41813514423,0.9914729302835267,31.5,Model_2,grid,battery;generator,28,mountain,4G_remote,2500
BTS_03430,16.3941669370973,107.69541551581413,787904.4723071463,1814449.1206717608,2062.8,0.0,81.11014941020885,1163364.75,16,89.95974,0,6174.838273953539,10392.564654315358,18.23025812017669,1227.0024333935344,44.94699176151955,0.9908848709399116,32.7,Model_2,grid,battery;generator,28,mountain,5G_macro,1000
BTS_02870,16.221250271114982,108.09208218096501,830596.589342094,1795902.8066862195,6636.4,0.0,81.11014941020885,1163364.75,10,89.981995,0,22466.87713763498,2242.020572388148,7.888022089119716,11301.674957856441,12656.461643138024,0.9960559889554401,34.3,Model_2,grid,battery;generator,28,mountain,4G_remote,2500
BTS_02134,16.33486138208393,107.78485996036041,797554.5394649308,1808011.4220737002,10500.23,0.0,81.11014941020885,1163364.75,4,89.969986,0,2674.228309844356,21915.161580318698,23.884228402569867,3678.597581504385,3860.405905396522,0.9880578857987151,30.7,Model_2,grid,battery;generator,28,mountain,4G_remote,2500
BTS_03008,16.267083604264972,107.865415515205,806273.1195280892,1800625.5973524014,11895.54,0.0,81.11014941020885,1163364.75,8,89.990456,0,2372.1187062883837,23060.282699321408,52.187496010901405,9712.232962473185,10522.20488825687,0.9739062519945493,24.7,Model_2,grid,battery;generator,28,mountain,4G_remote,2500
BTS_03397,16.67125026931498,107.408748850365,756901.4871641459,1844737.5327547903,567.91,24.47384262084961,81.11014941020885,1163364.75,4,89.990234,0,27159.54245003249,13640.000078059506,36.28778090604583,0.0,7985.160154723308,0.9818561095469771,26.1,Model_1,grid,battery,8,mountain,5G_macro,1000
BTS_05266,16.659583602694983,107.481248850075,764653.9244434638,1843540.6995106007,7271.83,1982.627685546875,81.11014941020885,1163364.75,26,89.99459,0,22098.19978755568,12678.140831589883,484.04268315098085,605.8214759716396,11329.562591750277,0.7579786584245096,29.2,Model_2,grid,battery;generator,28,mountain,4G_remote,2500
BTS_05222,16.151250271394982,107.724582182435,791380.4848607432,1787594.1928665969,1496.46,573.1824340820312,81.11014941020885,1163364.75,62,89.98953,0,18963.11446174908,35735.72608076398,18.662600626163062,0.0,18236.10700813262,0.9906686996869185,27.8,Model_1,grid,battery,8,mountain,5G_macro,1000
BTS_00294,16.564583603074983,107.336248850655,749303.2186250573,1832837.7567457866,554.03,1.5978881120681763,81.11014941020885,1163364.75,15,89.99364,0,26126.710018104426,11238.561578679586,49.84499188508842,15.333087319456872,4097.413259621206,0.9750775040574557,26.0,Model_1,grid,battery,8,mountain,5G_macro,1000
BTS_03728,16.57375027012244,107.38166551719823,754139.9678582391,1833909.4627903588,1959.15,0.0,81.11014941020885,1163364.75,10,89.98752,0,22180.300760304468,6747.906158418058,15.238685174776204,206.52175483612297,200.0763518255486,0.9923806574126119,31.3,Model_1,grid,battery,8,mountain,5G_macro,1000
BTS_04324,16.359583603894983,107.539582183175,771297.8691977202,1810405.4905432314,2592.72,5.380393981933594,81.11014941020885,1163364.75,16,89.993286,0,12256.530688575764,12421.306093791838,38.55913837631807,8283.269564950735,9645.569567719594,0.980720430811841,35.3,Model_2,grid,battery;generator,28,mountain,4G_remote,2500
BTS_01680,16.50208360332498,107.54541551648501,771722.9965200394,1826189.6458250917,1892.84,0.0,81.11014941020885,1163364.75,-1,89.98727,0,3426.0964518402475,3247.66217024132,28.510311536176417,290.88908374699855,1064.5829933029634,0.9857448442319118,28.1,Model_1,grid,battery,8,mountain,5G_macro,1000
BTS_06237,16.402916937054982,107.833748848665,802676.6351473168,1815619.555017831,17131.27,0.0,81.11014941020885,1163364.75,9,89.9852,0,7363.270054144705,23111.139014660286,79.02072357349456,9613.075133443554,9932.108883780298,0.9604896382132527,31.8,Model_2,grid,battery;generator,28,mountain,4G_remote,2500
BTS_04407,16.457083603504987,107.76958218225501,795736.2650780019,1821522.5570855236,9039.29,0.0,81.11014941020885,1163364.75,9,89.97878,0,11828.83646758854,15387.869507219537,15.901118479945325,5634.71240213191,4691.20431596749,0.9920494407600273,31.4,Model_2,grid,battery;generator,28,mountain,4G_remote,2500
BTS_05577,16.52708360322498,107.449582183535,761453.7686944673,1828830.4602683352,2320.45,0.0,81.11014941020885,1163364.75,9,89.9852,5,13367.332798595653,2913.243841819627,4.54326916907764,202.02239983606353,1591.422558728768,0.9977283654154612,33.1,Model_1,grid,battery,8,mountain,5G_macro,1000
BTS_05288,16.360416937224976,107.49791551667501,766843.169404116,1810442.565879866,4976.08,0.0,81.11014941020885,1163364.75,31,89.99635,0,14086.47033047066,14286.786833202592,28.648189743487887,9394.002727856043,10974.126805003105,0.9856759051282561,24.3,Model_2,grid,battery;generator,28,mountain,4G_remote,2500
BTS_02469,16.406805826364067,107.8156932927822,800740.7960216978,1816023.2887962526,18280.96,0.0,81.11014941020885,1163364.75,12,89.95974,0,9230.809281921986,21136.969518631075,47.53467419720924,9216.300337168148,10659.465108882807,0.9762326629013954,31.0,Model_2,grid,battery;generator,28,mountain,4G_remote,2500
BTS_03616,16.36458360387498,107.71874884912502,790442.2087653709,1811206.8211574766,19123.0,0.0,81.11014941020885,1163364.75,4,89.99168,0,2181.662524915556,14476.80285681593,58.20562789451241,904.1518360058686,2555.803984317233,0.9708971860527438,30.1,Model_2,grid,battery;generator,28,mountain,4G_remote,2500
BTS_04350,16.456250270174984,107.54374884982501,771608.9288275302,1821113.1186165728,10974.15,0.0,81.11014941020885,1163364.75,8,89.98763,0,3031.5959665251085,3381.0709536804675,16.301053996759997,326.36405000155634,948.8548004516107,0.99184947300162,24.0,Model_2,grid,battery;generator,28,mountain,5G_macro,1000
BTS_05987,16.34875027060498,107.507082183305,767838.8636130842,1809163.0358630682,5558.56,0.0,81.11014941020885,1163364.75,17,89.995895,0,14689.342444036429,14879.602629611636,73.76874040008703,9983.839809625482,11696.882322979842,0.9631156297999565,38.6,Model_2,grid,battery;generator,28,mountain,4G_remote,2500
BTS_02203,16.25791693763498,107.979582181415,818499.9109972599,1799785.0800344392,5764.55,0.0,81.11014941020885,1163364.75,10,89.97503,0,9896.382591579515,10856.145547462513,45.505376446430276,1530.3241635320912,7681.376059072311,0.9772473117767848,29.3,Model_2,grid,battery;generator,28,mountain,4G_remote,2500
BTS_04197,16.422083603644985,107.578748849685,775396.3888173231,1817377.7813354724,36610.54,0.0,81.11014941020885,1163364.75,14,89.98456,0,4387.307436963692,4996.676949162861,35.75481458362278,700.672114393782,4038.339943895061,0.9821225927081886,36.5,Model_2,grid,battery;generator,28,mountain,4G_remote,2500
BTS_01608,16.24041693770498,107.937082181585,813981.3274030255,1797781.3426027766,3501.64,0.0,81.11014941020885,1163364.75,11,89.9921,0,6075.454302360787,15154.1007543351,148.66519420547218,6281.516419433718,12191.507444522804,0.9256674028972639,29.4,Model_2,grid,battery;generator,28,mountain,4G_remote,2500
BTS_00088,16.53311301655761,107.69218022545945,787353.6654937706,1829828.9877019431,14089.71,0.9214249849319458,81.11014941020885,1163364.75,18,89.95974,0,11713.138263378072,10818.705737059985,72.24603668096586,3409.2487326274177,5492.212802724966,0.9638769816595171,30.0,Model_2,grid,battery;generator,28,mountain,4G_remote,2500
BTS_01868,16.504583603314977,107.54708218314501,771897.5144537808,1826468.674504327,1688.03,0.0,81.11014941020885,1163364.75,6,89.98456,0,3571.514308137007,3254.0954059477203,16.189495269621595,0.0,1300.8242914500277,0.9919052523651892,18.4,Model_1,grid,battery,8,mountain,5G_macro,1000
BTS_02084,16.266250270934982,107.68791551591501,787289.8387338403,1800275.4111583724,2495.56,0.0,81.11014941020885,1163364.75,44,89.990234,0,10190.54715699764,22411.09599770723,110.0833046135641,8468.31741406506,7554.335763210987,0.944958347693218,39.0,Model_2,grid,battery;generator,28,mountain,4G_remote,2500
BTS_04240,16.077083605024985,107.487915516715,766154.9947653024,1779062.9428123608,120.44,120.43677520751953,81.11014941020885,1163364.75,718,89.998924,0,40129.28320583892,44118.74198712055,25.585999465496748,9129.972537542082,37421.619123923265,0.9872070002672516,32.2,Model_2,grid,battery;generator,28,mountain,4G_remote,2500
BTS_06298,16.495416936684983,107.623748849505,780099.5460750386,1825558.811037951,8472.25,0.0,81.11014941020885,1163364.75,3,89.99104,0,3321.2977173396944,3982.147618913819,66.50355591546638,0.0,3155.0441507926703,0.9667482220422668,24.5,Model_1,grid,battery,8,mountain,5G_macro,1000
BTS_02878,16.454583603514987,107.542915516495,771522.2215498092,1820927.4795128016,9766.45,0.0,81.11014941020885,1163364.75,6,89.98576,0,3227.8432579077503,3531.8092987085097,5.551654203177695,260.38997525753774,872.0682586280246,0.9972241728984111,24.9,Model_1,grid,battery,8,mountain,5G_macro,1000
BTS_03789,16.313750270744983,108.017082181265,822420.1739835533,1806027.3162558472,1222.54,0.0,81.11014941020885,1163364.75,5,89.93634,0,13226.96780272347,10773.108717182036,115.57794806248057,815.5974938677587,512.9915742966479,0.9422110259687597,26.2,Model_2,grid,battery;generator,28,mountain,5G_macro,1000
BTS_01746,16.451250270194976,107.789582182175,797882.2037680306,1820906.025565163,13791.54,0.0,81.11014941020885,1163364.75,9,89.98883,0,12057.24101253399,17546.80397860641,508.75486647454846,7728.19365859767,6758.878749387974,0.7456225667627258,33.5,Model_3,grid,battery;generator;solar,48,mountain,4G_remote,2500
BTS_03546,16.54208360316498,107.48958218337502,765704.8312784057,1830543.4909422179,1370.42,0.0,81.11014941020885,1163364.75,5,89.97878,0,10712.860087634333,5334.700686047652,25.043222703776383,0.0,3309.6297066205593,0.9874783886481118,29.5,Model_1,grid,battery,8,mountain,5G_macro,1000
BTS_02692,16.230416937744987,107.262915517615,741886.8973406055,1795758.6799121085,2461.66,0.0,81.11014941020885,1163364.75,560,89.99126,0,42056.04316074287,40348.345027824056,22.424442743587456,0.0,35502.29640134685,0.9887877786282063,24.1,Model_1,grid,battery,8,mountain,5G_macro,1000
BTS_05407,16.414583603674984,107.639582182775,781907.7239867584,1816631.1434711001,24223.59,0.0,81.11014941020885,1163364.75,28,89.99185,0,7240.356142957359,5192.918725001791,73.1926082296178,642.5592523774633,3113.5961574294865,0.9634036958851911,23.8,Model_2,grid,battery;generator,28,mountain,4G_remote,2500
BTS_02333,16.712083602484984,107.36208218388501,751868.3725892971,1849198.3032133542,885.63,11.049812316894531,81.11014941020885,1163364.75,5,89.98763,0,33796.584651956335,19612.647162383942,36.37109414778914,79.25929307460132,11731.03467524026,0.9818144529261055,28.8,Model_1,grid,battery,8,mountain,5G_macro,1000
BTS_05654,16.398750270404967,107.81708218206501,800901.6378010142,1815133.3450385935,17204.4,0.0,81.11014941020885,1163364.75,9,89.99,0,8688.983132168469,21541.76082222613,51.12879306668259,9306.6956840888,11212.995013483374,0.9744356034666587,30.4,Model_2,grid,battery;generator,28,mountain,4G_remote,2500
BTS_05558,16.41125027035498,107.658748849365,783960.808225312,1816288.8596935496,34886.51,0.0,81.11014941020885,1163364.75,9,89.993095,0,9021.331842062975,6410.300136587252,50.250685345747584,696.254750184952,3769.213627180554,0.9748746573271262,25.3,Model_2,grid,battery;generator,28,mountain,4G_remote,2500
BTS_00060,16.425481046997284,107.65192191494451,783210.6060711984,1817854.9182907233,30102.54,0.0,81.11014941020885,1163364.75,4,89.978165,0,7521.930966270118,4701.167413501754,13.559556006564119,944.0597318661993,3419.7765844090677,0.9932202219967179,37.2,Model_2,grid,battery;generator,28,mountain,4G_remote,2500
BTS_02385,16.31902804893471,107.77180440407123,796182.5264091082,1806239.182538013,16380.49,0.0,81.11014941020885,1163364.75,8,89.978165,0,1736.1795466504245,22049.787345208046,68.20693602470978,2481.7923187926735,1833.6147048857388,0.9658965319876451,30.3,Model_2,grid,battery;generator,28,mountain,4G_remote,2500
BTS_02149,16.45458360351498,107.731248849075,791644.1286516612,1821189.998628637,1720.55,0.0,81.11014941020885,1163364.75,10,89.97153,0,11030.655885388895,11302.493914920724,78.26312248609197,1536.7505820023582,752.1318013009467,0.960868438756954,20.7,Model_2,grid,battery;generator,28,mountain,5G_macro,1000
BTS_05081,16.392916937094984,107.800415515465,799129.1322100465,1814462.7426169927,9562.8,0.0,81.11014941020885,1163364.75,9,89.96817,0,8001.040937995677,20085.571183089272,54.20395855019493,7538.060535054968,9888.551433570776,0.9728980207249025,33.9,Model_2,grid,battery;generator,28,mountain,4G_remote,2500
BTS_01060,16.507083603721096,107.6349988495245,781284.3735809602,1826866.1965711545,4737.77,0.0,81.11014941020885,1163364.75,4,89.95974,5,5071.809732580902,5364.011876010369,0.8490206376957717,0.0,4592.715084082653,0.9995754896811521,28.3,Model_1,grid,battery,8,mountain,5G_macro,1000
BTS_03926,16.35375027058499,107.482082183405,765159.8628093615,1809683.7956118484,3381.44,0.29542601108551025,81.11014941020885,1163364.75,36,89.98499,0,15676.32377040957,15881.64020367016,70.26123313575846,7551.099912993054,12508.91377030084,0.9648693834321208,26.1,Model_2,grid,battery;generator,28,mountain,4G_remote,2500
BTS_01514,16.257083604715742,107.98666551479329,819259.0077927641,1799703.8480970026,5388.77,1.3395509719848633,81.11014941020885,1163364.75,8,89.95974,0,10659.727398878445,10096.481778178679,106.70032843301695,1352.2663890560123,7340.062777841748,0.9466498357834915,31.5,Model_2,grid,battery;generator,28,mountain,4G_remote,2500
BTS_04212,16.34958360393498,107.715415515805,790108.069012107,1809541.205139712,13127.73,0.0,81.11014941020885,1163364.75,12,89.93634,0,2350.12289485706,15501.24658418857,63.71505481544614,2474.0936818991227,3055.5240815782063,0.9681424725922769,30.4,Model_2,grid,battery;generator,28,mountain,4G_remote,2500
BTS_00474,16.533750269864985,107.527082183225,769720.8460086421,1829670.8465994773,20382.07,0.0,81.11014941020885,1163364.75,6,89.93634,0,7436.795880483671,7021.232516194686,145.8689010051927,815.71448783834,5028.071288472077,0.9270655494974036,34.3,Model_2,grid,battery;generator,28,mountain,4G_remote,2500
BTS_05033,16.323750270704977,107.780415515545,797096.1462130337,1806774.6114228321,14934.71,0.0,81.11014941020885,1163364.75,4,89.99555,0,1658.9592161957703,22356.529857745518,10.621287661447278,3227.0107049413555,2867.5518258239786,0.9946893561692763,24.6,Model_2,grid,battery;generator,28,mountain,4G_remote,2500
BTS_00082,16.503750269984984,107.578748849685,775280.9840207375,1826419.4232373186,68336.04,0.0,81.11014941020885,1163364.75,3,89.983284,5,3471.255268645767,2011.4325504093383,0.8968211158346578,340.15613231616203,1956.4410180597738,0.9995515894420827,21.0,Model_2,grid,battery;generator,28,mountain,4G_remote,2500
BTS_01550,16.256250270974974,107.973748848105,817878.569952897,1799591.422639303,5004.6,0.0,81.11014941020885,1163364.75,7,89.9925,0,9298.561675360266,11430.193721723494,14.346293470747478,2073.5087521566907,8207.612556876924,0.9928268532646263,36.9,Model_2,grid,battery;generator,28,mountain,4G_remote,2500
BTS_00965,16.56708360348229,107.3958321838086,755661.1949825985,1833189.4468280443,4590.71,1200.0362548828125,81.11014941020885,1163364.75,7,89.982346,0,20499.91712007638,5073.6448753837785,252.62958844471132,313.41083320259924,1051.3243894581256,0.8736852057776443,23.8,Model_2,grid,battery;generator,28,mountain,4G_remote,2500
BTS_03701,16.25833360430708,107.92208218156817,812348.2667309726,1799742.453502236,6327.87,0.0,81.11014941020885,1163364.75,8,89.9964,0,3821.7387518983683,16921.973727110726,14.790295136175212,6993.732500980597,10369.756514289626,0.9926048524319124,21.7,Model_2,grid,battery;generator,28,mountain,4G_remote,2500
BTS_04540,16.465416937220144,107.60833218296386,778495.6950565134,1822215.9573200394,30162.22,746.9805908203125,81.11014941020885,1163364.75,3,89.97878,0,1593.4560383217408,1957.4873135380026,53.5941408426813,63.29353031410575,2872.136582384018,0.9732029295786594,20.3,Model_1,grid,battery,8,mountain,5G_macro,1000
BTS_04146,16.412500270357334,107.66041551595507,784137.1034778492,1816429.5968488688,35533.83,0.0,81.11014941020885,1163364.75,14,89.982346,0,9079.976556972157,6397.3369049810835,157.55190280501913,524.8127666763291,3702.713809473753,0.9212240485974904,26.0,Model_2,grid,battery;generator,28,mountain,4G_remote,2500
BTS_02006,16.565416936404976,107.32791551735501,748412.4785159626,1832919.6748779858,466.23,0.0,81.11014941020885,1163364.75,8,89.98714,0,26987.579842220162,12132.87627404058,182.91986710861252,143.17237111334603,4915.2900275192915,0.9085400664456937,24.3,Model_1,grid,battery,8,mountain,5G_macro,1000
BTS_06487,16.56625026973498,107.54208218316501,771277.2074190489,1833289.167209376,1729.94,0.0,81.11014941020885,1163364.75,3,89.982346,0,10212.403274360468,9320.71479024993,13.643037638714457,0.0,8149.041524106519,0.9931784811806428,19.0,Model_1,grid,battery,8,mountain,5G_macro,1000
BTS_05434,16.387083603784983,107.63208218280501,781145.7668448057,1813575.987441832,3429.8,0.0,81.11014941020885,1163364.75,23,89.99195,0,9251.429139154945,8048.052160950997,43.57765403686252,3754.5505123293633,5629.758442721483,0.9782111729815688,32.6,Model_2,grid,battery;generator,28,mountain,4G_remote,2500
BTS_06438,16.460416936824984,107.707915515835,789142.353371226,1821802.3413384513,7336.85,0.0,81.11014941020885,1163364.75,9,89.98727,0,11746.171520230484,8796.532217684124,54.716444465392215,1196.1589589538123,1361.4146727688874,0.9726417777673039,33.0,Model_2,grid,battery;generator,28,mountain,4G_remote,2500
BTS_03195,16.516250269934982,107.31624885073501,747229.6267818395,1827462.7040171952,1213.68,180.95724487304688,81.11014941020885,1163364.75,15,89.98576,0,26736.30699483643,13863.943085152077,14.999317314070904,0.0,5764.350534045361,0.9925003413429645,28.1,Model_1,grid,battery,8,mountain,5G_macro,1000
BTS_02100,16.445972492757566,107.57180440566005,774620.7286584934,1820013.1616742515,17013.89,0.0,81.11014941020885,1163364.75,25,89.982346,0,2201.8000109862737,2325.1334684338,13.01601007437582,0.0,2202.1363395645844,0.993491994962812,26.2,Model_1,grid,battery,8,mountain,5G_macro,1000
BTS_02013,16.42041693698498,107.647915516075,782789.8182480976,1817288.623087339,28015.94,0.0,81.11014941020885,1163364.75,7,89.98763,5,7485.00912699098,4941.0628919908095,2.9639392069434685,810.322018690194,3310.9341800069083,0.9985180303965283,28.1,Model_2,grid,battery;generator,28,mountain,4G_remote,2500
BTS_06057,16.37041693718498,107.705415515845,789008.317421756,1811833.6809958864,13787.37,0.0,81.11014941020885,1163364.75,4,89.93634,0,3743.940864508156,13041.076260496051,36.30644185346572,1342.7754641532583,1178.8721559009127,0.9818467790732671,24.7,Model_2,grid,battery;generator,28,mountain,4G_remote,2500
BTS_00678,16.51041693662498,107.556248849775,772868.3982837611,1827126.8943005786,28032.41,0.0,81.11014941020885,1163364.75,4,89.97878,5,3850.85147275142,3062.1029916601397,2.6845026245449675,630.434794690111,2114.144860225831,0.9986577486877275,35.4,Model_2,grid,battery;generator,28,mountain,4G_remote,2500
BTS_03507,16.435416936924987,107.576248849695,775110.4648063694,1818850.5616839759,14477.61,0.0,81.11014941020885,1163364.75,31,89.98994,5,3092.0033066414708,3500.843633131402,4.297151871053263,1.0333324628947618,2990.2328165283707,0.9978514240644734,21.9,Model_1,grid,battery,8,mountain,5G_macro,1000
BTS_04035,16.169583604654974,107.72541551576501,791442.7675515579,1789625.2883867489,4717.5,0.0,81.11014941020885,1163364.75,63,89.99006,5,17049.69590289575,33830.025305721785,0.8435153330680771,0.0,16222.935446038411,0.9995782423334659,26.1,Model_1,grid,battery,8,mountain,5G_macro,1000
BTS_06097,16.43791693732961,107.73416551579697,791980.7232108654,1819348.785186934,10008.09,0.0,81.11014941020885,1163364.75,8,89.98763,0,9173.82440188813,11845.098835726752,50.58080898371142,1842.6574741889635,1529.9620571970386,0.9747095955081443,17.9,Model_2,grid,battery;generator,28,mountain,4G_remote,2500
BTS_04254,16.62541693616499,107.439582183575,760253.5656863836,1839703.4837620412,2399.16,6.30204963684082,81.11014941020885,1163364.75,8,89.978165,5,21134.59378098673,8133.6723261992465,2.2760125361762404,0.0,5533.497740639491,0.9988619937319119,30.5,Model_1,grid,battery,8,mountain,5G_macro,1000
BTS_02668,16.367916937608047,107.73583218245706,792263.4122741775,1811600.4150213604,16937.12,0.0,81.11014941020885,1163364.75,3,89.97153,0,1421.155554632063,15544.957267092796,139.54325333826873,1455.4756520793346,3946.7871581123522,0.9302283733308656,35.5,Model_2,grid,battery;generator,28,mountain,4G_remote,2500
BTS_06113,16.547083603144983,107.552915516455,772460.8871005799,1831181.844047611,17192.95,0.0,81.11014941020885,1163364.75,0,89.98576,0,7915.548605911458,6942.943422863454,200.96321985230563,998.8789120525246,6018.803044927254,0.8995183900738472,34.6,Model_2,grid,battery;generator,28,mountain,4G_remote,2500
BTS_05114,16.432083603604983,107.518748849925,768971.4077106466,1818404.1920928978,7764.98,0.0,81.11014941020885,1163364.75,5,89.990234,0,6779.972280831179,6998.0684404018275,270.6280643241099,2128.7169983877816,3626.74055289632,0.864685967837945,32.4,Model_2,grid,battery;generator,28,mountain,4G_remote,2500
BTS_04118,16.23875027104498,107.947082181545,815053.8091322889,1797612.150981939,2878.0,0.0,81.11014941020885,1163364.75,9,89.983284,0,7107.723135686701,14080.565731638357,45.80665646481632,5501.447595890156,11550.4680060613,0.9770966717675919,28.3,Model_2,grid,battery;generator,28,mountain,4G_remote,2500
BTS_02188,16.24291693769498,107.22208218444501,737505.2649669186,1797094.4814822027,1206.25,109.48429870605469,81.11014941020885,1163364.75,576,89.98994,0,44676.69094799439,41426.355249484346,98.07580482395377,103.00969511017877,35915.94451562921,0.9509620975880231,18.8,Model_1,grid,battery,8,mountain,5G_macro,1000
BTS_02139,16.547500269817387,107.66624884926492,784563.029512408,1831385.080447654,14773.31,2680.385498046875,81.11014941020885,1163364.75,10,89.99512,0,10596.247726489877,10668.381467172761,13.783545120434962,1059.473119853194,2350.834851420948,0.9931082274397826,21.3,Model_2,grid,battery;generator,28,mountain,4G_remote,2500
BTS_02189,16.485000270067474,107.4920821832995,766049.9698512247,1824227.2070742853,11528.52,0.0,81.11014941020885,1163364.75,11,89.98847,0,7648.462451046248,8485.008633773394,14.114443879983387,1288.6902109077582,1866.623775580486,0.9929427780600083,36.1,Model_2,grid,battery;generator,28,mountain,4G_remote,2500
BTS_03181,16.637083602784973,107.42124885031502,758281.158718206,1840971.2699576535,2694.21,72.0088882446289,81.11014941020885,1163364.75,7,89.981995,0,23376.489322166617,9650.16436807008,31.78617072621264,0.0,4959.576335883189,0.9841069146368937,22.3,Model_1,grid,battery,8,mountain,5G_macro,1000
BTS_00492,16.503750269984984,107.472915516775,763977.2423963039,1826277.7693917144,4417.33,0.0,81.11014941020885,1163364.75,9,89.981995,0,10103.12877726007,6350.950372170793,45.285786183626406,618.5515325030922,449.3507947919885,0.9773571069081868,29.6,Model_2,grid,battery;generator,28,mountain,5G_macro,1000
BTS_00051,16.488305072241015,107.51748174003883,768758.480249012,1824626.759018496,8006.11,0.0,81.11014941020885,1163364.75,7,89.97503,0,5052.596448991847,5770.662928319199,12.171884427445846,0.0,2674.493541080895,0.9939140577862771,28.7,Model_1,grid,battery,8,mountain,5G_macro,1000
BTS_06230,16.394583603754977,107.839582181975,803313.0551444902,1814705.4991546725,16337.16,0.0,81.11014941020885,1163364.75,14,89.99281,0,6342.529715771007,23972.69061374823,46.96048384991522,8558.89707191967,8914.778017471835,0.9765197580750424,29.4,Model_2,grid,battery;generator,28,mountain,4G_remote,2500
BTS_04398,16.35708360390499,107.73874884904501,792591.3600881163,1810405.0917472593,17230.03,0.0,81.11014941020885,1163364.75,7,89.98658,0,314.28631858255466,16579.061452385995,5.427458663038414,1114.501552307381,3305.8955688022565,0.9972862706684807,30.4,Model_2,grid,battery;generator,28,mountain,4G_remote,2500
BTS_00123,16.50675027333771,107.54724884953806,771912.2838653541,1826708.7759458048,1738.82,0.0,81.11014941020885,1163364.75,6,89.98908,5,3775.792700669749,3389.5025340077077,0.8786924134838018,0.0,1538.095338370948,0.9995606537932581,21.9,Model_1,grid,battery,8,mountain,5G_macro,1000
BTS_00888,16.37625027049498,107.81874884872501,801114.391132277,1812644.3540085487,9387.25,0.0,81.11014941020885,1163364.75,10,89.969986,0,7786.44069004557,22608.555775890494,9.65213548168029,8737.585351485122,9600.587289800196,0.9951739322591598,35.3,Model_2,grid,battery;generator,28,mountain,4G_remote,2500
BTS_03888,16.462916936814988,107.619582182855,779701.1703177164,1821954.7172790775,4706.17,0.0,81.11014941020885,1163364.75,5,89.983284,0,2660.852316713282,745.7589263076878,42.97343236445807,0.0,2384.085284575668,0.9785132838177709,24.3,Model_1,grid,battery,8,mountain,5G_macro,1000
BTS_04824,16.66958360265498,107.337915517315,749345.4442468423,1844463.1660398932,7163.17,784.8985595703125,81.11014941020885,1163364.75,4,89.97153,0,32189.461831356315,17027.26326220362,105.7538180120968,350.95230279310675,7950.026991305771,0.9471230909939516,20.8,Model_2,grid,battery;generator,28,mountain,4G_remote,2500
BTS_04230,16.440416937319558,107.56083218315271,773456.2256260011,1819383.2165920802,7199.14,0.0,81.11014941020885,1163364.75,24,89.97503,0,3045.978951803548,3226.7453716566165,22.24361157250759,27.047880749732666,1275.8364739247336,0.9888781942137462,26.1,Model_1,grid,battery,8,mountain,5G_macro,1000
BTS_03245,16.567083603064983,107.342915517295,750011.7302044887,1833122.792973328,692.47,415.3941650390625,81.11014941020885,1163364.75,15,89.99272,0,25575.291141150483,10572.87025553511,19.546240078841326,0.0,3531.5206701959446,0.9902268799605793,26.3,Model_1,grid,battery,8,mountain,5G_macro,1000
BTS_03942,16.464583603890084,107.53416551659207,770573.5325277328,1822022.8470977645,6194.31,0.0,81.11014941020885,1163364.75,8,89.97503,0,3351.622937582713,4199.885323089572,15.503801540380447,0.0,2315.6079219832905,0.9922480992298097,18.3,Model_1,grid,battery,8,mountain,5G_macro,1000
BTS_05825,16.291250270834983,108.00374884798501,821030.9028637673,1803514.4526037632,7227.67,0.0,81.11014941020885,1163364.75,7,89.95974,5,12705.529064257978,10030.888126448177,1.229579864802659,1456.1738896499223,3176.183996634809,0.9993852100675986,28.8,Model_2,grid,battery;generator,28,mountain,4G_remote,2500
BTS_04052,16.318750270724983,107.95958218149501,816262.71825608,1806490.8554989765,1780.71,509.7958984375,81.11014941020885,1163364.75,19,89.99765,5,7280.72550808301,15642.388528654294,0.8553262139178978,2482.130555185015,6309.404277054297,0.999572336893041,32.8,Model_2,grid,battery;generator,28,mountain,4G_remote,2500
BTS_04578,16.38791693711499,107.856248848575,805104.9624070143,1813992.2809194196,13662.36,0.0,81.11014941020885,1163364.75,10,89.909966,5,4440.279964199094,25894.449869010958,2.6912286075087843,6698.198103218385,7010.115206427201,0.9986543856962457,35.3,Model_2,grid,battery;generator,28,mountain,4G_remote,2500
BTS_01048,16.57291693637498,107.617082182865,779275.806089676,1834130.1567824609,3275.48,0.0,81.11014941020885,1163364.75,0,0.0,0,10802.287059747368,10688.239745546734,104.51799410732329,181.14007118294577,3422.5921967891563,0.9477410029463383,27.6,Model_1,grid,battery,8,urban,5G_macro,1000
BTS_01605,16.43458360518882,107.59023032984423,776605.5473150201,1818777.3696361266,12670.63,0.0,81.11014941020885,1163364.75,15,89.98594,0,2862.728604762379,4006.0948196236436,24.442778039756792,24.849420720624714,2988.9375057152843,0.9877786109801217,27.6,Model_1,grid,battery,8,mountain,5G_macro,1000
BTS_00649,16.392083603764984,107.780415515545,796992.6521149322,1814341.062067852,8237.97,0.0,81.11014941020885,1163364.75,6,89.984085,5,6218.355533984103,18151.96580581798,4.198567697271249,5414.67891916831,8366.401812864631,0.9979007161513643,30.2,Model_2,grid,battery;generator,28,mountain,4G_remote,2500
BTS_01417,16.43875027168476,107.61822801477133,779591.1464448425,1819277.1859149525,13118.26,0.0,81.11014941020885,1163364.75,10,89.990456,0,3741.278455881273,2428.3949674832784,9.343066303385339,0.0,57.58081188011472,0.9953284668483073,18.8,Model_1,grid,battery,8,mountain,5G_macro,1000
BTS_04734,16.32291693778706,107.7691655156579,795894.5072737043,1806665.9521502908,16480.08,0.0,81.11014941020885,1163364.75,11,89.99288,0,1271.8667223010937,21546.216009091186,17.476861955967184,2068.7549135924883,1732.9704080571876,0.9912615690220165,30.2,Model_2,grid,battery;generator,28,mountain,4G_remote,2500
BTS_04879,16.397083603744978,107.662915516015,784426.6921830673,1814726.1760885662,21488.73,0.0,81.11014941020885,1163364.75,22,89.97153,0,9149.651728969115,7979.189661470232,59.29684308952985,1153.9312118660814,2727.843819270055,0.9703515784552351,37.2,Model_2,grid,battery;generator,28,mountain,4G_remote,2500
BTS_02936,16.535694714732383,107.46930440527626,763548.1988672509,1829809.5018197729,3420.85,0.0,81.11014941020885,1163364.75,10,89.98658,0,11986.147587867028,3547.1120203866353,37.28432436427733,0.0,1582.2275835175967,0.9813578378178613,18.3,Model_1,grid,battery,8,mountain,5G_macro,1000
BTS_03638,16.430416936944983,107.603748849585,778055.936253066,1818334.5906659914,56895.14,0.0,81.11014941020885,1163364.75,26,89.9921,0,3626.366867622325,3977.128869877831,72.06769983066505,658.3701023524242,1786.2953787972353,0.9639661500846675,22.2,Model_2,grid,battery;generator,28,mountain,4G_remote,2500
BTS_06436,16.19125027123497,107.297915517475,745678.3671370836,1791464.893294913,606.1,146.5224151611328,81.11014941020885,1163364.75,578,89.95974,0,42199.64020495607,42411.704021371486,18.53167055620972,107.81408952975154,37446.18669456741,0.9907341647218951,20.4,Model_1,grid,battery,8,mountain,5G_macro,1000
BTS_00112,16.502916936654984,107.59708218294502,777240.3810639638,1826352.3036128306,12232.29,0.0,81.11014941020885,1163364.75,4,89.979866,0,2893.1505130794494,3253.81229010365,52.91462293807347,231.25919948039854,1119.6978511345537,0.9735426885309633,29.4,Model_1,grid,battery,8,mountain,5G_macro,1000
BTS_02239,16.27333360424708,107.9362488481778,813839.8336387029,1801425.271645523,8584.33,0.0,81.11014941020885,1163364.75,6,89.983284,0,5247.849871149203,15765.066775337304,73.44908624915756,4768.608929891821,9054.309686119033,0.9632754568754213,34.5,Model_2,grid,battery;generator,28,mountain,4G_remote,2500
BTS_03655,16.50041693666498,107.431248850275,759531.6115198674,1825854.620541831,2451.19,0.0,81.11014941020885,1163364.75,8,89.98594,0,14336.460321870196,5794.62512748704,41.27860214279085,0.0,3226.8733085255353,0.9793606989286046,27.4,Model_1,grid,battery,8,mountain,5G_macro,1000
BTS_01106,16.563750269744983,107.32958218401501,748592.5513972952,1832737.2421933918,480.69,0.0,81.11014941020885,1163364.75,13,89.98727,0,26754.75643161963,11934.753366355826,51.1928044257769,0.3420068252563909,4671.09531056121,0.9744035977871115,21.5,Model_1,grid,battery,8,mountain,5G_macro,1000
BTS_05885,16.172083604644985,107.707915515835,789566.5662692182,1789877.3474334641,10411.38,0.0,81.11014941020885,1163364.75,60,89.99364,0,17631.579395923814,33019.887956874045,13.774311241469473,518.9567178927755,16411.388762072325,0.9931128443792653,28.4,Model_2,grid,battery;generator,28,mountain,4G_remote,2500
BTS_03347,16.32958360401497,107.748748849005,793701.5312379161,1807374.5571914495,3576.61,0.0,81.11014941020885,1163364.75,6,89.979866,0,1059.0072467391994,19499.33544642126,10.347121053368273,0.0,1321.0289366757286,0.9948264394733158,20.3,Model_1,grid,battery,8,mountain,5G_macro,1000
BTS_02156,16.46069471491972,107.63985996094367,781870.7985782275,1821736.8749535042,3062.77,0.0,81.11014941020885,1163364.75,3,89.98456,0,4688.31181800289,1529.8901740646645,15.651988648937566,0.0,2968.522082491801,0.9921740056755313,21.4,Model_1,grid,battery,8,mountain,5G_macro,1000
BTS_01345,16.51208360328498,107.64208218276501,782033.7070923985,1827429.6988724307,2316.53,649.057373046875,81.11014941020885,1163364.75,1,89.978165,0,6006.293941709298,6083.316499853005,87.03250636061,63.54735530175367,4000.669807761736,0.956483746819695,22.0,Model_1,grid,battery,8,mountain,5G_macro,1000
BTS_05232,16.402083603724982,107.664582182675,784597.5437192535,1815282.1149243077,29619.03,0.0,81.11014941020885,1163364.75,15,89.979866,0,9294.71903753545,7600.900173297264,82.58673163084244,594.6381367133567,2737.2862589165825,0.9587066341845788,27.4,Model_2,grid,battery;generator,28,mountain,4G_remote,2500
BTS_03482,16.496250270014983,107.473748850105,764076.4331212442,1825448.5609845573,3253.59,0.0,81.11014941020885,1163364.75,11,89.95974,0,9798.283504365161,7106.961468130812,6.867208849107695,0.0,517.9680449202485,0.9965663955754461,23.9,Model_1,grid,battery,8,mountain,5G_macro,1000
BTS_05197,16.27500027090709,107.9329155148579,813480.6372321167,1801604.7170664247,7984.95,0.0,81.11014941020885,1163364.75,9,89.969986,0,4922.870018012968,16157.290530871767,14.274838860092608,4952.153755839106,8776.135441019056,0.9928625805699537,34.5,Model_2,grid,battery;generator,28,mountain,4G_remote,2500
BTS_01184,16.28083360421706,107.97624884801672,818106.3579425288,1802317.7695819724,7134.99,0.0,81.11014941020885,1163364.75,6,89.97749,0,9601.752894274123,11993.828000853955,38.62941402463876,1514.5354374052888,6106.010071704388,0.9806852929876806,32.9,Model_2,grid,battery;generator,28,mountain,4G_remote,2500
BTS_01182,16.43041693694499,107.572082183045,774672.2997602161,1818291.3324116648,54500.6,0.0,81.11014941020885,1163364.75,18,89.98576,0,3789.0512356370486,4043.666899437349,55.21533020584531,439.09984100641543,2898.2977316865586,0.9723923348970773,32.1,Model_2,grid,battery;generator,28,mountain,4G_remote,2500
BTS_06150,16.41291693701498,107.588748849645,776477.9173940367,1816376.5321959944,19410.33,0.0,81.11014941020885,1163364.75,18,89.99307,0,5259.545437641036,6199.702140031777,45.89454626448864,1731.5104624316054,4221.867484336527,0.9770527268677557,33.3,Model_2,grid,battery;generator,28,mountain,4G_remote,2500
BTS_02270,16.39791693707498,107.785415515525,797518.2173725701,1814994.3141099452,8947.76,0.0,81.11014941020885,1163364.75,4,89.95974,0,7047.230787286847,18390.988371357773,27.590790479546104,5920.602785642881,8519.728131045846,0.986204604760227,18.6,Model_2,grid,battery;generator,28,mountain,4G_remote,2500
BTS_04457,16.54708360314498,107.59708218294502,777177.2924177024,1831242.2539232923,3541.02,6.912975788116455,81.11014941020885,1163364.75,8,89.98456,0,7777.347734393187,7193.624388407923,10.961661473678229,0.0,4592.709221694602,0.9945191692631609,22.7,Model_1,grid,battery,8,mountain,5G_macro,1000
BTS_03815,16.458750270164984,107.63874884944501,781754.9001570574,1821520.0385016361,2389.78,0.0,81.11014941020885,1163364.75,2,89.96817,0,4667.307857876667,1407.8545263991223,56.47792275391457,59.65319695467769,2725.1903005543363,0.9717610386230427,20.3,Model_1,grid,battery,8,mountain,5G_macro,1000
BTS_00231,16.493750270024982,107.385415517125,754645.3019270666,1825058.142542105,946.25,0.0,81.11014941020885,1163364.75,11,89.95499,0,19079.42707783866,8739.032954934451,74.25933333877208,171.3913587876466,4630.566976120297,0.962870333330614,21.4,Model_1,grid,battery,8,mountain,5G_macro,1000
BTS_04812,16.507916936634984,107.50624884997501,767531.6558383965,1826783.0304790123,23041.41,0.0,81.11014941020885,1163364.75,4,89.97878,0,7011.607604401645,7343.507575946081,29.05541609523408,555.5006386981386,3719.594816645459,0.985472291952383,25.4,Model_2,grid,battery;generator,28,mountain,4G_remote,2500
BTS_05982,16.178750271284983,107.69458218255501,788130.2132433851,1790596.7350400852,3959.86,1086.471923828125,81.11014941020885,1163364.75,57,89.983284,0,17757.628829712765,31949.859040093448,30.843015263991173,1972.897276523304,16089.588852215778,0.9845784923680044,33.5,Model_2,grid,battery;generator,28,mountain,4G_remote,2500
BTS_06025,16.491250270034968,107.605415516245,778147.1785250702,1825072.101544715,19922.53,0.0,81.11014941020885,1163364.75,5,89.983284,5,1720.0323572680434,3651.7632376284373,2.095077805565854,5.581973644557247,1168.8995873342576,0.998952461097217,23.2,Model_1,grid,battery,8,mountain,5G_macro,1000
BTS_04572,16.457083603504984,107.700415515865,788345.9580267016,1821422.539837234,6726.5,0.0,81.11014941020885,1163364.75,3,89.98763,0,11022.72021646245,7999.076840674775,258.2712882569039,1397.9441187204811,1829.9349112184827,0.8708643558715481,31.1,Model_2,grid,battery;generator,28,mountain,4G_remote,2500
BTS_03889,16.664583602695437,107.32541551720198,748018.112077308,1843894.0970008352,2008.81,0.0,81.11014941020885,1163364.75,6,89.98763,0,32844.19237802352,17517.851326072687,6.718374207327236,0.0,8234.518220822318,0.9966408128963364,31.1,Model_1,grid,battery,8,mountain,5G_macro,1000
BTS_01238,16.50625027108436,107.50791551679865,767711.9578225253,1826600.7298852522,2308.68,0.0,81.11014941020885,1163364.75,3,89.981995,0,6765.577863258854,7117.371182094615,20.09052028402644,299.827063509546,3792.1239241504854,0.9899547398579868,29.1,Model_1,grid,battery,8,mountain,5G_macro,1000
BTS_06099,16.46458360347498,107.55708218310501,773021.7183674893,1822053.6960663889,20698.3,1358.3675537109375,81.11014941020885,1163364.75,4,89.97153,5,1445.2721411803436,1762.5892389265853,1.4885140476879133,20.861285444042036,1788.4876601515655,0.999255742976156,26.4,Model_1,grid,battery,8,mountain,5G_macro,1000
BTS_03194,16.121250271514977,107.400415517065,756732.7334151921,1783841.406231163,981.23,0.0,81.11014941020885,1163364.75,497,89.9981,0,42320.22753164912,42505.64996568638,58.01134714101982,11.293998833895925,39343.592196328194,0.9709943264294901,28.1,Model_1,grid,battery,8,mountain,5G_macro,1000
BTS_02096,16.38625027045499,107.862082181885,805731.1217024755,1813816.508616276,12517.64,0.0,81.11014941020885,1163364.75,11,89.969986,0,3824.546009479721,26544.63120813026,41.800192300017365,6106.360204557745,6388.257557403918,0.9790999038499913,29.0,Model_2,grid,battery;generator,28,mountain,4G_remote,2500
BTS_04705,16.29625027081498,107.857082181905,805336.5832402828,1803842.8635240046,2808.52,0.0,81.11014941020885,1163364.75,0,89.99635,0,4573.442001611841,24602.403647460742,20.941454144303915,7506.260479681297,8374.442990945332,0.9895292729278481,33.2,Model_2,grid,battery;generator,28,mountain,4G_remote,2500
BTS_03334,16.431250270274987,107.572915516375,774760.1692134659,1818384.7250543882,59810.88,0.0,81.11014941020885,1163364.75,17,89.98939,0,3665.476877637762,3949.2823595634954,12.822552907240064,392.9447999623255,2914.2881123893576,0.99358872354638,26.0,Model_2,grid,battery;generator,28,mountain,4G_remote,2500
BTS_01677,16.462083603900073,107.6183321829241,779568.8209615066,1821860.7220883677,6173.21,0.0,81.11014941020885,1163364.75,6,89.97749,0,2610.2153634742517,827.1968241403077,15.752326223752009,0.0,2289.1563366227097,0.992123836888124,24.3,Model_1,grid,battery,8,mountain,5G_macro,1000
BTS_01502,16.2494169382536,107.25374885164393,740883.4791013664,1797850.9778217024,2115.82,0.0,81.11014941020885,1163364.75,566,89.98994,5,41521.77541332752,38997.439146246215,3.5674681375468724,0.0,33873.943125562044,0.9982162659312266,27.3,Model_1,grid,battery,8,mountain,5G_macro,1000
BTS_01454,16.477916936754983,107.756248848975,794280.1176274936,1823809.9024861273,7644.86,0.0,81.11014941020885,1163364.75,10,89.981995,0,13760.117813134004,14108.225631099302,14.98481262916741,5069.775546640278,4468.608615265186,0.9925075936854163,34.2,Model_2,grid,battery;generator,28,mountain,4G_remote,2500
BTS_03058,16.422916936974982,107.641248849435,782073.800073305,1817556.1167917065,9225.94,0.0,81.11014941020885,1163364.75,9,89.97503,0,6752.839047958771,4382.247604497982,34.68915288391959,67.18914036906054,2571.6505175752272,0.9826554235580403,26.1,Model_1,grid,battery,8,mountain,5G_macro,1000
BTS_00659,16.484583603721493,107.63645718269727,781472.7147265635,1824377.0667456686,6411.27,0.0,81.11014941020885,1163364.75,6,89.978165,0,4059.345031372471,3010.3983143384517,23.527825050594444,0.0,4551.419799268091,0.9882360874747028,26.9,Model_1,grid,battery,8,mountain,5G_macro,1000
BTS_04453,16.589583602974987,107.351248850595,750872.21723369,1835623.9183817909,1936.96,0.0,81.11014941020885,1163364.75,10,89.981995,0,25870.242306772372,10418.089138381838,18.286531789554736,19.273931339988234,2021.5869579960186,0.9908567341052227,25.0,Model_1,grid,battery,8,mountain,5G_macro,1000
BTS_06086,16.37708360382499,107.839582181975,803340.1708244582,1812767.662569645,14548.7,0.0,81.11014941020885,1163364.75,14,89.99185,0,5615.390107798267,24624.212087919248,92.68242837268548,7584.996317681729,8059.108021008636,0.9536587858136573,38.9,Model_2,grid,battery;generator,28,mountain,4G_remote,2500
BTS_06111,16.46625027013498,107.582082183005,775690.1501035781,1822272.1909833648,221841.34,3810.873779296875,81.11014941020885,1163364.75,5,89.99,5,993.1115272958974,930.3306438308208,4.173163038313259,421.4536709975869,3049.5790985534213,0.9979134184808434,28.5,Model_2,grid,battery;generator,28,mountain,4G_remote,2500
BTS_05909,16.39541693708498,107.72541551576501,791109.0273622505,1814630.3700270937,1891.99,0.0,81.11014941020885,1163364.75,5,89.97153,0,4622.187146402679,12812.017999627025,47.51549256658378,68.27603444501,2598.3513866299536,0.9762422537167081,17.4,Model_1,grid,battery,8,mountain,5G_macro,1000
BTS_04397,16.080416938344978,107.369582183855,753485.2630577029,1779283.1582630978,829.74,214.38194274902344,81.11014941020885,1163364.75,617,89.99454,0,47833.74210947273,48021.55572914776,51.367227127036294,0.0,44828.13384944372,0.9743163864364819,25.2,Model_1,grid,battery,8,mountain,5G_macro,1000
BTS_04366,16.272083604244976,107.680415515945,786479.2552643223,1800910.7447224208,1270.85,3.576413154602051,81.11014941020885,1163364.75,56,89.99781,0,10400.863892440299,21563.58460788276,72.54266857230608,8556.340128620543,7582.361484593928,0.963728665713847,37.8,Model_2,grid,battery;generator,28,mountain,4G_remote,2500
BTS_05401,16.465416936804985,107.536248849855,770794.9350770705,1822117.8990817696,7125.56,0.0,81.11014941020885,1163364.75,7,89.98456,0,3110.680642261145,3972.822468416,39.52810842423303,0.0,2241.6700450429466,0.9802359457878835,27.0,Model_1,grid,battery,8,mountain,5G_macro,1000
BTS_03158,16.57708360302498,107.50291551665501,767080.3406667227,1834435.9898508177,4759.83,0.0,81.11014941020885,1163364.75,4,89.95974,0,12880.629796681616,7203.4959630071635,26.774472286083412,131.5367070331146,7242.378391646,0.9866127638569583,21.5,Model_1,grid,battery,8,mountain,5G_macro,1000
BTS_03621,16.162083604684984,107.729582182415,791899.6405360047,1788800.7810063732,2723.69,0.0,81.11014941020885,1163364.75,68,89.978165,5,17651.398812396965,34759.13718372657,1.4524896837098673,0.0,16964.86508875659,0.9992737551581451,29.4,Model_1,grid,battery,8,mountain,5G_macro,1000
BTS_04848,16.280416937544985,107.857915515235,805450.2534354995,1802090.819582942,5786.82,0.0,81.11014941020885,1163364.75,18,89.99459,0,3490.0455284811355,24105.67297267161,71.83071713467298,8828.948478625642,9678.410919552034,0.9640846414326635,33.3,Model_2,grid,battery;generator,28,mountain,4G_remote,2500
BTS_05863,16.640416936104977,107.317082184065,747159.9284854867,1841208.5732477116,1916.49,54.833736419677734,81.11014941020885,1163364.75,8,89.93634,0,31943.220674201883,16432.207615010848,25.064830110178285,0.0,6975.717490725468,0.9874675849449108,26.4,Model_1,grid,battery,8,mountain,5G_macro,1000
BTS_03015,16.731250269495934,107.39749885046855,755621.1232093475,1851365.2727108074,76.38,0.0,81.11014941020885,1163364.75,5,89.98847,0,33309.39074751393,20377.952043788075,88.19963998581822,207.9717663573235,14011.373492691097,0.9559001800070909,27.0,Model_1,grid,battery,8,mountain,5G_small,300
BTS_00205,16.39041693818318,107.83267742149458,802581.4490784665,1814233.7916001098,16319.91,0.0,81.11014941020885,1163364.75,10,89.909966,0,6789.295524876186,23416.561971769857,8.461467129787275,8922.039644643448,9333.042150820223,0.9957692664351063,33.9,Model_2,grid,battery;generator,28,mountain,4G_remote,2500
BTS_00831,16.36430582652712,107.53485996057393,770786.6056054088,1810921.9876630676,2431.87,0.0,81.11014941020885,1163364.75,21,89.981995,0,11912.488998129818,12084.575148116848,36.428181363599684,7837.040069131256,9197.584628355291,0.9817859093182002,27.3,Model_2,grid,battery;generator,28,mountain,4G_remote,2500
BTS_01850,16.436250270254977,107.618748849525,779650.3796526222,1819001.1141627913,12359.86,0.0,81.11014941020885,1163364.75,26,89.9921,0,3970.1027192583083,2676.013118076125,23.775772245426904,13.526068118052223,161.30471962010657,0.9881121138772866,26.0,Model_1,grid,battery,8,mountain,5G_macro,1000
BTS_04703,16.38375027046498,107.56791551639502,774292.5405976654,1813119.0865662873,4685.08,0.0,81.11014941020885,1163364.75,20,89.978165,5,8786.614912221412,9226.864831295452,1.0955062648601857,5062.603358636357,7190.932818457028,0.99945224686757,33.7,Model_2,grid,battery;generator,28,mountain,4G_remote,2500
BTS_00925,16.53008360347073,107.4617488512308,762748.976848105,1829178.4295139143,1963.18,13.583513259887695,81.11014941020885,1163364.75,6,89.993095,0,12357.361294065893,3305.2474112105415,7.391746842417874,273.2307340344259,1098.7541576683695,0.9963041265787911,24.9,Model_1,grid,battery,8,mountain,5G_macro,1000
BTS_04727,16.41208360368498,107.650415516065,783069.0431134494,1816369.4595918392,30048.75,0.0,81.11014941020885,1163364.75,12,89.97503,0,8274.31713968176,5881.956758680421,31.631647385569277,1512.8331743947388,4096.369250931138,0.9841841763072153,30.9,Model_2,grid,battery;generator,28,mountain,4G_remote,2500
BTS_01646,16.578750269684978,107.607915516235,778288.643612003,1834763.2677877545,3975.57,0.0,81.11014941020885,1163364.75,9,89.98658,0,11317.4446114563,10879.660007860513,7.582681735194433,31.677189990747426,4578.532395790664,0.9962086591324028,25.9,Model_1,grid,battery,8,mountain,5G_macro,1000
BTS_04306,16.134583605202785,107.68666551598601,787347.0142918299,1785695.5283167246,5063.15,0.0,81.11014941020885,1163364.75,77,89.99687,5,22365.753626542013,36564.92757457891,1.2643356623545472,3303.968937709284,21039.781380261178,0.9993678321688227,28.4,Model_2,grid,battery;generator,28,mountain,4G_remote,2500
BTS_03779,16.712916935814984,107.386248850455,754445.4001647419,1849321.29357082,418.96,12.548741340637207,81.11014941020885,1163364.75,17,89.99164,0,32294.97402075497,18743.334840006843,192.91697185734378,140.96615743297312,11827.581100477275,0.9035415140713281,28.1,Model_1,grid,battery,8,mountain,5G_macro,1000
BTS_00510,16.53791693693178,107.63833218284456,781595.6787625838,1830284.6883746448,3220.92,0.0,81.11014941020885,1163364.75,3,89.981995,0,7940.847814991508,8789.168224063498,45.230295694245605,0.0,1166.1044528094903,0.9773848521528772,22.9,Model_1,grid,battery,8,mountain,5G_macro,1000
BTS_03591,16.49041693670498,107.55541551644501,772807.461768276,1824911.513388925,15138.48,0.0,81.11014941020885,1163364.75,1,89.98576,0,1768.4648704417814,1757.9652332948629,13.664882928659612,0.0,505.13837963051816,0.9931675585356702,28.2,Model_1,grid,battery,8,mountain,5G_macro,1000
BTS_02281,16.30791693743498,107.77124884891501,796139.8512645722,1805008.069309117,12481.81,0.0,81.11014941020885,1163364.75,9,89.982346,5,1876.831500728791,22894.16257462867,2.6375332432005965,3142.207178370899,1862.8543765730371,0.9986812333783996,36.8,Model_2,grid,battery;generator,28,mountain,4G_remote,2500
BTS_05860,16.49041693670498,107.47541551676501,764262.3719524022,1824804.9558175108,1995.65,0.0,81.11014941020885,1163364.75,14,89.99138,0,9497.46258698423,7757.691598786966,31.8115446317423,39.7543489710984,3.9587433879072713,0.9840942276841288,21.9,Model_1,grid,battery,8,mountain,5G_macro,1000
BTS_00662,16.145416939173177,107.74041551588451,793083.4757235412,1786970.8005836308,1123.72,31.39773941040039,81.11014941020885,1163364.75,72,89.96817,0,19041.29972008375,36882.029745775755,18.763918970331215,0.0,18658.53564057587,0.9906180405148344,27.5,Model_1,grid,battery,8,mountain,5G_macro,1000
BTS_02448,16.300833604137466,107.38791551705222,755163.7146811393,1803705.4459306565,828.13,0.0,81.11014941020885,1163364.75,228,89.99615,5,26824.51666843109,27039.06791470225,2.7721119332115185,0.0,22331.987595471594,0.9986139440333942,26.6,Model_1,grid,battery,8,mountain,5G_macro,1000
BTS_01379,16.491250270034982,107.629582182815,780728.6705358644,1825105.6027146762,7696.44,0.0,81.11014941020885,1163364.75,5,89.97503,5,3604.4854516528712,3541.609896533626,3.4489772735745463,0.0,3750.144735940764,0.9982755113632127,22.2,Model_1,grid,battery,8,mountain,5G_macro,1000
BTS_00180,16.66013915906786,107.38263774035144,754129.9657785888,1843474.070890409,1540.59,38.15648651123047,81.11014941020885,1163364.75,6,89.97153,0,28030.677809010223,13484.92200586921,21.553632227831784,0.0,5983.73087918628,0.9892231838860841,25.1,Model_1,grid,battery,8,mountain,5G_macro,1000
BTS_00830,16.199583604534983,107.711248849155,789883.0429991565,1792926.8963640006,3197.95,27.129764556884766,81.11014941020885,1163364.75,77,89.995995,0,14847.438610319567,30202.032275277565,48.226133916761114,1506.8611882753457,13411.337116673642,0.9758869330416194,28.9,Model_2,grid,battery;generator,28,mountain,4G_remote,2500
BTS_01973,16.437916936914984,107.722915515775,790778.5723506962,1819332.5726086393,9392.02,0.0,81.11014941020885,1163364.75,4,89.97153,0,9286.569202214625,10670.377774119921,61.425348258861284,665.1466563463176,1006.4852227733775,0.9692873258705693,36.3,Model_2,grid,battery;generator,28,mountain,4G_remote,2500
BTS_02265,16.50930582584068,107.4893044059917,765720.042883024,1826914.359653669,26435.48,0.0,81.11014941020885,1163364.75,7,89.991,0,8690.524481809325,7018.5029073759515,9.407630055052957,941.2200918390582,2176.4157496183248,0.9952961849724735,23.8,Model_2,grid,battery;generator,28,mountain,4G_remote,2500
BTS_05348,16.28375027086498,107.366248850535,752869.2963946743,1801787.3741070507,989.32,568.8526611328125,81.11014941020885,1163364.75,81,89.99454,0,29809.34247481631,30024.142646280096,8.838878013341695,410.66805666626743,25004.264025756373,0.9955805609933291,25.7,Model_2,grid,battery;generator,28,mountain,4G_remote,2500
BTS_01392,16.382916937134983,107.86124884855501,805647.2453957113,1813446.134816411,13822.21,0.0,81.11014941020885,1163364.75,12,89.96817,0,3691.413005006148,26575.510292490875,23.92184329557338,5933.6581366042665,6263.596932509493,0.9880390783522133,25.8,Model_2,grid,battery;generator,28,mountain,4G_remote,2500
BTS_00460,16.501250269994973,107.41624885033501,757928.4775280452,1825927.613049029,6426.9,706.9246215820312,81.11014941020885,1163364.75,7,89.909966,0,15929.131168066984,6190.973350065625,16.614471863816462,330.6019408821901,3904.5256023032457,0.9916927640680918,22.3,Model_2,grid,battery;generator,28,mountain,4G_remote,2500
BTS_06477,16.28458360419498,107.969582181455,817387.231058298,1802722.6754902385,6576.23,0.0,81.11014941020885,1163364.75,8,89.96817,0,8977.120151106546,12814.548625974612,152.52793219635578,1502.94174423597,6471.150869295821,0.9237360339018221,27.5,Model_2,grid,battery;generator,28,mountain,4G_remote,2500
BTS_06382,16.506250269974984,107.484582183395,765219.8743462623,1826569.8617134106,26383.98,0.0,81.11014941020885,1163364.75,7,89.9852,0,9020.730719487288,6898.285981544277,10.377472506235835,928.3132469533964,1637.280523868267,0.9948112637468821,34.5,Model_2,grid,battery;generator,28,mountain,4G_remote,2500
BTS_00261,16.57875026968498,107.36874885052501,752754.4752500503,1834446.6477788421,3798.76,34.22467041015625,81.11014941020885,1163364.75,7,89.98499,0,23655.243871997824,8233.732241709198,46.31806169893528,0.0,636.6644343507344,0.9768409691505323,22.3,Model_1,grid,battery,8,mountain,5G_macro,1000
BTS_04871,16.358750270564983,107.15374885138502,730063.2138738353,1809837.2789321977,481.15,408.5177917480469,81.11014941020885,1163364.75,662,89.9988,0,45633.79412761553,37376.76697119857,151.57790938528933,117.86185892521,30023.81248118637,0.9242110453073553,24.7,Model_1,grid,battery,8,mountain,5G_macro,1000
BTS_02747,16.503750269984984,107.536248849855,770741.5926675473,1826361.8233330417,21465.74,1.8029940128326416,81.11014941020885,1163364.75,3,89.97749,0,4181.676435341206,4196.473005955603,14.012603462806977,515.9733946597337,1587.0775013601638,0.9929936982685965,29.8,Model_2,grid,battery;generator,28,mountain,4G_remote,2500
BTS_06386,16.333750270664975,107.669582182655,785231.322227645,1807723.27761615,1455.1,0.0,81.11014941020885,1163364.75,45,89.99164,0,7549.492250583834,14696.053061855135,37.1256344945125,6912.254846647353,5797.6390038316,0.9814371827527437,36.4,Model_2,grid,battery;generator,28,mountain,4G_remote,2500
BTS_01937,16.47541693676498,107.658748849365,783867.4192160103,1823393.3797750252,14866.18,0.0,81.11014941020885,1163364.75,9,89.97153,0,6352.417085730557,3956.6226377636576,25.936120053819828,1367.6288930821684,5519.739257922622,0.9870319399730901,30.7,Model_2,grid,battery;generator,28,mountain,4G_remote,2500
BTS_03203,16.341250270634983,107.712082182485,789764.0194018884,1808613.7580375294,4817.45,49.24262619018555,81.11014941020885,1163364.75,9,89.98456,5,3041.0530514260718,16027.80674136592,2.8007183287669997,2617.6822385090345,2681.363051753919,0.9985996408356165,36.8,Model_2,grid,battery;generator,28,mountain,4G_remote,2500
BTS_03393,16.49208360336498,107.440415516905,760521.8006893069,1824943.9127980538,2024.58,0.0,81.11014941020885,1163364.75,14,89.98594,0,13222.545750234673,6628.987829233917,33.79095082417212,0.0,2219.035275611574,0.983104524587914,16.1,Model_1,grid,battery,8,mountain,5G_macro,1000
BTS_05911,16.12291693817497,107.390415517105,755660.5304594196,1784013.4728308867,2168.58,55.28571701049805,81.11014941020885,1163364.75,496,89.996056,0,42629.16601418808,42817.34136922096,98.2300459537114,485.8762539583033,39621.63194578335,0.9508849770231443,26.9,Model_2,grid,battery;generator,28,mountain,4G_remote,2500
BTS_01111,16.575416936364984,107.551248849795,772243.0718153454,1834316.447586237,5183.54,833.4308471679688,81.11014941020885,1163364.75,4,89.97503,0,11050.288562462141,10026.461982381414,52.99362346038362,548.5189175529733,9141.470996670581,0.9735031882698082,26.2,Model_2,grid,battery;generator,28,mountain,4G_remote,2500
BTS_00575,16.480416936744987,107.641248849435,781990.625415227,1823922.432830014,5816.17,0.0,81.11014941020885,1163364.75,0,89.97749,0,4497.7185990720745,2857.0358204261825,26.42879780506889,212.47301249452653,4945.404042720282,0.9867856010974656,25.0,Model_1,grid,battery,8,mountain,5G_macro,1000
BTS_06475,16.472916936774983,107.753748848985,794020.5752894892,1823252.6198497224,8259.65,0.0,81.11014941020885,1163364.75,6,89.93634,0,13173.411071543707,13773.448026100246,10.042047260052417,4546.739011872151,3896.260552357524,0.9949789763699738,38.9,Model_2,grid,battery;generator,28,mountain,4G_remote,2500
BTS_02953,16.268750270924983,108.04458218115501,825435.6551367689,1801087.3077916042,3528.23,101.43920135498047,81.11014941020885,1163364.75,27,89.995026,0,16795.979342645263,5081.847258343069,357.3234867373154,4725.773621648348,5525.78561237367,0.8213382566313423,33.0,Model_2,grid,battery;generator,28,mountain,4G_remote,2500
BTS_03353,16.67291693597497,107.336248850655,749163.2877131763,1844830.080171823,2055.64,0.0,81.11014941020885,1163364.75,1,89.97749,0,32567.96476996996,17424.346144752446,84.47218050215703,105.4723769210371,8359.056448161316,0.9577639097489214,22.1,Model_1,grid,battery,8,mountain,5G_macro,1000
BTS_04455,16.49958360333498,107.736248849055,792110.8301837688,1826179.8959184415,6564.46,0.0,81.11014941020885,1163364.75,8,89.99471,0,14844.36508522633,12628.144093490042,9.372634947241952,5631.331333783417,5402.108739289202,0.995313682526379,26.6,Model_2,grid,battery;generator,28,mountain,4G_remote,2500
BTS_04780,16.24750027101725,107.6929155158242,787851.9182343344,1798206.4332220498,1718.24,14.495012283325195,81.11014941020885,1163364.75,48,89.99288,0,11348.536984464248,24552.6547014454,114.95397210657477,7048.86392998545,9014.410543778156,0.9425230139467127,31.2,Model_2,grid,battery;generator,28,mountain,4G_remote,2500
BTS_00256,16.469166936797414,107.57791551628723,775240.8976879844,1822589.4213096525,201728.05,217.15870666503906,81.11014941020885,1163364.75,11,89.93634,0,760.3657113575075,542.8616546456379,9.764122170657348,370.46821757073474,2982.2002039535178,0.9951179389146714,23.0,Model_2,grid,battery;generator,28,mountain,4G_remote,2500
BTS_06486,16.392916937094984,107.826248848695,801890.4316707852,1814501.0391385911,15194.83,0.0,81.11014941020885,1163364.75,10,89.98994,0,7529.801567798693,22676.61187029659,190.92202202412545,9654.841372509807,10070.953457566575,0.9045389889879373,36.4,Model_2,grid,battery;generator,28,mountain,4G_remote,2500
BTS_02777,16.528750269884984,107.50124884999501,766968.9937893862,1829082.8296247718,22423.43,0.0,81.11014941020885,1163364.75,6,89.995026,0,8798.593497555601,6959.2949069850865,55.94210407280768,1301.3327051142717,3546.7987235501187,0.9720289479635962,26.2,Model_2,grid,battery;generator,28,mountain,4G_remote,2500
BTS_03809,16.55375026978498,107.576248849695,774943.0954187883,1831951.7261073424,13291.86,0.0,81.11014941020885,1163364.75,3,89.983284,0,8692.73001430181,7409.351689394259,112.95805477763189,804.3549384145282,6800.884352243919,0.9435209726111841,25.3,Model_2,grid,battery;generator,28,mountain,4G_remote,2500
BTS_03898,16.40291693705499,107.841248848635,803478.275738812,1815630.7753030427,14714.74,0.0,81.11014941020885,1163364.75,11,89.98752,0,6715.030230907772,23883.71602400225,5.070629642357337,8996.951155222465,9272.282232058229,0.9974646851788214,25.8,Model_2,grid,battery;generator,28,mountain,4G_remote,2500
BTS_00044,16.269338516351535,107.2325070281832,738588.0771066969,1800031.1708077528,9586.06,529.472412109375,81.11014941020885,1163364.75,576,89.97878,5,42110.41455120857,38388.82837518086,3.8974877666421452,0.0,32802.0433951179,0.9980512561166789,27.5,Model_1,grid,battery,8,mountain,5G_macro,1000
BTS_02565,16.36152804865108,107.48319329490135,765268.108810842,1810546.2936487503,3540.04,0.0,81.11014941020885,1163364.75,40,89.99572,0,14928.093037103532,15135.448180359657,12.353925656793539,7989.4400022635655,11742.765662999695,0.9938230371716033,26.0,Model_2,grid,battery;generator,28,mountain,4G_remote,2500
BTS_06463,16.446250270214982,107.652082182725,783197.5937010436,1820154.6949457633,14449.87,31.29033660888672,81.11014941020885,1163364.75,4,89.982346,0,6579.706557393669,3187.7001693503635,60.70421124742506,1970.9247803399319,3179.45787879415,0.9696478943762875,30.1,Model_2,grid,battery;generator,28,mountain,4G_remote,2500
BTS_00491,16.393750270425,107.791248848835,798148.0589522377,1814541.5131098516,8058.87,0.0,81.11014941020885,1163364.75,7,89.909966,0,7238.427493700212,19142.272725916493,79.72215636194167,6554.395284784325,9291.940176830663,0.9601389218190292,28.2,Model_2,grid,battery;generator,28,mountain,4G_remote,2500
BTS_00785,16.519583603254983,107.70874884916502,789143.4108008881,1828354.7049893336,9102.82,0.0,81.11014941020885,1163364.75,7,89.993256,0,12611.373320819304,11098.936784613878,22.155168020336557,4028.424824506252,7375.01584138524,0.9889224159898318,37.4,Model_2,grid,battery;generator,28,mountain,4G_remote,2500
BTS_04055,16.479583603414977,107.479582183415,764722.155444558,1823611.0957248819,605.33,0.0,81.11014941020885,1163364.75,7,89.983284,0,8930.133960366291,9025.79517172033,11.375046752189036,13.116499155038937,980.7809088720118,0.9943124766239054,20.2,Model_1,grid,battery,8,mountain,5G_macro,1000
BTS_01994,16.49541693668498,107.620415516185,779743.4847627515,1825554.1810324145,7822.44,0.0,81.11014941020885,1163364.75,4,89.97749,0,3049.3170946009686,4015.5694707801777,14.641202164615317,0.0,2802.5494554313223,0.9926793989176923,22.1,Model_1,grid,battery,8,mountain,5G_macro,1000
BTS_01119,16.44291693689498,107.55374884978501,772695.9197555969,1819650.4299817514,7713.58,137.87652587890625,81.11014941020885,1163364.75,0,89.995895,0,3181.5310934721956,3386.7032168422834,46.60447102357267,129.9790910736176,516.4219691376541,0.9766977644882137,26.4,Model_1,grid,battery,8,mountain,5G_macro,1000
BTS_02733,16.07875027168498,107.354582183915,751881.971580236,1779080.3241146046,742.67,261.6317443847656,81.11014941020885,1163364.75,630,89.995735,5,48741.50617929556,48932.31127753909,0.3308737865630647,0.0,45703.217400497066,0.9998345631067185,29.5,Model_1,grid,battery,8,mountain,5G_macro,1000
BTS_04613,16.21041693782498,107.259582184295,741554.834867059,1793540.949205573,1764.33,52.185646057128906,81.11014941020885,1163364.75,576,89.93634,0,43735.51562865136,42476.004835426436,109.30188037379911,812.3137026283426,37713.03129926312,0.9453490598131005,26.9,Model_2,grid,battery;generator,28,mountain,4G_remote,2500
BTS_00101,16.37291693717498,107.722082182445,790786.1700403825,1812134.2919198158,4333.6,0.0,81.11014941020885,1163364.75,3,89.9852,5,2512.293092386663,14080.131596987016,3.1883592429701944,0.0,2376.0929188448026,0.9984058203785149,23.2,Model_1,grid,battery,8,mountain,5G_macro,1000
BTS_00213,16.549338512966226,107.57580767008024,774902.2448105363,1831462.67670442,16264.95,0.0,81.11014941020885,1163364.75,5,89.98883,5,8203.114253753552,6918.796054958248,3.105975978237297,1116.7278001740308,6502.6829058163175,0.9984470120108814,26.5,Model_2,grid,battery;generator,28,mountain,4G_remote,2500
BTS_01982,16.432916936934983,107.59958218293501,777607.1619881431,1818605.6566009058,8037.38,0.0,81.11014941020885,1163364.75,14,89.990906,0,3228.745701892251,4048.2440287561503,70.07119985195682,200.25517268504206,2075.489036885533,0.9649644000740216,27.8,Model_1,grid,battery,8,mountain,5G_macro,1000
BTS_02506,16.129583604814982,107.336248850655,749856.1497113074,1784685.0043774701,719.09,54.23613357543945,81.11014941020885,1163364.75,589,89.97503,0,44941.13002573214,45141.36213218306,48.92403648262826,0.0,41808.71100439352,0.9755379817586859,24.7,Model_1,grid,battery,8,mountain,5G_macro,1000
BTS_02610,16.508750270380986,107.40833218375894,757073.0515620459,1826747.7626999766,1007.79,0.0,81.11014941020885,1163364.75,6,89.98499,0,16919.06753858312,5900.990560300738,11.836966671774796,0.0,3427.8588242192254,0.9940815166641126,24.0,Model_1,grid,battery,8,mountain,5G_macro,1000
BTS_03055,16.257916938045742,107.98166551481317,818722.7778612839,1799788.3289130218,5645.0,0.0,81.11014941020885,1163364.75,5,89.98576,0,10118.058673202377,10638.591130000197,14.93127269151517,1418.1738137565462,7552.273242089298,0.9925343636542424,34.5,Model_2,grid,battery;generator,28,mountain,4G_remote,2500
BTS_02431,16.57958360301498,107.48958218337502,765653.3808278579,1834695.0552043207,14085.27,0.0,81.11014941020885,1163364.75,7,89.99331,0,13874.447239420733,6050.856851366076,73.43083622879553,821.1080555680227,6859.148627623526,0.9632845818856023,31.1,Model_2,grid,battery;generator,28,mountain,4G_remote,2500
BTS_02539,16.630416936144982,107.50458218331501,767184.480521391,1840342.7331920941,908.99,23.40070152282715,81.11014941020885,1163364.75,3,89.979866,0,18175.184842881616,11045.042652835644,5.690702593311485,0.0,12179.765705553415,0.9971546487033442,22.2,Model_1,grid,battery,8,mountain,5G_macro,1000
BTS_03251,16.536250269854982,107.571248849715,774433.9587359158,1830007.3909634226,19974.44,0.0,81.11014941020885,1163364.75,3,89.98576,0,6697.6740209775,5454.240904859114,13.346389160568577,963.6681567717515,5329.41693735881,0.9933268054197157,29.1,Model_2,grid,battery;generator,28,mountain,4G_remote,2500
BTS_05369,16.444583603554978,107.617915516195,779549.3979251407,1819922.6011372085,13545.32,215.85671997070312,81.11014941020885,1163364.75,1,89.982346,5,3320.3416760166047,1844.0043566234813,4.044250002268224,0.0,357.1243770806541,0.9979778749988659,19.6,Model_1,grid,battery,8,mountain,5G_macro,1000
BTS_04097,16.265416937604975,107.70874884916502,789519.1735870959,1800212.5565183864,2139.73,0.0,81.11014941020885,1163364.75,26,89.99168,0,8742.771035933563,23256.373323674135,124.02623758668096,7312.771947216251,6491.590468727477,0.9379868812066595,34.8,Model_2,grid,battery;generator,28,mountain,4G_remote,2500
BTS_02321,16.231666937747505,107.2670821842054,742330.9457008153,1795901.9688018695,2624.51,263.9732360839844,81.11014941020885,1163364.75,566,89.909966,0,41621.06132091212,40017.98655696867,6.083638837117312,0.0,35227.76434306975,0.9969581805814414,23.1,Model_1,grid,battery,8,mountain,5G_macro,1000
BTS_02040,16.35041693726498,107.495415516685,766589.5466507219,1809332.2136113467,4877.57,0.0,81.11014941020885,1163364.75,24,89.96817,0,15158.896576716827,15356.874358892659,48.56042171056227,8808.54496646786,12070.502786106346,0.9757197891447189,35.6,Model_2,grid,battery;generator,28,mountain,4G_remote,2500
BTS_06488,16.286250270854975,107.829582182015,802410.9717350473,1802694.5564281254,2607.82,0.0,81.11014941020885,1163364.75,43,89.9981,0,5175.796575126143,27204.232714620095,79.34723907245673,9635.996959214099,8546.030202367998,0.9603263804637716,24.3,Model_2,grid,battery;generator,28,mountain,4G_remote,2500
BTS_01464,16.377083604238106,107.4933321834211,766330.6437982742,1812281.6683976038,2179.4,0.0,81.11014941020885,1163364.75,34,89.98953,0,12911.38077362102,13120.029687886394,10.679778795399764,8383.638256398846,9716.759940812282,0.9946601106023001,27.0,Model_2,grid,battery;generator,28,mountain,4G_remote,2500
BTS_00515,16.272916937858867,107.88249884927026,808091.2825524646,1801297.2543087238,13072.74,0.0,81.11014941020885,1163364.75,6,89.909966,0,825.3992472819996,21365.009520553598,15.997369119027553,8455.581066727127,9202.188904230741,0.9920013154404862,26.6,Model_2,grid,battery;generator,28,mountain,4G_remote,2500
BTS_06123,16.53541693652498,107.54374884982501,771498.3650121678,1829877.7953204603,3843.22,0.0,81.11014941020885,1163364.75,6,89.98456,0,6867.212047368083,6125.840465915046,19.92233602981604,0.0,4733.230390065871,0.990038831985092,18.6,Model_1,grid,battery,8,mountain,5G_macro,1000
BTS_00345,16.277083604224984,107.882082181805,808040.2058791161,1801758.026038331,12766.34,0.0,81.11014941020885,1163364.75,0,89.99424,5,1231.754441376876,21499.608216537188,4.80727612179,8026.466893066636,8783.504526747536,0.997596361939105,34.2,Model_2,grid,battery;generator,28,mountain,4G_remote,2500
BTS_04865,16.604583602914985,107.474582183435,764017.7933528334,1837442.9364818332,4990.4,956.5330810546875,81.11014941020885,1163364.75,6,89.98847,0,17064.50702680507,6858.862488173263,82.47222913538782,1024.8742208752399,7944.600848314602,0.9587638854323061,36.3,Model_2,grid,battery;generator,28,mountain,4G_remote,2500
BTS_02637,16.40958360369498,107.78708218218502,797678.5971032048,1816288.6051543804,12277.74,0.0,81.11014941020885,1163364.75,3,89.97153,0,8091.36123057217,18121.19169053216,64.07363264259212,6245.495571662513,7858.247512363196,0.9679631836787039,22.2,Model_2,grid,battery;generator,28,mountain,4G_remote,2500
BTS_02425,16.277916937554973,107.947915514875,815080.4279093745,1801950.809847896,7998.15,0.0,81.11014941020885,1163364.75,10,89.98456,0,6559.28315430031,14711.291792253383,14.895198793636766,3488.2388493785397,8861.44242361962,0.9925524006031816,34.2,Model_2,grid,battery;generator,28,mountain,4G_remote,2500
BTS_04926,16.274583604234984,108.00124884799502,820790.6371913946,1801664.7476794648,1701.96,0.0,81.11014941020885,1163364.75,5,89.983284,0,12185.61069267406,9280.122388797334,93.65554908733289,229.6779534092732,4888.06001936032,0.9531722254563335,30.1,Model_1,grid,battery,8,mountain,5G_macro,1000
BTS_03171,16.392916937094984,107.482915516735,765195.9327073371,1814020.879801603,2302.14,0.0,81.11014941020885,1163364.75,39,89.969986,0,12457.332607758346,12673.410930912973,16.825012759029534,7901.91963624233,9232.274199729194,0.9915874936204853,28.1,Model_2,grid,battery;generator,28,mountain,4G_remote,2500
BTS_04605,16.488750270044985,107.571248849715,774501.0823399395,1824748.48309203,19659.97,0.0,81.11014941020885,1163364.75,7,89.97503,0,1632.7570806354206,196.45904936919888,6.8472833804736535,0.0,2160.5211847939277,0.9965763583097632,24.6,Model_1,grid,battery,8,mountain,5G_macro,1000
BTS_06489,16.617083602864984,107.539582183175,770938.995841702,1838913.6609886615,1204.16,0.0,81.11014941020885,1163364.75,7,89.99352,0,15791.947582347422,12786.014517089317,47.7970703377738,7.99736791618168,12958.29980089776,0.976101464831113,26.9,Model_1,grid,battery,8,mountain,5G_macro,1000
BTS_00834,16.417916936994978,107.619582182855,779765.684867346,1816972.4603476918,24432.62,0.0,81.11014941020885,1163364.75,36,89.99588,0,5620.667598017117,4648.67560980301,143.83867739024953,1349.1529023575624,2114.232322914216,0.9280806613048752,27.9,Model_2,grid,battery;generator,28,mountain,4G_remote,2500
BTS_03991,16.44625027021498,107.532915516535,770465.4302379803,1819991.4784390244,5777.92,0.0,81.11014941020885,1163364.75,5,89.99164,0,4631.661006263181,4893.555098841296,10.842212643193172,37.01860229954563,1740.4449065571823,0.9945788936784035,31.2,Model_1,grid,battery,8,mountain,5G_macro,1000
BTS_03773,16.459583603494977,107.678748849285,786027.3263859274,1821668.5347708873,6964.81,0.0,81.11014941020885,1163364.75,6,89.98883,0,8700.848313492997,5679.428739263564,17.506986401215165,3374.350864115117,4131.857611479778,0.9912465067993924,33.7,Model_2,grid,battery;generator,28,mountain,4G_remote,2500
BTS_05882,16.191250271234985,107.293748850825,745232.6913100377,1791459.91093454,702.01,11.014740943908691,81.11014941020885,1163364.75,564,89.98456,0,42509.712261034656,42722.154967644616,136.16844899560027,143.5081921234311,37661.33400927031,0.9319157755021998,24.2,Model_1,grid,battery,8,mountain,5G_macro,1000
BTS_05451,16.590416936304987,107.347082183945,750426.3552171232,1835710.9576981235,1381.78,0.0,81.11014941020885,1163364.75,11,89.98658,0,26304.40436260455,10863.105872695505,45.04066623428845,0.0,2454.389341771517,0.9774796668828558,23.1,Model_1,grid,battery,8,mountain,5G_macro,1000
BTS_01542,16.482361381500116,107.64235996093421,782106.5045172479,1824139.273284308,6254.49,0.0,81.11014941020885,1163364.75,5,89.93634,0,4639.213220352439,3101.227092013415,30.066668034763197,143.3892375372939,5190.89475366769,0.9849666659826184,26.0,Model_1,grid,battery,8,mountain,5G_macro,1000
BTS_00469,16.4158336036774,107.58041551627716,775583.2963185564,1816688.088861048,23658.08,0.0,81.11014941020885,1163364.75,14,89.99117,0,5023.737747797633,5705.359272714544,41.56253139177202,1410.43883850615,4651.472118858633,0.979218734304114,40.0,Model_2,grid,battery;generator,28,mountain,4G_remote,2500
BTS_06405,16.415416937004988,107.805415515445,799629.0937167616,1816961.5727949813,17554.6,0.0,81.11014941020885,1163364.75,10,89.97749,0,9932.693727291007,19827.040973131363,67.53264554134773,8300.729297801203,9258.733048530605,0.9662336772293262,23.2,Model_2,grid,battery;generator,28,mountain,4G_remote,2500
BTS_03869,16.41458360367498,107.659582182695,784045.0201774251,1816659.093651056,35570.12,0.0,81.11014941020885,1163364.75,14,89.97503,0,8872.40358968154,6158.188895161175,55.028210413663636,674.9235527660612,3914.1315388260273,0.9724858947931682,30.2,Model_2,grid,battery;generator,28,mountain,4G_remote,2500
BTS_04639,16.537083603184985,107.632915516135,781018.4085088868,1830184.8427867321,3178.7,0.0,81.11014941020885,1163364.75,4,89.95974,0,7571.6016732243925,8592.044034988265,10.562339772063671,0.0,1486.4479937290168,0.9947188301139681,28.9,Model_1,grid,battery,8,mountain,5G_macro,1000
BTS_00025,16.530416936961565,107.55333218318246,772528.804573744,1829337.1963896446,5405.25,0.0,81.11014941020885,1163364.75,5,89.979866,0,6085.207468187307,5184.471743363243,13.696037225738303,231.17501582967935,4187.511678589704,0.9931519813871309,23.7,Model_1,grid,battery,8,mountain,5G_macro,1000
BTS_04694,16.422916936974982,107.67458218263502,785635.828392507,1817602.8684910403,8649.67,0.0,81.11014941020885,1163364.75,8,89.969986,0,9782.25520929344,6618.810679692007,43.658842205295066,15.762398755270691,3462.764888117305,0.9781705788973525,21.1,Model_1,grid,battery,8,mountain,5G_macro,1000
BTS_05083,16.475000270107287,107.75374884891261,794017.4287605346,1823483.3018826505,7866.28,0.0,81.11014941020885,1163364.75,8,89.97153,0,13401.916345424212,13800.16982654772,9.402950309348165,4668.281677947301,4052.213991575206,0.9952985248453259,28.7,Model_2,grid,battery;generator,28,mountain,4G_remote,2500
BTS_00623,16.380416937144975,107.485415516725,765480.0411881718,1812640.3185470253,2527.52,0.0,81.11014941020885,1163364.75,31,89.99051,0,13208.473637580406,13420.880875665054,44.909200179487215,8693.986831386717,9987.703804663843,0.9775453999102564,32.1,Model_2,grid,battery;generator,28,mountain,4G_remote,2500
BTS_05695,16.500833603337494,107.46874885006008,763536.1834420229,1825949.4205724294,4499.68,0.0,81.11014941020885,1163364.75,10,89.98576,0,10439.73651188367,6404.732321634693,28.137092612511527,610.7312175553611,461.78498994342107,0.9859314536937442,21.8,Model_2,grid,battery;generator,28,mountain,5G_macro,1000
BTS_05908,16.382083603804986,107.580415516345,775630.8395119742,1812951.5059331565,5748.6,0.0,81.11014941020885,1163364.75,13,89.97749,0,8723.317661912659,9422.65491821115,53.37419930489149,5132.487130867836,7407.1793649595975,0.9733129003475542,36.4,Model_2,grid,battery;generator,28,mountain,4G_remote,2500
BTS_04679,16.348750270604974,107.688748849245,787258.5086233036,1809411.0633575416,1426.93,56.48064041137695,81.11014941020885,1163364.75,24,89.98658,0,5168.301904313924,13997.835138433553,298.22770380942154,4319.011315573332,3627.1836798721315,0.8508861480952892,32.3,Model_2,grid,battery;generator,28,mountain,4G_remote,2500
BTS_05004,16.25708360430498,107.23291551773501,738646.5634472951,1798675.1701456076,2660.08,15.844347953796387,81.11014941020885,1163364.75,561,89.97749,0,42828.55104048206,39478.16289471483,15.199543602856314,0.0,33997.86704838735,0.9924002281985719,20.2,Model_1,grid,battery,8,mountain,5G_macro,1000
BTS_05252,16.24625027101497,107.68791551591501,787318.9412464066,1798061.0013908865,1558.44,0.0,81.11014941020885,1163364.75,51,89.969986,0,11792.700836579406,24534.45755430704,39.296239336917324,7206.878090867768,9396.799549590114,0.9803518803315413,34.0,Model_2,grid,battery;generator,28,mountain,4G_remote,2500
BTS_05188,16.31083360409722,107.78541551545176,797650.3194039217,1805351.671057814,11811.91,0.0,81.11014941020885,1163364.75,4,89.909966,0,331.44107146772495,23724.576113149833,7.2949403309845735,4186.866952043826,3268.5906701166045,0.9963525298345077,32.4,Model_2,grid,battery;generator,28,mountain,4G_remote,2500
BTS_05342,16.561250269754986,107.505415516645,767369.1259902682,1832686.4186510998,21070.31,0.0,81.11014941020885,1163364.75,2,89.98752,0,11246.804275637787,6988.091982319811,34.033711029484785,500.0264845699849,6007.922837606965,0.9829831444852576,30.6,Model_2,grid,battery;generator,28,mountain,4G_remote,2500
BTS_06485,16.30541693744498,107.389582183775,755335.9523775742,1804214.903573108,887.38,0.0,81.11014941020885,1163364.75,235,89.99773,0,26349.505997256376,26564.419753357157,174.32654449591365,117.77721669977403,21795.853844802048,0.9128367277520432,22.5,Model_1,grid,battery,8,mountain,5G_macro,1000
BTS_04104,16.417083603664974,107.657915516035,783863.2795794571,1816933.5551424355,35816.09,0.0,81.11014941020885,1163364.75,14,89.981995,0,8567.425615687669,5829.613820071681,24.531985598394435,571.6986203621725,4227.347562784445,0.9877340072008027,37.9,Model_2,grid,battery;generator,28,mountain,4G_remote,2500
BTS_02285,16.387916937114976,107.700415515865,788448.080859647,1813764.2123061852,3024.74,0.0,81.11014941020885,1163364.75,18,89.96817,0,5309.987368838259,11258.733042031778,45.53015042280735,989.7361506237175,0.0,0.9772349247885963,28.1,Model_2,grid,battery;generator,28,mountain,5G_macro,1000
BTS_03653,16.541250269834983,107.468748850125,763481.3252514723,1830423.8110305232,3739.0,0.0,81.11014941020885,1163364.75,10,89.98658,0,12382.628252293991,3222.716136142862,54.58781368781507,0.0,2186.3410425038237,0.9727060931560925,26.3,Model_1,grid,battery,8,mountain,5G_macro,1000
BTS_03436,16.43000027028739,107.59041551623689,776631.8288118299,1818270.1808781861,10406.49,0.0,81.11014941020885,1163364.75,18,89.99474,0,3370.597260563916,4473.411314760991,31.323331935055677,5.733615584774356,3106.0359386941636,0.9843383340324722,23.5,Model_1,grid,battery,8,mountain,5G_macro,1000
BTS_00559,16.667083603175765,107.3654155185433,752283.0717890274,1844220.9819215152,1446.0,1007.6102905273438,81.11014941020885,1163364.75,8,89.98576,0,29863.66671478956,15066.870667601448,13.085788119583528,0.0,6742.422254914641,0.9934571059402082,28.7,Model_1,grid,battery,8,mountain,5G_macro,1000
BTS_03813,16.55791693643498,107.470415516785,763636.6206940399,1832271.1118911982,2824.87,0.21323999762535095,81.11014941020885,1163364.75,6,89.969986,0,13406.017295470521,3242.3796866405537,63.33479406063107,0.0,4040.0795290596884,0.9683326029696845,36.1,Model_1,grid,battery,8,mountain,5G_macro,1000
BTS_00158,16.443750270224974,107.795415515485,798517.00837258,1820084.1575774746,14445.27,0.0,81.11014941020885,1163364.75,12,89.98576,0,11654.605132231613,18230.327965601722,20.439365181897383,8299.456013054823,7409.523320910726,0.9897803174090513,27.0,Model_2,grid,battery;generator,28,mountain,4G_remote,2500
BTS_04889,16.421250270314975,107.59958218293501,777623.7467741854,1817313.9790294343,25300.67,0.0,81.11014941020885,1163364.75,53,89.99656,0,4477.86296224584,5065.703145522382,44.937551262145426,1312.7129532558226,2743.523410025393,0.9775312243689273,35.9,Model_2,grid,battery;generator,28,mountain,4G_remote,2500
BTS_06457,16.427916936954983,107.724582182435,790971.5747086748,1818227.7226003206,6888.38,37.096824645996094,81.11014941020885,1163364.75,6,89.981995,0,8164.988883639635,11140.778143334217,5.0253845997160145,1255.4465979489999,2124.6617391340183,0.997487307700142,33.8,Model_2,grid,battery;generator,28,mountain,4G_remote,2500
BTS_03050,16.25875027096498,107.939582181575,814219.6097175719,1799815.4285838625,9043.33,0.0,81.11014941020885,1163364.75,11,89.97503,0,5642.468017567533,15078.052558099927,58.038600072855296,5266.007262307971,10703.113471898165,0.9709806999635724,27.2,Model_2,grid,battery;generator,28,mountain,4G_remote,2500
BTS_00968,16.46375027014498,107.707082182505,789048.3714233583,1822170.227074607,7048.48,0.0,81.11014941020885,1163364.75,7,89.990234,0,11606.145226084476,8719.549500408079,75.4789315641723,1573.9347719284028,1686.0516520490314,0.9622605342179138,25.8,Model_2,grid,battery;generator,28,mountain,4G_remote,2500
BTS_00760,16.33736138219502,107.76930440408077,795887.6047332713,1808265.550418408,12676.08,0.0,81.11014941020885,1163364.75,5,89.99281,0,1546.7649516657968,20465.980372668815,85.08454329427812,2101.137487696079,2897.727035320227,0.9574577283528609,36.4,Model_2,grid,battery;generator,28,mountain,4G_remote,2500
BTS_06164,16.567083603064983,107.52374884990502,769318.5430935,1833356.736194021,3484.57,0.0,81.11014941020885,1163364.75,6,89.93634,0,10897.988950134515,9026.252906499474,16.30228971965714,0.0,7878.283226682528,0.9918488551401714,28.9,Model_1,grid,battery,8,mountain,5G_macro,1000
BTS_00325,16.11402804974811,107.65430440454682,783913.0758255456,1783374.7920934574,3716.74,0.0,81.11014941020885,1163364.75,102,89.98714,0,26110.61049117631,38375.56960439061,175.28072454233325,7389.148510431984,24227.085276556903,0.9123596377288334,30.2,Model_2,grid,battery;generator,28,mountain,4G_remote,2500
BTS_01765,16.494916936945128,107.49641551673294,766499.2490650724,1825330.7854754964,19824.71,0.0,81.11014941020885,1163364.75,7,89.9852,0,7417.138187142177,8066.924166784936,22.593354804385772,916.2117040561324,2223.501393436227,0.9887033225978071,34.2,Model_2,grid,battery;generator,28,mountain,4G_remote,2500
BTS_05856,16.274583604234984,107.235415517725,738892.6911834971,1800615.1413695402,8512.14,0.0,81.11014941020885,1163364.75,607,89.99805,0,41534.552025610654,37735.4741107422,175.8922844774222,42.530375642555185,32143.555148388597,0.9120538577612889,21.0,Model_1,grid,battery,8,mountain,5G_macro,1000
BTS_02877,16.244583604354986,107.218748851125,737146.8338876988,1797275.0948972593,1103.77,0.0,81.11014941020885,1163364.75,580,89.98883,0,44861.91361393271,41476.64822840979,96.27598056234619,49.680838562160794,35911.48930872325,0.951862009718827,25.6,Model_1,grid,battery,8,mountain,5G_macro,1000
BTS_03310,16.29958360413498,107.345415517285,750621.7427067622,1803514.3679265704,425.8,294.981689453125,81.11014941020885,1163364.75,70,89.95974,0,30391.85148270121,29736.596772965604,27.923154210096804,0.0,24517.830341476638,0.9860384228949516,23.1,Model_1,grid,battery,8,mountain,5G_macro,1000
BTS_05973,16.41458360367498,107.667082182665,784846.5137930088,1816669.6295398837,14366.98,0.0,81.11014941020885,1163364.75,8,89.98883,0,9536.047803232332,6662.390702426302,25.15513207786194,0.0,3310.459330170385,0.987422433961069,21.0,Model_1,grid,battery,8,mountain,5G_macro,1000
BTS_03953,16.408750270364983,107.59624884961501,777285.2892220847,1815925.4742403382,11908.37,0.0,81.11014941020885,1163364.75,24,89.99358,0,5770.91241905593,6434.861171719374,80.57570791504651,2294.7935711944087,4016.172699117853,0.9597121460424768,28.7,Model_2,grid,battery;generator,28,mountain,4G_remote,2500
BTS_05679,16.48458360339499,107.59291551629501,776821.4271942668,1824316.793527975,36306.25,0.0,81.11014941020885,1163364.75,6,89.979866,0,1093.1411892556164,2295.353418709615,64.71599627854299,18.453106750959453,764.4811932533073,0.9676420018607285,19.8,Model_1,grid,battery,8,mountain,5G_macro,1000
BTS_03260,16.71541693580497,107.408748850365,756842.406490204,1849626.9554382733,1195.61,466.4693298339844,81.11014941020885,1163364.75,11,89.95974,0,31186.80937459445,18415.159598745613,7.70452472828292,649.3748727283656,12588.5706860615,0.9961477376358585,42.8,Model_2,grid,battery;generator,28,mountain,4G_remote,2500
BTS_01090,16.385416937124983,107.69124884923501,787471.9924237349,1813474.3917376066,2033.65,0.0,81.11014941020885,1163364.75,14,89.98499,0,5900.080652297807,10794.302802768516,57.75871511248747,1859.2923611861158,0.0,0.9711206424437563,34.5,Model_2,grid,battery;generator,28,mountain,5G_macro,1000
BTS_00565,16.43902804917454,107.78972106865693,797915.7142480178,1819552.8639940089,15198.63,0.0,81.11014941020885,1163364.75,13,89.981995,0,10888.491151357379,17684.277500305816,66.72451511082316,7704.050810918541,6872.949707451163,0.9666377424445884,31.3,Model_2,grid,battery;generator,28,mountain,4G_remote,2500
BTS_00465,16.4195836040691,107.5674988497929,774197.7764398272,1817085.7263038722,21604.23,0.0,81.11014941020885,1163364.75,3,89.95974,0,5078.389538330857,5278.50910819695,48.80343762736197,1420.399428387244,3483.044210292745,0.975598281186319,30.2,Model_2,grid,battery;generator,28,mountain,4G_remote,2500
BTS_05950,16.26291693761498,107.935415514925,813767.2673439716,1800270.443599392,9567.43,0.0,81.11014941020885,1163364.75,8,89.979866,0,5139.486995361852,15597.000111937909,154.25244616572004,5608.840281633578,10137.609506400495,0.92287377691714,30.1,Model_2,grid,battery;generator,28,mountain,4G_remote,2500
BTS_05127,16.46708360346498,107.778748848885,796700.500316589,1822643.2953880858,5599.38,0.0,81.11014941020885,1163364.75,11,89.98594,0,13191.59487536168,16386.226007356792,224.17274294993962,6793.865762962286,5920.5988974677,0.8879136285250302,36.1,Model_2,grid,battery;generator,28,mountain,4G_remote,2500
BTS_04875,16.437083603584984,107.799582182135,798972.4747010921,1819352.1115632318,14842.82,0.0,81.11014941020885,1163364.75,8,89.97503,5,11299.460307626721,18757.266337500663,0.023183171534810858,8632.908694709115,7948.174575996908,0.9999884084142326,31.5,Model_2,grid,battery;generator,28,mountain,4G_remote,2500
BTS_00276,16.120416938184984,107.399582183735,756644.6345117165,1783748.1198452062,1096.58,0.0,81.11014941020885,1163364.75,488,89.99576,0,42441.98446062907,42627.51587047083,19.664381770570476,0.0,39464.05738271221,0.9901678091147148,19.7,Model_1,grid,battery,8,mountain,5G_macro,1000
BTS_01168,16.508750270291834,107.72354051567925,790739.5580843589,1827176.4932702568,5103.58,0.0,81.11014941020885,1163364.75,9,89.99153,0,13733.071308211103,11800.193694778452,9.712074011189513,5406.5346726710895,6112.666291030966,0.9951439629944052,28.4,Model_2,grid,battery;generator,28,mountain,4G_remote,2500
BTS_04315,16.431250270274983,107.571248849715,774582.0857208465,1818382.4621748736,57691.94,0.0,81.11014941020885,1163364.75,13,89.99456,0,3752.998055462532,3955.632844553048,26.718680794100084,510.69917020965937,2771.3532608918426,0.98664065960295,24.7,Model_2,grid,battery;generator,28,mountain,4G_remote,2500
BTS_00212,16.36916693719765,107.11708218480933,726132.953275172,1810949.0685743077,757.52,757.5182495117188,81.11014941020885,1163364.75,621,89.99551,5,49108.76313807082,40054.85319918548,0.7302471590681509,53.166731133192265,32406.847150711328,0.9996348764204659,23.6,Model_1,grid,battery,8,mountain,5G_macro,1000
BTS_02839,16.476250270094976,107.570415516385,774429.6941339639,1823363.4294951947,40140.51,0.0,81.11014941020885,1163364.75,7,89.909966,5,781.0874995275381,1081.6908012071844,3.840861298361065,0.0,2442.4431421015233,0.9980795693508194,22.6,Model_1,grid,battery,8,mountain,5G_macro,1000
BTS_03717,16.27541693797612,107.94749884828232,815039.8555781887,1801673.312629585,8426.75,0.0,81.11014941020885,1163364.75,10,89.909966,0,6471.314945682397,14670.644476252332,63.705151908571,3714.9145742589017,9028.886906180353,0.9681474240457145,24.6,Model_2,grid,battery;generator,28,mountain,4G_remote,2500
BTS_06211,16.386250270454983,107.676248849295,785867.526253822,1813545.458623791,10709.27,264.06982421875,81.11014941020885,1163364.75,35,89.99262,0,7319.266823930391,9751.147654003287,45.027873098905125,1915.1125243387633,1053.7870418428113,0.9774860634505474,27.5,Model_2,grid,battery;generator,28,mountain,4G_remote,2500
BTS_04837,16.626250269494975,107.424582183635,758651.447559752,1839776.2815564873,2329.48,46.92213439941406,81.11014941020885,1163364.75,6,89.993996,0,22238.351144520304,8402.806248519419,53.91461373334423,6.8493417080086685,4294.317539066987,0.9730426931333279,26.7,Model_1,grid,battery,8,mountain,5G_macro,1000
BTS_05759,16.51125026995498,107.59624884961501,777139.4835698977,1827273.7872700295,41589.94,0.0,81.11014941020885,1163364.75,4,89.984085,0,3820.074478906273,3770.1014744979957,21.129770448523196,553.9078443312172,2007.94747038799,0.9894351147757384,24.8,Model_2,grid,battery;generator,28,mountain,4G_remote,2500
BTS_02814,16.416250270334984,107.615415516205,779322.814460898,1816782.1798991435,15658.28,0.0,81.11014941020885,1163364.75,32,89.99367,0,5564.830347719644,4910.591740202386,13.449302517407789,1806.2397193188422,2381.361254078788,0.9932753487412961,24.4,Model_2,grid,battery;generator,28,mountain,4G_remote,2500
BTS_00191,16.268333606240162,107.8810752365364,807946.169600483,1800787.5665614707,13213.75,0.0,81.11014941020885,1163364.75,9,89.98594,5,705.8691609552826,21426.27508632952,1.9122129063464064,8985.49809036546,9731.622468560068,0.9990438935468268,22.1,Model_2,grid,battery;generator,28,mountain,4G_remote,2500
BTS_00197,16.41854194456253,107.82262385912207,801463.4432203644,1817333.160177094,16193.64,0.0,81.11014941020885,1163364.75,13,89.982346,0,9350.196468712353,21538.65087704524,45.98528612527824,10169.98166894392,10848.587433196555,0.9770073569373608,27.4,Model_2,grid,battery;generator,28,mountain,4G_remote,2500
BTS_00449,16.373750270504978,107.813748848745,800583.7351383681,1812360.112403028,6184.97,0.0,81.11014941020885,1163364.75,9,89.99006,0,7457.534996941419,22238.534402058587,26.186892436095917,8138.900218181478,9028.355302225553,0.986906553781952,30.2,Model_2,grid,battery;generator,28,mountain,4G_remote,2500
BTS_06269,16.137916938114984,107.332915517335,749489.0469850369,1785603.414000253,782.18,46.497703552246094,81.11014941020885,1163364.75,583,89.97749,0,44383.55871090423,44585.337530812576,71.97194426710483,108.73933092490765,41237.009080203316,0.9640140278664476,24.1,Model_1,grid,battery,8,mountain,5G_macro,1000
BTS_02104,16.519583603274857,107.57791551617426,775169.5434805162,1828171.2615188214,7470.27,0.0,81.11014941020885,1163364.75,3,89.98752,5,5049.820711487611,3673.61936501817,1.5047376619821533,0.0,3364.430659307923,0.9992476311690089,21.7,Model_1,grid,battery,8,mountain,5G_macro,1000
BTS_02440,16.464583603890073,107.52166551664173,769238.1738817418,1822006.1377645363,2835.08,0.0,81.11014941020885,1163364.75,8,89.97749,0,4612.3895892574565,5533.423622840609,28.31882216381724,0.0,3373.900460279222,0.9858405889180913,29.5,Model_1,grid,battery,8,mountain,5G_macro,1000
BTS_02247,16.64104193734935,107.42770718306157,758965.1133554694,1841417.8320983239,1799.08,105.25410461425781,81.11014941020885,1163364.75,2,89.97503,0,23277.432008235715,9959.535852612353,37.46074423216529,0.0,5723.098583734837,0.9812696278839174,24.9,Model_1,grid,battery,8,mountain,5G_macro,1000
BTS_00604,16.61625026953498,107.46041551682502,762489.6752358172,1838715.8926690035,1370.01,0.0,81.11014941020885,1163364.75,4,89.95974,0,18985.55852830893,7423.1292525654835,14.758486903274031,50.74869990336485,7218.366859141104,0.992620756548363,24.1,Model_1,grid,battery,8,mountain,5G_macro,1000
BTS_02822,16.120000271527225,107.6587488492951,784380.2346945489,1784042.1451484184,4161.51,0.0,81.11014941020885,1163364.75,94,89.98763,0,25296.72788620115,37758.17392388506,42.870913485116525,6603.605652764024,23443.238239186026,0.9785645432574417,32.4,Model_2,grid,battery;generator,28,mountain,4G_remote,2500
BTS_03494,16.473750270104983,107.513748849945,768379.8215540785,1823010.433409345,18703.01,0.0,81.11014941020885,1163364.75,8,89.98847,5,5280.135925096208,6339.639139184702,3.996620416493335,384.76533212356725,3578.990132574493,0.9980016897917533,29.7,Model_2,grid,battery;generator,28,mountain,4G_remote,2500
BTS_06296,16.65291693605498,107.474582183435,763951.6170796176,1842793.818706472,2293.35,0.0,81.11014941020885,1163364.75,6,89.981995,0,21722.439087674964,11748.730968150643,9.037112288065243,0.0,10323.166149888943,0.9954814438559674,16.5,Model_1,grid,battery,8,mountain,5G_macro,1000
BTS_03132,16.28625027085498,107.697082182545,788240.966978139,1802502.7523304084,1784.51,0.0,81.11014941020885,1163364.75,31,89.98818,0,8037.0330203050935,20649.505266695352,40.079198813093605,6182.932284001709,5217.847275828563,0.9799604005934532,26.8,Model_2,grid,battery;generator,28,mountain,4G_remote,2500
BTS_05570,16.499583603750853,107.50416551671128,767320.6110392467,1825857.6898885607,1913.3,0.0,81.11014941020885,1163364.75,5,89.983284,0,6804.6202704973675,7325.025336287843,5.957190699328417,0.0,3149.950428660391,0.9970214046503358,30.5,Model_1,grid,battery,8,mountain,5G_macro,1000
BTS_01952,16.47750027009737,107.65291551598524,783241.2020286561,1823615.8473527872,16115.24,0.0,81.11014941020885,1163364.75,7,89.98763,0,5727.510158628122,3534.7088661843354,18.916636195442436,957.1655385871785,5294.147799423376,0.9905416819022788,20.4,Model_2,grid,battery;generator,28,mountain,4G_remote,2500
BTS_00339,16.132916938134983,107.334582183995,749673.640187992,1785051.9638478754,901.68,0.0,81.11014941020885,1163364.75,586,89.99138,0,44736.49421918288,44937.40415536353,63.879395459531644,45.90819802220475,41597.81632659613,0.9680603022702342,24.3,Model_1,grid,battery,8,mountain,5G_macro,1000
BTS_03067,16.40625027037498,107.647915516075,782810.315838431,1815720.1078140996,21824.6,0.0,81.11014941020885,1163364.75,15,89.99,0,8522.738133670338,6360.109901623836,37.755939594559784,1834.8726860041227,4388.14947952129,0.9811220302027202,25.1,Model_2,grid,battery;generator,28,mountain,4G_remote,2500
BTS_05957,16.483750270064984,107.583748849665,775843.4074358892,1824211.9706276597,37297.42,0.0,81.11014941020885,1163364.75,7,89.98576,0,1828.396542690359,1345.462840631225,39.807658850883385,6.086946424189053,1353.5760764410534,0.9800961705745583,28.9,Model_1,grid,battery,8,mountain,5G_macro,1000
BTS_03677,16.297083604144976,107.394582183755,755881.3131357973,1803298.6767748166,551.45,11.272823333740234,81.11014941020885,1163364.75,238,89.99195,0,26597.513539446794,26810.80809704259,11.248254309782528,6.3046615760195115,22438.116310926587,0.9943758728451088,29.7,Model_1,grid,battery,8,mountain,5G_macro,1000
BTS_01282,16.707916935834984,107.36708218386501,752407.2586358294,1848743.3819598712,1426.32,431.9842224121094,81.11014941020885,1163364.75,7,89.95974,5,33101.65881214699,18969.6015560413,1.0682991769543473,3.4382885200945776,11225.09421158223,0.9994658504115228,22.9,Model_1,grid,battery,8,mountain,5G_macro,1000
BTS_04071,16.450833603537436,107.52958218314849,770102.9527066865,1820494.4432528117,28720.33,0.0,81.11014941020885,1163364.75,9,89.98727,0,4556.308333258327,5008.947577079154,45.25492945224318,558.0562359680065,2082.7558641541564,0.9773725352738785,34.8,Model_2,grid,battery;generator,28,mountain,4G_remote,2500
BTS_03056,16.497916936674983,107.526248849895,769681.6119386189,1825702.5987786993,23711.59,0.0,81.11014941020885,1163364.75,2,89.98456,0,4609.148793650972,4981.310138767521,56.67706549911663,596.9524664009782,1913.4325327009803,0.9716614672504417,28.8,Model_2,grid,battery;generator,28,mountain,4G_remote,2500
BTS_03554,16.415416937004984,107.667915515995,784934.3538962747,1816763.0689118728,15087.24,0.0,81.11014941020885,1163364.75,9,89.97749,0,9561.886630840407,6653.993452404981,32.47892338112372,0.0,3305.5649857023745,0.9837605383094381,21.1,Model_1,grid,battery,8,mountain,5G_macro,1000
BTS_01268,16.521250269914983,107.56791551639502,774099.1746012958,1828342.137838749,24742.57,0.0,81.11014941020885,1163364.75,2,89.984085,0,5006.534216334847,3812.436712156424,127.42619963674875,849.5033988338812,3769.81651148739,0.9362869001816256,33.1,Model_2,grid,battery;generator,28,mountain,4G_remote,2500
BTS_01536,16.380416937558234,107.58249884973328,775855.8486291057,1812769.8147495652,5888.23,0.0,81.11014941020885,1163364.75,10,89.95974,0,8886.272385016207,9626.554505407596,45.04995902160229,5331.488332621317,7444.293234911192,0.9774750204891989,36.4,Model_2,grid,battery;generator,28,mountain,4G_remote,2500
BTS_00179,16.521250270331322,107.47916551681065,764620.9231954144,1828223.3459315528,8290.69,0.0,81.11014941020885,1163364.75,9,89.98752,0,10256.295267706391,5333.423708371905,17.532310524826375,0.0,1047.2486211447435,0.9912338447375868,26.0,Model_1,grid,battery,8,mountain,5G_macro,1000
BTS_01342,16.31791693739499,107.77291551557501,796303.007723164,1806117.7683672037,16269.06,0.0,81.11014941020885,1163364.75,9,89.96817,0,1836.6352095811005,22220.802186005716,25.931927549984866,2640.971580064816,1925.004171287326,0.9870340362250075,27.6,Model_2,grid,battery;generator,28,mountain,4G_remote,2500
BTS_00931,16.54541693690185,107.47166551684046,763787.1045914094,1830888.9154152377,3484.68,1.2907969951629639,81.11014941020885,1163364.75,7,89.981995,0,12409.512962757515,3386.50274103308,27.76576923320235,0.0,2685.8567360276375,0.9861171153833989,28.6,Model_1,grid,battery,8,mountain,5G_macro,1000
BTS_03695,16.73625026905498,107.396248850415,755481.1137576371,1851917.1829540774,76.51,67.37187957763672,81.11014941020885,1163364.75,0,89.993904,0,33849.742499619286,20947.325828139492,62.7638483067116,43.61021316240989,14533.864541948826,0.9686180758466442,28.7,Model_1,grid,battery,8,mountain,5G_small,300
BTS_02616,16.388750270444984,107.69458218255501,787823.3717461748,1813848.192628299,2721.94,0.0,81.11014941020885,1163364.75,17,89.98883,0,5838.954136965326,10757.469596059165,9.21264017414978,1596.2479636920473,0.0,0.9953936799129252,29.4,Model_2,grid,battery;generator,28,mountain,5G_macro,1000
BTS_04430,16.393750270424984,107.824582182035,801710.9968052489,1814590.8347151969,15666.71,0.0,81.11014941020885,1163364.75,10,89.98658,0,7730.048480564981,22478.125529321107,129.43998265032926,9855.27157257808,10271.5955142819,0.9352800086748354,28.3,Model_2,grid,battery;generator,28,mountain,4G_remote,2500
BTS_04656,16.44125027023498,107.675415515965,785698.0476385638,1819633.9292472792,10647.54,0.0,81.11014941020885,1163364.75,2,89.981995,0,9038.08740743967,5694.031367955537,23.871928577383684,1732.2768163245512,4522.151328267784,0.9880640357113082,29.2,Model_2,grid,battery;generator,28,mountain,4G_remote,2500
BTS_01466,16.491607413848392,107.55327265885954,772576.9012048882,1825040.4153941933,11966.6,0.0,81.11014941020885,1163364.75,3,89.95974,0,1996.5388591410829,2011.4877784679675,15.873980612941722,0.0,363.6259734631635,0.9920630096935291,27.1,Model_1,grid,battery,8,mountain,5G_macro,1000
BTS_04599,16.127916938154975,107.628748849485,781158.3244281497,1784877.4744896533,2185.9,0.0,81.11014941020885,1163364.75,126,89.9852,0,26150.208132147785,36715.911383011924,54.71127951969365,8998.331064197977,23929.354605078723,0.9726443602401532,30.6,Model_2,grid,battery;generator,28,mountain,4G_remote,2500
BTS_01738,16.39750027041737,107.59208218289686,776855.9460763235,1814674.2375345945,7827.68,0.0,81.11014941020885,1163364.75,23,89.99832,0,6973.445964772042,7742.6848413677835,85.67511021558315,3443.373305904622,5296.689570009443,0.9571624448922085,35.6,Model_2,grid,battery;generator,28,mountain,4G_remote,2500
BTS_04624,16.30375027078498,107.764582182275,795433.2266168911,1804537.0293213464,9178.05,0.0,81.11014941020885,1163364.75,7,89.978165,0,2681.0938674684376,22763.19550746547,6.310527368004136,3078.2690588491996,1493.9002245583658,0.9968447363159979,36.0,Model_2,grid,battery;generator,28,mountain,4G_remote,2500
BTS_02625,16.103750271584975,107.639582182775,782351.9428717612,1782216.6633086903,2818.96,0.0,81.11014941020885,1163364.75,132,89.99721,0,27906.720427354525,39418.73500228378,59.770271587226475,9329.313626299378,25861.95515343597,0.9701148642063868,33.8,Model_2,grid,battery;generator,28,mountain,4G_remote,2500
BTS_03765,16.49041693670498,107.487915516715,765597.5131728663,1824821.3813968648,12225.21,0.0,81.11014941020885,1163364.75,13,89.978165,0,8183.414687535869,8477.504524479898,13.959898381139052,606.4082863815221,1286.0853075757493,0.9930200508094305,26.0,Model_2,grid,battery;generator,28,mountain,4G_remote,2500
BTS_00240,16.427708604456676,107.60124884967112,777792.6574284274,1818031.3022264864,47496.54,0.0,81.11014941020885,1163364.75,23,89.9941,0,3831.766511351141,4376.907965166595,26.10004265243564,794.7422185231177,2167.940954097876,0.9869499786737822,33.8,Model_2,grid,battery;generator,28,mountain,4G_remote,2500
BTS_00963,16.39875027040498,107.77291551557501,796180.9101705602,1815068.2779962728,9319.29,0.0,81.11014941020885,1163364.75,7,89.9921,0,6196.478677467046,17120.89746435457,30.053205845250734,4587.248439583445,7513.544530094531,0.9849733970773746,32.1,Model_2,grid,battery;generator,28,mountain,4G_remote,2500
BTS_06098,16.362916937214987,107.584582182995,776103.1646342826,1810835.15930772,2757.42,0.0,81.11014941020885,1163364.75,16,89.99443,0,10806.513928323075,11557.265471188128,72.13089487504038,7281.339395856436,9064.371262383213,0.9639345525624798,30.4,Model_2,grid,battery;generator,28,mountain,4G_remote,2500
BTS_01859,16.31208360408499,107.628748849485,780896.8263890464,1805267.6132571353,1068.19,0.0,81.11014941020885,1163364.75,12,89.99126,0,12480.751666528446,16326.050989230507,39.08441567349817,11202.162966796577,10084.634660537766,0.9804577921632509,25.0,Model_2,grid,battery;generator,28,mountain,4G_remote,2500
BTS_05260,16.549583603134984,107.64374884942501,782157.1747715021,1831584.0114035492,6051.1,450.54791259765625,81.11014941020885,1163364.75,3,89.98456,0,9345.891166696834,10161.809605708257,9.434233327139019,0.0,7.3627626691221835,0.9952828833364304,21.5,Model_1,grid,battery,8,mountain,5G_macro,1000
BTS_06333,16.53875026984498,107.609582182895,778524.1228676474,1830336.898661113,560.15,0.0,81.11014941020885,1163364.75,5,89.98908,5,6938.339791680684,7028.923361001871,3.552825755833825,0.0,3487.230261528767,0.998223587122083,24.4,Model_1,grid,battery,8,mountain,5G_macro,1000
BTS_05808,16.429583603614972,107.59624884961501,777255.7255061746,1818232.0348055153,66051.16,0.0,81.11014941020885,1163364.75,30,89.99523,0,3497.409380216304,4561.15056904539,67.93676912142168,414.8864415090272,2549.9236743007095,0.9660316154392892,24.4,Model_2,grid,battery;generator,28,mountain,4G_remote,2500
BTS_03215,16.314583604074976,107.778748848885,796931.7821687827,1805757.171973171,14807.24,0.0,81.11014941020885,1163364.75,5,89.98576,0,1118.034456245105,22923.94921169136,121.58662805809469,3363.289685808059,2522.782028522361,0.9392066859709527,30.7,Model_2,grid,battery;generator,28,mountain,4G_remote,2500
BTS_06484,16.565416936404983,107.447915516875,761224.1204753632,1833071.9993052012,1888.92,0.0,81.11014941020885,1163364.75,4,89.99126,0,15772.476805318976,1678.1120872160911,27.150890905118054,11.077434756907325,2808.2538530583934,0.9864245545474409,25.4,Model_1,grid,battery,8,mountain,5G_macro,1000
BTS_04884,16.496250270014983,107.481248850075,764877.4916396949,1825458.4028257907,3297.65,0.0,81.11014941020885,1163364.75,9,89.99006,0,9019.61983894775,7537.07562428096,21.727604496393056,0.0,781.8516696237002,0.9891361977518035,18.6,Model_1,grid,battery,8,mountain,5G_macro,1000
BTS_03850,16.47041693789245,107.64458218292765,782361.2231287898,1822819.9062178745,15733.74,0.0,81.11014941020885,1163364.75,6,89.93634,0,4889.445801313512,2361.6339940139997,22.71925300434683,309.60731221209755,4139.893404853721,0.9886403734978266,32.9,Model_2,grid,battery;generator,28,mountain,4G_remote,2500
BTS_05044,16.429583603614983,107.60208218292502,777879.0343125211,1818240.0378194705,56489.87,0.0,81.11014941020885,1163364.75,28,89.995285,0,3656.7665964242947,4157.340657870911,125.70555572326914,651.1108354505942,1986.860589854317,0.9371472221383654,30.5,Model_2,grid,battery;generator,28,mountain,4G_remote,2500
BTS_00316,16.41458360367499,107.62624884949501,780482.8760327253,1816612.627606716,19378.44,0.0,81.11014941020885,1163364.75,32,89.9942,5,6321.941666509839,4973.641727071497,3.3818836232654728,1235.841020927981,2521.6166504970793,0.9983090581883672,31.2,Model_2,grid,battery;generator,28,mountain,4G_remote,2500
BTS_00140,16.476401789523962,107.55575642748624,772863.5284126615,1823360.3231392903,19011.34,2465.850341796875,81.11014941020885,1163364.75,8,89.95974,0,785.1267256493534,2040.5841857436328,7.880200906413533,0.0,1361.5135322917122,0.9960598995467932,23.8,Model_1,grid,battery,8,mountain,5G_macro,1000
BTS_04043,16.47541693676497,107.625415516165,780306.3907952313,1823346.7756161736,1963.69,0.0,81.11014941020885,1163364.75,2,89.981995,5,2793.71859170135,1762.824822633114,2.8602391599063637,131.10856138450708,3759.8718499903075,0.9985698804200468,21.2,Model_1,grid,battery,8,mountain,5G_macro,1000
BTS_00509,16.256250271297073,108.06645718096266,827796.5339822886,1799737.9054324669,3846.88,0.0,81.11014941020885,1163364.75,12,89.981995,0,19175.42003901394,2519.9693895861974,42.78684369353182,7268.304211630072,7908.056702148951,0.978606578153234,23.8,Model_2,grid,battery;generator,28,mountain,4G_remote,2500
BTS_05823,16.22375027110499,108.04041551450501,825063.9828632203,1796096.950466969,630.78,434.45941162109375,81.11014941020885,1163364.75,7,89.98994,0,17048.364343557725,4339.862249322653,169.90670036835357,6805.624527069092,10175.276009783207,0.9150466498158232,36.0,Model_2,grid,battery;generator,28,mountain,4G_remote,2500
BTS_02335,16.537639159172564,107.6290266268592,780602.2865262766,1830240.9208371881,2731.16,0.0,81.11014941020885,1163364.75,6,89.978165,0,7439.2895991984105,8320.45824659619,18.563747555293443,0.0,1711.1425276022767,0.9907181262223532,22.1,Model_1,grid,battery,8,mountain,5G_macro,1000
BTS_02712,16.55791693643498,107.396248850415,755717.7848613607,1832175.2100319308,1332.76,0.0,81.11014941020885,1163364.75,10,89.982346,0,19982.382453251266,4790.608038241,15.345259880933463,0.0,1873.3234133948351,0.9923273700595333,30.4,Model_1,grid,battery,8,mountain,5G_macro,1000
BTS_02984,16.383750270464983,107.566248849735,774114.414322774,1813116.8339003038,4522.91,0.0,81.11014941020885,1163364.75,11,89.95974,0,8834.26772399599,9239.885641261346,83.11631126203764,5104.154139902027,7143.92959798351,0.9584418443689812,21.7,Model_2,grid,battery;generator,28,mountain,4G_remote,2500
BTS_04914,16.504305825971773,107.6223599602201,779938.3849786383,1826541.0369683467,3808.11,0.0,81.11014941020885,1163364.75,5,89.93634,5,3909.9596381459487,4973.522162347311,1.5527820187719297,0.0,3264.7289849315166,0.999223608990614,19.0,Model_1,grid,battery,8,mountain,5G_macro,1000
BTS_02329,16.437222493592735,107.6012488496357,777779.1199108047,1819084.6361677293,8355.96,0.0,81.11014941020885,1163364.75,15,89.981995,0,2826.949215546228,3584.8162774192724,44.41183160832672,65.25978451753558,1778.7377122857279,0.9777940841958367,21.4,Model_1,grid,battery,8,mountain,5G_macro,1000
BTS_04485,16.525139159215545,107.31735996144022,747336.9550317869,1828448.035446616,1007.29,216.05221557617188,81.11014941020885,1163364.75,14,89.98658,0,26799.89906248199,13499.988475192793,26.934363018361935,21.044390010756022,5339.8497928674515,0.9865328184908191,26.4,Model_1,grid,battery,8,mountain,5G_macro,1000
BTS_02544,16.466250270134978,107.610415516225,778717.0735492466,1822311.0959344625,22778.68,0.0,81.11014941020885,1163364.75,1,89.99006,0,1670.9600105697068,1785.9523537631624,32.45568413193023,61.069384863685265,2883.309467716832,0.9837721579340348,22.0,Model_1,grid,battery,8,mountain,5G_macro,1000
BTS_04663,16.497083603760778,107.47749885015064,764475.8284207224,1825545.7340286304,3137.28,0.0,81.11014941020885,1163364.75,12,89.97153,0,9430.57925477872,7236.584857553269,34.62294537741118,0.0,650.4724266890117,0.9826885273112944,25.9,Model_1,grid,battery,8,mountain,5G_macro,1000
BTS_05637,16.40708360370499,107.82541551536501,801779.4974299457,1816068.50846883,18119.66,0.0,81.11014941020885,1163364.75,8,89.97749,0,8360.29642832091,22129.447557866933,76.01475583746252,10252.802645941683,10930.500928356538,0.9619926220812688,36.4,Model_2,grid,battery;generator,28,mountain,4G_remote,2500
BTS_06040,16.39458360375498,107.619582182855,779799.0691634454,1814389.074500674,4651.29,0.0,81.11014941020885,1163364.75,10,89.98908,0,7937.325221959166,7216.32777146695,126.88926528320238,3509.0240424358353,4691.749225639122,0.9365553673583988,28.1,Model_2,grid,battery;generator,28,mountain,4G_remote,2500
BTS_03409,16.428750270284972,107.764582182275,795244.8967167039,1818377.9491419343,13927.21,0.0,81.11014941020885,1163364.75,9,89.981995,0,8684.827028892772,15237.575682835824,32.819386884215284,5064.2874900024335,4692.361484008521,0.9835903065578924,28.4,Model_2,grid,battery;generator,28,mountain,4G_remote,2500
BTS_03784,16.423750270304982,107.539582183175,771208.951662908,1817509.4157209476,7828.64,0.0,81.11014941020885,1163364.75,23,89.99352,0,5787.753629317835,5991.656590437886,6.568385584374919,1318.8012225884463,2695.8038745241865,0.9967158072078125,22.2,Model_2,grid,battery;generator,28,mountain,4G_remote,2500
BTS_02173,16.609583603313332,107.55166551652238,772239.4200308095,1838099.7107854448,1812.8,0.0,81.11014941020885,1163364.75,6,89.991,0,14810.988711547567,13457.815017272796,15.62827410282994,0.0,11424.734199457427,0.992185862948585,31.2,Model_1,grid,battery,8,mountain,5G_macro,1000
BTS_05896,16.42041693698498,107.641248849435,782077.4099421968,1817279.3210642987,8067.9,0.0,81.11014941020885,1163364.75,13,89.99228,0,6929.744370574307,4639.313769810326,27.027879812972717,211.12942853549688,2750.646492356395,0.9864860600935137,24.1,Model_1,grid,battery,8,mountain,5G_macro,1000
BTS_00865,16.16775027368438,107.7189155152686,790749.9287777678,1789413.0885617058,5364.82,0.0,81.11014941020885,1163364.75,64,89.98818,0,17520.272982433937,33811.03482129146,5.427539347004475,0.0,16565.3126517033,0.9972862303264978,32.9,Model_1,grid,battery,8,mountain,5G_macro,1000
BTS_03575,16.289583604174982,108.01208218128501,821924.962327952,1803343.012664705,6269.75,0.0,81.11014941020885,1163364.75,10,89.97153,0,13543.90241891901,9215.766752026488,5.882990414390387,1757.2045484175778,2896.4627384930723,0.9970585047928048,35.6,Model_2,grid,battery;generator,28,mountain,4G_remote,2500
BTS_03493,16.530416936544984,107.507082183305,767589.6468867795,1829275.0961337315,20476.1,0.0,81.11014941020885,1163364.75,7,89.99331,0,8470.426308338903,7480.864056941225,11.78186258405154,1504.1831007868411,4196.1926299901625,0.9941090687079742,27.3,Model_2,grid,battery;generator,28,mountain,4G_remote,2500
BTS_01087,16.504583603314977,107.552915516455,772520.5624086919,1826476.5574713582,37696.18,312.0416259765625,81.11014941020885,1163364.75,3,89.95974,0,3318.2777245882303,2780.0872472682636,71.45115710812378,424.745576100643,1381.6612650083068,0.9642744214459381,23.8,Model_2,grid,battery;generator,28,mountain,4G_remote,2500
BTS_01618,16.417083603664985,107.59624884961501,777273.4681188011,1816848.0980310012,22878.58,0.0,81.11014941020885,1163364.75,23,89.990234,0,4857.752097950287,5647.035947828435,34.818156420604595,1441.378450534755,3319.1106676363925,0.9825909217896978,37.1,Model_2,grid,battery;generator,28,mountain,4G_remote,2500
BTS_05553,16.494583603354982,107.483748850065,765146.7845391033,1825277.1777367464,3521.32,0.0,81.11014941020885,1163364.75,8,89.9852,0,8716.239966783714,7842.360656186467,19.083781356283506,1.6196414695278019,907.1334488018103,0.9904581093218583,22.2,Model_1,grid,battery,8,mountain,5G_macro,1000
BTS_06454,16.24541693768498,107.247915517675,740264.5957159562,1797401.3603669507,2358.24,210.23338317871094,81.11014941020885,1163364.75,559,89.98727,0,42286.32837911959,39698.27660440236,23.708523536597305,210.36411779233254,34519.381438682656,0.9881457382317014,26.0,Model_1,grid,battery,8,mountain,5G_macro,1000
BTS_02793,16.379583603814982,107.880415515145,807701.3808226483,1813105.9928444051,7948.07,0.0,81.11014941020885,1163364.75,4,89.98727,0,1903.8764850817909,26452.502057361293,17.87385573757425,4186.525625368605,4381.6888285561445,0.9910630721312129,33.3,Model_2,grid,battery;generator,28,mountain,4G_remote,2500
BTS_06418,16.27708360422497,107.960415514825,816418.8035763009,1801877.864678253,6768.4,0.0,81.11014941020885,1163364.75,6,89.981995,0,7865.33055975229,13415.117279494525,167.3983081119527,2734.2374107336113,7739.753221794209,0.9163008459440236,25.3,Model_2,grid,battery;generator,28,mountain,4G_remote,2500
BTS_03456,16.453750270184987,107.73041551574501,791556.3343753483,1821096.5244477908,1655.47,0.0,81.11014941020885,1163364.75,9,89.982346,0,10943.553009985817,11218.430247998102,29.516180630111478,1434.1977775802316,623.982901625783,0.9852419096849443,24.5,Model_2,grid,battery;generator,28,mountain,5G_macro,1000
BTS_04003,16.30708360410498,107.763748848945,795339.1125596771,1804904.9108340673,10927.66,1.8207379579544067,81.11014941020885,1163364.75,4,89.96817,0,2387.7844842153395,22425.990126113546,102.44532654752746,2718.5579201803475,1185.099507414683,0.9487773367262363,34.6,Model_2,grid,battery;generator,28,mountain,4G_remote,2500
BTS_01262,16.57791693635499,107.47541551676501,764143.1930756303,1834491.831471545,716.73,3.7942779064178467,81.11014941020885,1163364.75,9,89.990234,0,14641.112736297015,4691.596070525898,5.284500685964776,0.0,5981.0211403554285,0.9973577496570176,18.6,Model_1,grid,battery,8,mountain,5G_macro,1000
BTS_02703,16.424166936977358,107.63374884939576,781270.5548770537,1817684.075902618,9729.81,0.0,81.11014941020885,1163364.75,10,89.97749,5,6054.502690522706,4007.879703110153,0.818833771652866,0.0,1894.0006944914448,0.9995905831141736,28.2,Model_1,grid,battery,8,mountain,5G_macro,1000
BTS_06452,16.388750270444977,107.857082181905,805192.7422843523,1814085.8141865681,13160.96,0.0,81.11014941020885,1163364.75,11,89.95974,0,4419.539881392493,25951.20384844588,6.894649703241651,6690.050872597725,6986.174059625723,0.9965526751483792,36.4,Model_2,grid,battery;generator,28,mountain,4G_remote,2500
BTS_04802,16.312916937414982,107.793748848825,798538.2579006436,1805594.5514753177,9030.45,0.0,81.11014941020885,1163364.75,5,89.9921,0,600.1030285532522,24218.661285957594,9.686400899901873,4912.913768181199,4133.077791363932,0.9951567995500491,29.8,Model_2,grid,battery;generator,28,mountain,4G_remote,2500
BTS_01811,16.521250270331453,107.70749884923625,789007.4150047837,1828537.4495494214,9929.22,0.0,81.11014941020885,1163364.75,14,89.99252,0,12558.678701395584,11104.981081385316,66.43983712523598,3965.317213316865,7494.168951697194,0.966780081437382,30.7,Model_2,grid,battery;generator,28,mountain,4G_remote,2500
BTS_02815,16.366250270534984,107.86791551519501,806385.9677408513,1811610.5973769282,11689.99,0.0,81.11014941020885,1163364.75,6,89.98883,0,2440.7316760946474,26715.535082275936,7.084530146728757,4331.897064717144,4802.245629541226,0.9964577349266356,40.6,Model_2,grid,battery;generator,28,mountain,4G_remote,2500
BTS_00245,16.447916937200898,107.57562384960937,775026.0643878046,1820233.6313487417,27776.56,0.0,81.11014941020885,1163364.75,21,89.98714,0,2000.5272503199683,2116.9255716269936,12.533844193575536,0.0,2599.491927052956,0.9937330779032122,20.4,Model_1,grid,battery,8,mountain,5G_macro,1000
BTS_06474,16.53208360320498,107.698748849205,788056.742857791,1829724.4063953701,12963.77,0.0,81.11014941020885,1163364.75,7,89.995,0,12255.907478928555,11210.509313651826,233.88925137355503,3805.3126142534443,6186.384150131516,0.8830553743132225,22.9,Model_2,grid,battery;generator,28,mountain,4G_remote,2500
BTS_06362,16.632916936134983,107.522082183245,769048.8727182448,1840642.9767046284,5951.47,2904.65673828125,81.11014941020885,1163364.75,26,89.99138,0,17888.553445549394,12484.426074563846,46.61411781123004,620.4796612821427,13657.098948130902,0.976692941094385,23.5,Model_2,grid,battery;generator,28,mountain,4G_remote,2500
BTS_03690,16.529583603631526,107.51083218335143,767991.2646563299,1829187.830896567,19944.28,0.0,81.11014941020885,1163364.75,5,89.93634,0,8125.094202431622,7889.975326712373,124.26765448891828,1107.2891445625714,4552.657442378364,0.9378661727555409,31.5,Model_2,grid,battery;generator,28,mountain,4G_remote,2500
BTS_03531,16.462916936814985,107.716248849135,790029.0006559168,1822091.103316378,7106.5,0.0,81.11014941020885,1163364.75,8,89.981995,0,12135.629810125183,9693.72981835035,303.1403623915704,1180.4200533331366,1060.028708024205,0.8484298188042148,31.5,Model_2,grid,battery;generator,28,mountain,4G_remote,2500
BTS_03660,16.348750270604974,107.14124885143501,728739.0894093412,1808716.3354035288,1220.63,386.41705322265625,81.11014941020885,1163364.75,609,89.984085,0,47235.42431120316,39106.09371213104,119.05718350054896,0.0,31758.22769089238,0.9404714082497255,25.0,Model_1,grid,battery,8,mountain,5G_macro,1000
BTS_02159,16.304583604114974,107.77124884891501,796144.8675741669,1804638.9779615812,11029.97,0.0,81.11014941020885,1163364.75,7,89.93634,0,1976.996169120424,23166.220290046676,8.580283152982568,3414.3828182691877,2012.4985491907614,0.9957098584235087,24.2,Model_2,grid,battery;generator,28,mountain,4G_remote,2500
BTS_05113,16.44291693689498,107.714582182475,789880.6672387305,1819874.226812921,3037.7,0.0,81.11014941020885,1163364.75,8,89.99338,0,10005.367488153068,9684.353763587456,9.387966233912174,0.0,742.1382975935851,0.9953060168830439,15.6,Model_1,grid,battery,8,mountain,5G_macro,1000
BTS_06015,16.319583604054976,107.62624884949501,780618.828010824,1806094.5400859378,1505.15,0.0,81.11014941020885,1163364.75,20,89.99354,0,12441.021767113032,15492.27253277508,21.356534416704374,10564.276765863335,9627.659123315007,0.9893217327916478,27.0,Model_2,grid,battery;generator,28,mountain,4G_remote,2500
BTS_06482,16.332083604004985,108.021248847915,822835.675563664,1808064.3030304487,201.78,174.9097900390625,81.11014941020885,1163364.75,7,89.997826,0,13235.472661007869,12211.684790130355,21.748078290131456,2608.681303989951,0.0,0.9891259608549343,27.7,Model_2,grid,battery;generator,28,mountain,4G_macro,1500
BTS_00171,16.35097249625293,107.73328588599401,792016.4505948601,1809720.580667709,18565.01,0.0,81.11014941020885,1163364.75,7,89.95974,5,581.5064881702256,16640.075123325303,0.28968652337904705,720.8958150194625,2570.0415234559264,0.9998551567383105,28.1,Model_2,grid,battery;generator,28,mountain,4G_remote,2500
BTS_03077,16.5554169368621,107.51583218333155,768489.4442367253,1832054.509942193,18829.86,0.0,81.11014941020885,1163364.75,3,89.981995,0,10113.499002463395,8033.551945409907,69.95290899503644,1177.798414752421,6392.416786237947,0.9650235455024818,20.3,Model_2,grid,battery;generator,28,mountain,4G_remote,2500
BTS_02467,16.450416936864983,107.739582182375,792540.7913769437,1820740.690397863,7199.62,0.0,81.11014941020885,1163364.75,7,89.9921,0,10558.917811063908,12221.432703896044,28.93245726020652,2407.7986136059694,1415.759611229484,0.9855337713698967,28.2,Model_2,grid,battery;generator,28,mountain,4G_remote,2500
BTS_06409,16.36208360388498,107.585415516325,776193.4119658272,1810744.030884015,2724.48,1.1092259883880615,81.11014941020885,1163364.75,13,89.99164,0,10895.073422827989,11609.466084134385,13.972399871736199,7371.189351558458,9112.687780327942,0.9930138000641319,23.6,Model_2,grid,battery;generator,28,mountain,4G_remote,2500
BTS_01269,16.4495836035548,107.56624884955507,774022.0894734445,1820405.4184237558,14732.75,0.0,81.11014941020885,1163364.75,24,89.98727,5,1893.0344955448072,2065.6082212391807,4.03918547170407,0.0,1608.0129457090736,0.9979804072641479,23.9,Model_1,grid,battery,8,mountain,5G_macro,1000
BTS_06356,16.452083603524976,107.516248849935,768676.7517722636,1820615.0551902265,12544.91,1.5401129722595215,81.11014941020885,1163364.75,47,89.99682,0,5677.325015956329,6323.252749452798,64.66531350926047,1254.1771987046038,3513.9111471205388,0.9676673432453697,38.0,Model_2,grid,battery;generator,28,mountain,4G_remote,2500
BTS_05123,16.530416936544988,107.437915516915,760203.4327463172,1829184.3497813237,3995.46,0.0,81.11014941020885,1163364.75,8,89.95499,0,14654.15675657151,2403.220367373524,9.243587530110826,0.0,1579.1899046833873,0.9953782062349446,25.3,Model_1,grid,battery,8,mountain,5G_macro,1000
BTS_06461,16.415416937004984,107.677082182625,785913.9591920676,1816775.9911596503,17761.05,0.0,81.11014941020885,1163364.75,8,89.98847,0,9226.611530488284,7354.959573865413,28.030128938382102,0.0,2626.3729582678334,0.9859849355308089,23.6,Model_1,grid,battery,8,mountain,5G_macro,1000
BTS_01617,16.50625026997498,107.521248849915,769136.0223194855,1826618.4985717705,2781.77,0.0,81.11014941020885,1163364.75,6,89.98594,0,5568.499516697726,5774.345721139148,117.60377796272145,25.49190395061143,2856.986239200613,0.9411981110186393,31.9,Model_1,grid,battery,8,mountain,5G_macro,1000
BTS_06435,16.289583604174982,108.020415514585,822816.3107173366,1803356.186772272,5144.9,0.0,81.11014941020885,1163364.75,7,89.97878,0,14421.409225290303,8545.413804543263,102.58295150980118,2070.9684608016373,2704.997365897866,0.9487085242450994,33.7,Model_2,grid,battery;generator,28,mountain,4G_remote,2500
BTS_02671,16.37791693715498,107.879582181815,807614.9140603675,1812920.1677825972,8985.61,0.0,81.11014941020885,1163364.75,13,89.981995,0,1813.9629945824022,26414.417244134976,8.661090908965598,4112.628845584306,4332.843254402378,0.9956694545455173,27.7,Model_2,grid,battery;generator,28,mountain,4G_remote,2500
BTS_01888,16.417083603664977,107.624582182835,780301.1851678934,1816887.112213223,22770.19,0.0,81.11014941020885,1163364.75,37,89.99006,0,5993.127542695318,4697.580559771867,60.82317903970202,1081.783651476419,2218.4061256172126,0.969588410480149,34.8,Model_2,grid,battery;generator,28,mountain,4G_remote,2500
BTS_02283,16.49291693669498,107.655415516045,783485.8135441483,1825326.2906946822,522.32,0.0,81.11014941020885,1163364.75,0,0.0,5,6251.572511790151,4883.026738491311,3.2208213413586,0.0,6294.652242466686,0.9983895893293206,26.8,Model_1,grid,battery,8,urban,5G_macro,1000
BTS_04427,16.459791937252213,107.53145718240243,770290.8501698149,1821488.7317474722,31446.99,373.7541198730469,81.11014941020885,1163364.75,15,89.99104,5,3842.024081186573,4550.226054826491,1.1227403155552755,505.63116195835784,2203.5730427823455,0.9994386298422223,18.3,Model_2,grid,battery;generator,28,mountain,4G_remote,2500
BTS_06419,16.522083603244983,107.339582183975,749713.8199326731,1828137.2371852729,862.85,633.755859375,81.11014941020885,1163364.75,13,89.99181,0,24407.719564521816,11291.8300068369,27.151559634127647,57.661670327204966,3240.804884832351,0.9864242201829362,20.6,Model_1,grid,battery,8,mountain,5G_macro,1000
BTS_04177,16.482916936734984,107.67791551595501,785904.0294078882,1824250.8558887183,9318.01,0.0,81.11014941020885,1163364.75,7,89.97878,0,8424.593042019593,6162.254589402806,33.43728472727244,2133.546564778576,5406.785513441654,0.9832813576363638,32.3,Model_2,grid,battery;generator,28,mountain,4G_remote,2500
BTS_03581,16.440416936904985,107.714582182475,789884.38207258,1819597.4166661112,2958.07,0.0,81.11014941020885,1163364.75,4,89.97153,5,9736.547962982166,9740.686977620353,2.7927544432928393,0.0,929.013616167033,0.9986036227783536,20.2,Model_1,grid,battery,8,mountain,5G_macro,1000
BTS_02216,16.558750269764978,107.50791551663501,767639.5160359696,1832412.975402633,21015.49,0.0,81.11014941020885,1163364.75,3,89.98818,0,10869.2191513314,7218.237543199123,32.736019771631845,881.1393184555095,5999.978562840316,0.9836319901141841,30.2,Model_2,grid,battery;generator,28,mountain,4G_remote,2500
BTS_03679,16.414583603674984,107.637915516115,781729.6172868717,1816628.8238436736,23963.56,0.0,81.11014941020885,1163364.75,22,89.983284,0,7116.441273985492,5144.482734112529,16.498080574136768,646.809341389467,3011.2231973231087,0.9917509597129316,32.6,Model_2,grid,battery;generator,28,mountain,4G_remote,2500
BTS_00321,16.198750271204982,107.271248850915,742816.8774387408,1792263.3405334938,1405.13,22.929224014282227,81.11014941020885,1163364.75,591,89.99825,0,43656.96981887829,43091.42646144431,124.33819976320213,1281.7750051508172,38191.17690678477,0.937830900118399,26.6,Model_2,grid,battery;generator,28,mountain,4G_remote,2500
BTS_04131,16.517083603264982,107.58958218297501,776419.1300209581,1827910.4615211966,32755.24,0.0,81.11014941020885,1163364.75,6,89.99104,0,4571.609727717513,3852.2464884082624,24.088940581244447,307.1354732641858,2682.256652483718,0.9879555297093777,17.6,Model_2,grid,battery;generator,28,mountain,4G_remote,2500
BTS_06473,16.424583603634982,107.81541551540501,800683.7474936787,1817991.4417476577,17004.3,0.0,81.11014941020885,1163364.75,13,89.98883,0,10369.986672358711,20650.210987298822,76.36521896085331,9609.126745202617,9913.463042912328,0.9618173905195734,32.8,Model_2,grid,battery;generator,28,mountain,4G_remote,2500
BTS_00961,16.54833360356444,107.64249884942517,782025.5066489535,1831443.8568207438,4203.83,0.0,81.11014941020885,1163364.75,5,89.97153,0,9158.95958857786,10001.005070054412,17.918102802646523,0.0,23.373690815877147,0.9910409485986768,19.6,Model_1,grid,battery,8,mountain,5G_macro,1000
BTS_01836,16.530535986303303,107.57255837507398,774581.8950500789,1829376.5270054152,21715.86,0.0,81.11014941020885,1163364.75,5,89.93634,0,6092.512939931104,4822.847872544087,9.672111022490753,475.71192844056503,4702.844038601787,0.9951639444887547,26.0,Model_2,grid,battery;generator,28,mountain,4G_remote,2500
BTS_06411,16.48791693671498,107.492082183365,766045.9816387441,1824550.105171775,12766.25,0.0,81.11014941020885,1163364.75,8,89.96817,0,7695.878345475158,8482.703368870802,73.50200118022187,1081.0414064233669,1769.246617006184,0.9632489994098891,27.9,Model_2,grid,battery;generator,28,mountain,4G_remote,2500
BTS_06447,16.498750270004987,107.367915517195,752769.75985157,1825589.6153915557,972.32,0.0,81.11014941020885,1163364.75,15,89.95974,0,20998.02761867594,9751.741128501113,24.589304142480092,0.0,3860.9353716328283,0.98770534792876,24.8,Model_1,grid,battery,8,mountain,5G_macro,1000
BTS_03361,16.170416938393608,107.72666551582698,791575.2985895405,1789719.3310030082,3906.79,0.0,81.11014941020885,1163364.75,73,89.998405,0,16912.23926438906,33785.006109187096,85.6704378172806,52.99006737212701,16107.61964165642,0.9571647810913597,27.7,Model_1,grid,battery,8,mountain,5G_macro,1000
BTS_06470,16.583750269664982,107.426248850295,758886.3054982298,1835073.5031388616,485.59,34.98183822631836,81.11014941020885,1163364.75,9,89.984085,0,18847.504999132852,3842.5022639172184,59.650765862364494,0.0,3634.579491069507,0.9701746170688178,25.6,Model_1,grid,battery,8,mountain,5G_macro,1000
BTS_02248,16.111250271554976,107.397082183745,756388.9080433978,1782730.276158239,1498.52,0.0,81.11014941020885,1163364.75,487,89.99506,0,43473.00176683157,43658.005343104865,18.609825464100755,0.0,40500.52329963109,0.9906950872679496,19.9,Model_1,grid,battery,8,mountain,5G_macro,1000
BTS_03537,16.515416937021214,107.5258321832918,769612.8244023707,1827639.4750833265,4484.3,0.0,81.11014941020885,1163364.75,4,89.97749,0,5885.295773857445,5803.964325239497,43.40986763213268,0.0,3266.9778363519695,0.9782950661839337,30.7,Model_1,grid,battery,8,mountain,5G_macro,1000
BTS_06453,16.355416937244982,107.403748850385,756785.1342384134,1809767.7209205283,13.8,13.79857063293457,81.11014941020885,1163364.75,189,89.998344,0,21656.79966614839,21933.416756494113,87.46729209818974,2854.481243230556,16121.006620463208,0.9562663539509051,35.6,Model_2,grid,battery;generator,28,mountain,4G_remote,2500
BTS_06427,16.562916936414975,107.537082183185,770748.0020597142,1832913.3764175323,1696.18,0.0,81.11014941020885,1163364.75,3,89.98847,0,9987.930804830099,9174.594688290137,16.355249088951325,23.49137087055249,7845.420038667446,0.9918223754555243,21.1,Model_1,grid,battery,8,mountain,5G_macro,1000
BTS_05853,16.570416936384984,107.46041551682502,762551.9390136022,1833641.8397889757,1760.65,123.93965911865234,81.11014941020885,1163364.75,6,89.95974,0,15130.666135948471,2935.018540893693,96.22971793874623,79.71742934305237,4191.693858363166,0.9518851410306268,22.5,Model_1,grid,battery,8,mountain,5G_macro,1000
BTS_01378,16.577083603353323,107.36979051710637,752867.8569974408,1834263.4602385422,3456.44,25.127002716064453,81.11014941020885,1163364.75,9,89.99338,0,23469.460446009965,8064.622602986555,7.596986286157063,0.0,787.7593109303059,0.9962015068569214,28.6,Model_1,grid,battery,8,mountain,5G_macro,1000
BTS_00541,16.414166938397557,107.82166551644839,801367.7679440344,1816847.2784848618,16995.05,0.0,81.11014941020885,1163364.75,11,89.98594,0,9136.734359796903,21546.452518075577,9.94803279980291,9969.300640356138,10916.114968828779,0.9950259836000985,20.0,Model_2,grid,battery;generator,28,mountain,4G_remote,2500
BTS_01364,16.42208360364498,107.59458218295501,777088.2780119665,1817399.3902436644,30434.19,0.0,81.11014941020885,1163364.75,27,89.99307,0,4284.02960395014,5305.086166527332,69.00465433791896,876.5574433543821,3105.61503461971,0.9654976728310405,31.8,Model_2,grid,battery;generator,28,mountain,4G_remote,2500
BTS_01633,16.272916937574976,107.93791551491502,814018.7707926274,1801381.692766438,8822.01,0.0,81.11014941020885,1163364.75,11,89.97503,0,5419.278030339274,15580.902794929883,31.290778337090238,4657.6577138175135,9153.012071818273,0.9843546108314549,28.5,Model_2,grid,battery;generator,28,mountain,4G_remote,2500
BTS_05955,16.557916936434978,107.588748849645,776271.9443019151,1832430.1939012753,3811.66,0.0,81.11014941020885,1163364.75,5,89.97503,0,9043.834178290415,8066.834368640114,7.303019749436775,11.631999821010622,5510.606414107786,0.9963484901252816,27.3,Model_1,grid,battery,8,mountain,5G_macro,1000
BTS_04028,16.3254169377771,107.732498849137,791970.3028732132,1806889.8206961742,1132.35,227.58721923828125,81.11014941020885,1163364.75,22,89.99477,0,2798.0790633998727,18734.943074224288,63.86160188662788,714.0046305589065,0.0,0.9680691990566861,29.8,Model_2,grid,battery;generator,28,mountain,5G_macro,1000
BTS_05623,16.279583604214984,107.798748848805,799123.5473902989,1801910.902681264,3231.16,8.692225456237793,81.11014941020885,1163364.75,23,89.98499,0,3644.224635743058,27194.673814080597,9.510297952990953,7442.095160495326,6009.056026566118,0.9952448510235046,24.9,Model_2,grid,battery;generator,28,mountain,4G_remote,2500
BTS_06083,16.292083604164972,107.91541551500501,811581.7845372497,1803469.7113809877,2705.5,318.295166015625,81.11014941020885,1163364.75,5,89.98953,0,4047.7104009317577,18507.263360463403,26.45445996082592,6065.863823350727,6580.559629054904,0.9867727700195871,29.8,Model_2,grid,battery;generator,28,mountain,4G_remote,2500
BTS_01216,16.43375027028471,107.60624884939224,778318.3163723892,1818707.080932076,68902.05,1203.630126953125,81.11014941020885,1163364.75,20,89.99228,0,3393.6026126320257,3521.5059874545514,109.10586532820476,510.15929440046324,1388.229756501969,0.9454470673358977,33.2,Model_2,grid,battery;generator,28,mountain,4G_remote,2500
BTS_00120,16.507390624841538,107.4653716571821,763166.6049324223,1826670.9093420573,4731.04,0.0,81.11014941020885,1163364.75,12,89.98658,0,10993.738971092102,5594.401964815468,34.96674970723002,362.66066492972305,0.0,0.9825166251463849,24.9,Model_2,grid,battery;generator,28,mountain,5G_macro,1000
BTS_01668,16.430083604294897,107.5995821828619,777611.190767528,1818291.963447205,64941.34,0.0,81.11014941020885,1163364.75,16,89.982346,0,3533.332370245363,4281.759867949301,62.348186930180084,479.7582818333519,2203.216009524763,0.96882590653491,19.3,Model_2,grid,battery;generator,28,mountain,4G_remote,2500
BTS_06449,16.367083603864977,107.863748848545,805939.2181263387,1811696.5933608778,12924.2,0.0,81.11014941020885,1163364.75,11,89.9852,0,2889.9166976800516,27141.513886172357,35.60427449952172,4774.362189637765,5253.348784122217,0.9821978627502391,20.6,Model_2,grid,battery;generator,28,mountain,4G_remote,2500
BTS_00013,16.516250269934975,107.715415515805,789860.4655814364,1827995.2138621523,8514.2,0.0,81.11014941020885,1163364.75,18,89.983284,0,13147.450663600364,11470.612274911162,140.0948897822646,4624.965989084018,6934.615355713128,0.9299525551088677,33.6,Model_2,grid,battery;generator,28,mountain,4G_remote,2500
BTS_06238,16.218750271124993,108.067915514395,828014.7959527888,1795587.0576427921,6706.55,1.3352949619293213,81.11014941020885,1163364.75,10,89.93634,0,20029.831918762964,2305.4292570374396,22.707043708510817,9304.736452149351,11600.706998136278,0.9886464781457446,24.1,Model_2,grid,battery;generator,28,mountain,4G_remote,2500
BTS_01785,16.511250269954978,107.59458218295501,776961.4706415737,1827271.4939340167,45374.61,0.0,81.11014941020885,1163364.75,5,89.978165,0,3839.413397821432,3647.3787826332864,25.325036656960254,376.4647290964649,1994.793659189677,0.9873374816715199,26.6,Model_2,grid,battery;generator,28,mountain,4G_remote,2500
BTS_00017,16.475302879921582,107.56800849429013,774173.8977826093,1823255.2684416308,38283.3,0.0,81.11014941020885,1163364.75,6,0.0,5,534.8109996806432,1092.904509379318,1.4152783874307087,0.0,2291.3394470063654,0.9992923608062847,20.2,Model_1,grid,battery,8,urban,5G_macro,1000
BTS_00500,16.53875027026165,107.3916655171585,755253.671855214,1830047.6014728115,623.6,546.2168579101562,81.11014941020885,1163364.75,10,89.981995,0,19574.309856278738,5435.0432767175225,13.361651707551395,0.0,1941.0053996609097,0.9933191741462243,25.8,Model_1,grid,battery,8,mountain,5G_macro,1000
BTS_00169,16.425416936964982,107.68124884927501,786344.5785834491,1817889.092795832,34783.83,0.0,81.11014941020885,1163364.75,5,89.97503,0,9781.235743670739,7043.32409645748,52.84043679324265,552.9158084209288,3401.7263969647615,0.9735797816033787,27.9,Model_2,grid,battery;generator,28,mountain,4G_remote,2500
BTS_00149,16.563750269744983,107.454582183515,761938.1612184687,1832896.1769090875,1872.56,1.558074951171875,81.11014941020885,1163364.75,8,89.98883,0,15104.69966578755,1976.3724743355137,29.364274163468757,0.0,3261.294392097803,0.9853178629182656,25.5,Model_1,grid,battery,8,mountain,5G_macro,1000
BTS_04494,16.266250270934982,107.710415515825,789696.2012209959,1800307.1879499045,2019.64,0.0,81.11014941020885,1163364.75,30,89.991,0,8561.46625841301,23240.077574992505,58.80958786609841,7151.914370363574,6338.115288811418,0.9705952060669508,31.7,Model_2,grid,battery;generator,28,mountain,4G_remote,2500
BTS_04252,16.45125027019499,107.572082183045,774642.9744518275,1820597.8596413406,19979.28,0.0,81.11014941020885,1163364.75,0,89.979866,0,1617.9646422387714,1740.2141390293377,27.29214347815423,30.861956490711798,2250.9588662372057,0.9863539282609228,23.7,Model_1,grid,battery,8,mountain,5G_macro,1000
BTS_03088,16.485416937147612,107.6682488491652,784867.688755478,1824513.978238214,10389.91,0.0,81.11014941020885,1163364.75,7,89.97503,5,7425.629186241864,5385.628681170485,1.230638089123641,1083.6110024797001,6389.110172768514,0.9993846809554382,28.4,Model_2,grid,battery;generator,28,mountain,4G_remote,2500
BTS_02038,16.657916936034987,107.32624885069501,748115.6281976254,1843157.1454569057,1731.07,26.281536102294922,81.11014941020885,1163364.75,2,89.982346,0,32311.35268059886,16936.309807115573,98.5022494038296,125.03233967453272,7614.012363144795,0.9507488752980852,26.4,Model_1,grid,battery,8,mountain,5G_macro,1000
BTS_02390,16.540416936921872,107.68249884933563,786308.8868183395,1830623.8839387582,13030.06,0.0,81.11014941020885,1163364.75,17,89.995735,0,11334.437598432278,10827.615636772332,87.48767270992917,2939.7414900217223,4238.52626709277,0.9562561636450354,27.2,Model_2,grid,battery;generator,28,mountain,4G_remote,2500
BTS_06094,16.533750269864985,107.627915516155,780489.2495037487,1829808.7992419086,2366.17,0.0,81.11014941020885,1163364.75,0,0.0,0,6999.637533507779,7946.165225711555,30.749095907366158,117.32311126243137,2104.866306708411,0.9846254520463169,34.4,Model_1,grid,battery,8,urban,5G_macro,1000
BTS_05852,16.55875026976498,107.492915516695,766037.8926297638,1832393.0423931025,3623.96,0.0,81.11014941020885,1163364.75,6,89.93634,0,11814.955225610745,5627.650709187947,69.39840653721527,274.55176192646564,4957.823671694018,0.9653007967313924,23.6,Model_1,grid,battery,8,mountain,5G_macro,1000
BTS_03304,16.48291693673499,107.609582182895,778604.1946351579,1824155.2182640228,14716.95,0.0,81.11014941020885,1163364.75,7,89.982346,5,1285.1853834128658,3106.6861179989614,2.718362588174824,0.0,1878.5732661629559,0.9986408187059126,24.8,Model_1,grid,battery,8,mountain,5G_macro,1000
BTS_06459,16.672916935974982,107.478748850085,764368.8039370237,1845013.5004608165,2858.52,0.0,81.11014941020885,1163364.75,0,0.0,0,23561.96858228023,13994.749255760831,103.64233609454746,81.7601398017881,12047.609521626913,0.9481788319527262,22.2,Model_1,grid,battery,8,urban,5G_macro,1000
BTS_01961,16.562916936832195,107.39083218382848,755132.8701722312,1832721.828468041,1142.04,0.0,81.11014941020885,1163364.75,8,89.969986,5,20749.798720622483,5459.782207386813,4.64882589227264,0.0,1127.4716747281686,0.9976755870538637,25.8,Model_1,grid,battery,8,mountain,5G_macro,1000
BTS_04864,16.543750269824983,107.529582183215,769973.8994591171,1830781.3119451415,14709.84,0.0,81.11014941020885,1163364.75,5,89.97503,0,8284.940550458046,7715.297638824234,22.59266184758675,1258.347927909804,5977.000042774287,0.9887036690762067,32.1,Model_2,grid,battery;generator,28,mountain,4G_remote,2500
BTS_00912,16.37125027083943,107.71979051569447,790543.6782105771,1811946.4703837556,5273.21,0.0,81.11014941020885,1163364.75,4,89.909966,0,2537.7798603171104,14029.682225301018,53.34822480867273,241.81152615727905,2223.8874176590703,0.9733258875956636,19.4,Model_1,grid,battery,8,mountain,5G_macro,1000
BTS_05016,16.392916937094984,107.570415516385,774546.8757261846,1814137.3351334885,5430.52,0.0,81.11014941020885,1163364.75,14,89.99104,0,7737.091200338778,8199.491161114005,44.604281946845596,4014.0822390815206,6300.872369081973,0.9776978590265772,27.2,Model_2,grid,battery;generator,28,mountain,4G_remote,2500
BTS_06399,16.297083604144976,107.802082182125,799453.4458299438,1803853.5612532238,4609.72,0.0,81.11014941020885,1163364.75,21,89.996445,0,2114.6073558634425,26064.971825826517,15.701744121416317,6490.315728853219,5371.561633593866,0.9921491279392919,23.8,Model_2,grid,battery;generator,28,mountain,4G_remote,2500
BTS_06398,16.35375027058497,107.717915515795,790369.1663990477,1810006.1233255984,17069.51,0.0,81.11014941020885,1163364.75,6,89.984085,0,2007.4674098381918,15312.44920966303,60.83301874295282,2072.3255934276117,3293.9025890268163,0.9695834906285236,24.7,Model_2,grid,battery;generator,28,mountain,4G_remote,2500
BTS_06381,16.522916936574983,107.55541551644501,772761.8344555391,1828509.6743420884,2272.2,0.0,81.11014941020885,1163364.75,5,89.95974,0,5229.498222758142,4332.358870061452,57.13119372584629,0.0,3407.5667760979222,0.9714344031370769,23.2,Model_1,grid,battery,8,mountain,5G_macro,1000
BTS_04269,16.42000027032739,107.58374884959707,775933.6101002747,1817153.9367035052,32199.53,0.0,81.11014941020885,1163364.75,16,89.97503,0,4512.045023022246,5310.94067930842,19.43881588946716,1103.084493595397,4214.917181062878,0.9902805920552664,28.3,Model_2,grid,battery;generator,28,mountain,4G_remote,2500
BTS_04684,16.116666938207235,107.62874884941589,781174.2045105288,1783631.9320409007,3228.45,13.451541900634766,81.11014941020885,1163364.75,120,89.97153,0,27214.097010761878,37961.50285975273,65.46445361318936,9511.579049330097,25039.622964190512,0.9672677731934053,37.6,Model_2,grid,battery;generator,28,mountain,4G_remote,2500
BTS_06293,16.390416937104984,107.607915516235,778558.1455356056,1813911.6940492352,4411.74,0.0,81.11014941020885,1163364.75,12,89.995926,0,8006.114864837319,7878.87622385636,17.802351786291123,4530.098403818445,5351.908313292074,0.9910988241068545,36.5,Model_2,grid,battery;generator,28,mountain,4G_remote,2500
BTS_06375,16.28291693753499,107.766248848935,795642.7210378582,1802232.635570652,2830.45,0.0,81.11014941020885,1163364.75,11,89.97153,5,3914.1363831157278,24665.876651927687,3.894440054740464,5086.894661538857,3586.3522830475617,0.9980527799726298,37.3,Model_2,grid,battery;generator,28,mountain,4G_remote,2500
BTS_04655,16.62458360283499,107.461248850155,762567.2830282561,1839639.5433403698,3866.1,100.19866943359375,81.11014941020885,1163364.75,4,89.95974,0,19696.523693054714,8334.930067729132,107.37555965622404,959.3762021474981,7583.876558958172,0.946312220171888,34.2,Model_2,grid,battery;generator,28,mountain,4G_remote,2500
BTS_00738,16.413750270344984,107.755415515645,794287.8965617863,1816703.6865150058,8875.61,7.902547836303711,81.11014941020885,1163364.75,5,89.97878,0,6797.056886058319,14769.160817009653,21.473449141585487,3258.8642120931854,5038.669938914675,0.9892632754292072,30.7,Model_2,grid,battery;generator,28,mountain,4G_remote,2500
BTS_00994,16.399583603734975,107.66541551600501,784690.2428828154,1815006.4856480465,26377.6,0.0,81.11014941020885,1163364.75,16,89.97503,0,9067.786469484818,7881.638689256444,13.8515419677644,781.1815221619433,2557.7232188403373,0.9930742290161177,31.0,Model_2,grid,battery;generator,28,mountain,4G_remote,2500
BTS_02066,16.24541693768497,107.220415517785,737324.047683119,1797369.2667593237,1205.3,0.0,81.11014941020885,1163364.75,572,89.991,0,44662.98421479552,41299.2298187661,19.265310809111753,0.0,35748.47727619889,0.9903673445954442,26.1,Model_1,grid,battery,8,mountain,5G_macro,1000
BTS_00976,16.430416937242374,107.68916551672434,787183.2115502362,1818453.9222004102,19482.88,0.0,81.11014941020885,1163364.75,6,89.97503,0,9761.953194909696,7517.528774473775,15.88893957981817,1498.0612893804564,3718.1372816558187,0.992055530210091,38.8,Model_2,grid,battery;generator,28,mountain,4G_remote,2500
BTS_03328,16.55291693645499,107.467082183465,763287.5057639905,1831713.2050495248,3789.73,0.0,81.11014941020885,1163364.75,6,89.978165,0,13311.552744524057,2820.6539192532296,9.523017263814602,0.0,3470.3771910795645,0.9952384913680927,25.3,Model_1,grid,battery,8,mountain,5G_macro,1000
BTS_00022,16.396250270828677,107.72666551582681,791241.3881559793,1814724.4361952173,1716.28,0.0,81.11014941020885,1163364.75,5,89.969986,5,4679.118658506938,12873.0114388018,4.0513122732547435,0.0,2754.0191421529184,0.9979743438633726,27.5,Model_1,grid,battery,8,mountain,5G_macro,1000
BTS_04749,16.267083604264982,107.938748848245,814117.1988921561,1800736.9867760544,9788.84,0.0,81.11014941020885,1163364.75,8,89.98714,5,5472.9467135441,15340.833898722207,4.295909615326332,5029.124986735078,9794.935022230657,0.9978520451923368,26.1,Model_2,grid,battery;generator,28,mountain,4G_remote,2500
BTS_00757,16.29958360413498,108.01374884794501,822086.8718136449,1804453.118465035,5860.08,0.0,81.11014941020885,1163364.75,5,89.95974,0,13431.21159508876,9828.517964591041,209.63204923738925,786.4649454545853,1814.5193884073208,0.8951839753813053,32.0,Model_2,grid,battery;generator,28,mountain,4G_remote,2500
BTS_06357,16.097916938274984,107.387915517115,755425.0417084545,1781242.9375226793,804.92,25.70136070251465,81.11014941020885,1163364.75,499,89.99749,0,45227.89457099684,45413.53468571148,110.93456562133508,83.11144463093996,42247.436288883844,0.9445327171893325,24.2,Model_1,grid,battery,8,mountain,5G_macro,1000
BTS_04651,16.237916938125263,107.92999884835191,813227.5026668764,1797493.6326350772,2789.43,0.0,81.11014941020885,1163364.75,27,89.978165,5,5584.510462226772,15907.240585347601,3.34212754325955,7076.038124973928,12726.658449525317,0.9983289362283703,32.4,Model_2,grid,battery;generator,28,mountain,4G_remote,2500
BTS_06169,16.298750270804977,108.00708218130501,821375.1933395164,1804350.3048598436,5836.74,0.0,81.11014941020885,1163364.75,6,89.95974,0,12819.43559232931,10282.95838759062,120.82494247384956,624.4533636913288,2311.4712132368795,0.9395875287630753,32.3,Model_2,grid,battery;generator,28,mountain,4G_remote,2500
BTS_06074,16.54458360315498,107.445415516885,760985.2670215168,1830762.3886360617,5101.53,1124.5302734375,81.11014941020885,1163364.75,4,89.97749,0,14670.273305249817,960.0739995517348,67.58845516559856,255.54322298415133,1669.4739300406552,0.9662057724172007,28.4,Model_1,grid,battery,8,mountain,5G_macro,1000
BTS_05143,16.365416937204984,107.73708218238501,792400.7623760079,1811325.4017763739,16639.15,0.0,81.11014941020885,1163364.75,4,89.98875,0,1142.6753125904113,15827.340369111138,37.95713177136254,1694.6689386283222,4173.452483694219,0.9810214341143187,31.1,Model_2,grid,battery;generator,28,mountain,4G_remote,2500
BTS_01248,16.64291693609499,107.417082183665,757828.6610780904,1841611.664395405,2262.22,566.531005859375,81.11014941020885,1163364.75,6,89.97503,0,24156.658746765963,10380.718904311763,21.558133704629096,0.0,5283.384434782941,0.9892209331476854,25.6,Model_1,grid,battery,8,mountain,5G_macro,1000
BTS_01926,16.692916935894978,107.408748850365,756872.5231942794,1847136.1153249799,6927.83,649.9887084960938,81.11014941020885,1163364.75,7,89.99195,0,29102.165847399814,15973.861414989315,43.252562107197285,389.94677512223717,10232.683446796073,0.9783737189464013,24.6,Model_2,grid,battery;generator,28,mountain,4G_remote,2500
BTS_01138,16.281250270874978,108.023748847905,823186.5227372568,1802438.5651041188,3979.06,1.4589649438858032,81.11014941020885,1163364.75,5,89.95974,0,14647.40373052989,7665.867063291343,40.04669228542582,2677.596162553392,3626.1003403035006,0.979976653857287,44.9,Model_2,grid,battery;generator,28,mountain,4G_remote,2500
BTS_05616,16.486250270054985,107.609582182895,778599.4216295416,1824524.2730772502,14308.74,0.0,81.11014941020885,1163364.75,6,89.983284,0,1510.5061368465147,3420.8010559123654,76.0667485478097,32.37799572506517,1718.9739448996506,0.9619666257260951,30.5,Model_1,grid,battery,8,mountain,5G_macro,1000
BTS_04051,16.561250269754986,107.58791551631501,776178.2055124389,1832798.0990773868,3635.64,0.0,81.11014941020885,1163364.75,1,89.909966,0,9421.22886942499,8407.528817813982,89.01739455532417,73.01779677920914,5659.707142956261,0.955491302722338,28.3,Model_1,grid,battery,8,mountain,5G_macro,1000
BTS_03742,16.49791693667498,107.559582183095,773241.991898879,1825747.5027087517,7596.95,0.0,81.11014941020885,1163364.75,6,89.97749,0,2425.912367560692,1755.0187495398368,24.991471853482608,61.270690623214996,1308.0566103425974,0.9875042640732586,18.5,Model_1,grid,battery,8,mountain,5G_macro,1000
BTS_06080,16.422083603644985,107.661248849355,784212.2197907367,1817491.8307124549,9675.22,0.0,81.11014941020885,1163364.75,7,89.97878,0,8570.157589979559,5628.2984368526295,49.125546035579674,0.0,4328.735088351708,0.9754372269822101,29.5,Model_1,grid,battery,8,mountain,5G_macro,1000
BTS_04768,16.528750269884984,107.464582183475,763053.3508386592,1829034.5242017477,2554.55,0.0,81.11014941020885,1163364.75,11,89.97153,0,12021.098103287719,3621.3556677330903,73.22610678871683,578.0701835113663,836.9480066791695,0.9633869466056416,27.3,Model_2,grid,battery;generator,28,mountain,5G_macro,1000
BTS_06472,16.251250270994984,107.23124885107502,738475.4007252102,1798027.543890697,1570.98,601.2516479492188,81.11014941020885,1163364.75,556,89.981995,0,43343.781576279354,40113.03416570005,145.59991077890604,111.9123393110817,34656.915292852376,0.927200044610547,21.7,Model_1,grid,battery,8,mountain,5G_macro,1000
BTS_04358,16.490000270047375,107.63708218271567,781531.6412322839,1824977.6645353779,6624.8,0.38284701108932495,81.11014941020885,1163364.75,4,89.97153,0,4289.019584849707,3593.556945513018,17.12515630204133,0.0,4554.65888257366,0.9914374218489793,29.1,Model_1,grid,battery,8,mountain,5G_macro,1000
BTS_06336,16.64625026941498,107.330415517345,748575.3083178455,1841870.8477533506,1047.73,538.8845825195312,81.11014941020885,1163364.75,8,89.9852,0,31168.490336636463,15733.528709492026,47.30362019303462,0.0,6370.080966614196,0.9763481899034827,18.9,Model_1,grid,battery,8,mountain,5G_macro,1000
BTS_04729,16.41875027032498,107.64208218276501,782168.8678470827,1817095.9519697549,25937.49,0.0,81.11014941020885,1163364.75,10,89.98658,0,7117.94754077292,4843.585353960315,18.482079308719964,383.16184119453516,2941.9937596846853,0.99075896034564,20.6,Model_2,grid,battery;generator,28,mountain,4G_remote,2500
BTS_06379,16.42541693696498,107.46208218348501,762925.8923689101,1817591.6654688509,650.6,1.5033140182495117,81.11014941020885,1163364.75,39,89.98456,0,12173.905002512438,12750.697961346295,32.68475970079767,6165.771306188298,6719.862759289784,0.9836576201496011,19.9,Model_2,grid,battery;generator,28,mountain,4G_remote,2500
BTS_03767,16.086250271654983,107.36041551722501,752496.8141502478,1779917.6576971668,1521.56,0.0,81.11014941020885,1163364.75,613,89.990234,5,47714.436430598944,47904.9021034385,4.590611590076315,1.721214284310326,44680.0862978502,0.9977046942049619,24.1,Model_1,grid,battery,8,mountain,5G_macro,1000
BTS_06063,16.316250270734987,107.980415514745,818494.728160738,1806246.4735551153,3219.94,0.0,81.11014941020885,1163364.75,8,89.99704,5,9429.296904310384,13708.4730193425,0.5065654604396669,1729.1227949366505,4165.259246873318,0.9997467172697801,26.9,Model_2,grid,battery;generator,28,mountain,4G_remote,2500
BTS_05869,16.41458360367498,107.598748849605,777544.167675396,1816574.7357101194,17588.1,0.0,81.11014941020885,1163364.75,27,89.979866,0,5177.622230859219,5741.225695378485,52.390314976549384,1815.064715982274,3342.0304354722202,0.9738048425117253,35.7,Model_2,grid,battery;generator,28,mountain,4G_remote,2500
BTS_06465,16.58458360299498,107.443748850225,760753.422961416,1835188.4329783148,2698.2,233.04200744628906,81.11014941020885,1163364.75,9,89.99405,0,17501.289852750448,3626.79558241727,276.957262948673,574.6537430148646,4348.875361116881,0.8615213685256635,30.5,Model_2,grid,battery;generator,28,mountain,4G_remote,2500
BTS_00367,16.440357414139317,107.78666551590973,797587.1647090323,1819695.5638941333,15203.44,0.0,81.11014941020885,1163364.75,15,89.98594,5,10849.7368861965,17341.82159414943,1.0120094607195322,7370.484565990428,6526.729931496971,0.9994939952696402,32.5,Model_2,grid,battery;generator,28,mountain,4G_remote,2500
BTS_06378,16.404583603714983,107.759582182295,794747.0229918424,1815694.7468447487,9261.98,77.61650085449219,81.11014941020885,1163364.75,3,89.97878,0,6002.777309309817,15556.527259039043,138.56983188311673,3256.9893840480577,6110.563518011477,0.9307150840584416,25.9,Model_2,grid,battery;generator,28,mountain,4G_remote,2500
BTS_06451,16.495416936684975,107.454582183515,762030.4238380827,1825331.2908887698,694.2,21.137367248535156,81.11014941020885,1163364.75,12,89.969986,0,11784.952956925452,6433.429846422868,43.78626677656346,845.8041441196592,681.3877019223092,0.9781068666117183,41.8,Model_2,grid,battery;generator,28,mountain,5G_macro,1000
BTS_04439,16.133750271464972,107.685415515925,787214.4422116341,1785601.5180980496,5199.07,0.0,81.11014941020885,1163364.75,62,89.98576,0,22511.60605528349,36632.12502014071,42.15364117597862,3462.3405413863543,21160.977222831956,0.9789231794120107,31.8,Model_2,grid,battery;generator,28,mountain,4G_remote,2500
BTS_06006,16.37458360383498,107.862082181885,805749.3367381603,1812524.5966797974,15090.34,0.0,81.11014941020885,1163364.75,9,89.909966,0,3221.687762133405,26968.175831198812,75.69863025969535,5324.874513447629,5736.566300200027,0.9621506848701523,27.5,Model_2,grid,battery;generator,28,mountain,4G_remote,2500
BTS_02760,16.35625027057498,107.896248848415,809430.8384058791,1810546.188442599,11166.89,92.13719177246094,81.11014941020885,1163364.75,6,89.98763,0,953.915837944087,23574.800034970824,71.18389251520135,1168.472997376389,1577.178627890532,0.9644080537423994,29.0,Model_2,grid,battery;generator,28,mountain,4G_remote,2500
BTS_02460,16.6940836028237,107.39408218485393,755306.1294429381,1847246.4182807552,1764.55,73.44723510742188,81.11014941020885,1163364.75,9,89.93634,0,30119.82542089318,16502.56414961477,53.81251134658154,0.0,9904.899989869178,0.9730937443267093,28.6,Model_1,grid,battery,8,mountain,5G_macro,1000
BTS_04451,16.462916937230155,107.70833218256632,789183.1610542422,1822079.7474118017,7077.93,0.0,81.11014941020885,1163364.75,8,89.98847,5,11750.472437613056,8848.513816597688,2.2086055092932773,1447.1554681877271,1526.4569026093932,0.9988956972453533,34.0,Model_2,grid,battery;generator,28,mountain,4G_remote,2500
BTS_00674,16.25875027096498,107.204582184515,735615.1257940646,1798826.789433283,4360.14,6.872962951660156,81.11014941020885,1163364.75,621,89.99635,0,45257.33614566339,41110.54688682571,298.91589785135363,879.5949043693771,35260.74869172956,0.8505420510743231,21.4,Model_2,grid,battery;generator,28,mountain,4G_remote,2500
BTS_06448,16.268750270924983,107.931248848275,813312.2961613906,1800910.0318902968,8804.05,0.0,81.11014941020885,1163364.75,7,89.97153,0,4673.230148620157,16164.113904865753,112.89576445944985,5502.5785402456195,9402.016254743143,0.943552117770275,25.4,Model_2,grid,battery;generator,28,mountain,4G_remote,2500
BTS_03484,16.502083603324984,107.467082183465,763356.4821962721,1826085.6242955863,4760.66,0.0,81.11014941020885,1163364.75,13,89.97503,0,10647.998657123127,6199.818522374232,11.88987617272449,712.6802888215457,257.81076753391216,0.9940550619136378,25.6,Model_2,grid,battery;generator,28,mountain,5G_macro,1000
BTS_03933,16.369583603854984,107.741248849035,792839.9473530147,1811792.7626413929,13457.86,0.0,81.11014941020885,1163364.75,8,89.990234,0,1677.1247399072672,15871.766788925197,9.48270986533559,1963.6935085303126,4441.909569191038,0.9952586450673322,30.6,Model_2,grid,battery;generator,28,mountain,4G_remote,2500
BTS_02114,16.621250269933576,107.52999884994185,769910.193491879,1839362.0091968295,2112.17,0.0,81.11014941020885,1163364.75,8,89.981995,0,16436.879723962786,12238.623385553925,36.884578872287996,0.0,12922.48810854305,0.981557710563856,25.8,Model_1,grid,battery,8,mountain,5G_macro,1000
BTS_03183,16.684583602594987,107.347082183945,750304.0233489918,1846135.13769294,6339.6,408.61138916015625,81.11014941020885,1163364.75,4,89.98456,0,32616.93097713204,17760.034647497992,145.045828968529,608.9425020638527,9082.734941338316,0.9274770855157355,29.5,Model_2,grid,battery;generator,28,mountain,4G_remote,2500
BTS_00333,16.251250270994984,107.86791551519501,806565.1166241124,1798876.046633245,6840.84,1.2699849605560303,81.11014941020885,1163364.75,49,89.99796,0,2755.9105607427737,22605.164722300524,141.9818424097365,11224.759910034747,12001.5383622599,0.9290090787951317,35.6,Model_2,grid,battery;generator,28,mountain,4G_remote,2500
BTS_00416,16.516250270351104,107.30333218417636,745850.3107292149,1827446.8875564707,691.77,498.22845458984375,81.11014941020885,1163364.75,18,89.96817,0,28097.74565076052,15191.049526170584,68.57375599216849,38.37158345959029,7054.514790467429,0.9657131220039158,25.6,Model_1,grid,battery,8,mountain,5G_macro,1000
BTS_00189,16.349500274888097,107.90783217691849,810679.9727003844,1809816.3815470196,2809.29,0.0,81.11014941020885,1163364.75,9,89.97153,5,1004.5827225783514,22130.216520432907,1.8456012218307754,0.0,360.32057450816694,0.9990771993890846,19.3,Model_1,grid,battery,8,mountain,5G_macro,1000
BTS_06355,16.51958360325499,107.567082183065,774012.5268652719,1828156.4802465667,26765.35,0.0,81.11014941020885,1163364.75,1,89.96817,0,4814.335521010855,3639.2965073283203,163.8078478727405,988.757441773929,3566.9813889086076,0.9180960760636298,30.8,Model_2,grid,battery;generator,28,mountain,4G_remote,2500
BTS_06471,16.498750270004987,107.52874884988502,769947.4806300164,1825798.2049642114,24627.18,8.077216148376465,81.11014941020885,1163364.75,4,89.97503,0,4434.340474978546,4747.161198290707,10.379003695634621,563.467643650247,1723.5422706837114,0.9948104981521827,22.0,Model_2,grid,battery;generator,28,mountain,4G_remote,2500
BTS_04220,16.56958360305498,107.551248849795,772251.2796769891,1833670.6223328426,2661.3,0.0,81.11014941020885,1163364.75,2,89.979866,0,10408.928167499855,9396.801151171447,128.6372763742992,104.64900902861574,8495.987618267922,0.9356813618128504,23.1,Model_1,grid,battery,8,mountain,5G_macro,1000
BTS_06466,16.426250270294982,107.753748848985,794090.9558351082,1818085.3515493385,9108.47,0.0,81.11014941020885,1163364.75,7,89.95974,0,8087.65753339411,14180.91185179112,104.06055645942622,4073.167037373126,3905.1099895849125,0.9479697217702869,22.6,Model_2,grid,battery;generator,28,mountain,4G_remote,2500
BTS_05606,16.58375026966499,107.428748850285,759153.1958530364,1835076.7324722086,480.91,0.0,81.11014941020885,1163364.75,10,0.0,0,18641.23157696667,3743.4129896237073,60.84390125345625,0.0,3893.38252347908,0.9695780493732719,23.8,Model_1,grid,battery,8,urban,5G_macro,1000
BTS_01796,16.572708603283925,107.51729051713501,768621.1682365988,1833970.8270623782,10067.93,0.0,81.11014941020885,1163364.75,6,89.98953,0,11745.289786096651,8496.280969440757,7.41792458928349,0.0,7800.797849226351,0.9962910377053582,23.2,Model_1,grid,battery,8,mountain,5G_macro,1000
BTS_02041,16.521250271025387,107.59541551645435,777036.2094283556,1828379.7971334578,24724.11,0.0,81.11014941020885,1163364.75,5,89.981995,0,4930.882571941519,4574.343217678554,44.046646134251624,1024.7816606439312,3104.6968917317017,0.9779766769328742,28.0,Model_2,grid,battery;generator,28,mountain,4G_remote,2500
BTS_03560,16.421666936987315,107.69708218247409,788042.0869947413,1817496.3552604103,20159.58,0.0,81.11014941020885,1163364.75,8,89.97503,0,8497.244965166945,8712.262954304517,81.45049768357141,1230.6182695803102,2849.0820492357966,0.9592747511582143,26.7,Model_2,grid,battery;generator,28,mountain,4G_remote,2500
BTS_00973,16.332083604004982,107.655415516045,783719.1711535193,1807518.938794342,1459.35,0.0,81.11014941020885,1163364.75,43,89.99584,0,9050.658296207432,14463.74829558232,36.377239113032715,8052.96538361359,6632.943556387058,0.9818113804434836,23.1,Model_2,grid,battery;generator,28,mountain,4G_remote,2500
BTS_03837,16.522500269917504,107.47458218336993,764129.7499993123,1828355.708599097,7910.07,0.0,81.11014941020885,1163364.75,18,89.98946,0,10752.080883045492,4872.393979056046,55.07257637494863,0.0,675.1279912646812,0.9724637118125257,23.5,Model_1,grid,battery,8,mountain,5G_macro,1000
BTS_04083,16.410416937024983,107.687082182585,786989.9682102117,1816236.5303567222,8623.36,0.0,81.11014941020885,1163364.75,9,89.981995,5,8097.8443062984215,8526.964515184292,3.8884071147408097,0.0,1628.3727209141823,0.9980557964426297,19.3,Model_1,grid,battery,8,mountain,5G_macro,1000
BTS_04723,16.687916935914984,107.451248850195,761413.8965700641,1846637.8567298113,312.56,54.365997314453125,81.11014941020885,1163364.75,9,89.98714,0,26300.908121308108,15094.674267441325,58.273955273059364,63.006006605255564,11421.569685383738,0.9708630223634703,30.5,Model_1,grid,battery,8,mountain,5G_macro,1000
BTS_06328,16.110416938224976,107.408748850365,757638.4617969368,1782652.565736929,527.11,47.714698791503906,81.11014941020885,1163364.75,486,89.99591,0,43036.56721206504,43218.37663019212,9.205232570697394,0.0,40100.836303979755,0.9953973837146513,22.3,Model_1,grid,battery,8,mountain,5G_macro,1000
BTS_04853,16.472083603444982,107.562082183085,773545.3398386587,1822890.8098286607,32711.11,0.0,81.11014941020885,1163364.75,7,89.98847,0,476.44040605527937,1337.9043946053694,16.932841268795887,93.07673375110465,2117.092872481711,0.991533579365602,24.2,Model_1,grid,battery,8,mountain,5G_macro,1000
BTS_06085,16.48875027004498,107.63541551612501,781355.4120692981,1824836.939644101,7316.31,0.0,81.11014941020885,1163364.75,4,89.981995,0,4075.2090766258125,3404.7749615067887,121.88623206691427,64.2028633476683,4384.573348272802,0.9390568839665429,20.6,Model_1,grid,battery,8,mountain,5G_macro,1000
BTS_03046,16.279583604214984,107.23291551773501,738619.3597595445,1801165.662162366,6125.27,0.0,81.11014941020885,1163364.75,613,89.99769,0,41466.34833022117,37444.01067399684,103.4551089865561,80.3776134615903,31774.807859192802,0.948272445506722,26.9,Model_1,grid,battery,8,mountain,5G_macro,1000
BTS_05855,16.645416936084978,107.386248850455,754534.7737585745,1841848.8913407363,4579.33,1337.6220703125,81.11014941020885,1163364.75,7,89.990234,0,26595.678540514582,11867.231966705136,843.9351680035157,850.0661149896578,4475.538996835595,0.5780324159982422,35.4,Model_3,grid,battery;generator;solar,48,mountain,4G_remote,2500
BTS_02470,16.39875027040498,107.673748849305,785582.080196039,1814925.943084936,26740.33,0.0,81.11014941020885,1163364.75,14,89.969986,0,8279.709008499367,8469.115837319692,12.94121989231154,600.9394414524018,1691.4326804357704,0.9935293900538442,26.5,Model_2,grid,battery;generator,28,mountain,4G_remote,2500
BTS_01096,16.414583603674984,107.549582183135,772290.2478906583,1816507.986710591,4269.33,0.0,81.11014941020885,1163364.75,11,89.979866,0,6148.586519725446,6328.621935575672,40.24342377312745,2154.5531683766153,3499.014665114314,0.9798782881134362,28.3,Model_2,grid,battery;generator,28,mountain,4G_remote,2500
BTS_06432,16.368750270524988,107.81708218206501,800947.746424737,1811811.3944977415,5964.41,0.0,81.11014941020885,1163364.75,3,89.98883,0,7090.383280851602,22800.018077989516,64.98347133951857,8219.061405720513,8900.091752670198,0.9675082643302407,30.6,Model_2,grid,battery;generator,28,mountain,4G_remote,2500
BTS_05202,16.469583603454986,107.554582183115,772747.6408503581,1822603.8784289376,17093.35,0.0,81.11014941020885,1163364.75,3,89.93634,0,1173.6120799989321,2032.2331264041377,29.660233267974483,83.94992619362773,1975.4039513313564,0.9851698833660127,27.7,Model_1,grid,battery,8,mountain,5G_macro,1000
BTS_06431,16.70041693586498,107.440415516905,760241.0425805333,1848007.5047813633,1234.34,2.0388009548187256,81.11014941020885,1163364.75,5,89.98576,0,28061.798961184395,16436.403478701577,175.6473703789483,733.7613623473426,12103.982864943997,0.9121763148105259,32.4,Model_2,grid,battery;generator,28,mountain,4G_remote,2500
BTS_02699,16.565416936404983,107.554582183115,772613.0568711287,1833213.8432123642,2822.38,0.0,81.11014941020885,1163364.75,4,89.97503,0,9912.172442916386,8869.21560098006,26.946055069544233,0.0,8056.458209938356,0.9865269724652279,21.0,Model_1,grid,battery,8,mountain,5G_macro,1000
BTS_03366,16.614583602874983,107.461248850155,762580.8933868723,1838532.4744001012,1252.98,0.0,81.11014941020885,1163364.75,9,89.9852,0,18783.583105851092,7272.745341690412,25.548692562492743,0.0,7261.499144870556,0.9872256537187536,26.7,Model_1,grid,battery,8,mountain,5G_macro,1000
BTS_06430,16.45625027017498,107.768748848925,795648.4872776982,1821429.0632714687,9230.32,0.0,81.11014941020885,1163364.75,7,89.95499,0,11714.363760444365,15300.756294982935,16.56020077983415,5537.577225366899,4588.052024985649,0.9917198996100829,31.2,Model_2,grid,battery;generator,28,mountain,4G_remote,2500
BTS_04117,16.552083603124984,107.45041551686501,761509.0424835944,1831599.1795425692,4341.68,0.0,81.11014941020885,1163364.75,6,89.95974,0,14673.829941599677,1039.0264746687133,33.48505180439524,234.4706515976018,2347.010209082921,0.9832574740978024,24.1,Model_1,grid,battery,8,mountain,5G_macro,1000
BTS_06377,16.264583604274982,107.772082182245,796294.1152402163,1800211.0972588835,2016.67,2.8951809406280518,81.11014941020885,1163364.75,14,89.979866,0,5429.1191263087885,26666.128255017444,54.85469783269067,7188.903591955028,5708.480077044201,0.9725726510836546,31.3,Model_2,grid,battery;generator,28,mountain,4G_remote,2500
BTS_03740,16.41375027034498,107.471248850115,763921.070525994,1816312.0274655423,1466.45,1.133113980293274,81.11014941020885,1163364.75,39,89.97153,0,12010.080378474355,12401.100309645015,45.696811463524035,7223.9146789643855,7919.214406728407,0.9771515942682379,24.0,Model_2,grid,battery;generator,28,mountain,4G_remote,2500
BTS_01837,16.517916938676446,107.53333218350994,770410.349195471,1827926.3127979802,7222.24,0.0,81.11014941020885,1163364.75,7,89.969986,0,5601.345379661642,5322.909021898506,30.038598574087906,0.0,3152.5027363208806,0.9849807007129561,18.7,Model_1,grid,battery,8,mountain,5G_macro,1000
BTS_02937,16.390416937104984,107.71374884914502,789869.4942319228,1814060.0329280968,14029.84,6.072146415710449,81.11014941020885,1163364.75,6,89.97153,0,4612.659257955738,12135.314824681245,18.309195543672722,383.8721345621145,1251.3671126365748,0.9908454022281636,20.7,Model_2,grid,battery;generator,28,mountain,4G_remote,2500
BTS_01408,16.489583603374978,107.753748848985,793995.3922737769,1825098.0770938427,7595.29,0.0,81.11014941020885,1163364.75,26,89.981995,0,15003.337056936805,14091.936220633681,14.664922657517032,5706.152590177549,5256.04809502735,0.9926675386712415,28.5,Model_2,grid,battery;generator,28,mountain,4G_remote,2500
BTS_06376,16.686250269254984,107.454582183515,761771.8344895999,1846457.720206705,93.5,0.0,81.11014941020885,1163364.75,6,89.982346,0,25975.987409515463,14941.808797115407,6.895134377707349,0.0,11460.691650173962,0.9965524328111464,22.2,Model_1,grid,battery,8,mountain,5G_small,300
BTS_02599,16.387083603784983,107.86291551521501,805818.9001898065,1813910.0447267392,11835.56,0.0,81.11014941020885,1163364.75,11,89.98594,0,3810.5731466064053,26601.444057563847,169.96515920051178,6103.739922392789,6368.031864145795,0.9150174203997441,23.7,Model_2,grid,battery;generator,28,mountain,4G_remote,2500
BTS_06374,16.49375027002499,107.68624884925501,786778.3034644462,1825462.1798327619,8073.94,4.654839038848877,81.11014941020885,1163364.75,10,89.95974,0,9474.146216645215,7508.586421691801,394.8490414693139,2140.455027159574,5647.94704579138,0.802575479265343,24.3,Model_2,grid,battery;generator,28,mountain,4G_remote,2500
BTS_02889,16.42125027031498,107.571248849715,774596.1451411089,1817275.3309421635,28257.43,0.0,81.11014941020885,1163364.75,8,89.99331,0,4739.467906913371,5061.390169099834,62.87827863328846,1038.3784896358436,3558.08888795739,0.9685608606833558,33.6,Model_2,grid,battery;generator,28,mountain,4G_remote,2500
BTS_01446,16.709583602494984,107.361248850555,751782.7535359593,1848920.4967378527,940.24,0.0,81.11014941020885,1163364.75,5,89.9852,5,33640.22723664378,19401.556891796885,3.762130412615914,33.942435438875634,11466.102503222824,0.9981189347936921,27.7,Model_1,grid,battery,8,mountain,5G_macro,1000
BTS_05090,16.497916936674983,107.569582183055,774310.1210820328,1825761.0890157055,12823.13,0.0,81.11014941020885,1163364.75,3,89.98847,0,2494.47583363946,1226.7435129271933,68.39968630650752,49.226506882271146,2222.4294298430445,0.9658001568467462,25.4,Model_1,grid,battery,8,mountain,5G_macro,1000
BTS_06201,16.42208360364498,107.692082182565,787507.1525476938,1817535.3801527778,27129.49,0.0,81.11014941020885,1163364.75,7,89.984085,0,8814.231081703736,8224.416112652232,27.309111275739127,1020.4147673779644,2839.4176648385214,0.9863454443621305,34.3,Model_2,grid,battery;generator,28,mountain,4G_remote,2500
BTS_06464,16.273750270904973,107.202082184525,735329.9434888946,1800484.208461762,1329.18,8.886634826660156,81.11014941020885,1163364.75,582,89.99394,0,44625.5277936741,39981.678060530365,112.3111257668524,77.3400437673881,33959.36357702792,0.9438444371165738,22.8,Model_1,grid,battery,8,mountain,5G_macro,1000
BTS_05761,16.286250270854982,107.223748851105,737631.3161101828,1801892.8928339228,2820.19,0.3356249928474426,81.11014941020885,1163364.75,598,89.994965,0,41927.427694184706,37450.13536203723,8.611396609789187,0.0,31601.60544507834,0.9956943016951054,25.9,Model_1,grid,battery,8,mountain,5G_macro,1000
BTS_00062,16.41057828584282,107.67743171645218,785958.3917549727,1816240.7446459823,17623.3,0.0,81.11014941020885,1163364.75,9,89.97153,0,8819.730528973063,7747.637905251462,12.13280827250485,0.0,2194.8033580947135,0.9939335958637475,20.3,Model_1,grid,battery,8,mountain,5G_macro,1000
BTS_03066,16.11708360486498,107.32458218403501,748623.4419112201,1783287.2255219559,1032.94,54.59168243408203,81.11014941020885,1163364.75,599,89.97749,0,46787.25854055807,46987.96498917567,19.611135297399354,0.0,43650.12361768334,0.9901944323513003,31.1,Model_1,grid,battery,8,mountain,5G_macro,1000
BTS_01990,16.407916937034983,107.204582184515,735436.3761104608,1815337.647083989,43.5,43.50109100341797,81.11014941020885,1163364.75,259,89.99431,0,39044.461366256386,29837.509895641342,99.16182544042952,7661.914462369192,22360.357683585706,0.9504190872797852,30.0,Model_2,grid,battery;generator,28,mountain,4G_remote,2500
BTS_05326,16.50791693663498,107.482915516735,765039.596470204,1826752.1803365531,26898.38,0.0,81.11014941020885,1163364.75,7,89.98576,0,9254.744084826969,6641.942566976196,25.046514664834703,750.4608975090529,1477.7503413009224,0.9874767426675827,36.7,Model_2,grid,battery;generator,28,mountain,4G_remote,2500
BTS_06446,16.264583604274982,107.87624884849501,807435.7727664758,1800365.0357941668,13000.3,0.0,81.11014941020885,1163364.75,10,89.95974,0,1250.282663357065,21873.7607950018,10.717572622676533,9535.615885790996,10299.26067599469,0.9946412136886618,31.9,Model_2,grid,battery;generator,28,mountain,4G_remote,2500
BTS_01594,16.211250271154984,107.27374885090501,743068.9372989498,1793649.9333678542,2744.12,92.76286315917969,81.11014941020885,1163364.75,566,89.98953,0,42530.51575479918,41724.640057175915,223.94721774627263,801.6272503952578,36888.06284510116,0.8880263911268637,27.9,Model_2,grid,battery;generator,28,mountain,4G_remote,2500
BTS_06373,16.598750269604984,107.383748850465,754329.4945496737,1836679.634365589,641.23,34.75465774536133,81.11014941020885,1163364.75,12,89.97153,0,23468.083707813137,7986.921599453096,515.2463083492235,1150.7312321687607,0.0,0.7423768458253883,30.6,Model_3,grid,battery;generator;solar,48,mountain,5G_macro,1000
BTS_00074,16.423598760215445,107.58208217980099,775750.4353975893,1817550.0684290708,43162.73,0.0,81.11014941020885,1163364.75,18,89.98714,0,4145.867857699904,4885.0096731383555,55.6953280839033,667.1834750591861,4201.65161931057,0.9721523359580484,34.3,Model_2,grid,battery;generator,28,mountain,4G_remote,2500
BTS_00136,16.670139158535086,107.44013773952575,760252.417711477,1844655.2102771008,1593.46,932.6014404296875,81.11014941020885,1163364.75,10,89.981995,0,25161.851535948615,13084.324414203169,17.658306403186018,0.0,9124.16154869908,0.991170846798407,24.2,Model_1,grid,battery,8,mountain,5G_macro,1000
BTS_04629,16.685000269267597,107.41624885027149,757683.3526239388,1846269.3896706977,3601.17,0.0,81.11014941020885,1163364.75,11,89.993095,0,27927.00761913916,14958.610629356212,5.640141893066943,11.799757598302252,9644.680691570517,0.9971799290534665,22.9,Model_1,grid,battery,8,mountain,5G_macro,1000
BTS_05136,16.706250269174983,107.359582183895,751609.3217938315,1848549.3870635454,1071.79,0.0,81.11014941020885,1163364.75,3,89.969986,0,33473.013633773735,19150.084916222815,76.22132449035081,37.117685789608515,11122.888259557205,0.9618893377548245,25.3,Model_1,grid,battery,8,mountain,5G_macro,1000
BTS_03563,16.47958360341498,107.668748849325,784929.6441203286,1823868.8128664205,9357.01,0.0,81.11014941020885,1163364.75,6,89.983284,0,7424.749458253969,5119.081146371062,5.664580907665575,1549.7117595480236,5983.759213358072,0.9971677095461672,38.4,Model_2,grid,battery;generator,28,mountain,4G_remote,2500
BTS_05184,16.664583602674984,107.340415517305,749618.6893852737,1843912.796436022,2355.7,0.0,81.11014941020885,1163364.75,4,89.982346,0,31623.155811464363,16432.789440690238,43.47556557513585,9.387551250704385,7336.607303922021,0.9782622172124321,27.4,Model_1,grid,battery,8,mountain,5G_macro,1000
BTS_00166,16.432361384154586,107.60360996267836,778038.3266598773,1818549.680333752,70011.48,0.0,81.11014941020885,1163364.75,18,89.984085,0,3419.757119465696,3814.032836191755,33.37519088143394,456.70348637457374,1708.8334469080257,0.983312404559283,26.6,Model_2,grid,battery;generator,28,mountain,4G_remote,2500
BTS_06007,16.454583603514976,107.717082182465,790130.4434364096,1821169.5973481373,1616.09,0.0,81.11014941020885,1163364.75,5,89.981995,0,11212.127532262313,9790.716582505918,118.87903742958265,256.1597131390262,212.85695321168578,0.9405604812852086,25.5,Model_1,grid,battery,8,mountain,5G_macro,1000
BTS_02723,16.28125027087498,107.907915515035,810796.7355681253,1802258.6003375016,3707.28,0.0,81.11014941020885,1163364.75,5,89.984085,5,2666.3262253379976,18919.54566499355,1.66603218312868,7107.161094288223,7769.416088458494,0.9991669839084356,22.6,Model_2,grid,battery;generator,28,mountain,4G_remote,2500
BTS_00894,16.505416936644977,107.428748850285,759257.9365685259,1826404.9203902986,1473.66,0.0,81.11014941020885,1163364.75,8,89.98908,0,14710.161499855958,5308.0986213546885,162.87125910111166,150.40623130127386,3385.9401046248727,0.9185643704494442,27.5,Model_1,grid,battery,8,mountain,5G_macro,1000
BTS_00018,16.49131971520533,107.57888774092727,775313.4218687171,1825043.3730726477,17493.06,0.0,81.11014941020885,1163364.75,6,89.969986,0,2370.4430053239107,924.8384004598026,37.650289552933764,3.34061481948916,1559.3754210634575,0.9811748552235331,20.4,Model_1,grid,battery,8,mountain,5G_macro,1000
BTS_00797,16.327916937354985,107.756248848975,794505.9213920314,1807200.8529014094,15872.41,94.20635986328125,81.11014941020885,1163364.75,4,89.98576,0,243.7231632769235,20182.17037786735,26.271937677106983,607.2865691065823,1423.6840103349489,0.9868640311614465,33.2,Model_2,grid,battery;generator,28,mountain,4G_remote,2500
BTS_04620,16.156250271374972,107.711248849155,789946.3490400538,1788128.9577525072,1811.65,0.0,81.11014941020885,1163364.75,74,89.98763,0,19022.662484135242,34805.0078183278,85.99892227792303,99.48396701717873,17998.248531369827,0.9570005388610385,18.7,Model_1,grid,battery,8,mountain,5G_macro,1000
BTS_05887,16.117083604864984,107.347915517275,751120.2201826107,1783315.5031257884,785.71,712.6060791015625,81.11014941020885,1163364.75,618,89.99814,0,45425.416030941116,45622.050706444854,53.49190587591254,43.25302002590495,42327.71387909778,0.9732540470620438,24.9,Model_1,grid,battery,8,mountain,5G_macro,1000
BTS_05097,16.411250270354984,107.582082183005,775767.8612530709,1816182.919626407,17436.9,0.0,81.11014941020885,1163364.75,56,89.997406,0,5495.938823021931,6232.807066227909,51.67996089869993,1942.8276793586288,4891.561878533772,0.97416001955065,34.0,Model_2,grid,battery;generator,28,mountain,4G_remote,2500
BTS_02799,16.53125026987498,107.52374884990502,769368.3493792994,1829389.6021753233,20267.51,0.0,81.11014941020885,1163364.75,6,89.982346,0,7397.721108267522,7071.942257346432,107.18360266679768,508.12218022449485,4908.99252088932,0.9464081986666012,27.3,Model_2,grid,battery;generator,28,mountain,4G_remote,2500
BTS_00027,16.25402804906916,107.92569329312826,812741.3732123992,1799271.1818174024,6320.66,0.0,81.11014941020885,1163364.75,8,89.97749,5,4333.862666487216,16477.7203041073,0.5997637659190945,6833.558943977069,10892.867043597445,0.9997001181170404,26.2,Model_2,grid,battery;generator,28,mountain,4G_remote,2500
BTS_00381,16.28291693753499,107.837915515315,803307.3430247623,1802337.8194874087,3397.15,0.0,81.11014941020885,1163364.75,14,89.98499,0,5587.315585646271,26257.564895744774,10.998827115059605,9992.6963279935,9510.287069087566,0.9945005864424702,27.5,Model_2,grid,battery;generator,28,mountain,4G_remote,2500
BTS_05115,16.65291693605497,107.40624885037501,756659.1753743519,1842704.7516267432,2133.94,320.94317626953125,81.11014941020885,1163364.75,3,89.909966,0,25749.163745540405,11766.377091145387,70.42130090885445,30.008538125068267,5943.05407129879,0.9647893495455728,25.7,Model_1,grid,battery,8,mountain,5G_macro,1000
BTS_04569,16.337916937314976,107.662915516015,784512.552188904,1808175.2732419132,1351.2,1.1421259641647339,81.11014941020885,1163364.75,65,89.99371,0,8108.7894130807645,14040.843983294515,140.87502600334852,7030.419669548938,5670.92053707724,0.9295624869983258,16.7,Model_2,grid,battery;generator,28,mountain,4G_remote,2500
BTS_06112,16.617083602864984,107.537915516515,770761.08709747,1838911.4051381566,1095.45,0.0,81.11014941020885,1163364.75,6,89.98576,0,15821.226656797111,12639.453215330528,36.8780171389449,0.0,13003.965543245034,0.9815609914305276,25.8,Model_1,grid,battery,8,mountain,5G_macro,1000
BTS_03845,16.513750269944982,107.529582183215,770015.6442227291,1827459.9830818982,5171.92,0.0,81.11014941020885,1163364.75,5,89.95974,0,5481.062229952573,5367.720709075489,62.536576460849055,49.73374028081312,2899.379236422907,0.9687317117695755,26.1,Model_1,grid,battery,8,mountain,5G_macro,1000
BTS_01390,16.307083604104978,107.765415515605,795517.3328271017,1804907.3273044247,11270.48,0.0,81.11014941020885,1163364.75,8,89.979866,0,2435.6606040529937,22543.722962343272,9.902708166037256,2815.0665879729013,1333.7442596933777,0.9950486459169814,39.8,Model_2,grid,battery;generator,28,mountain,4G_remote,2500
BTS_03239,16.47375027010498,107.519582183255,769002.9549712252,1823018.2001296014,4012.84,0.0,81.11014941020885,1163364.75,7,89.983284,0,4657.946681814183,5735.179162428259,18.319156405465932,15.439286103487857,3045.2457910615635,0.9908404217972671,19.0,Model_1,grid,battery,8,mountain,5G_macro,1000
BTS_02224,16.262083604284978,107.919582181655,812074.90905966,1800153.9050610596,6381.99,0.0,81.11014941020885,1163364.75,9,89.969986,0,3471.2285433867614,17249.21736085676,201.1210591466269,6942.219727508841,9928.803811477694,0.8994394704266866,34.9,Model_2,grid,battery;generator,28,mountain,4G_remote,2500
BTS_06455,16.418750270324978,107.578748849685,775401.0873774933,1817008.7359175775,28247.22,0.0,81.11014941020885,1163364.75,9,89.981995,0,4745.284126282451,5363.497413678972,97.45872356355736,1068.8310064589293,4294.750651172913,0.9512706382182213,31.8,Model_2,grid,battery;generator,28,mountain,4G_remote,2500
BTS_01175,16.370416937184984,107.819582182055,801212.44128701,1811999.6553144916,7667.05,0.0,81.11014941020885,1163364.75,7,89.983284,0,7373.8928792475235,22960.217337771028,12.16527412058872,8542.939548556367,9222.368646604189,0.9939173629397057,24.4,Model_2,grid,battery;generator,28,mountain,4G_remote,2500
BTS_03684,16.44041693690498,107.788748848845,797809.7008984305,1819705.2229027983,14793.0,0.0,81.11014941020885,1163364.75,11,89.96817,0,10966.891617781039,17562.014315527726,50.85757612603279,7592.680381382085,6745.727209768984,0.9745712119369836,28.4,Model_2,grid,battery;generator,28,mountain,4G_remote,2500
BTS_06400,16.41625027033499,107.598748849605,777541.8008200321,1816759.2608119694,20138.48,0.0,81.11014941020885,1163364.75,26,89.9951,0,4996.878382537097,5582.129068155831,66.29094697230656,1660.999207952237,3201.3610987055504,0.9668545265138467,23.6,Model_2,grid,battery;generator,28,mountain,4G_remote,2500
BTS_03733,16.476250270094976,107.436248850255,760097.9307052541,1823185.7199825689,3147.98,154.10928344726562,81.11014941020885,1163364.75,7,89.979866,0,13551.780850906778,8395.24562069971,28.457006873595244,1030.4527344960102,3322.8597142862072,0.9857714965632024,24.3,Model_2,grid,battery;generator,28,mountain,4G_remote,2500
BTS_02876,16.411458607143054,107.8090613509163,800024.8238599872,1816528.6614521542,17671.38,0.0,81.11014941020885,1163364.75,9,89.98883,0,9943.829874271585,20315.461410990647,86.31949761440941,8589.935011811447,9796.517777760993,0.9568402511927953,31.1,Model_2,grid,battery;generator,28,mountain,4G_remote,2500
BTS_01065,16.37416693717719,107.84291551522027,803701.0255381179,1812449.6756727728,14082.0,0.0,81.11014941020885,1163364.75,13,89.990234,0,5200.2733428236215,25075.559661194507,8.50195035691657,7129.587680481352,7614.7582390347825,0.9957490248215417,32.6,Model_2,grid,battery;generator,28,mountain,4G_remote,2500
BTS_00078,16.44479193772243,107.59874884968103,777501.2321159211,1819919.256877112,23265.69,0.0,81.11014941020885,1163364.75,15,89.990234,0,1948.7599485823728,3298.474047774158,57.10917047432105,6.69465484615867,2102.9383099754077,0.9714454147628395,32.5,Model_1,grid,battery,8,mountain,5G_macro,1000
BTS_02960,16.53541693652498,107.440415516905,760463.6855389596,1829741.108881375,4819.8,44.680171966552734,81.11014941020885,1163364.75,8,89.9852,0,14649.70246735786,1831.6042404610264,16.052278782627837,18.96514594763961,1526.2454588877374,0.9919738606086861,21.4,Model_1,grid,battery,8,mountain,5G_macro,1000
BTS_04699,16.401250270394982,107.56291551641502,773733.6874281041,1815049.796977206,5085.26,0.0,81.11014941020885,1163364.75,24,89.99431,0,7125.418109500841,7356.418073465622,9.082779265505224,3416.406767752544,5181.103780060607,0.9954586103672474,36.3,Model_2,grid,battery;generator,28,mountain,4G_remote,2500
BTS_02005,16.606666936247596,107.37374885044261,753251.6677344138,1837543.3478245141,636.83,108.22966003417969,81.11014941020885,1163364.75,14,89.981995,5,24845.92131221379,9367.926515477438,4.449861380484709,36.211481926366005,5.255959387919437,0.9977750693097577,27.1,Model_1,grid,battery,8,mountain,5G_macro,1000
BTS_06467,16.32791693735498,107.179582184615,732860.3989792769,1806453.8827317187,944.86,944.8641357421875,81.11014941020885,1163364.75,686,89.99888,0,44151.55227099726,37326.460004873144,182.26702676926624,139.82905586291815,30497.042664449764,0.9088664866153668,24.1,Model_1,grid,battery,8,mountain,5G_macro,1000
BTS_05985,16.55208360312499,107.607915516235,778326.9853150134,1831810.8145036758,1804.86,0.0,81.11014941020885,1163364.75,4,89.97503,0,8377.945011459577,8190.778054800938,10.456566721318104,0.0,3414.618706592704,0.9947717166393409,24.5,Model_1,grid,battery,8,mountain,5G_macro,1000
BTS_02731,16.554583603114978,107.442915516895,760704.8664448203,1831866.1939673594,1933.11,0.0,81.11014941020885,1163364.75,8,89.981995,0,15490.841575732617,375.678684491268,33.65060090285805,0.0,1678.0212265515972,0.983174699548571,18.8,Model_1,grid,battery,8,mountain,5G_macro,1000
BTS_02153,16.492916936694982,107.54374884982501,771557.7845411744,1825172.5412183632,5079.14,0.0,81.11014941020885,1163364.75,5,89.969986,0,2769.8040510684086,3034.612228385467,12.96926610112485,14.825645979958718,209.52204589340926,0.9935153669494375,20.1,Model_1,grid,battery,8,mountain,5G_macro,1000
BTS_00642,16.364305826527175,107.53735996056392,771053.8161467329,1810925.3222496656,2451.73,0.0,81.11014941020885,1163364.75,26,89.98499,5,11826.942617112902,11996.15740016221,2.067042692979386,7794.179611203066,9156.29042936817,0.9989664786535103,21.2,Model_2,grid,battery;generator,28,mountain,4G_remote,2500
BTS_03025,16.665833602677633,107.3545821838531,751128.7272146918,1844068.9426984852,1544.14,10.454364776611328,81.11014941020885,1163364.75,6,89.95974,5,30596.994331156842,15601.988263018056,3.3896605562664774,0.0,6861.231794794828,0.9983051697218668,21.7,Model_1,grid,battery,8,mountain,5G_macro,1000
BTS_04075,16.36791693719499,107.854582181915,804957.9430194467,1811775.0802253464,12793.22,0.0,81.11014941020885,1163364.75,2,89.93634,0,3873.849662008515,26492.40490700348,83.12371385115698,5713.540873535969,6214.975496208191,0.9584381430744215,25.8,Model_2,grid,battery;generator,28,mountain,4G_remote,2500
BTS_05990,16.555416936444978,107.434582183595,759813.9736682441,1831947.650086978,1598.2,459.567626953125,81.11014941020885,1163364.75,7,89.981995,0,16285.452398560386,755.9241046557443,53.628590521551025,118.65953409657395,1025.8057236913246,0.9731857047392245,25.7,Model_1,grid,battery,8,mountain,5G_macro,1000
BTS_01291,16.43569471513768,107.80263773727815,799301.1333612853,1819202.839366409,15252.79,0.0,81.11014941020885,1163364.75,11,89.98714,5,11375.91619688074,19101.665909609732,4.118851322433789,8841.111917588327,8297.077830687778,0.9979405743387831,27.4,Model_2,grid,battery;generator,28,mountain,4G_remote,2500
BTS_01925,16.63270860304536,107.508957183838,767648.2670995602,1840602.2954238986,1181.42,0.0,81.11014941020885,1163364.75,6,89.93634,0,18260.397133651517,11534.991116039842,15.307301573723786,0.0,12695.672919801116,0.9923463492131381,21.1,Model_1,grid,battery,8,mountain,5G_macro,1000
BTS_04745,16.597083603362943,107.3849988505183,754465.1209408209,1836496.7191622788,615.28,21.708885192871094,81.11014941020885,1163364.75,12,89.97878,0,23252.7033154643,7765.872297860419,426.9278659616876,1376.8891694415233,0.0,0.7865360670191562,36.5,Model_2,grid,battery;generator,28,mountain,5G_macro,1000
BTS_04063,16.30041693746498,107.802082182125,799448.3757778008,1804222.6605977146,4878.51,0.0,81.11014941020885,1163364.75,6,89.99,0,1863.43663466824,25811.55493928498,113.52213874632862,6302.859284285483,5259.297280047933,0.9432389306268357,29.4,Model_2,grid,battery;generator,28,mountain,4G_remote,2500
BTS_02130,16.325833604037243,107.74791551560276,793618.0351897082,1806958.1331050878,2892.13,0.0,81.11014941020885,1163364.75,9,89.95499,0,1160.572289938688,19748.653193559865,119.91170130862454,119.16526714106489,1157.4625227316199,0.9400441493456877,23.4,Model_1,grid,battery,8,mountain,5G_macro,1000
BTS_01517,16.262916937614982,107.865415515205,806279.5878041405,1800164.2028694479,11638.46,0.0,81.11014941020885,1163364.75,23,89.99683,0,2421.5136952882976,22997.913698221313,8.771312931013854,10130.824897361095,10934.290685737049,0.9956143435344931,28.3,Model_2,grid,battery;generator,28,mountain,4G_remote,2500
BTS_02063,16.58458360330546,107.50166551748809,766936.5323169307,1835264.646495213,19899.55,115.91835021972656,81.11014941020885,1163364.75,7,89.99371,0,13670.050594634877,7445.933839749837,129.72464574151343,687.9564116469863,7895.763965464505,0.9351376771292432,31.8,Model_2,grid,battery;generator,28,mountain,4G_remote,2500
BTS_03796,16.69458360297511,107.35999885061764,751669.0691921986,1847258.4058067615,1587.2,5.217083930969238,81.11014941020885,1163364.75,3,89.978165,0,32471.998131089014,17986.21528888259,22.71749163601216,0.0,9838.424518977174,0.9886412541819939,24.6,Model_1,grid,battery,8,mountain,5G_macro,1000
BTS_06439,16.29208360416498,107.692082182565,787697.7576513707,1803141.568087396,1281.22,0.0,81.11014941020885,1163364.75,32,89.99138,0,8145.081765248493,19853.245185490687,16.822721317821706,6185.0196243791725,5167.438676684482,0.9915886393410891,34.4,Model_2,grid,battery;generator,28,mountain,4G_remote,2500
BTS_06391,16.304583604114974,107.793748848825,798550.9027504527,1804671.8080111006,7374.06,0.0,81.11014941020885,1163364.75,10,89.99297,0,902.2671487854922,24846.817492429374,47.88575303783163,5299.802460286416,4280.848195872876,0.9760571234810842,35.8,Model_2,grid,battery;generator,28,mountain,4G_remote,2500
BTS_04431,16.479583603414987,107.624582182835,780211.3679663357,1823806.9410013803,44489.75,3.411210060119629,81.11014941020885,1163364.75,3,89.990906,0,2716.5708113898663,2226.714599821037,32.560225137013056,432.62040233525937,3480.591959240888,0.9837198874314935,24.3,Model_2,grid,battery;generator,28,mountain,4G_remote,2500
BTS_06450,16.50625026997498,107.310415517425,746619.4016318915,1826348.592993237,359.66,182.9660186767578,81.11014941020885,1163364.75,19,0.0,0,27194.411019961677,14803.383757529835,26.57973118323756,497.84536271497547,6814.932704691107,0.9867101344083812,25.7,Model_2,grid,battery;generator,28,urban,5G_macro,1000
BTS_00786,16.532083603224777,107.62458218265097,780135.6647477708,1829619.6223569831,10599.08,37.048709869384766,81.11014941020885,1163364.75,1,89.98939,0,6682.464560895358,7556.390561626295,37.48487814441525,381.88761877670447,2481.1510539934216,0.9812575609277924,18.1,Model_2,grid,battery;generator,28,mountain,4G_remote,2500
BTS_04761,16.703750269184976,107.432082183605,759347.4384751201,1848365.652811026,466.36,0.0,81.11014941020885,1163364.75,9,89.95974,5,28809.917877842956,16830.453621148205,2.7871899917999103,0.0,12119.794739520969,0.9986064050041,19.9,Model_1,grid,battery,8,mountain,5G_macro,1000
BTS_05800,16.422083603644975,107.532082183205,770409.871194286,1817314.8637069766,6306.37,0.0,81.11014941020885,1163364.75,16,89.97153,0,6433.638749214944,6643.172484905273,33.99328153150267,1906.2300615923884,3246.4154953871184,0.9830033592342486,34.5,Model_2,grid,battery;generator,28,mountain,4G_remote,2500
BTS_06434,16.60041693626498,107.565415516405,773720.2380097834,1837103.579301969,438.43,1.758033037185669,81.11014941020885,1163364.75,3,89.982346,0,13747.849497662919,12575.619723529486,57.98277761066123,71.76269362351415,9640.062320286286,0.9710086111946694,23.3,Model_1,grid,battery,8,mountain,5G_macro,1000
BTS_05035,16.380000270487198,107.83958218190035,803335.6534947826,1813090.6351660583,15630.56,0.0,81.11014941020885,1163364.75,13,89.98994,0,5697.376984717496,24506.18833476354,15.288613385822629,7722.105066597456,8177.0391323573,0.9923556933070887,30.9,Model_2,grid,battery;generator,28,mountain,4G_remote,2500
BTS_04029,16.482916936734984,107.53374884986502,770503.5503320053,1824051.9866441689,2696.1,0.6438019871711731,81.11014941020885,1163364.75,1,89.98847,0,3221.198607060177,4056.315081663181,33.88700672605511,45.82623651232265,1241.3136775621847,0.9830564966369725,32.6,Model_1,grid,battery,8,mountain,5G_macro,1000
BTS_06178,16.554583603114978,107.452915516855,761772.6027648859,1831879.1999395946,3684.05,0.0,81.11014941020885,1163364.75,9,89.97153,0,14618.0262483672,1337.8321561982063,27.15909810680433,0.0,2681.5125251553472,0.9864204509465978,21.1,Model_1,grid,battery,8,mountain,5G_macro,1000
BTS_02535,16.582083603004982,107.37208218384501,753105.9637990982,1834819.8523433085,3467.96,22.131637573242188,81.11014941020885,1163364.75,10,89.95974,0,23524.954633636222,8048.4922146766885,32.35099910804767,0.0,219.86625809042422,0.9838245004459761,22.1,Model_1,grid,battery,8,mountain,5G_macro,1000
BTS_03511,16.28791693751498,107.849582181935,804547.3817492039,1802908.865715065,3976.19,0.0,81.11014941020885,1163364.75,7,89.98763,0,4661.903219504263,25153.106653360956,22.157719748417957,8728.708117555874,9596.723367465014,0.988921140125791,34.5,Model_2,grid,battery;generator,28,mountain,4G_remote,2500
BTS_06433,16.27458360423498,107.77791551555501,796902.9735557269,1801326.8435974105,3021.06,0.0,81.11014941020885,1163364.75,15,89.979866,0,4185.845395498751,26161.435763553356,114.45788518585636,6511.467037456405,4955.319954695294,0.9427710574070718,25.8,Model_2,grid,battery;generator,28,mountain,4G_remote,2500
BTS_00735,16.32791693776708,107.62416551623433,780384.2031004778,1807014.3053330954,1964.14,2.487684965133667,81.11014941020885,1163364.75,33,89.99252,0,12396.473353216968,14570.192644946204,8.901335851965849,9859.10506126115,9135.575883071628,0.9955493320740171,32.4,Model_2,grid,battery;generator,28,mountain,4G_remote,2500
BTS_06483,16.66541693600498,107.341248850635,749706.5291449812,1844006.0880880686,2260.02,0.0,81.11014941020885,1163364.75,6,89.9852,0,31617.311754800994,16445.334554564844,14.527763684117252,0.0,7374.744133266069,0.9927361181579414,24.5,Model_1,grid,battery,8,mountain,5G_macro,1000
BTS_04364,16.49541693668498,107.544582183155,771643.3041134782,1825450.4434477286,3490.27,0.0,81.11014941020885,1163364.75,3,89.97153,0,2899.7288481612914,3021.4363553895546,157.8587950570371,157.36803709295555,436.43861589431293,0.9210706024714814,24.3,Model_1,grid,battery,8,mountain,5G_macro,1000
BTS_02429,16.22291693777499,108.07958218101501,829256.2543141947,1796067.2508412318,7359.58,0.0,81.11014941020885,1163364.75,6,89.99316,0,21122.620546372276,1539.967593822526,20.80479824724572,10057.168898419313,11769.207295133256,0.9895976008763772,34.9,Model_2,grid,battery;generator,28,mountain,4G_remote,2500
BTS_03469,16.40958360369498,107.656248849375,783696.0588640799,1816100.823860184,33249.16,0.0,81.11014941020885,1163364.75,22,89.99628,0,8928.541152176733,6424.657084667123,100.37424410401533,989.1652259462718,3902.52998248758,0.9498128779479923,34.3,Model_2,grid,battery;generator,28,mountain,4G_remote,2500
BTS_06445,16.38125027047498,107.69458218255501,787834.3967363616,1813017.7772418107,1872.05,0.0,81.11014941020885,1163364.75,8,89.981995,0,5347.512775206602,11376.568249347474,14.65694789428079,1515.7750804378466,0.0,0.9926715260528596,42.8,Model_2,grid,battery;generator,28,mountain,5G_macro,1000
BTS_03103,16.478750270084983,107.486248850055,765435.4073941594,1823527.5991468583,8187.98,75.26824951171875,81.11014941020885,1163364.75,6,89.979866,0,8215.029541444404,9151.017667745393,19.76448712455539,477.95630000596617,1631.7981647723375,0.9901177564377223,28.3,Model_2,grid,battery;generator,28,mountain,4G_remote,2500
BTS_01731,16.36791693719498,107.72708218242501,791328.068456914,1811587.839471024,20086.85,0.0,81.11014941020885,1163364.75,6,89.981995,0,1748.208312565652,14848.662925778845,32.45337607656612,674.0581533163116,3086.2159563849636,0.9837733119617169,37.7,Model_2,grid,battery;generator,28,mountain,4G_remote,2500
BTS_06096,16.60208360292498,107.353748850585,751122.8419365943,1837010.79031939,5568.12,991.3201904296875,81.11014941020885,1163364.75,17,89.99006,0,26341.360815001262,10814.286253550577,154.04590514945525,426.5671723490118,1642.7771211747624,0.9229770474252723,24.0,Model_2,grid,battery;generator,28,mountain,4G_remote,2500
BTS_00903,16.526666936567487,107.49541551661942,766348.9039414355,1828844.4540898206,22931.73,0.0,81.11014941020885,1163364.75,4,89.97503,0,9132.920387488308,6480.793698064729,14.957562755818019,1065.3353673983693,2882.8494621626655,0.992521218622091,29.2,Model_2,grid,battery;generator,28,mountain,4G_remote,2500
BTS_06481,16.374583603834985,107.56291551641502,773770.9724113496,1812097.4718967215,3117.32,0.0,81.11014941020885,1163364.75,16,89.99126,0,9908.368388560317,10284.383337355086,13.830038280896296,6176.593896478635,8058.592919034799,0.9930849808595519,20.0,Model_2,grid,battery;generator,28,mountain,4G_remote,2500
BTS_06480,16.48791693671498,107.570415516385,774413.2425479444,1824655.0873708748,20882.65,0.0,81.11014941020885,1163364.75,7,89.95499,0,1507.467569321528,153.46314924839982,9.35372839718985,0.0,2069.743843006323,0.9953231358014051,19.2,Model_1,grid,battery,8,mountain,5G_macro,1000
BTS_00243,16.465625276324985,107.54267741829489,771481.4025411743,1822149.597763039,8747.42,0.0,81.11014941020885,1163364.75,9,89.98883,0,2480.3496638494958,3285.652007793232,20.226172955778335,0.0,1918.083117139092,0.9898869135221108,30.0,Model_1,grid,battery,8,mountain,5G_macro,1000
BTS_06422,16.43375027026499,107.505415516645,767544.5178897949,1818571.0258297808,3457.77,14.30148696899414,81.11014941020885,1163364.75,12,89.990234,0,7755.998755874303,8139.427338640956,43.13352699266553,3259.0045568413984,4895.679133074081,0.9784332365036672,27.3,Model_2,grid,battery;generator,28,mountain,4G_remote,2500
BTS_05268,16.157083605113296,107.70999884922657,789811.371375479,1788219.463414391,1824.79,0.0,81.11014941020885,1163364.75,74,89.990456,5,18998.317181062946,34680.948237946424,2.0777225801562342,0.0,17943.49283328445,0.9989611387099219,25.3,Model_1,grid,battery,8,mountain,5G_macro,1000
BTS_04593,16.50333360332743,107.58041551627716,775459.5925520684,1826375.5706023728,72726.5,0.0,81.11014941020885,1163364.75,6,89.98847,0,3521.058312362114,2045.680688709531,41.604167342536975,398.3773367397318,1787.9329139479742,0.9791979163287315,22.3,Model_2,grid,battery;generator,28,mountain,4G_remote,2500
BTS_05421,16.29041693750498,107.680415515945,786452.6127932286,1802940.613506204,996.42,36.99006271362305,81.11014941020885,1163364.75,43,89.997246,0,9334.417913899222,19617.664157737923,130.1745086179904,7329.6982102024995,6291.223978277086,0.9349127456910048,37.2,Model_2,grid,battery;generator,28,mountain,4G_remote,2500
BTS_04538,16.507916937051114,107.63666551618454,781461.1878716582,1826960.7907620803,4172.54,1.8941829204559326,81.11014941020885,1163364.75,6,89.98658,0,5266.720268784209,5490.266258551145,14.045227917352166,0.0,4480.537774430978,0.9929773860413239,29.0,Model_1,grid,battery,8,mountain,5G_macro,1000
BTS_04190,16.46708360346499,107.64541551608502,782455.085523139,1822452.0088566022,4031.83,0.0,81.11014941020885,1163364.75,2,89.979866,0,5043.857988508869,2278.216184625771,45.63458901723612,154.06754674776712,3890.8734309826327,0.977182705491382,22.3,Model_1,grid,battery,8,mountain,5G_macro,1000
BTS_04827,16.23625027146482,107.25749885102539,741300.5300138921,1796397.9804264298,2165.72,355.61822509765625,81.11014941020885,1163364.75,560,89.981995,0,42108.558532718314,40059.24483879862,39.17010832419641,8.873998343315318,35089.79460560778,0.9804149458379018,24.1,Model_1,grid,battery,8,mountain,5G_macro,1000
BTS_02115,16.257083604304984,107.207915517835,735973.5172763565,1798646.155568284,4801.81,0.0,81.11014941020885,1163364.75,602,89.99484,0,45055.380954491964,41039.643952492035,439.65767898030373,559.0252865079484,35244.98251810943,0.7801711605098481,30.3,Model_2,grid,battery;generator,28,mountain,4G_remote,2500
BTS_05498,16.433750270679415,107.56833218312292,774266.9279315504,1818655.2881257636,64608.35,244.9483184814453,81.11014941020885,1163364.75,8,89.99297,0,3572.9701350610694,3711.865556502319,25.822216786215243,320.2870605101796,2355.6464385954205,0.9870888916068924,28.9,Model_2,grid,battery;generator,28,mountain,4G_remote,2500
BTS_04382,16.362916937214987,107.53374884986502,770669.7625355897,1810766.7429376543,2567.88,0.0,81.11014941020885,1163364.75,23,89.98752,0,12097.011525559534,12269.75903703532,11.724323457509653,8009.911058045816,9369.635710417262,0.9941378382712451,26.2,Model_2,grid,battery;generator,28,mountain,4G_remote,2500
BTS_04689,16.536250269854982,107.50624884997501,767492.610297482,1829919.7920710805,18628.15,0.0,81.11014941020885,1163364.75,6,89.99252,0,8998.955598226468,7214.166553236118,26.795737722194684,1611.1707549995472,4361.276163963009,0.9866021311389026,31.0,Model_2,grid,battery;generator,28,mountain,4G_remote,2500
BTS_03961,16.300416937464977,108.033748847865,824224.6386115728,1804577.1235596212,2594.67,40.982566833496094,81.11014941020885,1163364.75,6,89.98714,0,15384.717440440414,8529.502858104448,125.30530846306058,2398.165692687246,1893.4806390271742,0.9373473457684697,29.3,Model_2,grid,battery;generator,28,mountain,4G_remote,2500
BTS_06479,16.43041693694499,107.52374884990502,769507.9385822649,1818226.3302753626,9593.87,0.0,81.11014941020885,1163364.75,7,89.98727,0,6451.767039023836,6669.097448728038,16.787983489388427,1914.7349480578885,3248.280758010784,0.9916060082553058,31.0,Model_2,grid,battery;generator,28,mountain,4G_remote,2500
BTS_05011,16.39458360375498,107.69291551589501,787636.6616560083,1814491.706006658,1636.69,0.0,81.11014941020885,1163364.75,16,89.979866,0,6399.741580220943,10169.763321966724,32.596596781956976,1106.609724354778,0.0,0.9837017016090215,27.8,Model_2,grid,battery;generator,28,mountain,5G_macro,1000
BTS_02482,16.495416936684983,107.478748850085,764611.6057125931,1825362.8630124724,2970.58,0.0,81.11014941020885,1163364.75,11,89.96817,0,9257.206607169237,7464.051038991376,6.365870701400796,0.0,536.8352674531371,0.9968170646492996,25.8,Model_1,grid,battery,8,mountain,5G_macro,1000
BTS_00862,16.44041693690498,107.717915515795,790240.5672699899,1819602.1993107765,2724.69,0.0,81.11014941020885,1163364.75,3,89.98908,0,9656.473130282578,10088.70322494119,94.30683160048471,105.51938613632925,740.7472678089456,0.9528465841997577,22.6,Model_1,grid,battery,8,mountain,5G_macro,1000
BTS_05686,16.250416937664983,107.25624885097501,741149.5790222858,1797964.6131440124,1947.41,49.08173370361328,81.11014941020885,1163364.75,595,89.99775,0,41242.05883456455,38765.91148065863,149.35041557911225,104.5574676002379,33672.427577549475,0.9253247922104438,26.3,Model_1,grid,battery,8,mountain,5G_macro,1000
BTS_04046,16.282083604616258,107.93333218167197,813513.9382644594,1802389.768394158,6874.72,0.0,81.11014941020885,1163364.75,7,89.93634,0,5159.3307295832465,16337.593121397313,62.30790573530059,4527.8700035017055,8036.2758801383125,0.9688460471323497,32.7,Model_2,grid,battery;generator,28,mountain,4G_remote,2500
BTS_01036,16.581250270092678,107.51166551668142,768008.7626341893,1834908.9531058106,10714.74,0.0,81.11014941020885,1163364.75,9,89.99,0,12856.162296576356,8243.675830009539,18.14428066995259,0.0,8146.660052298282,0.9909278596650237,30.3,Model_1,grid,battery,8,mountain,5G_macro,1000
BTS_03528,16.23875027104499,108.082082181005,829497.3712931394,1797824.8606357693,7951.41,0.0,81.11014941020885,1163364.75,15,89.9947,0,21048.05915814143,425.75008132727226,44.621924378808885,9476.22941971145,10460.388192738123,0.9776890378105956,26.6,Model_2,grid,battery;generator,28,mountain,4G_remote,2500
BTS_06268,16.472916936774983,107.768748848925,795623.1915273718,1823274.5379451793,6602.07,0.0,81.11014941020885,1163364.75,12,89.990234,0,13489.804357870176,15367.887661925268,397.9372007834505,5982.611901930081,5209.025721289303,0.8010313996082747,27.5,Model_2,grid,battery;generator,28,mountain,4G_remote,2500
BTS_01856,16.232083604404984,107.25624885097501,741171.9408327977,1795935.3002408457,1251.94,4.06085205078125,81.11014941020885,1163364.75,565,89.97878,0,42504.42741615244,40527.1891629997,5.676367275264644,0.0,35568.757516144,0.9971618163623677,36.6,Model_1,grid,battery,8,mountain,5G_macro,1000
BTS_05667,16.473750270104986,107.646248849415,782534.4428058465,1823191.3022440742,16264.1,0.0,81.11014941020885,1163364.75,5,89.98658,0,5026.808814680921,2712.9722843069776,10.728116140391055,578.5582632813707,4546.349434210189,0.9946359419298044,38.9,Model_2,grid,battery;generator,28,mountain,4G_remote,2500
BTS_05780,16.278750270884984,108.01041551462501,821764.385675933,1802140.6228017837,5993.89,1.6822420358657837,81.11014941020885,1163364.75,9,89.96817,0,13200.419709571766,8655.18744973034,71.78001368566729,1274.4739641773353,4088.4144108623436,0.9641099931571664,24.7,Model_2,grid,battery;generator,28,mountain,4G_remote,2500
BTS_02919,16.369583603854984,107.883748848465,808073.4459460243,1812003.6814727692,10356.52,0.0,81.11014941020885,1163364.75,13,89.99168,0,868.8677594114646,25513.914840457677,40.82715646066735,3156.2451916363757,3441.140756817008,0.9795864217696664,26.1,Model_2,grid,battery;generator,28,mountain,4G_remote,2500
BTS_04253,16.515416936604982,107.534582183195,770547.3320011958,1827651.2142695414,6348.9,0.0,81.11014941020885,1163364.75,5,89.98946,5,5297.897104711046,5044.211552959316,1.985867705810427,0.0,2847.150337191024,0.9990070661470948,21.3,Model_1,grid,battery,8,mountain,5G_macro,1000
BTS_06478,16.56875026972499,107.507082183305,767536.7173410221,1833518.9613561942,4932.51,0.0,81.11014941020885,1163364.75,5,89.983284,0,11859.305151790068,7329.490297660808,162.94219857811234,237.36477403618431,6750.580806479647,0.9185289007109438,21.9,Model_1,grid,battery,8,mountain,5G_macro,1000
BTS_01127,16.473750270104983,107.63208218280501,781020.9957522799,1823171.5191897538,1378.17,0.0,81.11014941020885,1163364.75,3,89.981995,0,3518.3808636334143,1723.658484912506,71.32723820151729,65.40701865347168,3863.266946459091,0.9643363808992413,26.7,Model_1,grid,battery,8,mountain,5G_macro,1000
BTS_04114,16.53541693652498,107.430415516945,759395.8517796551,1829728.182787389,1629.39,348.0848083496094,81.11014941020885,1163364.75,7,89.99086,0,15612.425567347831,2134.6665376930378,20.622223360529546,177.23769393139116,637.5079519339813,0.9896888883197352,21.1,Model_1,grid,battery,8,mountain,5G_macro,1000
BTS_05563,16.340416937304983,107.505415516645,767672.0726034123,1808238.2770664613,4869.83,58.57185363769531,81.11014941020885,1163364.75,17,89.99612,0,15589.975369218986,15778.304968185968,129.05951288485915,9665.270793176302,12618.169002834982,0.9354702435575705,25.0,Model_2,grid,battery;generator,28,mountain,4G_remote,2500
BTS_06476,16.547916936474987,107.410415517025,757243.6196560044,1831086.2739636754,1007.24,647.4287109375,81.11014941020885,1163364.75,14,89.9921,0,18135.137552956556,3263.1920334591173,69.1915391909132,1.3538813774466993,639.0808255992073,0.9654042304045434,29.8,Model_1,grid,battery,8,mountain,5G_macro,1000
BTS_04337,16.292083604164976,107.78708218218502,797856.9094559436,1803277.9453095798,6382.33,0.0,81.11014941020885,1163364.75,27,89.997925,0,2097.1833975766226,25331.244936050745,47.7000495228581,5579.643379354409,4182.219310118137,0.9761499752385709,36.3,Model_2,grid,battery;generator,28,mountain,4G_remote,2500
BTS_01317,16.482639159280065,107.49263773931105,766112.5403488763,1823966.5463383563,11135.99,0.0,81.11014941020885,1163364.75,10,89.909966,0,7560.800806411091,8436.619333959618,58.598169352503774,1235.2067931822626,2032.6551105520177,0.9707009153237481,35.6,Model_2,grid,battery;generator,28,mountain,4G_remote,2500
BTS_06352,16.28541693752498,107.936248848255,813820.5935588708,1802763.3881036923,6047.6,0.0,81.11014941020885,1163364.75,10,89.99338,0,5577.893828710222,16160.065616621707,32.27180887030912,4092.8085354101854,7787.6284928161585,0.9838640955648454,27.6,Model_2,grid,battery;generator,28,mountain,4G_remote,2500
BTS_00798,16.513750269944975,107.516248849935,768591.6271303047,1827442.148028069,22464.7,0.0,81.11014941020885,1163364.75,4,89.97153,0,6501.5919194973285,6602.287679091296,29.05735543061318,548.6776000029704,3801.6357545551346,0.9854713222846934,38.4,Model_2,grid,battery;generator,28,mountain,4G_remote,2500
BTS_02557,16.372500270546116,107.81874884835442,801120.154879659,1812229.1099710346,8377.38,0.0,81.11014941020885,1163364.75,9,89.909966,0,7541.936450695157,22781.204538846483,19.514952834098466,8586.122865279587,9312.078479582235,0.9902425235829507,35.8,Model_2,grid,battery;generator,28,mountain,4G_remote,2500
BTS_01578,16.580416936762706,107.6008321829936,777529.9564376452,1834937.979627513,7642.59,656.305908203125,81.11014941020885,1163364.75,11,89.99749,0,11465.725746466476,10809.03491190651,24.21625495919264,396.04594670864776,5278.127786067277,0.9878918725204037,24.7,Model_2,grid,battery;generator,28,mountain,4G_remote,2500
BTS_05425,16.35375027058498,107.13458218479501,728020.8353518613,1809262.2645872624,1103.17,332.31793212890625,81.11014941020885,1163364.75,606,89.99117,0,47754.87227963626,39379.268622901596,45.60296000978467,2.1070625369133507,31946.006784663663,0.9771985199951077,18.2,Model_1,grid,battery,8,mountain,5G_macro,1000
BTS_06416,16.432916936934976,107.63124884947501,780990.8174249767,1818649.3818911947,11027.53,156.2034454345703,81.11014941020885,1163364.75,23,89.997536,5,5229.645190727273,3004.5292228136027,1.6585107256138543,0.0,1069.8330069665599,0.999170744637193,17.6,Model_1,grid,battery,8,mountain,5G_macro,1000
BTS_06415,16.29375027082498,107.700415515865,788586.4422210424,1803337.877378139,1350.22,0.0,81.11014941020885,1163364.75,28,89.99478,0,7282.669367010893,20020.013243534184,76.74058672152233,5365.554339419883,4373.7983263628585,0.9616297066392389,27.6,Model_2,grid,battery;generator,28,mountain,4G_remote,2500
BTS_05431,16.514583603274982,107.486248850055,765386.4948254792,1827494.6212373595,27098.64,0.0,81.11014941020885,1163364.75,5,89.95974,0,9240.77744546527,6387.423613096188,180.5674455844213,338.3869591397493,1814.0214050709499,0.9097162772077894,20.2,Model_2,grid,battery;generator,28,mountain,4G_remote,2500
BTS_01246,16.57458360303498,107.600415516265,777493.8379529049,1834291.5564514918,8975.35,0.0,81.11014941020885,1163364.75,6,89.99338,0,10819.315115992653,10179.031136566178,6.842309396985748,479.42463140903385,4946.546831726438,0.9965788453015071,27.0,Model_2,grid,battery;generator,28,mountain,4G_remote,2500
BTS_02862,16.516250269934975,107.59958218293501,777488.3657508057,1827831.9581063744,27336.88,0.0,81.11014941020885,1163364.75,2,89.978165,0,4359.77949072529,4416.435639834457,180.25731618205924,992.1251828176904,2615.6463276297104,0.9098713419089703,29.0,Model_2,grid,battery;generator,28,mountain,4G_remote,2500
BTS_01221,16.264583604274982,107.71374884914502,790055.1525303889,1800127.3806258622,1733.86,0.0,81.11014941020885,1163364.75,31,89.99338,0,8503.99442150662,23550.471838946036,46.23134092020074,7176.82527348571,6388.735957102327,0.9768843295398997,23.7,Model_2,grid,battery;generator,28,mountain,4G_remote,2500
BTS_06414,16.08791693831498,107.35874885056501,752316.3368743169,1780100.1131963069,1676.22,2.263936996459961,81.11014941020885,1163364.75,612,89.99204,0,47636.850110374246,47827.85789084008,18.88969858219386,0.0,44596.72801751045,0.9905551507089031,28.2,Model_1,grid,battery,8,mountain,5G_macro,1000
BTS_06413,16.590416936304983,107.530415516545,769997.7827659847,1835948.9611970852,580.48,419.7106628417969,81.11014941020885,1163364.75,4,89.993095,0,13111.581152024206,10484.443845520846,41.41910781384786,5.653595611855363,10193.213038965152,0.979290446093076,25.7,Model_1,grid,battery,8,mountain,5G_macro,1000
BTS_05352,16.495416936684983,107.46208218348501,762831.4760476002,1825341.0559385715,1616.25,88.37290954589844,81.11014941020885,1163364.75,11,89.98727,0,10997.812308219245,6663.955273226699,76.36703820167551,880.7080289224496,0.0,0.9618164808991623,25.7,Model_2,grid,battery;generator,28,mountain,5G_macro,1000
BTS_01039,16.57791693635497,107.604582182915,777933.9370148124,1834666.3811731846,3774.14,0.0,81.11014941020885,1163364.75,10,89.99626,0,11201.936344084872,10670.358603310964,31.541191330295486,0.0,4792.1518139493155,0.9842294043348523,25.8,Model_1,grid,battery,8,mountain,5G_macro,1000
BTS_06353,16.191250271234985,107.716248849135,790430.1861225567,1792011.285309473,5437.56,0.0,81.11014941020885,1163364.75,64,89.990906,0,15346.374308563054,31244.39651732708,9.642485807441421,443.7595169710259,14121.061702300776,0.9951787570962793,25.0,Model_2,grid,battery;generator,28,mountain,4G_remote,2500
BTS_06369,16.39541693708498,107.625415516165,780421.3054999666,1814489.3983714439,4961.1,0.0,81.11014941020885,1163364.75,23,89.99252,0,8106.273661359136,7095.42924090427,14.267355441453775,3111.1415086145903,4612.541235709659,0.9928663222792731,25.5,Model_2,grid,battery;generator,28,mountain,4G_remote,2500
BTS_05663,16.479583603414984,107.666248849335,784662.5680851133,1823865.2830275209,10140.84,0.0,81.11014941020885,1163364.75,3,89.97878,0,7157.874148665205,4879.876034769613,173.84414716281097,1394.5952030199837,6212.826467783009,0.9130779264185945,20.7,Model_2,grid,battery;generator,28,mountain,4G_remote,2500
BTS_04233,16.28291693785766,107.93562384815714,813757.7261291397,1802485.5750737428,6832.49,0.0,81.11014941020885,1163364.75,9,89.95974,0,5421.0920756573105,16133.404552285898,71.65961456684988,4266.868484867029,8025.547164397037,0.9641701927165751,22.5,Model_2,grid,battery;generator,28,mountain,4G_remote,2500
BTS_05111,16.48458360339498,107.695415515885,787771.0891039905,1824460.285569334,7007.49,0.0,81.11014941020885,1163364.75,12,89.981995,0,10303.080219816675,7960.209594196989,7.2520698669797214,3550.2200820259204,4246.6736309228145,0.9963739650665101,39.2,Model_2,grid,battery;generator,28,mountain,4G_remote,2500
BTS_00249,16.34625027061498,107.522915516575,769534.7407470595,1808907.1885322046,4837.21,32.921775817871094,81.11014941020885,1163364.75,22,89.99168,5,14231.463912125628,14408.413941633737,3.3082080211989275,10064.288421911098,11420.601164477606,0.9983458959894005,30.1,Model_2,grid,battery;generator,28,mountain,4G_remote,2500
BTS_02375,16.197916937874986,107.724582182435,791311.9864501164,1792761.2509578487,3197.37,4.5092878341674805,81.11014941020885,1163364.75,76,89.99288,0,14265.166804053362,30837.876794718813,50.795535260892194,676.1152528082577,13175.214787822302,0.9746022323695539,32.9,Model_2,grid,battery;generator,28,mountain,4G_remote,2500
BTS_01325,16.492083603364986,107.374582183835,753490.445063976,1824859.9896284768,3491.59,1384.6854248046875,81.11014941020885,1163364.75,21,89.99006,0,20214.23190606267,9683.987550495247,31.401160638834437,417.20588161333797,4587.918962974311,0.9842994196805828,27.8,Model_2,grid,battery;generator,28,mountain,4G_remote,2500
BTS_05491,16.56291693641498,107.55041551646501,772171.6765776346,1832931.4066465618,3029.17,0.0,81.11014941020885,1163364.75,3,89.98883,5,9688.727772312957,8702.69408908407,0.5332002462493116,0.0,7755.35321650789,0.9997333998768754,22.8,Model_1,grid,battery,8,mountain,5G_macro,1000
BTS_03396,16.536250269854982,107.502082183325,767047.6620589233,1829914.2534757403,19313.1,132.12432861328125,81.11014941020885,1163364.75,5,89.97153,0,9305.091819865442,6783.173050224632,49.97917463453838,1167.279805792069,3968.783981242416,0.9750104126827308,24.4,Model_2,grid,battery;generator,28,mountain,4G_remote,2500
BTS_04702,16.55041693646499,107.45708218350501,762223.1339980332,1831423.3597285643,5397.8,83.34634399414062,81.11014941020885,1163364.75,8,89.983284,0,13986.632736348976,1759.131162732569,71.06033202692812,0.0,2984.8967099364177,0.964469833986536,20.7,Model_1,grid,battery,8,mountain,5G_macro,1000
BTS_05694,16.431250270274983,107.799582182135,798981.4110631347,1818706.1825717697,16301.35,0.0,81.11014941020885,1163364.75,10,89.98658,0,10787.407783207858,18853.887533947196,60.53741730124695,8323.390771503107,8085.783351824485,0.9697312913493765,33.1,Model_2,grid,battery;generator,28,mountain,4G_remote,2500
BTS_02150,16.418750270324978,107.700415515865,788402.6079565318,1817178.160706394,17659.25,0.0,81.11014941020885,1163364.75,7,89.95974,0,8041.182520756717,9180.618438584543,50.43069213012634,978.7011724157513,2635.2612667976114,0.9747846539349369,30.1,Model_2,grid,battery;generator,28,mountain,4G_remote,2500
BTS_05688,16.295416937484983,108.009582181295,821648.0302010089,1803985.091815688,6292.14,0.0,81.11014941020885,1163364.75,6,89.96817,0,13220.29155718374,9837.897095714068,26.842926732280933,1057.9545230038348,2439.0482018296934,0.9865785366338595,28.9,Model_2,grid,battery;generator,28,mountain,4G_remote,2500
BTS_06395,16.306250270774985,107.70874884916502,789459.1877091734,1804733.7186698408,863.89,27.742483139038086,81.11014941020885,1163364.75,16,89.98456,0,5844.384618979446,19155.979633277435,155.8189903526028,3830.0991404118454,2798.7868479816143,0.9220905048236986,23.2,Model_2,grid,battery;generator,28,mountain,4G_remote,2500
BTS_01094,16.69541693588497,107.35874885056501,751534.6148485704,1847349.0776999665,1618.6,0.0,81.11014941020885,1163364.75,4,89.95974,5,32629.772114281528,18131.229596545392,2.7963757680582324,0.0,9950.517526196163,0.9986018121159709,27.4,Model_1,grid,battery,8,mountain,5G_macro,1000
BTS_06397,16.434583603594987,107.575415516365,775022.5988752826,1818757.1670821293,12925.44,0.0,81.11014941020885,1163364.75,33,89.978165,0,3214.514300386702,3586.329717266646,59.45366229546722,66.99845325314347,2952.282926573735,0.9702731688522664,25.1,Model_1,grid,battery,8,mountain,5G_macro,1000
BTS_06394,16.382083603804983,107.67791551595501,786051.750184145,1813086.4719258326,567.42,0.0,81.11014941020885,1163364.75,20,89.98576,0,6952.294664236674,10234.38019547597,28.6858651180462,2331.587873633663,970.3383463008635,0.9856570674409769,34.9,Model_2,grid,battery;generator,28,mountain,5G_macro,1000
BTS_02993,16.430416936944983,107.798748848805,798893.6313115853,1818612.675398422,16438.44,0.0,81.11014941020885,1163364.75,11,89.909966,5,10659.72728386507,18781.709747440433,0.264151339163881,8202.47136873097,8023.528108384389,0.999867924330418,34.7,Model_2,grid,battery;generator,28,mountain,4G_remote,2500
BTS_06334,16.549583603134984,107.612915516215,778864.51513106,1831540.9564534884,968.43,0.0,81.11014941020885,1163364.75,4,89.97153,0,8180.68930893883,8222.978336553671,59.74258478240674,45.2488126326318,2884.6846468820295,0.9701287076087967,18.6,Model_1,grid,battery,8,mountain,5G_macro,1000
BTS_04100,16.50875026996498,107.47541551676501,764237.4519809533,1826834.5814503746,3516.16,0.0,81.11014941020885,1163364.75,15,89.98658,0,10033.524993030534,6053.165125401521,10.07728110088119,836.8789264360718,735.323747574983,0.9949613594495594,30.3,Model_2,grid,battery;generator,28,mountain,5G_macro,1000
BTS_02759,16.50541693664497,107.408748850365,757121.9605079128,1826379.2869171114,932.4,0.0,81.11014941020885,1163364.75,7,89.909966,0,16800.952261997263,6179.2624960501025,5.6480531263755545,9.759959283704221,3733.4136452944967,0.9971759734368122,28.0,Model_1,grid,battery,8,mountain,5G_macro,1000
BTS_03288,16.427083603624993,107.604582182915,778149.7284077057,1817966.6841930288,38736.81,0.0,81.11014941020885,1163364.75,35,89.99797,0,4003.714861140769,4233.5499478305255,9.33374629725511,1024.407723941693,1917.1392698782631,0.9953331268513724,27.1,Model_2,grid,battery;generator,28,mountain,4G_remote,2500
BTS_02086,16.378750270898372,107.85416551531995,804896.5390017105,1812974.0792937009,14926.69,0.0,81.11014941020885,1163364.75,10,89.95974,0,4173.110124949281,26014.299747927013,24.596877394791626,6287.551443799319,6699.799895077424,0.9877015613026042,32.7,Model_2,grid,battery;generator,28,mountain,4G_remote,2500
BTS_00851,16.427916936954983,107.656248849375,783669.4402650461,1818130.6795402858,30473.94,0.0,81.11014941020885,1163364.75,3,89.93634,0,7786.816158477436,4791.353772910663,78.78889153643745,678.7761503688201,3743.2487364340427,0.9606055542317813,36.7,Model_2,grid,battery;generator,28,mountain,4G_remote,2500
BTS_01829,16.56375026974498,107.552915516455,772437.444244171,1833027.0586538732,2817.89,0.0,81.11014941020885,1163364.75,3,89.99006,5,9746.691625703212,8727.340380929387,1.2516553387423093,0.0,7859.558623535698,0.9993741723306289,25.0,Model_1,grid,battery,8,mountain,5G_macro,1000
BTS_02807,16.506528048184435,107.59013773812677,776493.4912735283,1826742.5638267936,64327.88,0.0,81.11014941020885,1163364.75,7,89.969986,0,3426.2738951437686,2941.1559504424163,15.382367201974729,436.9017179822273,1525.7061104805814,0.9923088163990126,30.4,Model_2,grid,battery;generator,28,mountain,4G_remote,2500
BTS_02215,16.42625027029498,107.680415515945,786254.3061215718,1817980.181482635,35010.72,0.0,81.11014941020885,1163364.75,3,89.97878,0,9908.607758543665,6918.7492666593325,70.98600236845385,470.1206697862861,3518.7596228556845,0.9645069988157731,29.4,Model_2,grid,battery;generator,28,mountain,4G_remote,2500
BTS_05310,16.279583604214984,107.221248851115,737372.0758985255,1801152.0645447392,4487.56,0.0,81.11014941020885,1163364.75,577,89.909966,0,42532.344558850025,38196.145714159946,18.82342649623515,0.0,32375.230458683043,0.9905882867518824,24.1,Model_1,grid,battery,8,mountain,5G_macro,1000
BTS_05991,16.40458360371499,107.702082182525,788601.6347460711,1815611.9623223266,18354.58,0.0,81.11014941020885,1163364.75,14,89.9925,0,6607.826266521097,10187.470845548953,27.522851262234713,435.57077971403334,1390.03710602299,0.9862385743688826,19.3,Model_2,grid,battery;generator,28,mountain,4G_remote,2500
BTS_05193,16.137916938114973,107.687082182585,787386.791842204,1786065.1746522137,4844.51,13.14605712890625,81.11014941020885,1163364.75,68,89.98594,0,22022.10013200121,36209.89498988128,53.24657956387034,3007.9302084964165,20670.501817461925,0.9733767102180648,34.6,Model_2,grid,battery;generator,28,mountain,4G_remote,2500
BTS_03997,16.286250270854985,108.007915514635,821484.7307778817,1802967.2831942602,6712.79,0.0,81.11014941020885,1163364.75,8,89.97153,0,13041.537308814935,9343.399164926586,6.962155638868468,1705.5602865856167,3413.508501782654,0.9965189221805658,34.8,Model_2,grid,battery;generator,28,mountain,4G_remote,2500
BTS_02532,16.360833603897156,107.8937488483489,809156.3236417556,1811049.929898371,12439.4,0.0,81.11014941020885,1163364.75,9,89.98953,0,615.9425435552176,24082.33356965455,34.871800546957985,1718.1385698504075,2030.0018426991187,0.982564099726521,29.2,Model_2,grid,battery;generator,28,mountain,4G_remote,2500
BTS_00781,16.48458360450327,107.62874884965659,780649.2711272318,1824366.3231106526,5920.27,0.0,81.11014941020885,1163364.75,6,89.984085,0,3258.8211886872646,2798.0788724337185,26.31350128581368,0.0,3742.680062751109,0.9868432493570931,18.9,Model_1,grid,battery,8,mountain,5G_macro,1000
BTS_03224,16.266250270934982,107.773748848905,796469.8708244013,1800398.0608763972,2277.35,0.20563900470733643,81.11014941020885,1163364.75,12,89.97749,0,5197.938727646581,26622.569673663907,105.75994783990039,7096.794246790409,5596.425039329018,0.9471200260800499,29.8,Model_2,grid,battery;generator,28,mountain,4G_remote,2500
BTS_03139,16.437916936914984,107.59624884961501,777243.889792972,1819154.6600479248,11219.01,0.0,81.11014941020885,1163364.75,12,89.909966,0,2604.42730810776,3942.4141243040185,42.3385091223437,56.993960277171595,2300.447882408724,0.9788307454388282,28.5,Model_1,grid,battery,8,mountain,5G_macro,1000
BTS_00552,16.49625027001498,107.512915516615,768259.7811430246,1825500.2866817182,5922.99,0.0,81.11014941020885,1163364.75,6,89.97503,0,5799.840883181442,6339.92545657442,9.732676521296018,0.0,3215.520205946857,0.995133661739352,25.6,Model_1,grid,battery,8,mountain,5G_macro,1000
BTS_02042,16.466250270134974,107.762915515615,795010.0497399757,1822527.8129706483,7272.68,0.0,81.11014941020885,1163364.75,9,89.978165,0,12624.035464268032,14691.847335863484,31.011724884993498,5141.30815722696,4315.525335282969,0.9844941375575033,32.5,Model_2,grid,battery;generator,28,mountain,4G_remote,2500
BTS_06468,16.28541693752498,107.97208218144502,817653.289371416,1802818.8533585623,6770.48,0.0,81.11014941020885,1163364.75,9,89.98763,0,9258.125762785709,12610.581339601427,57.28639312831459,1305.6997398877877,6193.831983147477,0.9713568034358427,24.5,Model_2,grid,battery;generator,28,mountain,4G_remote,2500
BTS_05330,16.529583603214984,107.438748850245,760293.5392575744,1829093.174168614,4078.39,0.0,81.11014941020885,1163364.75,10,89.93634,5,14535.299050409634,2485.8231013289815,1.44573870125593,0.0,1696.7741646187255,0.9992771306493721,24.0,Model_1,grid,battery,8,mountain,5G_macro,1000
BTS_01240,16.49125027003498,107.67458218263502,785535.6994887778,1825168.8110885085,8247.09,0.0,81.11014941020885,1163364.75,8,89.98939,5,8197.68288675255,6305.1125384770885,0.18364754070826647,1599.4253381931085,6293.829125988291,0.9999081762296459,29.3,Model_2,grid,battery;generator,28,mountain,4G_remote,2500
BTS_00993,16.58541693632498,107.36541551720501,752389.9252652754,1835180.4505299765,3681.46,21.324087142944336,81.11014941020885,1163364.75,17,89.98953,0,24325.967223529402,8849.247227242086,8.192271780054556,0.0,565.3578585844242,0.9959038641099727,24.7,Model_1,grid,battery,8,mountain,5G_macro,1000
BTS_03763,16.607083602904986,107.45208218352501,761612.5984981505,1837690.1747756992,4262.87,30.899246215820312,81.11014941020885,1163364.75,8,89.909966,0,18717.30027985009,6223.199283857741,72.90169915679903,1169.58556298777,6152.021552390264,0.9635491504216005,24.7,Model_2,grid,battery;generator,28,mountain,4G_remote,2500
BTS_04323,16.62375026950497,107.427082183625,758921.6350648064,1839502.754567158,2513.81,45.32825469970703,81.11014941020885,1163364.75,7,89.994514,0,21854.179102235103,8079.868716140003,36.90010754587902,265.23608819326057,4321.305347530473,0.9815499462270605,27.4,Model_1,grid,battery,8,mountain,5G_macro,1000
BTS_04374,16.502639159198278,107.59347107224143,776855.0655896092,1826316.5829667712,75520.37,0.0,81.11014941020885,1163364.75,6,89.97749,0,2919.9861292022156,2918.7061738521784,11.832631107159957,607.8677337157231,1042.1832537629627,0.99408368444642,37.2,Model_2,grid,battery;generator,28,mountain,4G_remote,2500
BTS_05426,16.502916936654984,107.468748850125,763533.3589002674,1826180.058911252,4728.0,0.0,81.11014941020885,1163364.75,14,89.9852,0,10502.130719647772,6201.821578982673,88.0514925331458,750.6651435444699,256.10028543070945,0.9559742537334271,31.2,Model_2,grid,battery;generator,28,mountain,5G_macro,1000
BTS_05919,16.493750270024982,107.379582183815,754022.2853939247,1825050.7830778419,831.65,0.0,81.11014941020885,1163364.75,13,89.96817,0,19699.402973031676,9171.313694595543,15.03156804751782,0.0,4472.862680949577,0.992484215976241,28.9,Model_1,grid,battery,8,mountain,5G_macro,1000
BTS_04263,16.268750270924983,107.77124884891501,796198.7298176268,1800671.2515920885,2377.66,0.0,81.11014941020885,1163364.75,23,89.99153,0,5026.8184550283495,26241.02124790827,162.06680681435572,6731.970447430127,5243.527268619986,0.9189665965928222,33.6,Model_2,grid,battery;generator,28,mountain,4G_remote,2500
BTS_06358,16.65041693606498,107.478748850085,764399.7215858428,1842522.5595244037,1905.07,0.0,81.11014941020885,1163364.75,8,89.99138,0,21281.512122933946,11633.543568510642,64.85783077100099,0.0,10543.59816222372,0.9675710846144995,23.0,Model_1,grid,battery,8,mountain,5G_macro,1000
BTS_06342,16.36458360387498,107.716248849135,790174.9657427301,1811203.2472275228,17617.38,0.0,81.11014941020885,1163364.75,7,89.97749,0,2419.4024307386394,14294.35184508538,22.156335730224775,1046.6475672875222,2366.5285966028564,0.9889218321348876,27.3,Model_2,grid,battery;generator,28,mountain,4G_remote,2500
BTS_06392,16.47291693677498,107.610415516225,778707.5329390985,1823049.2051378563,16443.64,0.0,81.11014941020885,1163364.75,4,89.98456,0,1264.8872400428143,2199.6212856185166,8.78338498955818,19.769702285405174,2679.816124182401,0.9956083075052209,24.0,Model_1,grid,battery,8,mountain,5G_macro,1000
BTS_00708,16.321250270714984,107.787915515515,797901.8691286618,1806508.7506524497,12349.14,0.0,81.11014941020885,1163364.75,4,89.93634,0,1140.0678404836333,23138.645238143403,163.13730151202213,4064.202309716157,3569.3804417823017,0.918431349243989,34.8,Model_2,grid,battery;generator,28,mountain,4G_remote,2500
BTS_06354,16.38458360379498,107.716248849135,790145.3469098499,1813417.7200487666,3962.54,0.0,81.11014941020885,1163364.75,2,89.983284,0,3925.0586874163564,12754.346881121475,61.61704890355045,203.3745871192498,1512.4875965056144,0.9691914755482248,27.5,Model_1,grid,battery,8,mountain,5G_macro,1000
BTS_05289,16.521250269914972,107.577082183025,775078.1802501411,1828354.6461864708,7189.53,0.0,81.11014941020885,1163364.75,5,89.97503,0,5199.1228665159315,3840.1907603248296,38.49621376745634,0.0,3568.926254319243,0.9807518931162719,32.3,Model_1,grid,battery,8,mountain,5G_macro,1000
BTS_01506,16.50708360330497,107.603748849585,777946.5057211376,1826822.8079939382,50417.69,0.0,81.11014941020885,1163364.75,8,89.992546,0,3378.154024526177,4102.330816466902,35.796042229405494,600.171748403463,1851.0367742852327,0.9821019788852973,23.4,Model_2,grid,battery;generator,28,mountain,4G_remote,2500
BTS_03214,16.407083603704983,107.766248848935,795455.7701871463,1815981.2777330144,10299.42,0.0,81.11014941020885,1163364.75,6,89.982346,0,6568.6628929877725,16112.870440353725,34.21225968465598,4016.5203744818114,6350.659929829355,0.982893870157672,22.9,Model_2,grid,battery;generator,28,mountain,4G_remote,2500
BTS_03461,16.23625027146533,108.08166551441565,829456.9582781505,1797547.3072182434,8030.12,0.0,81.11014941020885,1163364.75,9,89.99006,0,21047.601310817798,327.2553861187005,8.297717005693622,9547.293500391435,10656.728357762358,0.9958511414971531,26.0,Model_2,grid,battery;generator,28,mountain,4G_remote,2500
BTS_03298,16.425416937379293,107.67166551604544,785320.4955495261,1817875.5558227452,6633.12,0.0,81.11014941020885,1163364.75,3,89.979866,0,9381.44564739576,6202.940274520013,73.96121716004235,147.63570571648273,3864.7887657801302,0.9630193914199788,28.8,Model_1,grid,battery,8,mountain,5G_macro,1000
BTS_06429,16.575416936364988,107.50124884999501,766904.698730717,1834249.2558492261,4097.55,0.0,81.11014941020885,1163364.75,7,89.982346,0,12811.933080588864,6968.841014725367,16.313647598928807,0.0,6991.841985326779,0.9918431762005356,24.0,Model_1,grid,battery,8,mountain,5G_macro,1000
BTS_04162,16.246250271014983,107.936248848255,813882.9074481885,1798426.049179206,4871.28,0.0,81.11014941020885,1163364.75,10,89.98499,0,5704.591172107873,15273.688930143944,31.76849864254699,6057.965378574815,11838.37585202509,0.9841157506787265,32.9,Model_2,grid,battery;generator,28,mountain,4G_remote,2500
BTS_02200,16.545416936484983,107.669582182655,784922.069239638,1831159.135109434,13781.59,0.0,81.11014941020885,1163364.75,8,89.99443,0,10674.520608420407,10610.931392269878,23.43914112158699,1481.6192031471635,2755.6185533490825,0.9882804294392065,25.2,Model_2,grid,battery;generator,28,mountain,4G_remote,2500
BTS_06195,16.450416936864976,107.570415516385,774466.0823003404,1820503.3339950887,17916.53,0.0,81.11014941020885,1163364.75,4,89.979866,0,1714.9834081331837,1854.4156462070594,58.19452165700896,64.52508593926571,2061.192199011156,0.9709027391714955,24.3,Model_1,grid,battery,8,mountain,5G_macro,1000
BTS_01147,16.41958360365498,107.54374884982501,771659.9622859365,1817053.707393804,5838.92,0.0,81.11014941020885,1163364.75,41,89.997925,5,5929.364208153857,6124.004370069191,0.0852239332844625,1651.9021337693462,3006.2739874450604,0.9999573880333578,27.5,Model_2,grid,battery;generator,28,mountain,4G_remote,2500
BTS_06401,16.27125027091498,107.89874884840502,809832.0111914172,1801137.2846935827,10530.94,0.0,81.11014941020885,1163364.75,10,89.95974,0,1270.833522360579,19623.36898626792,92.61194737703227,8330.020790024804,8965.262690500742,0.9536940263114839,30.7,Model_2,grid,battery;generator,28,mountain,4G_remote,2500
BTS_06462,16.496250270014986,107.487082183385,765500.5398053178,1825466.078248194,3947.43,0.0,81.11014941020885,1163364.75,7,89.909966,0,8416.909508174069,7911.612729259074,98.2126543289356,169.45768919940951,1307.2673514274134,0.9508936728355322,22.1,Model_1,grid,battery,8,mountain,5G_macro,1000
BTS_01865,16.267083604264986,108.058748847765,826953.9133641473,1800925.356912698,2997.32,0.0,81.11014941020885,1163364.75,10,89.981995,0,18310.99295754357,3974.4839750484875,9.342976772001938,6251.685155415901,6452.4371290238105,0.995328511613999,32.7,Model_2,grid,battery;generator,28,mountain,4G_remote,2500
BTS_06456,16.405416937044976,107.762915515615,795102.0273770553,1815791.872537567,10125.56,0.0,81.11014941020885,1163364.75,4,89.98763,0,6239.229045541837,15849.920548883252,37.57982116099797,3625.0260822743976,6260.169489935932,0.981210089419501,17.9,Model_2,grid,battery;generator,28,mountain,4G_remote,2500
BTS_02354,16.522916936574976,107.530415516545,770091.8939687496,1828475.9511344354,6203.94,0.0,81.11014941020885,1163364.75,7,89.984085,0,6234.19757919754,5921.741456532391,5.95652763483808,237.81778435567955,3780.0482757290297,0.9970217361825809,28.1,Model_1,grid,battery,8,mountain,5G_macro,1000
BTS_02495,16.546250269814994,107.467082183465,763296.5636184898,1830975.1604024328,4657.65,0.0,81.11014941020885,1163364.75,10,89.97503,0,12853.731929627289,2888.6880488312054,35.21416678397493,0.0,2732.277810325928,0.9823929166080125,18.1,Model_1,grid,battery,8,mountain,5G_macro,1000
BTS_02553,16.472083603444982,107.577915516355,775236.7755528556,1822912.3371012292,35495.23,0.0,81.11014941020885,1163364.75,7,89.99153,0,958.6879679176967,748.3286618712667,7.082477050333461,172.95793149190314,2720.9621723753758,0.9964587614748333,24.6,Model_1,grid,battery,8,mountain,5G_macro,1000
BTS_06351,16.567083603064983,107.508748849965,767716.9724438176,1833336.6676472593,23368.77,30.104534149169922,81.11014941020885,1163364.75,6,89.98752,0,11610.345029692067,7458.221314519984,36.41107321478662,356.15542475604076,6725.380282139698,0.9817944633926067,27.8,Model_2,grid,battery;generator,28,mountain,4G_remote,2500
BTS_00747,16.533750270281608,107.5016655167212,767006.6087995771,1829636.9276293702,20573.33,0.0,81.11014941020885,1163364.75,5,89.95974,0,9141.53813440131,6816.879963049226,51.276188982478004,1133.3368970699266,3799.7140441997267,0.974361905508761,29.3,Model_2,grid,battery;generator,28,mountain,4G_remote,2500
BTS_06387,16.101250271594978,107.356248850575,752031.9460041967,1781572.995914591,950.26,63.36743927001953,81.11014941020885,1163364.75,604,89.99006,5,46477.12583784207,46670.223053030946,2.086079469470815,0.0,43415.29203267201,0.9989569602652646,25.9,Model_1,grid,battery,8,mountain,5G_macro,1000
BTS_04653,16.41541693700498,107.63124884947501,781015.9942593535,1816711.8246016933,20923.71,0.0,81.11014941020885,1163364.75,20,89.93634,0,6574.120048240514,4918.133977400991,27.109194282043813,948.7645569129727,2593.6243744347303,0.9864454028589781,34.8,Model_2,grid,battery;generator,28,mountain,4G_remote,2500
BTS_05979,16.42625027029497,107.682082182605,786432.407346875,1817982.5400819795,33566.93,0.0,81.11014941020885,1163364.75,5,89.98883,0,9801.582102908063,7070.181781322245,16.474888225988696,646.6714271601581,3461.0588952068447,0.9917625558870057,29.0,Model_2,grid,battery;generator,28,mountain,4G_remote,2500
BTS_06212,16.380416937144982,107.482915516735,765212.861652323,1812637.0495990282,2661.79,0.0,81.11014941020885,1163364.75,40,89.99424,0,13396.27057791077,13609.358828473058,37.61684646778292,8888.450736341581,10172.415585014933,0.9811915767661086,36.3,Model_2,grid,battery;generator,28,mountain,4G_remote,2500
BTS_02597,16.16208360468498,107.722915515775,791186.254386226,1788791.325146477,5034.64,0.0,81.11014941020885,1163364.75,64,89.93634,5,17918.460507504253,34537.59985710222,1.3862607107003784,0.0,17089.194373779173,0.9993068696446498,22.9,Model_1,grid,battery,8,mountain,5G_macro,1000
BTS_02474,16.222500271116957,108.08208218092395,829524.457290416,1796025.1263454421,7253.06,0.0,81.11014941020885,1163364.75,6,89.982346,0,21393.552474216296,1624.7830313484628,6.419149392190382,10308.841620892777,11947.566394090398,0.9967904253039048,32.4,Model_2,grid,battery;generator,28,mountain,4G_remote,2500
BTS_04866,16.52375026990498,107.493748850025,766174.9169618541,1828519.3488761121,23146.39,0.0,81.11014941020885,1163364.75,5,89.98594,5,9083.920637412408,6470.3171420029985,0.2787195477737931,1029.043634873467,2625.0998908091506,0.9998606402261131,38.4,Model_2,grid,battery;generator,28,mountain,4G_remote,2500
BTS_05956,16.272916937574983,107.985415514725,819099.673555196,1801455.3535426948,3202.43,0.0,81.11014941020885,1163364.75,5,89.98847,0,10483.536160228152,10748.977125149358,66.07403015094548,290.2779199521092,5989.916183103216,0.9669629849245273,28.0,Model_1,grid,battery,8,mountain,5G_macro,1000
BTS_06350,16.228750271084987,107.26124885095501,741710.7018526074,1795572.228743865,1703.73,0.0,81.11014941020885,1163364.75,559,89.97749,0,42310.31274998497,40595.05548396792,11.396061184920693,24.653651136994274,35735.112806664285,0.9943019694075397,27.4,Model_1,grid,battery,8,mountain,5G_macro,1000
BTS_06101,16.39625027041498,107.482082183405,765102.3636662117,1814388.8115625824,2309.56,1.0374130010604858,81.11014941020885,1163364.75,38,89.99633,0,12290.476786626132,12507.289820450198,39.056852302347814,7701.246086491317,9071.378622257058,0.9804715738488261,25.7,Model_2,grid,battery;generator,28,mountain,4G_remote,2500
BTS_05575,16.423750270304982,107.805415515445,799616.3118408135,1817884.3314120553,18381.96,0.0,81.11014941020885,1163364.75,6,89.96817,0,10575.16451966705,19619.85497735585,68.97497742215468,8568.469675683717,8921.384151186168,0.9655125112889227,28.5,Model_2,grid,battery;generator,28,mountain,4G_remote,2500
BTS_00683,16.400416937064985,107.536248849855,770885.1092273929,1814921.7081647797,495.73,5.199993133544922,81.11014941020885,1163364.75,40,89.99641,0,8175.163241757428,8364.896343418692,1385.8123635522365,3900.0485429799196,5258.276705142492,0.3070938182238817,29.1,Model_3,grid,battery;generator;solar,48,mountain,4G_remote,2500
BTS_03614,16.514583603274982,107.445415516885,761025.6208748727,1827441.2383432041,2333.67,0.0,81.11014941020885,1163364.75,11,89.98594,0,13267.650075924787,4168.6095363275335,23.893861574224427,7.415236215412397,1767.2825936717409,0.9880530692128878,13.4,Model_1,grid,battery,8,mountain,5G_macro,1000
BTS_06388,16.52708360322499,107.518748849925,768840.1649262129,1828921.619733927,3979.49,0.0,81.11014941020885,1163364.75,6,89.99126,0,7355.169248004761,7171.861087147601,22.357877498425427,254.68247534518315,4761.942760242365,0.9888210612507873,24.5,Model_1,grid,battery,8,mountain,5G_macro,1000
BTS_02413,16.48708360338498,107.402082183725,756434.1493446965,1824341.2579414318,1173.81,42.27185821533203,81.11014941020885,1163364.75,15,89.99272,5,17242.670390223946,8281.588742221451,1.8459396950842166,182.75395213100998,5874.649247617335,0.9990770301524579,23.9,Model_1,grid,battery,8,mountain,5G_macro,1000
BTS_02098,16.3970836048484,107.83541551551026,802863.8099845506,1814976.1017508048,15806.75,0.0,81.11014941020885,1163364.75,6,89.979866,0,6866.8269284643075,23465.050682562713,34.42752526761655,9082.08729971813,9439.089855806475,0.9827862373661918,31.0,Model_2,grid,battery;generator,28,mountain,4G_remote,2500
BTS_05273,16.417083603664988,107.67958218261502,786178.6845091451,1816964.0583885505,13747.13,0.0,81.11014941020885,1163364.75,8,89.95974,0,9181.398024702525,7439.010399018777,46.082527298603885,0.0,2633.7507258274,0.9769587363506981,20.3,Model_1,grid,battery,8,mountain,5G_macro,1000
BTS_05744,16.086250271654986,107.364582183875,752942.743603364,1779922.7554314448,1371.32,5.052450180053711,81.11014941020885,1163364.75,620,89.99734,0,47505.163712414265,47694.74579923357,38.11944970274067,21.28991196873742,44480.39414426313,0.9809402751486297,29.1,Model_1,grid,battery,8,mountain,5G_macro,1000
BTS_05198,16.676250269294982,107.337915517315,749336.7996254528,1845201.1591152616,1514.97,0.0,81.11014941020885,1163364.75,2,89.95974,0,32684.558338759776,17598.036591151373,69.35584177476431,144.22575882991717,8603.290367287062,0.9653220791126178,28.7,Model_1,grid,battery,8,mountain,5G_macro,1000
BTS_00583,16.38583360379744,107.48458218332969,765383.6420188963,1813238.8887630294,2226.01,0.0,81.11014941020885,1163364.75,31,89.99371,0,12850.05679892514,13064.166194778123,29.629895860231844,8356.94058110069,9623.09755067728,0.985185052069884,27.3,Model_2,grid,battery;generator,28,mountain,4G_remote,2500
BTS_02978,16.269583604254983,107.975415514765,818035.3705125843,1801070.6010117438,7341.94,0.0,81.11014941020885,1163364.75,9,89.97749,0,9398.794416101488,11628.255542224611,38.44387164426903,1299.1689189844765,6990.001357890949,0.9807780641778655,35.6,Model_2,grid,battery;generator,28,mountain,4G_remote,2500
BTS_01577,16.419583603654974,107.762082182285,794991.5787970223,1817359.2988068536,9770.5,0.0,81.11014941020885,1163364.75,6,89.981995,0,7640.39845317767,15240.443167661544,161.82947193972925,4212.242616162296,5061.5270096268705,0.9190852640301354,34.2,Model_2,grid,battery;generator,28,mountain,4G_remote,2500
BTS_03164,16.449583603949907,107.77833218228804,796682.624268828,1820704.9221758922,13279.93,0.0,81.11014941020885,1163364.75,11,89.97749,0,11371.72743008551,16357.766870817544,20.357093205503567,6512.796907667785,5554.489483981524,0.9898214533972483,30.8,Model_2,grid,battery;generator,28,mountain,4G_remote,2500
BTS_00997,16.591250269634983,107.51124884995501,767950.4174125814,1836015.4976343417,3217.57,0.0,81.11014941020885,1163364.75,2,89.97878,0,13882.894998962163,8699.988442602786,54.045833840490005,0.0,9044.428396279105,0.972977083079755,22.5,Model_1,grid,battery,8,mountain,5G_macro,1000
BTS_02111,16.562083603084982,107.481248850075,764787.6382699846,1832746.6478089984,1946.6,0.0,81.11014941020885,1163364.75,7,89.96817,0,12911.36090180794,4474.047310020639,8.663836107607159,0.0,4735.037630566224,0.9956680819461964,26.5,Model_1,grid,battery,8,mountain,5G_macro,1000
BTS_02744,16.422083603644985,107.653748849385,783410.7602285035,1817481.3137091815,32833.92,0.0,81.11014941020885,1163364.75,8,89.979866,0,7888.641947464922,5119.870839633588,25.800709002320676,695.6752312605602,3756.930331925217,0.9870996454988397,34.7,Model_2,grid,battery;generator,28,mountain,4G_remote,2500
BTS_00590,16.52994074739739,107.47255837434423,763903.5034206216,1829176.7654008537,5241.21,0.0,81.11014941020885,1163364.75,7,89.98727,0,11351.212534785256,4186.529113419848,27.020804758202576,0.0,1098.1900918983945,0.9864895976208987,22.7,Model_1,grid,battery,8,mountain,5G_macro,1000
BTS_05632,16.277916937554977,107.766248848935,795650.2202870883,1801679.0015649933,2386.39,0.0,81.11014941020885,1163364.75,10,89.98763,0,4366.630234983408,25107.151923908128,122.69171956192665,5586.360720883817,4110.911714871556,0.9386541402190367,35.0,Model_2,grid,battery;generator,28,mountain,4G_remote,2500
BTS_05448,16.422083603644985,107.467082183465,763464.6169713677,1817229.1487923411,902.55,2.551162004470825,81.11014941020885,1163364.75,41,89.97749,0,11884.934190437794,12397.081363053165,142.12244684994442,6390.629284781172,7019.646058399208,0.9289387765750278,30.6,Model_2,grid,battery;generator,28,mountain,4G_remote,2500
BTS_05257,16.297916937474984,107.211248851155,736281.0048686792,1803169.7341190907,800.03,563.0416259765625,81.11014941020885,1163364.75,589,89.98456,0,42471.42934455413,37307.547650923545,8.713619005790475,0.0,31166.326165258342,0.9956431904971048,22.8,Model_1,grid,battery,8,mountain,5G_macro,1000
BTS_04438,16.424583603634982,107.77458218223501,796319.8797528152,1817931.201255766,17221.28,0.0,81.11014941020885,1163364.75,2,89.99006,0,8697.291631687505,16383.851442456236,73.13796630342249,5630.664865000718,5851.208137280549,0.9634310168482888,22.4,Model_2,grid,battery;generator,28,mountain,4G_remote,2500
BTS_06161,16.54041693650499,107.67958218261502,785997.3930371915,1830619.7312227094,11531.64,0.0,81.11014941020885,1163364.75,10,89.99518,0,11091.841521796598,10655.796322784672,28.736785902251007,2673.8632947962637,3944.6134230454445,0.9856316070488745,35.5,Model_2,grid,battery;generator,28,mountain,4G_remote,2500
BTS_06428,16.360416937224983,107.607915516235,778600.7982296774,1810590.2317784633,2634.47,285.80706787109375,81.11014941020885,1163364.75,14,89.981995,0,11252.711012660042,11132.271110867203,52.34626055688851,7414.271362585683,8595.277109182736,0.9738268697215557,25.2,Model_2,grid,battery;generator,28,mountain,4G_remote,2500
BTS_00607,16.505178843571134,107.72874885085898,791301.2609603775,1826788.5724378224,4346.51,0.0,81.11014941020885,1163364.75,9,89.9921,0,14179.045668109502,12126.226905962332,22.471129589484505,5971.979860133737,5792.221637227849,0.9887644352052577,23.7,Model_2,grid,battery;generator,28,mountain,4G_remote,2500
BTS_01878,16.36308360422936,107.73591551605155,792279.5263615167,1811065.3636626771,17361.75,0.0,81.11014941020885,1163364.75,7,89.9852,5,886.6970514588663,15905.979341996344,1.994066756428963,1733.2472661153745,3924.0203944343716,0.9990029666217856,31.6,Model_2,grid,battery;generator,28,mountain,4G_remote,2500
BTS_01239,16.490416937120656,107.53416551659204,770537.6290239969,1824882.8775642982,3103.52,0.0,81.11014941020885,1163364.75,5,89.99316,0,3465.5472071314603,4004.5847785127926,16.64593373040399,0.0,881.4579256013878,0.991677033134798,23.3,Model_1,grid,battery,8,mountain,5G_macro,1000
BTS_00776,16.54258360350138,107.59308218243122,776756.565994211,1830738.5193002445,3152.55,0.0,81.11014941020885,1163364.75,4,89.909966,0,7305.781896820071,6573.589163328282,17.818387506548603,0.0,5087.406688547834,0.9910908062467257,21.2,Model_1,grid,battery,8,mountain,5G_macro,1000
BTS_05612,16.162083604684984,107.709582182495,789759.4921505121,1788772.4830345265,2720.96,0.0,81.11014941020885,1163364.75,69,89.98658,0,18523.539072117084,34134.90666313158,26.161301622219334,0.0,17421.750300128668,0.9869193491888903,30.1,Model_1,grid,battery,8,mountain,5G_macro,1000
BTS_06444,16.105416938244982,107.339582183975,750243.1516194661,1782013.9396656803,412.02,345.29693603515625,81.11014941020885,1163364.75,604,89.99006,0,46992.9940026843,47189.78332744846,40.74226993957814,125.01691207772663,43893.39918747279,0.979628865030211,30.3,Model_1,grid,battery,8,mountain,5G_macro,1000
BTS_00900,16.4237502707192,107.57916551641317,775438.5619855801,1817562.871132048,42228.86,0.0,81.11014941020885,1163364.75,17,89.97153,0,4197.510135346755,4818.883958612528,12.590380698534723,524.1982925307117,3951.025134297579,0.9937048096507326,26.2,Model_2,grid,battery;generator,28,mountain,4G_remote,2500
BTS_05732,16.37291693717498,107.63541551612501,781522.3894157389,1812012.1129758742,1228.28,13.511079788208008,81.11014941020885,1163364.75,43,89.9921,0,10814.63335191754,9644.049324225265,33.39343433012748,5081.6230568411265,5621.309854915055,0.9833032828349363,26.0,Model_2,grid,battery;generator,28,mountain,4G_remote,2500
BTS_06458,16.41958360365499,107.565415516405,773975.1595668877,1817082.905643377,19023.21,0.0,81.11014941020885,1163364.75,12,89.991,0,5167.112828116761,5309.706938570357,48.35058589070275,1572.9515615152152,3373.9157216911876,0.9758247070546486,27.1,Model_2,grid,battery;generator,28,mountain,4G_remote,2500
BTS_03877,16.463750270144978,107.430415516945,759491.4904349565,1821794.4169890133,458.28,6.399021148681641,81.11014941020885,1163364.75,9,89.99534,5,14243.006779647341,9827.156796733143,0.5638780184526407,2386.0955256766415,4632.524894849763,0.9997180609907736,33.9,Model_2,grid,battery;generator,28,mountain,4G_remote,2500
BTS_00326,16.57528536642523,107.61015236320088,778532.464562784,1834382.748501733,4486.77,0.0,81.11014941020885,1163364.75,18,89.995995,0,10957.779296770519,10612.968100143922,50.311097991988156,25.48859860279166,4146.6900483889385,0.974844451004006,34.9,Model_1,grid,battery,8,mountain,5G_macro,1000
BTS_02472,16.50791693705109,107.59166551636342,776654.6956303436,1826898.4331092814,59202.85,0.0,81.11014941020885,1163364.75,4,89.95499,5,3532.649409610589,3164.8727636957374,4.410729739516808,301.22090744792354,1644.37916924043,0.9977946351302416,22.0,Model_2,grid,battery;generator,28,mountain,4G_remote,2500
BTS_04778,16.38291693713497,107.834582181995,802796.6537061237,1813406.13684407,15530.45,0.0,81.11014941020885,1163364.75,6,89.979866,0,6303.066821236546,23891.495982590764,29.55354656258889,8344.51132997051,8794.952452272624,0.9852232267187055,25.4,Model_2,grid,battery;generator,28,mountain,4G_remote,2500
BTS_00852,16.563750270162313,107.55499884984252,772659.8939204642,1833029.8873894808,2804.97,0.0,81.11014941020885,1163364.75,6,89.981995,0,9724.368477004624,8679.487712723156,25.937685940107926,0.0,7876.440218172407,0.987031157029946,23.6,Model_1,grid,battery,8,mountain,5G_macro,1000
BTS_06460,16.562083603084982,107.508748849965,767723.8869949423,1832783.1187725307,22318.24,0.0,81.11014941020885,1163364.75,5,89.969986,0,11134.400691962146,7353.833018006243,11.2735862154265,711.5901525459908,6321.296231622833,0.9943632068922867,28.4,Model_2,grid,battery;generator,28,mountain,4G_remote,2500
BTS_03221,16.358750270564983,107.727915515755,791430.7732568869,1810574.0612063166,19798.84,0.0,81.11014941020885,1163364.75,6,89.97749,0,1016.2225562468647,15621.942632323928,52.39327673815374,1579.159141505913,3472.3296016342606,0.9738033616309232,32.1,Model_2,grid,battery;generator,28,mountain,4G_remote,2500
BTS_00889,16.423333603647333,107.67291551590475,785457.116098985,1817646.650562478,8619.18,0.0,81.11014941020885,1163364.75,10,89.981995,5,9601.997531154113,6450.120279737395,1.3812558787898037,0.0,3598.8464962179655,0.9993093720606051,19.1,Model_1,grid,battery,8,mountain,5G_macro,1000
BTS_06393,16.71208360248499,107.378748850485,753646.3913601735,1849219.4684236979,845.61,247.43527221679688,81.11014941020885,1163364.75,12,89.99371,0,32695.770269748195,18920.223563747524,17.904679490183575,0.0,11673.57060307425,0.9910476602549082,21.0,Model_1,grid,battery,8,mountain,5G_macro,1000
BTS_00479,16.322916937374973,107.77958218221501,797008.3018141899,1806681.1218188545,15200.66,0.0,81.11014941020885,1163364.75,6,89.98818,0,1631.4804054679857,22353.023209622814,32.492268877806616,3154.331336069979,2753.1829765195143,0.9837538655610967,30.1,Model_2,grid,battery;generator,28,mountain,4G_remote,2500
BTS_06332,16.345416937284984,107.63374884946501,781383.6938787277,1808965.0790083208,1859.83,5.836969375610352,81.11014941020885,1163364.75,23,89.99153,0,11052.445558787571,12661.76200866185,31.435980330020634,7668.220889645543,7111.945976770153,0.9842820098349897,26.2,Model_2,grid,battery;generator,28,mountain,4G_remote,2500
BTS_06421,16.54125026983499,107.68124884927501,786174.1592014446,1830714.3722145814,11884.01,0.0,81.11014941020885,1163364.75,13,89.99647,0,11288.0762201091,10830.211116423821,37.96541705073608,2778.064774681063,4082.767225934659,0.981017291474632,31.5,Model_2,grid,battery;generator,28,mountain,4G_remote,2500
BTS_03538,16.51270860351514,107.71812384965183,790155.0454485896,1827606.9656504043,7984.03,0.0,81.11014941020885,1163364.75,11,89.99126,0,13298.649523803617,11508.196354950145,7.500781120080519,4853.295572593787,6532.476882525142,0.9962496094399598,23.7,Model_2,grid,battery;generator,28,mountain,4G_remote,2500
BTS_06417,16.378750270484975,107.812915515415,800486.9822748923,1812912.5347643835,7937.37,0.0,81.11014941020885,1163364.75,9,89.97503,0,7946.5175891151275,21926.23653258744,51.286663376966246,8273.890383897162,9375.935418489218,0.9743566683115169,35.0,Model_2,grid,battery;generator,28,mountain,4G_remote,2500
BTS_06331,16.38458360379498,107.060415518425,720060.6394640068,1812593.1309181915,452.42,452.4188537597656,81.11014941020885,1163364.75,300,89.9941,0,54658.134307931454,44644.92204748914,31.753815327322478,94.29001665877283,36717.68366461692,0.9841230923363388,27.1,Model_1,grid,battery,8,mountain,5G_macro,1000
BTS_06442,16.553750269784985,107.578748849685,775210.0529852109,1831955.1500862434,13004.6,0.0,81.11014941020885,1163364.75,6,89.97153,0,8739.841232457651,7432.475394293527,16.163013354975124,581.3169218439606,6534.145169604377,0.9919184933225125,23.4,Model_2,grid,battery;generator,28,mountain,4G_remote,2500
BTS_05590,16.430416936944994,107.59708218294502,777343.585782944,1818325.439539655,70769.64,0.0,81.11014941020885,1163364.75,23,89.994415,0,3428.340696817603,4432.923089209583,36.63780699866715,338.30508173358345,2429.8480973785254,0.9816810965006664,22.8,Model_2,grid,battery;generator,28,mountain,4G_remote,2500
BTS_02881,16.496250270014983,107.49791551667501,766657.6354305353,1825480.3805591639,21601.86,0.0,81.11014941020885,1163364.75,3,89.97503,0,7306.6772412954615,7925.379430666445,83.56552900385515,717.0614198397085,2409.9016353423676,0.9582172354980725,26.6,Model_2,grid,battery;generator,28,mountain,4G_remote,2500
BTS_06338,16.507916936634977,107.45374885018501,761924.5744458176,1826714.024598522,1920.34,0.0,81.11014941020885,1163364.75,11,89.98499,5,12195.518434594213,5071.636315708579,4.594349615079634,415.3209124104867,948.5638458338573,0.9977028251924602,29.9,Model_2,grid,battery;generator,28,mountain,5G_macro,1000
BTS_06367,16.393750270424984,107.604582182915,778197.1580336441,1814276.1691076923,5124.86,0.0,81.11014941020885,1163364.75,15,89.99431,0,7563.751554783798,7618.358798387707,63.59574763563104,4161.187478996461,5102.934403189728,0.9682021261821845,30.8,Model_2,grid,battery;generator,28,mountain,4G_remote,2500
BTS_06366,16.297083604144984,107.805415515445,799809.9145733605,1803858.4602376553,4063.77,0.0,81.11014941020885,1163364.75,25,89.99807,0,2373.484062970577,26324.07151776215,200.17635233880006,6795.48225892057,5708.676187025185,0.8999118238306,34.5,Model_2,grid,battery;generator,28,mountain,4G_remote,2500
BTS_06443,16.379583603814982,107.799582182135,799060.4268740511,1812985.1091119493,6338.13,0.0,81.11014941020885,1163364.75,5,89.979866,0,7200.053413161811,20593.304590482683,9.699531286283294,7053.94136209785,8581.5918156735,0.9951502343568583,32.6,Model_2,grid,battery;generator,28,mountain,4G_remote,2500
BTS_05250,16.392916937094984,107.702915515855,788707.9138337919,1814321.3835349733,2308.5,0.0,81.11014941020885,1163364.75,16,89.98752,0,5525.120151586161,11073.918048455425,119.08460026450636,1096.087165712735,440.86997834864565,0.9404576998677469,17.3,Model_2,grid,battery;generator,28,mountain,5G_macro,1000
BTS_03481,16.28541693752498,107.220415517785,737275.9653294496,1801796.7752191166,2959.55,0.0,81.11014941020885,1163364.75,579,89.993095,0,42282.008293744235,37743.680208018995,60.43499770292052,0.0,31857.949594059464,0.9697825011485397,22.9,Model_1,grid,battery,8,mountain,5G_macro,1000
BTS_06365,16.314583604074976,107.765415515605,795506.0668895433,1805737.7796463654,14305.01,0.0,81.11014941020885,1163364.75,10,89.99431,0,1663.1482401353744,21928.710014696044,72.96468260523648,2180.0309726336122,1097.5932701343588,0.9635176586973817,32.4,Model_2,grid,battery;generator,28,mountain,4G_remote,2500
BTS_00273,16.527083603224984,107.380415517145,754067.6942410574,1828741.8459221497,909.45,874.209716796875,81.11014941020885,1163364.75,7,89.98576,0,20308.170374215795,7000.556076237745,18.8934360472566,8.282960891366953,1165.4059543397937,0.9905532819763717,25.2,Model_1,grid,battery,8,mountain,5G_macro,1000
BTS_02757,16.541250270251815,107.55749884983257,772958.5333365644,1830542.238213379,17206.28,0.0,81.11014941020885,1163364.75,5,89.97153,0,7219.38187623455,6190.6944337423165,10.165547249472299,1214.4606724420387,5441.396888144862,0.9949172263752638,21.5,Model_2,grid,battery;generator,28,mountain,4G_remote,2500
BTS_04516,16.447083603544982,107.73374884906501,791922.4806887143,1820363.1677348248,2014.12,0.0,81.11014941020885,1163364.75,8,89.97749,0,10189.774202032677,11638.217451366501,47.656846560267226,1764.3650053155154,838.1298023647375,0.9761715767198664,20.3,Model_2,grid,battery;generator,28,mountain,5G_macro,1000
BTS_06264,16.617916936194984,107.54708218314501,771738.4138596609,1839016.0915158875,3992.65,0.0,81.11014941020885,1163364.75,18,89.98818,0,15776.250012790797,13504.563966153088,94.20258585735155,417.9878746660124,12359.712851949265,0.9528987070713242,25.6,Model_2,grid,battery;generator,28,mountain,4G_remote,2500
BTS_05849,16.20875027116498,107.69124884923501,787730.0141905306,1793913.6679656927,526.35,1.7747230529785156,81.11014941020885,1163364.75,62,89.98939,0,15042.872172266458,28638.416000534122,21.144897009784437,3723.6911205160077,13018.939656655713,0.9894275514951077,48.1,Model_2,grid,battery;generator,28,mountain,4G_remote,2500
BTS_02412,16.513750269944985,107.451248850195,761649.7185688133,1827356.5557940635,15797.61,628.1829223632812,81.11014941020885,1163364.75,10,89.97749,0,12648.292331805473,4377.988389962909,22.154385027809486,609.5687284020771,1185.041445970533,0.9889228074860953,27.3,Model_2,grid,battery;generator,28,mountain,4G_remote,2500
BTS_02844,16.20791693783498,107.692082182565,787820.3752619051,1793822.5708893624,547.03,0.0,81.11014941020885,1163364.75,68,89.99104,5,15081.779309209367,28749.79634227963,2.746470168085134,3596.535055960878,13076.016306445974,0.9986267649159575,29.6,Model_2,grid,battery;generator,28,mountain,4G_remote,2500
BTS_00845,16.627083602824975,107.31291551741501,746732.3373164083,1839727.4660618943,2229.06,332.5605163574219,81.11014941020885,1163364.75,7,89.909966,0,31504.20834067224,15976.022059687908,91.5384321619946,420.19955632384216,6597.703982198037,0.9542307839190027,26.1,Model_2,grid,battery;generator,28,mountain,4G_remote,2500
BTS_06364,16.28541693752498,107.696248849215,788153.0701948397,1802409.3074096937,1854.82,0.0,81.11014941020885,1163364.75,25,89.99138,5,8163.073929714395,20702.59066919959,2.694267304710881,6311.087718372915,5346.0813079898235,0.9986528663476446,26.8,Model_2,grid,battery;generator,28,mountain,4G_remote,2500
BTS_01101,16.42333360364724,107.8179155153209,800952.853598628,1817856.7435468214,16625.21,0.0,81.11014941020885,1163364.75,12,89.9852,0,10075.456666933173,20938.824892161447,24.12568458234796,9822.104640696552,10208.870436534411,0.9879371577088261,19.6,Model_2,grid,battery;generator,28,mountain,4G_remote,2500
BTS_06363,16.427083603624983,107.81124884875501,800234.6049851372,1818262.0831703034,17721.54,0.0,81.11014941020885,1163364.75,10,89.98456,0,10890.444658222725,20161.709337811008,39.228205942704825,9281.214944616513,9409.57291659472,0.9803858970286475,33.2,Model_2,grid,battery;generator,28,mountain,4G_remote,2500
BTS_01404,16.504791937702638,107.57437385049549,774812.214855259,1826528.7767162053,56469.02,0.0,81.11014941020885,1163364.75,6,89.981995,0,3379.488668427665,1995.0540460665857,16.509129740538324,372.65940544724816,2406.4130115519342,0.9917454351297308,31.6,Model_2,grid,battery;generator,28,mountain,4G_remote,2500
BTS_03951,16.527916936554984,107.508748849965,767771.0820577431,1829000.5405259365,20277.22,0.0,81.11014941020885,1163364.75,6,89.95974,0,8149.079909290207,7740.584446697337,21.46968717356303,1224.4493463006547,4290.430641685867,0.9892651564132184,31.4,Model_2,grid,battery;generator,28,mountain,4G_remote,2500
BTS_06402,16.085416938324983,107.369582183855,753478.9181283715,1779836.6379723027,1015.73,8.648063659667969,81.11014941020885,1163364.75,638,89.99839,0,47340.44371903044,47528.84018538563,84.03054235534094,90.64665959784759,44328.62281271259,0.9579847288223295,25.0,Model_1,grid,battery,8,mountain,5G_macro,1000
BTS_06361,16.405416937044976,107.82124884871502,801336.7244935837,1815877.751149225,17948.01,0.0,81.11014941020885,1163364.75,9,89.95974,0,8640.085752356505,21750.19967642462,9.51557400869537,9791.65653638602,11212.358658329944,0.9952422129956523,34.6,Model_2,grid,battery;generator,28,mountain,4G_remote,2500
BTS_05096,16.406250270374983,107.667915515995,784947.7155690412,1815748.1335443421,9186.0,0.0,81.11014941020885,1163364.75,15,89.97153,0,9275.852579121169,7430.695733865647,57.441560863542065,13.34577754862196,2647.5761017000873,0.9712792195682289,28.6,Model_1,grid,battery,8,mountain,5G_macro,1000
BTS_01310,16.48902804814049,107.63152662764439,780939.5885611672,1824862.2714478308,7766.84,0.0,81.11014941020885,1163364.75,3,89.97749,0,3695.478483512494,3330.6827131820583,30.42226499113293,0.0,3967.9795271648104,0.9847888675044335,24.6,Model_1,grid,battery,8,mountain,5G_macro,1000
BTS_05765,16.312083604084986,107.77708218222502,796757.3387888821,1805477.9230031006,14193.51,0.0,81.11014941020885,1163364.75,7,89.95974,5,1228.4546841622541,22992.81805096573,4.442004081087094,3342.696209605143,2366.805470229609,0.9977789979594565,35.1,Model_2,grid,battery;generator,28,mountain,4G_remote,2500
BTS_01279,16.547083603144983,107.54541551648501,771660.0017248057,1831171.6889945106,16786.02,0.0,81.11014941020885,1163364.75,5,89.95974,0,8064.799880303376,7212.732346856589,55.458653391275135,557.9301819623954,6007.4675732323685,0.9722706733043625,27.1,Model_2,grid,battery;generator,28,mountain,4G_remote,2500
BTS_06138,16.125416938164975,107.672082182645,785799.4763774725,1784660.314024745,5343.46,19.16405487060547,81.11014941020885,1163364.75,89,89.99494,0,24027.995647329244,37324.322614060264,52.2870084124346,5125.908339588131,22427.24745333293,0.9738564957937828,36.2,Model_2,grid,battery;generator,28,mountain,4G_remote,2500
BTS_06426,16.517916936594983,107.284582184195,743846.0039767884,1827608.5759553951,673.8,673.7998046875,81.11014941020885,1163364.75,22,89.97153,0,30104.524473749927,17090.44419476356,56.33580166622946,20.617156375749556,8930.047166136408,0.9718320991668853,25.0,Model_1,grid,battery,8,mountain,5G_macro,1000
BTS_04738,16.429583603614976,107.513748849945,768440.6160276766,1818120.7784799505,4398.02,0.0,81.11014941020885,1163364.75,9,89.96817,0,7378.56446607393,7596.684493661279,7.28267683270637,2716.328685276326,4228.17875829105,0.9963586615836468,21.7,Model_2,grid,battery;generator,28,mountain,4G_remote,2500
BTS_06360,16.35458360391499,107.722082182445,790813.3616149896,1810104.3518055275,19150.41,0.0,81.11014941020885,1163364.75,8,89.9852,0,1557.4452672401299,15534.016275595799,55.91520422979162,1924.9898489585632,3187.350349076166,0.9720423978851042,23.7,Model_2,grid,battery;generator,28,mountain,4G_remote,2500
BTS_05445,16.572083603044984,107.49458218335502,766197.5147471663,1833871.368237912,16472.9,1.8565559387207031,81.11014941020885,1163364.75,5,89.98658,0,12887.747659720624,6171.243604329612,24.68166012713386,402.7511456673749,6318.782030902021,0.9876591699364331,30.8,Model_2,grid,battery;generator,28,mountain,4G_remote,2500
BTS_04503,16.31708360406498,107.762915515615,795234.9937630256,1806010.971059497,2921.26,0.0,81.11014941020885,1163364.75,12,89.97153,0,1301.7772631602681,21543.91976877586,86.56953134342102,1795.7035604402429,859.4234551108702,0.9567152343282895,28.1,Model_2,grid,battery;generator,28,mountain,5G_macro,1000
BTS_06314,16.376250270494978,107.46041551682502,762813.8539627821,1812146.5077079854,794.22,129.0276641845703,81.11014941020885,1163364.75,38,89.990234,0,15485.246044120708,15701.603726363313,59.0063807932978,6947.469179437999,12139.068660356701,0.970496809603351,18.9,Model_2,grid,battery;generator,28,mountain,4G_remote,2500
BTS_06359,16.370416937184977,107.710415515825,789542.783931588,1811840.8058194343,15769.45,0.0,81.11014941020885,1163364.75,3,89.95974,0,3276.305077897626,13396.759813834344,30.62841802534692,984.263846432582,1468.9670127156508,0.9846857909873266,33.2,Model_2,grid,battery;generator,28,mountain,4G_remote,2500
BTS_04796,16.472083603444982,107.618748849525,779598.9815315675,1822968.4687797816,4026.67,0.0,81.11014941020885,1163364.75,5,89.98994,0,2143.5338923695417,1573.9454036099996,43.08717868681183,0.0,3375.7726517620818,0.9784564106565941,25.1,Model_1,grid,battery,8,mountain,5G_macro,1000
BTS_03476,16.496250270014983,107.397082183745,755888.0522279809,1825349.6691137357,1358.52,0.0,81.11014941020885,1163364.75,8,89.991,0,17872.146680522765,7728.105213316,32.30030384818914,2.3183123397553302,4928.178023744366,0.9838498480759055,27.8,Model_1,grid,battery,8,mountain,5G_macro,1000
BTS_06441,16.563750269744983,107.31458218407501,746991.1463654916,1832718.7295730356,1060.33,594.8010864257812,81.11014941020885,1163364.75,19,89.93634,0,28253.92695290781,13527.838158761147,89.4690024599825,407.9185748849805,6132.829414395717,0.9552654987700088,23.4,Model_2,grid,battery;generator,28,mountain,4G_remote,2500
BTS_03292,16.116250271534984,107.392082183765,755847.4319758501,1783277.5557051771,1116.76,0.0,81.11014941020885,1163364.75,490,89.9941,0,43208.5185626515,43395.42098230393,39.6692731289077,0.0,40214.847633677666,0.9801653634355462,21.9,Model_1,grid,battery,8,mountain,5G_macro,1000
BTS_02019,16.55208360312498,107.473748850105,764000.4817306434,1831629.6988451737,3058.65,384.6542663574219,81.11014941020885,1163364.75,6,89.95974,0,12709.936671919852,3530.5883940910467,22.746788296473113,0.0,3453.286352590269,0.9886266058517634,22.6,Model_1,grid,battery,8,mountain,5G_macro,1000
BTS_06440,16.660416936024983,107.445415516885,760828.7874188877,1843585.792211739,1408.13,879.1022338867188,81.11014941020885,1163364.75,2,89.96817,0,23949.876272206715,12018.437325171823,101.78074543633099,110.16453544072922,8579.150920298704,0.9491096272818345,24.2,Model_1,grid,battery,8,mountain,5G_macro,1000
BTS_02586,16.38875027085856,107.79999884886861,799090.9632304824,1814000.751324774,8603.74,0.0,81.11014941020885,1163364.75,9,89.98752,0,7730.538936041267,20218.598530176656,27.076784854031203,7536.595871429724,9466.215711363498,0.9864616075729844,25.6,Model_2,grid,battery;generator,28,mountain,4G_remote,2500
BTS_04924,16.35708360390498,107.731248849075,791789.5903971794,1810394.3050692023,19046.26,0.0,81.11014941020885,1163364.75,6,89.969986,0,616.5007729356963,16003.672387029364,48.15277255894534,1379.789039429475,3251.304527157164,0.9759236137205274,23.9,Model_2,grid,battery;generator,28,mountain,4G_remote,2500
BTS_02635,16.234166937737548,107.20541551778702,735733.5429860497,1796106.7045367074,313.87,249.3957061767578,81.11014941020885,1163364.75,567,89.9951,0,46691.2660951463,43240.567713078395,20.604899154771456,0.0,37594.18372539577,0.9896975504226143,30.3,Model_1,grid,battery,8,mountain,5G_macro,1000
BTS_04058,16.28291693753498,107.93791551491502,814002.840276911,1802489.1007806214,6673.26,0.0,81.11014941020885,1163364.75,5,89.98499,5,5653.996690509002,15901.044071328128,3.5434213510147754,4047.2243318445,8109.537899248207,0.9982282893244926,27.2,Model_2,grid,battery;generator,28,mountain,4G_remote,2500
BTS_06425,16.700416935864975,107.427915516955,758907.3949422936,1847991.2128685284,4198.58,213.78466796875,81.11014941020885,1163364.75,10,89.981995,0,28708.922445443124,16492.736940569976,152.9820005159138,467.78817368471545,11628.242824333742,0.9235089997420431,30.7,Model_2,grid,battery;generator,28,mountain,4G_remote,2500
BTS_05728,16.28458360419497,107.933748848265,813554.5262968868,1802667.2598877659,6285.89,0.0,81.11014941020885,1163364.75,5,89.98576,0,5295.178217486797,16382.445102330132,71.99555059351131,4375.217593589088,7786.291477031902,0.9640022247032444,24.7,Model_2,grid,battery;generator,28,mountain,4G_remote,2500
BTS_04518,16.265416937604982,107.223748851105,737656.4123331323,1799586.8925038478,4080.42,0.0,81.11014941020885,1163364.75,562,89.98908,0,43132.437222430366,39288.26610599419,114.75112989112087,111.20738785700915,33619.36116366028,0.9426244350544396,20.7,Model_1,grid,battery,8,mountain,5G_macro,1000
BTS_02997,16.51125026995498,107.508748849965,767794.0696143906,1827155.3840301826,22457.03,0.0,81.11014941020885,1163364.75,5,89.99,0,6979.396993979176,7219.58264861983,79.68952486993656,759.9306714816938,4137.8641740526045,0.9601552375650317,24.8,Model_2,grid,battery;generator,28,mountain,4G_remote,2500
BTS_06423,16.338750270644983,107.74791551567502,793598.7312606791,1808388.3409866178,3076.71,0.0,81.11014941020885,1163364.75,5,89.97503,0,1640.5309826448624,18700.414513459356,77.40942473235681,197.89098237331078,1857.488511603827,0.9612952876338215,22.8,Model_1,grid,battery,8,mountain,5G_macro,1000
BTS_00890,16.24500027102711,107.8787488484093,807733.7072537112,1798200.226360402,5121.02,27.70220947265625,81.11014941020885,1163364.75,12,89.98994,0,2646.151628076105,21409.013067069638,61.250608065910285,11546.80273940062,12269.732747315906,0.9693746959670448,28.9,Model_2,grid,battery;generator,28,mountain,4G_remote,2500
BTS_06171,16.229583604414984,108.082915514335,829601.8205287743,1796810.9677244422,6459.79,0.0,81.11014941020885,1163364.75,0,0.0,0,21312.319009218576,919.1593877953756,40.62948934271764,9995.697839601018,11338.060694303755,0.9796852553286411,27.9,Model_2,grid,battery;generator,28,rural,4G_macro,1500
BTS_06390,16.157083604704972,107.707082182505,789499.2609461277,1788215.3545279347,1560.1,0.0,81.11014941020885,1163364.75,81,89.99532,0,19138.291339530817,34601.05312315016,17.865161248432322,17.97937890859396,18027.592185346188,0.9910674193757838,30.0,Model_1,grid,battery,8,mountain,5G_macro,1000
BTS_01689,16.5175002699375,107.46624885007016,763246.5887917476,1827791.2572673666,3526.36,0.0,81.11014941020885,1163364.75,19,89.98763,0,11308.18186476591,4691.140505182741,38.44298173413791,313.6219229915102,0.0,0.9807785091329311,22.1,Model_2,grid,battery;generator,28,mountain,5G_macro,1000
BTS_04091,16.276250270894977,107.194582184555,734525.1357749067,1800752.2983989497,802.6,197.99130249023438,81.11014941020885,1163364.75,589,89.99582,0,45183.7618916357,40287.11377023949,118.39341773993877,0.0,34145.30685660632,0.9408032911300306,27.9,Model_1,grid,battery,8,mountain,5G_macro,1000
BTS_02882,16.262083604284967,107.88458218179501,808331.0488935276,1800100.756488063,12658.66,0.0,81.11014941020885,1163364.75,9,89.97878,0,662.7472915643569,20952.805966346306,15.00178448372129,9561.980687394222,10278.950390542946,0.9924991077581393,33.5,Model_2,grid,battery;generator,28,mountain,4G_remote,2500
BTS_04760,16.59541693628498,107.353748850585,751131.5075778629,1836272.7945943412,1540.47,0.0,81.11014941020885,1163364.75,7,89.96817,0,25958.95074812035,10454.899436681457,44.04901006662054,0.0,1688.9858356649745,0.9779754949666897,23.5,Model_1,grid,battery,8,mountain,5G_macro,1000
BTS_04740,16.27208360424497,107.969582181455,817407.3602172665,1801338.3819484808,7624.34,0.0,81.11014941020885,1163364.75,9,89.983284,0,8787.206257283044,12307.739319474043,14.621508645456764,1939.8176931183368,7266.726308635216,0.9926892456772716,28.6,Model_2,grid,battery;generator,28,mountain,4G_remote,2500
BTS_06324,16.517083603264982,107.32624885069501,748296.42629641,1827567.257287244,1057.97,655.4584350585938,81.11014941020885,1163364.75,19,89.990234,0,25699.61621569509,12815.930775454644,12.208164332731734,17.779899476115084,4757.055767394089,0.9938959178336342,31.5,Model_1,grid,battery,8,mountain,5G_macro,1000
BTS_01625,16.24958360474511,107.24749885106515,740214.9772418719,1797862.0765473724,2641.72,0.0,81.11014941020885,1163364.75,562,89.991,0,42044.56983299967,39327.934924507936,35.5837261190272,0.0,34111.04625933902,0.9822081369404864,25.1,Model_1,grid,battery,8,mountain,5G_macro,1000
BTS_01832,16.409583603694983,107.627082182825,780579.1054612165,1816060.1963603636,15059.66,0.0,81.11014941020885,1163364.75,36,89.99,0,6829.497968488451,5529.068205951504,52.07718045874761,1692.249779576364,3082.023549701602,0.9739614097706262,29.8,Model_2,grid,battery;generator,28,mountain,4G_remote,2500
BTS_02095,16.367083603864977,107.729582182415,791596.5486316091,1811499.1578300036,19540.22,0.0,81.11014941020885,1163364.75,4,89.96817,0,1525.8455449869673,15107.327734456354,57.90036567905281,929.9834114461116,3366.906364678804,0.9710498171604736,22.5,Model_2,grid,battery;generator,28,mountain,4G_remote,2500
BTS_06389,16.268750270924983,107.982915514735,818838.9899461152,1800990.0114073746,7103.39,0.0,81.11014941020885,1163364.75,11,89.98883,5,10199.058963272955,10838.398230179217,0.6606903134536302,501.6099822080487,6515.06052279689,0.9996696548432732,35.7,Model_2,grid,battery;generator,28,mountain,4G_remote,2500
BTS_04523,16.55625026977498,107.519582183255,768888.7046315486,1832151.785544694,18269.44,0.0,81.11014941020885,1163364.75,4,89.97749,0,10001.21633003019,8438.24481056379,37.08440645088293,775.3301153641376,6762.04964247322,0.9814577967745586,28.9,Model_2,grid,battery;generator,28,mountain,4G_remote,2500
BTS_01533,16.37375027050498,107.721248849115,790695.8562646102,1812225.3682529416,4396.92,0.0,81.11014941020885,1163364.75,6,89.978165,5,2639.950396270245,13952.055684892623,3.0184453712438803,0.0,2261.527104193367,0.9984907773143781,29.4,Model_1,grid,battery,8,mountain,5G_macro,1000
BTS_06385,16.488750270044978,107.662915516015,784293.0728498087,1824875.5191717397,11764.54,0.9396140575408936,81.11014941020885,1163364.75,5,89.97749,0,6921.324368659473,5137.178681289417,121.97889708251596,406.5580839755695,6932.476794533044,0.939010551458742,17.0,Model_2,grid,battery;generator,28,mountain,4G_remote,2500
BTS_06349,16.135416938124976,107.629582182815,781236.9109509517,1785708.9747731208,1942.34,0.0,81.11014941020885,1163364.75,144,89.99352,0,25401.604663531667,35886.47751534764,109.15707226301126,8648.511676350523,23154.283566167633,0.9454214638684943,37.8,Model_2,grid,battery;generator,28,mountain,4G_remote,2500
BTS_04492,16.272083604244983,107.77458218223501,796550.2304242738,1801045.1802839674,2774.46,0.0,81.11014941020885,1163364.75,12,89.969986,0,4556.7694356502025,26160.221618240732,26.21467619083957,6564.785537528594,5036.837996053559,0.9868926619045802,18.5,Model_2,grid,battery;generator,28,mountain,4G_remote,2500
BTS_04368,16.387083603784983,107.832915515335,802612.052995414,1813865.0368377457,15994.13,0.0,81.11014941020885,1163364.75,7,89.993996,0,6624.550396193088,23563.834671387074,19.092233904082377,8716.656857923143,9146.655904560068,0.9904538830479588,28.5,Model_2,grid,battery;generator,28,mountain,4G_remote,2500
BTS_00725,16.400416937064985,107.678748849285,786114.0197457504,1815117.5300670925,6763.6,0.0,81.11014941020885,1163364.75,10,0.0,0,7966.82441945121,8663.838377598362,115.64125146816156,424.86795888530577,1335.5220159238581,0.9421793742659192,27.3,Model_2,grid,battery;generator,28,urban,5G_macro,1000
BTS_04004,16.461041937057765,107.62395718336462,780171.2750405233,1821753.1878481808,2056.23,71.5982437133789,81.11014941020885,1163364.75,3,89.93634,5,3163.6060647534614,244.71782362189973,3.0768981422052692,0.0,2250.2257053237677,0.9984615509288973,25.0,Model_1,grid,battery,8,mountain,5G_macro,1000
BTS_00916,16.475416940087722,107.53208218370087,770335.9348136622,1823219.4220721957,2502.05,0.0,81.11014941020885,1163364.75,7,89.96817,0,3315.518761943151,4399.597011998441,7.702805769918344,0.0,1848.2863892934804,0.9961485971150408,27.1,Model_1,grid,battery,8,mountain,5G_macro,1000
BTS_02071,16.32791693735498,107.761248848955,795040.5231646324,1807208.0951828684,16252.06,0.0,81.11014941020885,1163364.75,7,89.98727,0,291.71762430585187,20555.64779280751,20.86587971481534,1141.8140620028983,1567.4957824710248,0.9895670601425923,27.1,Model_2,grid,battery;generator,28,mountain,4G_remote,2500
BTS_06424,16.181250271274983,107.717915515795,790623.1577080528,1790906.4226227133,2103.65,0.0,81.11014941020885,1163364.75,59,89.9941,0,16228.900003557892,32352.894852654535,98.12388884518128,124.29283038681686,15139.534582180882,0.9509380555774094,23.4,Model_1,grid,battery,8,mountain,5G_macro,1000
BTS_06341,16.383750270464972,107.801248848795,799232.2186668909,1813448.9433482771,7328.01,0.0,81.11014941020885,1163364.75,8,89.98818,0,7600.764330615269,20561.62958551773,24.625300761031415,7448.182801232854,9065.128988829287,0.9876873496194843,31.4,Model_2,grid,battery;generator,28,mountain,4G_remote,2500
BTS_06172,16.347083603944984,107.72541551576501,791180.8343623376,1809278.6942412409,17482.04,0.0,81.11014941020885,1163364.75,8,89.98576,0,1493.107799811566,16394.229574332858,26.666616101231508,1384.747188897946,2284.3199993967164,0.9866666919493843,29.7,Model_2,grid,battery;generator,28,mountain,4G_remote,2500
BTS_04842,16.251250270994984,107.942082181565,814498.9891523689,1798988.7177796229,6456.98,0.0,81.11014941020885,1163364.75,10,89.95974,0,6095.190673317118,14700.8954593326,34.87555276407875,5263.551388371467,11004.716094238678,0.9825622236179606,27.6,Model_2,grid,battery;generator,28,mountain,4G_remote,2500
BTS_06348,16.181250271274983,107.722082182445,791068.9789198427,1790912.3251738944,2280.23,0.0,81.11014941020885,1163364.75,61,89.992546,5,16026.369196521466,32491.656502076115,4.844351340938709,0.0,15032.521676250733,0.9975778243295307,21.3,Model_1,grid,battery,8,mountain,5G_macro,1000
BTS_06204,16.416250270334984,107.837082181985,803012.24887172,1817100.9848668221,13405.28,0.0,81.11014941020885,1163364.75,13,89.978165,0,8024.668632292956,23102.945734565154,53.19241182297146,10328.271053462626,10541.819563145174,0.9734037940885143,28.5,Model_2,grid,battery;generator,28,mountain,4G_remote,2500
BTS_06412,16.090416938304983,107.348748850605,751242.9751791639,1780364.6593937,706.81,155.62950134277344,81.11014941020885,1163364.75,620,89.97749,0,47916.61163207946,48109.924246664086,216.10061300331915,264.799365753125,44852.141900787145,0.8919496934983404,26.3,Model_1,grid,battery,8,mountain,5G_macro,1000
BTS_06339,16.32541693736498,107.67041551598501,785332.5140964319,1806801.7815297216,1143.45,47.74018096923828,81.11014941020885,1163364.75,54,89.9972,0,7806.618014692743,15600.243917482803,61.8582231453697,7249.734496528397,6382.64868198039,0.9690708884273151,35.9,Model_2,grid,battery;generator,28,mountain,4G_remote,2500
BTS_05946,16.460416936824988,107.53374884986502,770534.8051929234,1821560.9941581239,6746.32,0.0,81.11014941020885,1163364.75,12,89.983284,0,3594.1243305048174,4297.170192077322,38.286782177063486,282.0428499999499,2040.0661241135786,0.9808566089114683,19.0,Model_1,grid,battery,8,mountain,5G_macro,1000
BTS_05092,16.486250270054985,107.607915516235,778421.3841583068,1824521.9710191833,16886.01,0.0,81.11014941020885,1163364.75,5,89.978165,0,1386.5524323163288,3513.240293658153,8.287388808744986,0.0,1553.078468288785,0.9958563055956275,22.1,Model_1,grid,battery,8,mountain,5G_macro,1000
BTS_06396,16.202916937854972,108.110415514225,832589.1756409258,1793901.9856730776,114.25,105.88446044921875,81.11014941020885,1163364.75,266,89.99802,0,24886.793781952798,5062.474293117256,22.663496154890492,14030.323545409623,15455.119256526332,0.9886682519225548,39.7,Model_2,grid,battery;generator,28,mountain,4G_remote,2500
BTS_05974,16.46375027014498,107.667082182665,784774.7486650307,1822113.3821493352,9458.41,0.0,81.11014941020885,1163364.75,4,89.95974,0,7385.34803160025,4457.719634807981,5.348442766467343,2083.5931637144313,5415.886659909287,0.9973257786167663,26.6,Model_2,grid,battery;generator,28,mountain,4G_remote,2500
BTS_06408,16.41875027032498,107.798748848805,798911.4885518642,1817320.8190880113,17097.35,0.0,81.11014941020885,1163364.75,7,89.97153,0,9682.593499647845,19046.322066773442,40.279229658605814,7715.31231125392,8457.65102179341,0.9798603851706971,28.1,Model_2,grid,battery;generator,28,mountain,4G_remote,2500
BTS_06347,16.295416937484983,107.983748848065,818884.9743694915,1803944.5054199977,6061.53,0.0,81.11014941020885,1163364.75,9,89.978165,0,10746.797431686384,12052.908361825404,14.03140098760058,701.7269284151824,4566.168291927745,0.9929842995061997,30.2,Model_2,grid,battery;generator,28,mountain,4G_remote,2500
BTS_06404,16.680416935944983,107.417082183665,757778.4171323325,1845763.0719814694,3734.01,281.193115234375,81.11014941020885,1163364.75,3,89.982346,0,27458.053293255936,14443.446617293452,57.41396291635071,96.01450675385284,9175.899373592783,0.9712930185418246,23.6,Model_1,grid,battery,8,mountain,5G_macro,1000
BTS_06337,16.11791693819498,107.325415517365,748711.5720539229,1783380.4749443058,1022.06,24.394474029541016,81.11014941020885,1163364.75,601,89.95974,0,46660.78785183558,46861.45504363352,31.1680925221242,0.0,43524.03526020061,0.9844159537389379,21.3,Model_1,grid,battery,8,mountain,5G_macro,1000
BTS_03180,16.37125027051499,107.74291551569502,793015.6159618105,1811979.7103548693,12310.61,1.6479300260543823,81.11014941020885,1163364.75,4,89.98594,0,1909.4245542096423,15896.742574854732,58.118773045271354,2116.619394907158,4570.11832954024,0.9709406134773644,26.3,Model_2,grid,battery;generator,28,mountain,4G_remote,2500
BTS_06383,16.312083604084982,107.78124884887501,797202.882755619,1805483.9978174686,13408.84,0.0,81.11014941020885,1163364.75,7,89.9852,0,786.3838577535836,23308.673069271226,6.6529092849017,3728.056073812061,2808.781561782727,0.9966735453575492,31.7,Model_2,grid,battery;generator,28,mountain,4G_remote,2500
BTS_05554,16.510416936624974,107.722082182445,790581.2877904989,1827358.930011803,5654.92,0.0,81.11014941020885,1163364.75,11,89.9926,0,13631.625065745373,11749.642775195378,10.561207316621287,5256.136128628919,6286.602486469893,0.9947193963416894,29.1,Model_2,grid,battery;generator,28,mountain,4G_remote,2500
BTS_02355,16.382083603804986,107.867082181865,806272.1233066664,1813362.654707971,11977.58,0.0,81.11014941020885,1163364.75,13,89.98594,0,3120.5155929977936,27196.161374274525,25.07846695250274,5400.440820315556,5687.122584178962,0.9874607665237486,28.1,Model_2,grid,battery;generator,28,mountain,4G_remote,2500
BTS_04381,16.30541693785663,107.7074988492364,789326.752382337,1804639.674913125,966.33,13.500978469848633,81.11014941020885,1163364.75,26,89.98752,0,6004.30760444961,19176.397042202,31.373952250716698,3992.367875503674,2961.1749895786356,0.9843130238746417,36.8,Model_2,grid,battery;generator,28,mountain,4G_remote,2500
BTS_03798,16.442083603564978,107.542915516495,771539.6243340995,1819543.588977772,7126.65,0.0,81.11014941020885,1163364.75,11,89.96817,0,4046.491091959726,4262.5503019207035,13.663040094985266,0.0,827.0420095072516,0.9931684799525073,26.0,Model_1,grid,battery,8,mountain,5G_macro,1000
BTS_06368,16.10541693824498,107.644582182755,782884.7440892828,1782408.039966714,2952.29,0.0,81.11014941020885,1163364.75,116,89.981995,0,27481.266566725022,39258.42420458899,55.59227700950263,8799.224156930697,25489.42036737746,0.9722038614952487,24.0,Model_2,grid,battery;generator,28,mountain,4G_remote,2500
BTS_06380,16.312083604084986,107.388748850445,755238.2185671647,1804951.8545869787,478.54,11.886983871459961,81.11014941020885,1163364.75,231,89.99382,0,25924.52173541486,26140.24485613097,24.04269708220834,0.0,21156.803479557148,0.9879786514588959,19.5,Model_1,grid,battery,8,mountain,5G_macro,1000
BTS_06300,16.16291693801498,107.73041551574501,791987.5891197264,1788894.2338145296,2472.27,0.0,81.11014941020885,1163364.75,65,89.993095,0,17533.438754926872,34700.40983693683,14.51979576315674,0.0,16859.76760923364,0.9927401021184217,22.8,Model_1,grid,battery,8,mountain,5G_macro,1000
BTS_04251,16.432083603604983,107.73541551572501,792123.0273595222,1818704.6912004072,9273.15,0.0,81.11014941020885,1163364.75,9,89.95499,5,8525.061737192289,12121.553429181886,2.443216365322635,2136.1084662315234,2131.8457483267694,0.9987783918173386,30.7,Model_2,grid,battery;generator,28,mountain,4G_remote,2500
BTS_02131,16.165416938004984,107.714582182475,790289.6548768186,1789148.610636181,4870.31,0.0,81.11014941020885,1163364.75,54,89.99425,0,17953.822292972945,33925.0661683571,95.75654688242753,72.12746504935912,16926.198694821884,0.9521217265587862,20.9,Model_1,grid,battery,8,mountain,5G_macro,1000
BTS_06384,16.544583603154976,107.546248849815,771752.49403656,1830896.0350755507,16866.72,0.0,81.11014941020885,1163364.75,3,89.98883,0,7774.880849294145,6923.076397973431,66.48193292112057,315.4439682506046,5726.855580578477,0.9667590335394397,25.6,Model_2,grid,battery;generator,28,mountain,4G_remote,2500
BTS_03124,16.428750270284976,107.793748848825,798361.8429146397,1818420.7430706623,17160.62,0.0,81.11014941020885,1163364.75,13,89.98499,5,10186.951817540717,18289.036849061944,0.029219466692207766,7642.088852398954,7563.763221898023,0.9999853902666539,28.9,Model_2,grid,battery;generator,28,mountain,4G_remote,2500
BTS_03829,16.40458360371499,107.59624884961501,777291.1975820966,1815464.1625626136,9175.62,0.0,81.11014941020885,1163364.75,11,89.98752,0,6228.546534867258,6841.431976311887,5.960734256661306,2738.4040728349437,4395.993213191727,0.9970196328716694,28.7,Model_2,grid,battery;generator,28,mountain,4G_remote,2500
BTS_06109,16.24875027100497,108.072915514375,828499.9555218869,1798917.6363248064,5901.33,0.0,81.11014941020885,1163364.75,9,89.9852,0,19933.92888276435,1460.2612449435928,11.032225781851315,8165.322415102789,8986.301755951457,0.9944838871090743,29.9,Model_2,grid,battery;generator,28,mountain,4G_remote,2500
BTS_01081,16.452083603524983,107.767915515595,795565.7630865085,1820966.4755175565,10797.53,0.0,81.11014941020885,1163364.75,6,89.981995,0,11247.22676507666,15229.786047485071,117.1338940664159,5428.873047184747,4449.135970127907,0.941433052966792,30.3,Model_2,grid,battery;generator,28,mountain,4G_remote,2500
BTS_00125,16.507916936634984,107.508748849965,767798.6644166094,1826786.3530159642,23750.44,0.0,81.11014941020885,1163364.75,5,89.96817,0,6781.603297039273,7090.6055624542705,32.84752610598932,402.9974206470973,3954.3540567057094,0.9835762369470054,34.0,Model_2,grid,battery;generator,28,mountain,4G_remote,2500
BTS_02300,16.54680582568836,107.63180440542249,780885.6584073175,1831259.7206077545,4822.13,0.0,81.11014941020885,1163364.75,4,89.99447,0,8485.429748259116,9240.031236602028,22.167488415485437,0.0,965.7570357596849,0.9889162557922573,23.5,Model_1,grid,battery,8,mountain,5G_macro,1000
BTS_05592,16.516250269934982,107.49458218335502,766274.1978547142,1827690.1385372241,24721.98,0.0,81.11014941020885,1163364.75,7,89.95974,5,8553.824923272665,6982.757405932233,2.2278349594589635,1199.4095488165692,2662.3479554006653,0.9988860825202706,36.3,Model_2,grid,battery;generator,28,mountain,4G_remote,2500
BTS_06344,16.418750270324985,107.810415515425,800158.3538575054,1817338.084437091,17703.36,0.0,81.11014941020885,1163364.75,8,89.96817,0,10411.760160861317,20259.841359593327,10.359383317765664,8910.92630514697,9611.654375801641,0.9948203083411171,28.2,Model_2,grid,battery;generator,28,mountain,4G_remote,2500
BTS_06410,16.533750269864985,107.584582182995,775861.4176066527,1829748.8504825486,2034.1,0.0,81.11014941020885,1163364.75,3,89.93634,0,6490.879156710874,5363.108603218892,104.9323677401079,33.46534079824297,4597.0931455233485,0.947533816129946,23.8,Model_1,grid,battery,8,mountain,5G_macro,1000
BTS_06319,16.53041693654499,107.524582183235,769458.4998967495,1829298.4596179426,20533.74,0.0,81.11014941020885,1163364.75,5,89.909966,0,7271.252932905246,6943.840752816396,86.32497119749448,418.7182091477493,4787.8804880394355,0.9568375144012528,23.9,Model_2,grid,battery;generator,28,mountain,4G_remote,2500
BTS_04447,16.399028048613328,107.63597107127946,781544.2229743709,1814903.843089233,6812.92,0.0,81.11014941020885,1163364.75,26,89.98752,0,8329.303627944164,6786.771793975796,78.87696889971332,2381.306777103619,4466.890971356339,0.9605615155501434,29.7,Model_2,grid,battery;generator,28,mountain,4G_remote,2500
BTS_02424,16.163750271344984,107.70874884916502,789667.8895581518,1788955.8440589614,2536.46,0.0,81.11014941020885,1163364.75,74,89.991,0,18400.613061889493,33933.417938619794,58.39145119233811,0.0,17268.914807692167,0.970804274403831,23.5,Model_1,grid,battery,8,mountain,5G_macro,1000
BTS_02766,16.604583602914968,107.452915516855,761704.9408830055,1837414.498209612,3902.15,0.0,81.11014941020885,1163364.75,8,89.98847,0,18447.10660348156,5970.829166793602,100.63851829724588,1337.7272158609435,6211.856691666158,0.9496807408513771,35.2,Model_2,grid,battery;generator,28,mountain,4G_remote,2500
BTS_06403,16.31125027075498,107.19291551789502,734305.332411392,1804624.4033087823,870.02,870.0177612304688,81.11014941020885,1163364.75,612,89.98763,0,43574.82812728028,37560.87157885957,12.698753074103482,0.0,31049.42311581911,0.9936506234629483,20.1,Model_1,grid,battery,8,mountain,5G_macro,1000
BTS_03233,16.246250271014983,107.249582184335,740441.7985399726,1797495.5593308015,2496.78,0.0,81.11014941020885,1163364.75,558,89.990234,0,42088.627474688,39527.13745290846,11.791247185516271,233.5316533464699,34366.16951999598,0.9941043764072419,32.7,Model_1,grid,battery,8,mountain,5G_macro,1000
BTS_00317,16.452583604857583,107.522915516709,769388.2942057049,1820679.2864480214,20244.55,0.0,81.11014941020885,1163364.75,7,89.97878,5,5031.393135381212,5622.58618089442,0.3005964760233474,1201.9411878969365,2811.447364146543,0.9998497017619883,21.5,Model_2,grid,battery;generator,28,mountain,4G_remote,2500
BTS_05043,16.41791693699498,107.701248849195,788492.8936800918,1817087.079135344,17086.52,0.0,81.11014941020885,1163364.75,6,89.97503,5,7917.490244558486,9303.612463385187,2.527729803998292,918.8101335909884,2582.3845703599613,0.9987361350980009,35.0,Model_2,grid,battery;generator,28,mountain,4G_remote,2500
BTS_06407,16.404583603714986,107.847082181945,804099.1849725913,1815824.0798889974,11413.6,0.0,81.11014941020885,1163364.75,13,89.978165,0,6359.488352666604,24439.230693807975,38.71306262839534,8663.647461933204,8891.251584677568,0.9806434686858023,29.7,Model_2,grid,battery;generator,28,mountain,4G_remote,2500
BTS_02964,16.399583603734975,107.832915515335,802592.7216826645,1815249.1998191522,16513.03,0.0,81.11014941020885,1163364.75,4,89.98883,0,7238.405875837182,23128.768988226024,21.415519887055062,9460.943420431364,9810.566147999009,0.9892922400564724,26.5,Model_2,grid,battery;generator,28,mountain,4G_remote,2500
BTS_06406,16.35291693725498,107.482915516735,765250.0610617476,1809592.6278418684,3595.28,0.0,81.11014941020885,1163364.75,41,89.99698,0,15695.513295621275,15900.231333656147,29.856237542468012,7604.922102032423,12533.834697931185,0.985071881228766,32.9,Model_2,grid,battery;generator,28,mountain,4G_remote,2500
BTS_06372,16.540416936504982,107.464582183475,763037.5296713733,1830326.0987775477,4519.23,361.4436950683594,81.11014941020885,1163364.75,8,89.981995,0,12695.635704404407,2853.8414104015774,61.973760395846305,23.52102143412382,2102.8649091674583,0.9690131198020768,29.5,Model_1,grid,battery,8,mountain,5G_macro,1000
BTS_02053,16.420416936984974,107.77791551555501,796682.4382118778,1817474.7154628073,15866.28,0.0,81.11014941020885,1163364.75,7,89.98908,0,8471.951782082391,16843.005531442242,62.11787130309469,5715.641413992331,6387.810758937529,0.9689410643484526,35.5,Model_2,grid,battery;generator,28,mountain,4G_remote,2500
BTS_05350,16.592083602964983,107.49624885001501,766347.911754451,1836087.7608653414,2368.28,0.0,81.11014941020885,1163364.75,8,89.95974,0,14676.530283951137,7411.575898997293,24.437755325607878,0.0,8406.84959431961,0.9877811223371961,19.9,Model_1,grid,battery,8,mountain,5G_macro,1000
BTS_06321,16.624583602834974,107.438748850245,760165.7449784576,1839610.1452439157,2442.33,0.0,81.11014941020885,1163364.75,11,89.99138,0,21118.4396604188,8043.214316724752,9.733531627202403,0.0,5410.142294046172,0.9951332341863988,21.5,Model_1,grid,battery,8,mountain,5G_macro,1000
BTS_06371,16.40208360372498,107.628748849485,780767.9834893553,1815232.1266623868,7557.0,0.0,81.11014941020885,1163364.75,26,89.95974,0,7627.680805548037,6366.161777029388,22.01056516647126,2291.548570137185,3931.2258192535764,0.9889947174167644,20.5,Model_2,grid,battery;generator,28,mountain,4G_remote,2500
BTS_00102,16.34208360396498,107.765415515605,795464.7152855378,1808782.7754293804,11502.68,133.63079833984375,81.11014941020885,1163364.75,3,89.983284,0,1720.1217179324724,19808.64305159322,50.33816575463437,1972.2393191736219,3189.1430519048067,0.9748309171226828,31.0,Model_2,grid,battery;generator,28,mountain,4G_remote,2500
BTS_01019,16.557500271819535,107.5843738524453,775805.3695165461,1832378.0483633762,4258.38,0.0,81.11014941020885,1163364.75,4,89.9852,0,9068.491137758692,7927.552323984421,26.24307386168971,0.0,5968.290705732182,0.9868784630691552,26.3,Model_1,grid,battery,8,mountain,5G_macro,1000
BTS_02515,16.427083603624986,107.801248848795,799165.9077440507,1818247.2687984877,6794.85,0.0,81.11014941020885,1163364.75,12,0.0,0,10546.57102295572,19111.014786614134,94.41622523501283,8289.874039592642,8383.730444213319,0.9527918873824935,37.0,Model_2,grid,battery;generator,28,rural,4G_macro,1500
BTS_04657,16.318750270724983,107.791248848835,798262.0829041819,1806236.8084594645,11012.2,0.0,81.11014941020885,1163364.75,4,89.97503,0,909.8171975313322,23589.10693669361,44.03031752734969,4470.694529305406,3880.7951130965175,0.9779848412363251,28.4,Model_2,grid,battery;generator,28,mountain,4G_remote,2500
BTS_06370,16.42541693696498,107.82874884868501,802107.422540824,1818103.580878014,12220.27,0.0,81.11014941020885,1163364.75,12,89.98499,0,9371.838443458531,22035.569354795673,11.690787708627143,10997.608303969146,11266.536951237535,0.9941546061456864,26.4,Model_2,grid,battery;generator,28,mountain,4G_remote,2500
BTS_06420,16.51208360328498,107.608748849565,778473.3920798174,1827383.298220088,33771.87,0.0,81.11014941020885,1163364.75,5,89.95974,0,4026.6324832178166,4854.462260634273,19.41412777604926,991.9588088656329,2612.2594368933633,0.9902929361119753,29.8,Model_2,grid,battery;generator,28,mountain,4G_remote,2500
BTS_06335,16.09958360493498,107.355415517245,751944.8717226186,1781387.486522562,987.36,5.655032157897949,81.11014941020885,1163364.75,604,89.98456,0,46681.58746622931,46874.65414080901,68.7979028457246,95.96888101901429,43620.01479606841,0.9656010485771377,26.9,Model_1,grid,battery,8,mountain,5G_macro,1000
BTS_05337,16.44375027022497,107.75291551565502,793975.5388106023,1820021.862834142,9555.92,0.0,81.11014941020885,1163364.75,3,89.909966,0,9969.021347705759,13716.31627073782,44.163299161894145,3757.903285739139,2911.971583308296,0.977918350419053,30.9,Model_2,grid,battery;generator,28,mountain,4G_remote,2500
BTS_02958,16.566250270152317,107.47166551684046,763758.7356372424,1833195.3127691196,2010.07,33.626617431640625,81.11014941020885,1163364.75,5,89.99126,0,13950.770134565475,3666.923286484698,11.298691489419376,0.0,4971.197874000581,0.9943506542552903,18.4,Model_1,grid,battery,8,mountain,5G_macro,1000
BTS_06340,16.10208360492498,107.64041551610502,782443.4973082016,1782033.2780716207,2680.01,1.4506080150604248,81.11014941020885,1163364.75,120,89.99331,0,28030.82283186447,39606.621534721104,68.64411224174368,9378.110880089862,25998.499043436495,0.9656779438791282,31.9,Model_2,grid,battery;generator,28,mountain,4G_remote,2500
BTS_06345,16.48958360337498,107.702082182525,788475.8736593034,1825023.4290076734,5380.21,0.0,81.11014941020885,1163364.75,6,89.96817,0,11069.60178396259,8824.988592999238,16.92899705471112,3734.1462273129246,4363.559830595914,0.9915355014726445,22.4,Model_2,grid,battery;generator,28,mountain,4G_remote,2500
BTS_05886,16.443750270224974,107.791248848835,798071.760146856,1820078.007902517,14330.0,0.0,81.11014941020885,1163364.75,11,89.93634,0,11420.655892648965,17787.14760266355,20.352838436914578,7854.181091170628,6966.089960408745,0.9898235807815428,33.6,Model_2,grid,battery;generator,28,mountain,4G_remote,2500
BTS_04944,16.657083602704986,107.473748850105,763856.9712929565,1843254.001112779,2254.77,0.0,81.11014941020885,1163364.75,12,89.9921,0,22176.803473660668,12162.316928713968,29.836021674361163,0.0,10520.177743274184,0.9850819891628194,27.6,Model_1,grid,battery,8,mountain,5G_macro,1000
BTS_06343,16.098750271604985,107.383748850465,754978.0671362816,1781330.0335085816,841.48,4.047929763793945,81.11014941020885,1163364.75,485,89.99006,0,45340.44405760213,45527.18875748448,72.21849846661475,66.28890011722736,42347.60106806054,0.9638907507666926,21.9,Model_1,grid,battery,8,mountain,5G_macro,1000
BTS_05774,16.409583603694983,107.81124884875501,800261.5009482628,1816324.2820660206,17795.45,0.0,81.11014941020885,1163364.75,10,89.98994,0,9795.902354734983,20596.024363257187,52.702947479572984,8785.986721178324,10097.375630819168,0.9736485262602135,30.2,Model_2,grid,battery;generator,28,mountain,4G_remote,2500
BTS_03148,16.512083603284978,107.408748850365,757113.1386457593,1827117.302219254,954.63,0.0,81.11014941020885,1163364.75,7,89.97153,0,16957.91618120367,5578.661974364144,17.266575874513,9.716463397560403,3088.2524756222333,0.9913667120627435,21.1,Model_1,grid,battery,8,mountain,5G_macro,1000
BTS_05462,16.284583604194975,107.215415517805,736742.4343889821,1801698.7302188925,2385.39,107.74903869628906,81.11014941020885,1163364.75,571,89.981995,0,42791.37673660342,38150.59989629656,41.123844636791645,47.85112893930945,32202.84451097171,0.9794380776816042,25.3,Model_1,grid,battery,8,mountain,5G_macro,1000
BTS_03235,16.455416936844983,107.567082183065,774102.9217958346,1821052.3746496406,19980.83,0.0,81.11014941020885,1163364.75,1,0.0,0,1256.060898808524,1441.1111967781492,109.54490478189135,48.40900647803957,1877.7396900172744,0.9452275476090544,27.2,Model_1,grid,battery,8,urban,5G_macro,1000
BTS_00031,16.432268793878386,107.78472107611071,797391.7071114187,1818797.053431038,17768.89,0.0,81.11014941020885,1163364.75,7,89.95974,5,9971.379867271255,17269.6215461331,4.236937662624366,7002.601119858314,6526.485571234471,0.9978815311686878,33.2,Model_2,grid,battery;generator,28,mountain,4G_remote,2500
BTS_02739,16.38458360379498,107.872082181845,806802.7024766204,1813647.0516371052,9738.27,0.0,81.11014941020885,1163364.75,11,89.98908,0,2899.860624238678,27497.9032941964,18.46592189685726,5201.475057806456,5420.253522733665,0.9907670390515714,31.9,Model_2,grid,battery;generator,28,mountain,4G_remote,2500
BTS_00016,16.48567151543586,107.59954204224812,777527.7374740543,1824446.3503823543,29438.57,206.701171875,81.11014941020885,1163364.75,6,89.969986,0,974.1643456814458,2992.9417984117736,39.851916136610924,0.0,851.1739588991823,0.9800740419316946,27.2,Model_1,grid,battery,8,mountain,5G_macro,1000
BTS_04235,16.489583603374985,107.600415516265,777615.4608775639,1824880.6826536043,26744.1,0.0,81.11014941020885,1163364.75,2,89.982346,0,1411.9630653058675,3099.4687297122155,58.66882840734353,0.0,672.5398369423316,0.9706655857963282,17.0,Model_1,grid,battery,8,mountain,5G_macro,1000
BTS_04646,16.35750027057716,107.87708218174934,807379.6780400167,1810655.5098378013,12257.95,0.0,81.11014941020885,1163364.75,10,89.969986,0,1711.5064618396043,25370.27173009382,39.39330178823907,3059.9084985688014,3602.804762823731,0.9803033491058805,33.0,Model_2,grid,battery;generator,28,mountain,4G_remote,2500
BTS_00216,16.569583603054983,107.443748850225,760773.6424917206,1833527.853394735,1106.27,0.0,81.11014941020885,1163364.75,4,89.99231,0,16408.34963819154,1978.5361223661357,42.42190310151119,83.7441235349423,2871.4336207993247,0.9787890484492444,20.1,Model_1,grid,battery,8,mountain,5G_macro,1000
BTS_01496,16.55138916001639,107.57916551794767,775257.9008876085,1831694.3113526308,14499.84,0.0,81.11014941020885,1163364.75,4,89.97153,0,8492.263826823579,7177.478207022187,24.007730191332218,696.2342931282757,6483.559207662472,0.9879961349043339,31.0,Model_2,grid,battery;generator,28,mountain,4G_remote,2500
BTS_06346,16.53541693652498,107.561248849755,773367.2143793938,1829901.506691665,18904.66,0.0,81.11014941020885,1163364.75,1,89.93634,0,6551.637690460131,5472.214538314699,138.33935189094498,1202.4479860932677,4904.327781925143,0.9308303240545275,31.3,Model_2,grid,battery;generator,28,mountain,4G_remote,2500
